[INFO](2026/09/15/ 04:05:02 PM) 
[WELCOME] Unfolding configurations...!
[INFO](2026/09/15/ 04:05:02 PM) {'global_config': {'seed': 5959, 'device': 'cuda:0', 'is_mp': False}}
[INFO](2026/09/15/ 04:05:02 PM) {'data_config': {'data_path': './data/', 'dataset_name': 'ucml', 'num_shards': 210, 'iid': True, 'diri': True, 'alpha': 0.1}}
[INFO](2026/09/15/ 04:05:02 PM) {'fed_config': {'C': 0.24, 'K': 42, 'R': 1000, 'E': 5, 'B': 10, 'criterion': 'torch.nn.CrossEntropyLoss', 'optimizer': 'torch.optim.SGD'}}
[INFO](2026/09/15/ 04:05:02 PM) {'optim_config': {'lr': 0.05, 'momentum': 0.9}}
[INFO](2026/09/15/ 04:05:02 PM) {'init_config': {'init_type': 'xavier', 'init_gain': 1.0, 'gpu_ids': [0]}}
[INFO](2026/09/15/ 04:05:02 PM) {'model_config': {'name': 'MobileViT_S', 'inplanes': 64, 'num_classes': 21}}
[INFO](2026/09/15/ 04:05:02 PM) {'log_config': {'log_path': './log/2026-09-15_16_04_59', 'log_name': 'FL.log', 'tb_port': 5255, 'tb_host': '0.0.0.0'}}
[INFO](2026/09/15/ 04:05:02 PM) {'cl_config': {'cl_dim': 2048, 'cl_gamma': 0.05, 'cl_temp': 0.05, 'cl_K': 50}}
[INFO](2026/09/15/ 04:05:03 PM) [Round: 0000] ...successfully initialized model (# parameters: 7084341)!
[INFO](2026/09/15/ 04:05:03 PM) [Round: 0000] ...successfully created all 42 clients!
[INFO](2026/09/15/ 04:05:03 PM) [Round: 0000] ...successfully finished setup of all 42 clients!
[INFO](2026/09/15/ 04:05:04 PM) [Round: 0000] ...successfully transmitted models to all 42 clients!
[INFO](2026/09/15/ 04:05:04 PM) [Round: 0001] Select clients...!
[INFO](2026/09/15/ 04:05:05 PM) [Round: 0001] ...successfully transmitted models to 10 selected clients!
[INFO](2026/09/15/ 04:05:05 PM) [Round: 0001] Start updating selected 10 clients...!
[INFO](2026/09/15/ 04:06:10 PM) [Round: 0001] ...10 clients are selected and updated (with total sample size: 42)!
[INFO](2026/09/15/ 04:06:10 PM) [Round: 0001] Aggregate updated weights of 10 clients...!
[INFO](2026/09/15/ 04:06:10 PM) [Round: 0001] ...updated weights of 10 clients are successfully averaged!
[INFO](2026/09/15/ 04:06:12 PM) [Round: 0001] Evaluate global model's performance...!                
	[Server] ...finished evaluation!                
	=> Loss: 3.0758                
	=> Accuracy: 4.76%

[INFO](2026/09/15/ 04:06:12 PM) [Round: 0002] Select clients...!
[INFO](2026/09/15/ 04:06:13 PM) [Round: 0002] ...successfully transmitted models to 10 selected clients!
[INFO](2026/09/15/ 04:06:13 PM) [Round: 0002] Start updating selected 10 clients...!
[INFO](2026/09/15/ 04:07:16 PM) [Round: 0002] ...10 clients are selected and updated (with total sample size: 42)!
[INFO](2026/09/15/ 04:07:16 PM) [Round: 0002] Aggregate updated weights of 10 clients...!
[INFO](2026/09/15/ 04:07:17 PM) [Round: 0002] ...updated weights of 10 clients are successfully averaged!
[INFO](2026/09/15/ 04:07:18 PM) [Round: 0002] Evaluate global model's performance...!                
	[Server] ...finished evaluation!                
	=> Loss: 3.4533                
	=> Accuracy: 4.76%

[INFO](2026/09/15/ 04:07:18 PM) [Round: 0003] Select clients...!
[INFO](2026/09/15/ 04:07:19 PM) [Round: 0003] ...successfully transmitted models to 10 selected clients!
[INFO](2026/09/15/ 04:07:19 PM) [Round: 0003] Start updating selected 10 clients...!
[INFO](2026/09/15/ 04:08:17 PM) [Round: 0003] ...10 clients are selected and updated (with total sample size: 42)!
[INFO](2026/09/15/ 04:08:17 PM) [Round: 0003] Aggregate updated weights of 10 clients...!
[INFO](2026/09/15/ 04:08:18 PM) [Round: 0003] ...updated weights of 10 clients are successfully averaged!
[INFO](2026/09/15/ 04:08:19 PM) [Round: 0003] Evaluate global model's performance...!                
	[Server] ...finished evaluation!                
	=> Loss: 3.5639                
	=> Accuracy: 4.52%

[INFO](2026/09/15/ 04:08:19 PM) [Round: 0004] Select clients...!
[INFO](2026/09/15/ 04:08:20 PM) [Round: 0004] ...successfully transmitted models to 10 selected clients!
[INFO](2026/09/15/ 04:08:20 PM) [Round: 0004] Start updating selected 10 clients...!
[INFO](2026/09/15/ 04:09:18 PM) [Round: 0004] ...10 clients are selected and updated (with total sample size: 42)!
[INFO](2026/09/15/ 04:09:19 PM) [Round: 0004] Aggregate updated weights of 10 clients...!
[INFO](2026/09/15/ 04:09:19 PM) [Round: 0004] ...updated weights of 10 clients are successfully averaged!
[INFO](2026/09/15/ 04:09:20 PM) [Round: 0004] Evaluate global model's performance...!                
	[Server] ...finished evaluation!                
	=> Loss: 3.1733                
	=> Accuracy: 12.14%

[INFO](2026/09/15/ 04:09:20 PM) [Round: 0005] Select clients...!
[INFO](2026/09/15/ 04:09:21 PM) [Round: 0005] ...successfully transmitted models to 10 selected clients!
[INFO](2026/09/15/ 04:09:21 PM) [Round: 0005] Start updating selected 10 clients...!
[INFO](2026/09/15/ 04:10:25 PM) [Round: 0005] ...10 clients are selected and updated (with total sample size: 42)!
[INFO](2026/09/15/ 04:10:25 PM) [Round: 0005] Aggregate updated weights of 10 clients...!
[INFO](2026/09/15/ 04:10:25 PM) [Round: 0005] ...updated weights of 10 clients are successfully averaged!
[INFO](2026/09/15/ 04:10:27 PM) [Round: 0005] Evaluate global model's performance...!                
	[Server] ...finished evaluation!                
	=> Loss: 2.6482                
	=> Accuracy: 18.81%

[INFO](2026/09/15/ 04:10:27 PM) [Round: 0006] Select clients...!
[INFO](2026/09/15/ 04:10:27 PM) [Round: 0006] ...successfully transmitted models to 10 selected clients!
[INFO](2026/09/15/ 04:10:28 PM) [Round: 0006] Start updating selected 10 clients...!
[INFO](2026/09/15/ 04:11:30 PM) [Round: 0006] ...10 clients are selected and updated (with total sample size: 42)!
[INFO](2026/09/15/ 04:11:30 PM) [Round: 0006] Aggregate updated weights of 10 clients...!
[INFO](2026/09/15/ 04:11:30 PM) [Round: 0006] ...updated weights of 10 clients are successfully averaged!
[INFO](2026/09/15/ 04:11:32 PM) [Round: 0006] Evaluate global model's performance...!                
	[Server] ...finished evaluation!                
	=> Loss: 2.2683                
	=> Accuracy: 24.52%

[INFO](2026/09/15/ 04:11:32 PM) [Round: 0007] Select clients...!
[INFO](2026/09/15/ 04:11:32 PM) [Round: 0007] ...successfully transmitted models to 10 selected clients!
[INFO](2026/09/15/ 04:11:33 PM) [Round: 0007] Start updating selected 10 clients...!
[INFO](2026/09/15/ 04:12:40 PM) [Round: 0007] ...10 clients are selected and updated (with total sample size: 42)!
[INFO](2026/09/15/ 04:12:40 PM) [Round: 0007] Aggregate updated weights of 10 clients...!
[INFO](2026/09/15/ 04:12:40 PM) [Round: 0007] ...updated weights of 10 clients are successfully averaged!
[INFO](2026/09/15/ 04:12:42 PM) [Round: 0007] Evaluate global model's performance...!                
	[Server] ...finished evaluation!                
	=> Loss: 2.2016                
	=> Accuracy: 30.24%

[INFO](2026/09/15/ 04:12:42 PM) [Round: 0008] Select clients...!
[INFO](2026/09/15/ 04:12:42 PM) [Round: 0008] ...successfully transmitted models to 10 selected clients!
[INFO](2026/09/15/ 04:12:42 PM) [Round: 0008] Start updating selected 10 clients...!
[INFO](2026/09/15/ 04:13:45 PM) [Round: 0008] ...10 clients are selected and updated (with total sample size: 42)!
[INFO](2026/09/15/ 04:13:45 PM) [Round: 0008] Aggregate updated weights of 10 clients...!
[INFO](2026/09/15/ 04:13:45 PM) [Round: 0008] ...updated weights of 10 clients are successfully averaged!
[INFO](2026/09/15/ 04:13:47 PM) [Round: 0008] Evaluate global model's performance...!                
	[Server] ...finished evaluation!                
	=> Loss: 2.1600                
	=> Accuracy: 29.52%

[INFO](2026/09/15/ 04:13:47 PM) [Round: 0009] Select clients...!
[INFO](2026/09/15/ 04:13:47 PM) [Round: 0009] ...successfully transmitted models to 10 selected clients!
[INFO](2026/09/15/ 04:13:48 PM) [Round: 0009] Start updating selected 10 clients...!
[INFO](2026/09/15/ 04:14:54 PM) [Round: 0009] ...10 clients are selected and updated (with total sample size: 42)!
[INFO](2026/09/15/ 04:14:54 PM) [Round: 0009] Aggregate updated weights of 10 clients...!
[INFO](2026/09/15/ 04:14:55 PM) [Round: 0009] ...updated weights of 10 clients are successfully averaged!
[INFO](2026/09/15/ 04:14:56 PM) [Round: 0009] Evaluate global model's performance...!                
	[Server] ...finished evaluation!                
	=> Loss: 2.0060                
	=> Accuracy: 35.71%

[INFO](2026/09/15/ 04:14:56 PM) [Round: 0010] Select clients...!
[INFO](2026/09/15/ 04:14:57 PM) [Round: 0010] ...successfully transmitted models to 10 selected clients!
[INFO](2026/09/15/ 04:14:57 PM) [Round: 0010] Start updating selected 10 clients...!
[INFO](2026/09/15/ 04:16:02 PM) [Round: 0010] ...10 clients are selected and updated (with total sample size: 42)!
[INFO](2026/09/15/ 04:16:03 PM) [Round: 0010] Aggregate updated weights of 10 clients...!
[INFO](2026/09/15/ 04:16:03 PM) [Round: 0010] ...updated weights of 10 clients are successfully averaged!
[INFO](2026/09/15/ 04:16:04 PM) [Round: 0010] Evaluate global model's performance...!                
	[Server] ...finished evaluation!                
	=> Loss: 1.9160                
	=> Accuracy: 36.67%

[INFO](2026/09/15/ 04:16:05 PM) [Round: 0011] Select clients...!
[INFO](2026/09/15/ 04:16:05 PM) [Round: 0011] ...successfully transmitted models to 10 selected clients!
[INFO](2026/09/15/ 04:16:05 PM) [Round: 0011] Start updating selected 10 clients...!
[INFO](2026/09/15/ 04:17:08 PM) [Round: 0011] ...10 clients are selected and updated (with total sample size: 42)!
[INFO](2026/09/15/ 04:17:08 PM) [Round: 0011] Aggregate updated weights of 10 clients...!
[INFO](2026/09/15/ 04:17:08 PM) [Round: 0011] ...updated weights of 10 clients are successfully averaged!
[INFO](2026/09/15/ 04:17:10 PM) [Round: 0011] Evaluate global model's performance...!                
	[Server] ...finished evaluation!                
	=> Loss: 1.8765                
	=> Accuracy: 37.62%

[INFO](2026/09/15/ 04:17:10 PM) [Round: 0012] Select clients...!
[INFO](2026/09/15/ 04:17:10 PM) [Round: 0012] ...successfully transmitted models to 10 selected clients!
[INFO](2026/09/15/ 04:17:11 PM) [Round: 0012] Start updating selected 10 clients...!
[INFO](2026/09/15/ 04:18:20 PM) [Round: 0012] ...10 clients are selected and updated (with total sample size: 42)!
[INFO](2026/09/15/ 04:18:20 PM) [Round: 0012] Aggregate updated weights of 10 clients...!
[INFO](2026/09/15/ 04:18:21 PM) [Round: 0012] ...updated weights of 10 clients are successfully averaged!
[INFO](2026/09/15/ 04:18:22 PM) [Round: 0012] Evaluate global model's performance...!                
	[Server] ...finished evaluation!                
	=> Loss: 1.8303                
	=> Accuracy: 39.52%

[INFO](2026/09/15/ 04:18:22 PM) [Round: 0013] Select clients...!
[INFO](2026/09/15/ 04:18:23 PM) [Round: 0013] ...successfully transmitted models to 10 selected clients!
[INFO](2026/09/15/ 04:18:23 PM) [Round: 0013] Start updating selected 10 clients...!
[INFO](2026/09/15/ 04:19:31 PM) [Round: 0013] ...10 clients are selected and updated (with total sample size: 42)!
[INFO](2026/09/15/ 04:19:31 PM) [Round: 0013] Aggregate updated weights of 10 clients...!
[INFO](2026/09/15/ 04:19:31 PM) [Round: 0013] ...updated weights of 10 clients are successfully averaged!
[INFO](2026/09/15/ 04:19:33 PM) [Round: 0013] Evaluate global model's performance...!                
	[Server] ...finished evaluation!                
	=> Loss: 1.9487                
	=> Accuracy: 38.33%

[INFO](2026/09/15/ 04:19:33 PM) [Round: 0014] Select clients...!
[INFO](2026/09/15/ 04:19:34 PM) [Round: 0014] ...successfully transmitted models to 10 selected clients!
[INFO](2026/09/15/ 04:19:34 PM) [Round: 0014] Start updating selected 10 clients...!
[INFO](2026/09/15/ 04:20:39 PM) [Round: 0014] ...10 clients are selected and updated (with total sample size: 42)!
[INFO](2026/09/15/ 04:20:39 PM) [Round: 0014] Aggregate updated weights of 10 clients...!
[INFO](2026/09/15/ 04:20:39 PM) [Round: 0014] ...updated weights of 10 clients are successfully averaged!
[INFO](2026/09/15/ 04:20:41 PM) [Round: 0014] Evaluate global model's performance...!                
	[Server] ...finished evaluation!                
	=> Loss: 1.7894                
	=> Accuracy: 42.62%

[INFO](2026/09/15/ 04:20:41 PM) [Round: 0015] Select clients...!
[INFO](2026/09/15/ 04:20:42 PM) [Round: 0015] ...successfully transmitted models to 10 selected clients!
[INFO](2026/09/15/ 04:20:42 PM) [Round: 0015] Start updating selected 10 clients...!
[INFO](2026/09/15/ 04:21:48 PM) [Round: 0015] ...10 clients are selected and updated (with total sample size: 42)!
[INFO](2026/09/15/ 04:21:48 PM) [Round: 0015] Aggregate updated weights of 10 clients...!
[INFO](2026/09/15/ 04:21:49 PM) [Round: 0015] ...updated weights of 10 clients are successfully averaged!
[INFO](2026/09/15/ 04:21:50 PM) [Round: 0015] Evaluate global model's performance...!                
	[Server] ...finished evaluation!                
	=> Loss: 1.7982                
	=> Accuracy: 41.90%

[INFO](2026/09/15/ 04:21:50 PM) [Round: 0016] Select clients...!
[INFO](2026/09/15/ 04:21:51 PM) [Round: 0016] ...successfully transmitted models to 10 selected clients!
[INFO](2026/09/15/ 04:21:51 PM) [Round: 0016] Start updating selected 10 clients...!
[INFO](2026/09/15/ 04:22:58 PM) [Round: 0016] ...10 clients are selected and updated (with total sample size: 42)!
[INFO](2026/09/15/ 04:22:58 PM) [Round: 0016] Aggregate updated weights of 10 clients...!
[INFO](2026/09/15/ 04:22:58 PM) [Round: 0016] ...updated weights of 10 clients are successfully averaged!
[INFO](2026/09/15/ 04:23:00 PM) [Round: 0016] Evaluate global model's performance...!                
	[Server] ...finished evaluation!                
	=> Loss: 1.7458                
	=> Accuracy: 40.95%

[INFO](2026/09/15/ 04:23:00 PM) [Round: 0017] Select clients...!
[INFO](2026/09/15/ 04:23:01 PM) [Round: 0017] ...successfully transmitted models to 10 selected clients!
[INFO](2026/09/15/ 04:23:01 PM) [Round: 0017] Start updating selected 10 clients...!
[INFO](2026/09/15/ 04:24:09 PM) [Round: 0017] ...10 clients are selected and updated (with total sample size: 42)!
[INFO](2026/09/15/ 04:24:09 PM) [Round: 0017] Aggregate updated weights of 10 clients...!
[INFO](2026/09/15/ 04:24:09 PM) [Round: 0017] ...updated weights of 10 clients are successfully averaged!
[INFO](2026/09/15/ 04:24:11 PM) [Round: 0017] Evaluate global model's performance...!                
	[Server] ...finished evaluation!                
	=> Loss: 1.7278                
	=> Accuracy: 43.33%

[INFO](2026/09/15/ 04:24:11 PM) [Round: 0018] Select clients...!
[INFO](2026/09/15/ 04:24:11 PM) [Round: 0018] ...successfully transmitted models to 10 selected clients!
[INFO](2026/09/15/ 04:24:12 PM) [Round: 0018] Start updating selected 10 clients...!
[INFO](2026/09/15/ 04:25:17 PM) [Round: 0018] ...10 clients are selected and updated (with total sample size: 42)!
[INFO](2026/09/15/ 04:25:17 PM) [Round: 0018] Aggregate updated weights of 10 clients...!
[INFO](2026/09/15/ 04:25:17 PM) [Round: 0018] ...updated weights of 10 clients are successfully averaged!
[INFO](2026/09/15/ 04:25:19 PM) [Round: 0018] Evaluate global model's performance...!                
	[Server] ...finished evaluation!                
	=> Loss: 1.6870                
	=> Accuracy: 43.57%

[INFO](2026/09/15/ 04:25:19 PM) [Round: 0019] Select clients...!
[INFO](2026/09/15/ 04:25:19 PM) [Round: 0019] ...successfully transmitted models to 10 selected clients!
[INFO](2026/09/15/ 04:25:20 PM) [Round: 0019] Start updating selected 10 clients...!
[INFO](2026/09/15/ 04:26:25 PM) [Round: 0019] ...10 clients are selected and updated (with total sample size: 42)!
[INFO](2026/09/15/ 04:26:25 PM) [Round: 0019] Aggregate updated weights of 10 clients...!
[INFO](2026/09/15/ 04:26:25 PM) [Round: 0019] ...updated weights of 10 clients are successfully averaged!
[INFO](2026/09/15/ 04:26:27 PM) [Round: 0019] Evaluate global model's performance...!                
	[Server] ...finished evaluation!                
	=> Loss: 1.5616                
	=> Accuracy: 47.14%

[INFO](2026/09/15/ 04:26:27 PM) [Round: 0020] Select clients...!
[INFO](2026/09/15/ 04:26:28 PM) [Round: 0020] ...successfully transmitted models to 10 selected clients!
[INFO](2026/09/15/ 04:26:28 PM) [Round: 0020] Start updating selected 10 clients...!
[INFO](2026/09/15/ 04:27:28 PM) [Round: 0020] ...10 clients are selected and updated (with total sample size: 42)!
[INFO](2026/09/15/ 04:27:28 PM) [Round: 0020] Aggregate updated weights of 10 clients...!
[INFO](2026/09/15/ 04:27:29 PM) [Round: 0020] ...updated weights of 10 clients are successfully averaged!
[INFO](2026/09/15/ 04:27:30 PM) [Round: 0020] Evaluate global model's performance...!                
	[Server] ...finished evaluation!                
	=> Loss: 1.6033                
	=> Accuracy: 48.10%

[INFO](2026/09/15/ 04:27:30 PM) [Round: 0021] Select clients...!
[INFO](2026/09/15/ 04:27:31 PM) [Round: 0021] ...successfully transmitted models to 10 selected clients!
[INFO](2026/09/15/ 04:27:31 PM) [Round: 0021] Start updating selected 10 clients...!
[INFO](2026/09/15/ 04:28:36 PM) [Round: 0021] ...10 clients are selected and updated (with total sample size: 42)!
[INFO](2026/09/15/ 04:28:36 PM) [Round: 0021] Aggregate updated weights of 10 clients...!
[INFO](2026/09/15/ 04:28:36 PM) [Round: 0021] ...updated weights of 10 clients are successfully averaged!
[INFO](2026/09/15/ 04:28:38 PM) [Round: 0021] Evaluate global model's performance...!                
	[Server] ...finished evaluation!                
	=> Loss: 1.6253                
	=> Accuracy: 46.90%

[INFO](2026/09/15/ 04:28:38 PM) [Round: 0022] Select clients...!
[INFO](2026/09/15/ 04:28:38 PM) [Round: 0022] ...successfully transmitted models to 10 selected clients!
[INFO](2026/09/15/ 04:28:39 PM) [Round: 0022] Start updating selected 10 clients...!
[INFO](2026/09/15/ 04:29:50 PM) [Round: 0022] ...10 clients are selected and updated (with total sample size: 42)!
[INFO](2026/09/15/ 04:29:50 PM) [Round: 0022] Aggregate updated weights of 10 clients...!
[INFO](2026/09/15/ 04:29:51 PM) [Round: 0022] ...updated weights of 10 clients are successfully averaged!
[INFO](2026/09/15/ 04:29:52 PM) [Round: 0022] Evaluate global model's performance...!                
	[Server] ...finished evaluation!                
	=> Loss: 1.5197                
	=> Accuracy: 49.29%

[INFO](2026/09/15/ 04:29:52 PM) [Round: 0023] Select clients...!
[INFO](2026/09/15/ 04:29:53 PM) [Round: 0023] ...successfully transmitted models to 10 selected clients!
[INFO](2026/09/15/ 04:29:53 PM) [Round: 0023] Start updating selected 10 clients...!
[INFO](2026/09/15/ 04:30:56 PM) [Round: 0023] ...10 clients are selected and updated (with total sample size: 42)!
[INFO](2026/09/15/ 04:30:56 PM) [Round: 0023] Aggregate updated weights of 10 clients...!
[INFO](2026/09/15/ 04:30:57 PM) [Round: 0023] ...updated weights of 10 clients are successfully averaged!
[INFO](2026/09/15/ 04:30:58 PM) [Round: 0023] Evaluate global model's performance...!                
	[Server] ...finished evaluation!                
	=> Loss: 1.5610                
	=> Accuracy: 47.14%

[INFO](2026/09/15/ 04:30:58 PM) [Round: 0024] Select clients...!
[INFO](2026/09/15/ 04:30:59 PM) [Round: 0024] ...successfully transmitted models to 10 selected clients!
[INFO](2026/09/15/ 04:30:59 PM) [Round: 0024] Start updating selected 10 clients...!
[INFO](2026/09/15/ 04:32:03 PM) [Round: 0024] ...10 clients are selected and updated (with total sample size: 42)!
[INFO](2026/09/15/ 04:32:03 PM) [Round: 0024] Aggregate updated weights of 10 clients...!
[INFO](2026/09/15/ 04:32:03 PM) [Round: 0024] ...updated weights of 10 clients are successfully averaged!
[INFO](2026/09/15/ 04:32:05 PM) [Round: 0024] Evaluate global model's performance...!                
	[Server] ...finished evaluation!                
	=> Loss: 1.4166                
	=> Accuracy: 50.48%

[INFO](2026/09/15/ 04:32:05 PM) [Round: 0025] Select clients...!
[INFO](2026/09/15/ 04:32:06 PM) [Round: 0025] ...successfully transmitted models to 10 selected clients!
[INFO](2026/09/15/ 04:32:06 PM) [Round: 0025] Start updating selected 10 clients...!
[INFO](2026/09/15/ 04:33:12 PM) [Round: 0025] ...10 clients are selected and updated (with total sample size: 42)!
[INFO](2026/09/15/ 04:33:13 PM) [Round: 0025] Aggregate updated weights of 10 clients...!
[INFO](2026/09/15/ 04:33:13 PM) [Round: 0025] ...updated weights of 10 clients are successfully averaged!
[INFO](2026/09/15/ 04:33:14 PM) [Round: 0025] Evaluate global model's performance...!                
	[Server] ...finished evaluation!                
	=> Loss: 1.4405                
	=> Accuracy: 52.14%

[INFO](2026/09/15/ 04:33:15 PM) [Round: 0026] Select clients...!
[INFO](2026/09/15/ 04:33:15 PM) [Round: 0026] ...successfully transmitted models to 10 selected clients!
[INFO](2026/09/15/ 04:33:15 PM) [Round: 0026] Start updating selected 10 clients...!
[INFO](2026/09/15/ 04:34:22 PM) [Round: 0026] ...10 clients are selected and updated (with total sample size: 42)!
[INFO](2026/09/15/ 04:34:22 PM) [Round: 0026] Aggregate updated weights of 10 clients...!
[INFO](2026/09/15/ 04:34:22 PM) [Round: 0026] ...updated weights of 10 clients are successfully averaged!
[INFO](2026/09/15/ 04:34:24 PM) [Round: 0026] Evaluate global model's performance...!                
	[Server] ...finished evaluation!                
	=> Loss: 1.3992                
	=> Accuracy: 52.14%

[INFO](2026/09/15/ 04:34:24 PM) [Round: 0027] Select clients...!
[INFO](2026/09/15/ 04:34:25 PM) [Round: 0027] ...successfully transmitted models to 10 selected clients!
[INFO](2026/09/15/ 04:34:25 PM) [Round: 0027] Start updating selected 10 clients...!
[INFO](2026/09/15/ 04:35:30 PM) [Round: 0027] ...10 clients are selected and updated (with total sample size: 42)!
[INFO](2026/09/15/ 04:35:30 PM) [Round: 0027] Aggregate updated weights of 10 clients...!
[INFO](2026/09/15/ 04:35:30 PM) [Round: 0027] ...updated weights of 10 clients are successfully averaged!
[INFO](2026/09/15/ 04:35:32 PM) [Round: 0027] Evaluate global model's performance...!                
	[Server] ...finished evaluation!                
	=> Loss: 1.4412                
	=> Accuracy: 51.90%

[INFO](2026/09/15/ 04:35:32 PM) [Round: 0028] Select clients...!
[INFO](2026/09/15/ 04:35:33 PM) [Round: 0028] ...successfully transmitted models to 10 selected clients!
[INFO](2026/09/15/ 04:35:33 PM) [Round: 0028] Start updating selected 10 clients...!
[INFO](2026/09/15/ 04:36:43 PM) [Round: 0028] ...10 clients are selected and updated (with total sample size: 42)!
[INFO](2026/09/15/ 04:36:43 PM) [Round: 0028] Aggregate updated weights of 10 clients...!
[INFO](2026/09/15/ 04:36:43 PM) [Round: 0028] ...updated weights of 10 clients are successfully averaged!
[INFO](2026/09/15/ 04:36:45 PM) [Round: 0028] Evaluate global model's performance...!                
	[Server] ...finished evaluation!                
	=> Loss: 1.3838                
	=> Accuracy: 55.00%

[INFO](2026/09/15/ 04:36:45 PM) [Round: 0029] Select clients...!
[INFO](2026/09/15/ 04:36:46 PM) [Round: 0029] ...successfully transmitted models to 10 selected clients!
[INFO](2026/09/15/ 04:36:46 PM) [Round: 0029] Start updating selected 10 clients...!
[INFO](2026/09/15/ 04:37:56 PM) [Round: 0029] ...10 clients are selected and updated (with total sample size: 42)!
[INFO](2026/09/15/ 04:37:56 PM) [Round: 0029] Aggregate updated weights of 10 clients...!
[INFO](2026/09/15/ 04:37:56 PM) [Round: 0029] ...updated weights of 10 clients are successfully averaged!
[INFO](2026/09/15/ 04:37:58 PM) [Round: 0029] Evaluate global model's performance...!                
	[Server] ...finished evaluation!                
	=> Loss: 1.3701                
	=> Accuracy: 55.00%

[INFO](2026/09/15/ 04:37:58 PM) [Round: 0030] Select clients...!
[INFO](2026/09/15/ 04:37:59 PM) [Round: 0030] ...successfully transmitted models to 10 selected clients!
[INFO](2026/09/15/ 04:37:59 PM) [Round: 0030] Start updating selected 10 clients...!
[INFO](2026/09/15/ 04:39:04 PM) [Round: 0030] ...10 clients are selected and updated (with total sample size: 42)!
[INFO](2026/09/15/ 04:39:04 PM) [Round: 0030] Aggregate updated weights of 10 clients...!
[INFO](2026/09/15/ 04:39:04 PM) [Round: 0030] ...updated weights of 10 clients are successfully averaged!
[INFO](2026/09/15/ 04:39:06 PM) [Round: 0030] Evaluate global model's performance...!                
	[Server] ...finished evaluation!                
	=> Loss: 1.3803                
	=> Accuracy: 55.00%

[INFO](2026/09/15/ 04:39:06 PM) [Round: 0031] Select clients...!
[INFO](2026/09/15/ 04:39:07 PM) [Round: 0031] ...successfully transmitted models to 10 selected clients!
[INFO](2026/09/15/ 04:39:07 PM) [Round: 0031] Start updating selected 10 clients...!
[INFO](2026/09/15/ 04:40:10 PM) [Round: 0031] ...10 clients are selected and updated (with total sample size: 42)!
[INFO](2026/09/15/ 04:40:10 PM) [Round: 0031] Aggregate updated weights of 10 clients...!
[INFO](2026/09/15/ 04:40:10 PM) [Round: 0031] ...updated weights of 10 clients are successfully averaged!
[INFO](2026/09/15/ 04:40:12 PM) [Round: 0031] Evaluate global model's performance...!                
	[Server] ...finished evaluation!                
	=> Loss: 1.4328                
	=> Accuracy: 51.43%

[INFO](2026/09/15/ 04:40:12 PM) [Round: 0032] Select clients...!
[INFO](2026/09/15/ 04:40:13 PM) [Round: 0032] ...successfully transmitted models to 10 selected clients!
[INFO](2026/09/15/ 04:40:13 PM) [Round: 0032] Start updating selected 10 clients...!
[INFO](2026/09/15/ 04:41:22 PM) [Round: 0032] ...10 clients are selected and updated (with total sample size: 42)!
[INFO](2026/09/15/ 04:41:22 PM) [Round: 0032] Aggregate updated weights of 10 clients...!
[INFO](2026/09/15/ 04:41:22 PM) [Round: 0032] ...updated weights of 10 clients are successfully averaged!
[INFO](2026/09/15/ 04:41:24 PM) [Round: 0032] Evaluate global model's performance...!                
	[Server] ...finished evaluation!                
	=> Loss: 1.2950                
	=> Accuracy: 57.62%

[INFO](2026/09/15/ 04:41:24 PM) [Round: 0033] Select clients...!
[INFO](2026/09/15/ 04:41:25 PM) [Round: 0033] ...successfully transmitted models to 10 selected clients!
[INFO](2026/09/15/ 04:41:25 PM) [Round: 0033] Start updating selected 10 clients...!
[INFO](2026/09/15/ 04:42:35 PM) [Round: 0033] ...10 clients are selected and updated (with total sample size: 42)!
[INFO](2026/09/15/ 04:42:35 PM) [Round: 0033] Aggregate updated weights of 10 clients...!
[INFO](2026/09/15/ 04:42:35 PM) [Round: 0033] ...updated weights of 10 clients are successfully averaged!
[INFO](2026/09/15/ 04:42:37 PM) [Round: 0033] Evaluate global model's performance...!                
	[Server] ...finished evaluation!                
	=> Loss: 1.2825                
	=> Accuracy: 55.95%

[INFO](2026/09/15/ 04:42:37 PM) [Round: 0034] Select clients...!
[INFO](2026/09/15/ 04:42:37 PM) [Round: 0034] ...successfully transmitted models to 10 selected clients!
[INFO](2026/09/15/ 04:42:38 PM) [Round: 0034] Start updating selected 10 clients...!
[INFO](2026/09/15/ 04:43:41 PM) [Round: 0034] ...10 clients are selected and updated (with total sample size: 42)!
[INFO](2026/09/15/ 04:43:41 PM) [Round: 0034] Aggregate updated weights of 10 clients...!
[INFO](2026/09/15/ 04:43:41 PM) [Round: 0034] ...updated weights of 10 clients are successfully averaged!
[INFO](2026/09/15/ 04:43:43 PM) [Round: 0034] Evaluate global model's performance...!                
	[Server] ...finished evaluation!                
	=> Loss: 1.2076                
	=> Accuracy: 59.05%

[INFO](2026/09/15/ 04:43:43 PM) [Round: 0035] Select clients...!
[INFO](2026/09/15/ 04:43:43 PM) [Round: 0035] ...successfully transmitted models to 10 selected clients!
[INFO](2026/09/15/ 04:43:43 PM) [Round: 0035] Start updating selected 10 clients...!
[INFO](2026/09/15/ 04:44:50 PM) [Round: 0035] ...10 clients are selected and updated (with total sample size: 42)!
[INFO](2026/09/15/ 04:44:50 PM) [Round: 0035] Aggregate updated weights of 10 clients...!
[INFO](2026/09/15/ 04:44:51 PM) [Round: 0035] ...updated weights of 10 clients are successfully averaged!
[INFO](2026/09/15/ 04:44:52 PM) [Round: 0035] Evaluate global model's performance...!                
	[Server] ...finished evaluation!                
	=> Loss: 1.2607                
	=> Accuracy: 58.57%

[INFO](2026/09/15/ 04:44:52 PM) [Round: 0036] Select clients...!
[INFO](2026/09/15/ 04:44:53 PM) [Round: 0036] ...successfully transmitted models to 10 selected clients!
[INFO](2026/09/15/ 04:44:53 PM) [Round: 0036] Start updating selected 10 clients...!
[INFO](2026/09/15/ 04:45:55 PM) [Round: 0036] ...10 clients are selected and updated (with total sample size: 42)!
[INFO](2026/09/15/ 04:45:55 PM) [Round: 0036] Aggregate updated weights of 10 clients...!
[INFO](2026/09/15/ 04:45:55 PM) [Round: 0036] ...updated weights of 10 clients are successfully averaged!
[INFO](2026/09/15/ 04:45:57 PM) [Round: 0036] Evaluate global model's performance...!                
	[Server] ...finished evaluation!                
	=> Loss: 1.2277                
	=> Accuracy: 58.10%

[INFO](2026/09/15/ 04:45:57 PM) [Round: 0037] Select clients...!
[INFO](2026/09/15/ 04:45:57 PM) [Round: 0037] ...successfully transmitted models to 10 selected clients!
[INFO](2026/09/15/ 04:45:58 PM) [Round: 0037] Start updating selected 10 clients...!
[INFO](2026/09/15/ 04:47:05 PM) [Round: 0037] ...10 clients are selected and updated (with total sample size: 42)!
[INFO](2026/09/15/ 04:47:05 PM) [Round: 0037] Aggregate updated weights of 10 clients...!
[INFO](2026/09/15/ 04:47:06 PM) [Round: 0037] ...updated weights of 10 clients are successfully averaged!
[INFO](2026/09/15/ 04:47:07 PM) [Round: 0037] Evaluate global model's performance...!                
	[Server] ...finished evaluation!                
	=> Loss: 1.1525                
	=> Accuracy: 61.43%

[INFO](2026/09/15/ 04:47:07 PM) [Round: 0038] Select clients...!
[INFO](2026/09/15/ 04:47:08 PM) [Round: 0038] ...successfully transmitted models to 10 selected clients!
[INFO](2026/09/15/ 04:47:08 PM) [Round: 0038] Start updating selected 10 clients...!
[INFO](2026/09/15/ 04:48:16 PM) [Round: 0038] ...10 clients are selected and updated (with total sample size: 42)!
[INFO](2026/09/15/ 04:48:16 PM) [Round: 0038] Aggregate updated weights of 10 clients...!
[INFO](2026/09/15/ 04:48:17 PM) [Round: 0038] ...updated weights of 10 clients are successfully averaged!
[INFO](2026/09/15/ 04:48:18 PM) [Round: 0038] Evaluate global model's performance...!                
	[Server] ...finished evaluation!                
	=> Loss: 1.2087                
	=> Accuracy: 60.24%

[INFO](2026/09/15/ 04:48:18 PM) [Round: 0039] Select clients...!
[INFO](2026/09/15/ 04:48:19 PM) [Round: 0039] ...successfully transmitted models to 10 selected clients!
[INFO](2026/09/15/ 04:48:19 PM) [Round: 0039] Start updating selected 10 clients...!
[INFO](2026/09/15/ 04:49:29 PM) [Round: 0039] ...10 clients are selected and updated (with total sample size: 42)!
[INFO](2026/09/15/ 04:49:29 PM) [Round: 0039] Aggregate updated weights of 10 clients...!
[INFO](2026/09/15/ 04:49:30 PM) [Round: 0039] ...updated weights of 10 clients are successfully averaged!
[INFO](2026/09/15/ 04:49:31 PM) [Round: 0039] Evaluate global model's performance...!                
	[Server] ...finished evaluation!                
	=> Loss: 1.1587                
	=> Accuracy: 60.95%

[INFO](2026/09/15/ 04:49:31 PM) [Round: 0040] Select clients...!
[INFO](2026/09/15/ 04:49:32 PM) [Round: 0040] ...successfully transmitted models to 10 selected clients!
[INFO](2026/09/15/ 04:49:32 PM) [Round: 0040] Start updating selected 10 clients...!
[INFO](2026/09/15/ 04:50:43 PM) [Round: 0040] ...10 clients are selected and updated (with total sample size: 42)!
[INFO](2026/09/15/ 04:50:43 PM) [Round: 0040] Aggregate updated weights of 10 clients...!
[INFO](2026/09/15/ 04:50:44 PM) [Round: 0040] ...updated weights of 10 clients are successfully averaged!
[INFO](2026/09/15/ 04:50:45 PM) [Round: 0040] Evaluate global model's performance...!                
	[Server] ...finished evaluation!                
	=> Loss: 1.2316                
	=> Accuracy: 57.14%

[INFO](2026/09/15/ 04:50:45 PM) [Round: 0041] Select clients...!
[INFO](2026/09/15/ 04:50:46 PM) [Round: 0041] ...successfully transmitted models to 10 selected clients!
[INFO](2026/09/15/ 04:50:46 PM) [Round: 0041] Start updating selected 10 clients...!
[INFO](2026/09/15/ 04:51:57 PM) [Round: 0041] ...10 clients are selected and updated (with total sample size: 42)!
[INFO](2026/09/15/ 04:51:57 PM) [Round: 0041] Aggregate updated weights of 10 clients...!
[INFO](2026/09/15/ 04:51:57 PM) [Round: 0041] ...updated weights of 10 clients are successfully averaged!
[INFO](2026/09/15/ 04:51:59 PM) [Round: 0041] Evaluate global model's performance...!                
	[Server] ...finished evaluation!                
	=> Loss: 1.0414                
	=> Accuracy: 64.76%

[INFO](2026/09/15/ 04:51:59 PM) [Round: 0042] Select clients...!
[INFO](2026/09/15/ 04:52:00 PM) [Round: 0042] ...successfully transmitted models to 10 selected clients!
[INFO](2026/09/15/ 04:52:00 PM) [Round: 0042] Start updating selected 10 clients...!
[INFO](2026/09/15/ 04:53:11 PM) [Round: 0042] ...10 clients are selected and updated (with total sample size: 42)!
[INFO](2026/09/15/ 04:53:11 PM) [Round: 0042] Aggregate updated weights of 10 clients...!
[INFO](2026/09/15/ 04:53:11 PM) [Round: 0042] ...updated weights of 10 clients are successfully averaged!
[INFO](2026/09/15/ 04:53:13 PM) [Round: 0042] Evaluate global model's performance...!                
	[Server] ...finished evaluation!                
	=> Loss: 1.1610                
	=> Accuracy: 60.48%

[INFO](2026/09/15/ 04:53:13 PM) [Round: 0043] Select clients...!
[INFO](2026/09/15/ 04:53:14 PM) [Round: 0043] ...successfully transmitted models to 10 selected clients!
[INFO](2026/09/15/ 04:53:14 PM) [Round: 0043] Start updating selected 10 clients...!
[INFO](2026/09/15/ 04:54:18 PM) [Round: 0043] ...10 clients are selected and updated (with total sample size: 42)!
[INFO](2026/09/15/ 04:54:18 PM) [Round: 0043] Aggregate updated weights of 10 clients...!
[INFO](2026/09/15/ 04:54:18 PM) [Round: 0043] ...updated weights of 10 clients are successfully averaged!
[INFO](2026/09/15/ 04:54:20 PM) [Round: 0043] Evaluate global model's performance...!                
	[Server] ...finished evaluation!                
	=> Loss: 1.1152                
	=> Accuracy: 65.00%

[INFO](2026/09/15/ 04:54:20 PM) [Round: 0044] Select clients...!
[INFO](2026/09/15/ 04:54:21 PM) [Round: 0044] ...successfully transmitted models to 10 selected clients!
[INFO](2026/09/15/ 04:54:21 PM) [Round: 0044] Start updating selected 10 clients...!
[INFO](2026/09/15/ 04:55:28 PM) [Round: 0044] ...10 clients are selected and updated (with total sample size: 42)!
[INFO](2026/09/15/ 04:55:28 PM) [Round: 0044] Aggregate updated weights of 10 clients...!
[INFO](2026/09/15/ 04:55:28 PM) [Round: 0044] ...updated weights of 10 clients are successfully averaged!
[INFO](2026/09/15/ 04:55:30 PM) [Round: 0044] Evaluate global model's performance...!                
	[Server] ...finished evaluation!                
	=> Loss: 1.0756                
	=> Accuracy: 65.71%

[INFO](2026/09/15/ 04:55:30 PM) [Round: 0045] Select clients...!
[INFO](2026/09/15/ 04:55:31 PM) [Round: 0045] ...successfully transmitted models to 10 selected clients!
[INFO](2026/09/15/ 04:55:31 PM) [Round: 0045] Start updating selected 10 clients...!
[INFO](2026/09/15/ 04:56:41 PM) [Round: 0045] ...10 clients are selected and updated (with total sample size: 42)!
[INFO](2026/09/15/ 04:56:41 PM) [Round: 0045] Aggregate updated weights of 10 clients...!
[INFO](2026/09/15/ 04:56:41 PM) [Round: 0045] ...updated weights of 10 clients are successfully averaged!
[INFO](2026/09/15/ 04:56:43 PM) [Round: 0045] Evaluate global model's performance...!                
	[Server] ...finished evaluation!                
	=> Loss: 1.0725                
	=> Accuracy: 65.95%

[INFO](2026/09/15/ 04:56:43 PM) [Round: 0046] Select clients...!
[INFO](2026/09/15/ 04:56:44 PM) [Round: 0046] ...successfully transmitted models to 10 selected clients!
[INFO](2026/09/15/ 04:56:44 PM) [Round: 0046] Start updating selected 10 clients...!
[INFO](2026/09/15/ 04:57:51 PM) [Round: 0046] ...10 clients are selected and updated (with total sample size: 42)!
[INFO](2026/09/15/ 04:57:51 PM) [Round: 0046] Aggregate updated weights of 10 clients...!
[INFO](2026/09/15/ 04:57:52 PM) [Round: 0046] ...updated weights of 10 clients are successfully averaged!
[INFO](2026/09/15/ 04:57:53 PM) [Round: 0046] Evaluate global model's performance...!                
	[Server] ...finished evaluation!                
	=> Loss: 1.0325                
	=> Accuracy: 64.29%

[INFO](2026/09/15/ 04:57:54 PM) [Round: 0047] Select clients...!
[INFO](2026/09/15/ 04:57:54 PM) [Round: 0047] ...successfully transmitted models to 10 selected clients!
[INFO](2026/09/15/ 04:57:54 PM) [Round: 0047] Start updating selected 10 clients...!
[INFO](2026/09/15/ 04:58:57 PM) [Round: 0047] ...10 clients are selected and updated (with total sample size: 42)!
[INFO](2026/09/15/ 04:58:58 PM) [Round: 0047] Aggregate updated weights of 10 clients...!
[INFO](2026/09/15/ 04:58:58 PM) [Round: 0047] ...updated weights of 10 clients are successfully averaged!
[INFO](2026/09/15/ 04:59:00 PM) [Round: 0047] Evaluate global model's performance...!                
	[Server] ...finished evaluation!                
	=> Loss: 1.1000                
	=> Accuracy: 64.05%

[INFO](2026/09/15/ 04:59:00 PM) [Round: 0048] Select clients...!
[INFO](2026/09/15/ 04:59:00 PM) [Round: 0048] ...successfully transmitted models to 10 selected clients!
[INFO](2026/09/15/ 04:59:01 PM) [Round: 0048] Start updating selected 10 clients...!
[INFO](2026/09/15/ 05:00:03 PM) [Round: 0048] ...10 clients are selected and updated (with total sample size: 42)!
[INFO](2026/09/15/ 05:00:04 PM) [Round: 0048] Aggregate updated weights of 10 clients...!
[INFO](2026/09/15/ 05:00:04 PM) [Round: 0048] ...updated weights of 10 clients are successfully averaged!
[INFO](2026/09/15/ 05:00:05 PM) [Round: 0048] Evaluate global model's performance...!                
	[Server] ...finished evaluation!                
	=> Loss: 0.9894                
	=> Accuracy: 67.38%

[INFO](2026/09/15/ 05:00:06 PM) [Round: 0049] Select clients...!
[INFO](2026/09/15/ 05:00:06 PM) [Round: 0049] ...successfully transmitted models to 10 selected clients!
[INFO](2026/09/15/ 05:00:06 PM) [Round: 0049] Start updating selected 10 clients...!
[INFO](2026/09/15/ 05:01:09 PM) [Round: 0049] ...10 clients are selected and updated (with total sample size: 42)!
[INFO](2026/09/15/ 05:01:09 PM) [Round: 0049] Aggregate updated weights of 10 clients...!
[INFO](2026/09/15/ 05:01:10 PM) [Round: 0049] ...updated weights of 10 clients are successfully averaged!
[INFO](2026/09/15/ 05:01:11 PM) [Round: 0049] Evaluate global model's performance...!                
	[Server] ...finished evaluation!                
	=> Loss: 0.9651                
	=> Accuracy: 68.10%

[INFO](2026/09/15/ 05:01:11 PM) [Round: 0050] Select clients...!
[INFO](2026/09/15/ 05:01:12 PM) [Round: 0050] ...successfully transmitted models to 10 selected clients!
[INFO](2026/09/15/ 05:01:12 PM) [Round: 0050] Start updating selected 10 clients...!
[INFO](2026/09/15/ 05:02:15 PM) [Round: 0050] ...10 clients are selected and updated (with total sample size: 42)!
[INFO](2026/09/15/ 05:02:15 PM) [Round: 0050] Aggregate updated weights of 10 clients...!
[INFO](2026/09/15/ 05:02:16 PM) [Round: 0050] ...updated weights of 10 clients are successfully averaged!
[INFO](2026/09/15/ 05:02:17 PM) [Round: 0050] Evaluate global model's performance...!                
	[Server] ...finished evaluation!                
	=> Loss: 1.0017                
	=> Accuracy: 66.43%

[INFO](2026/09/15/ 05:02:18 PM) [Round: 0051] Select clients...!
[INFO](2026/09/15/ 05:02:18 PM) [Round: 0051] ...successfully transmitted models to 10 selected clients!
[INFO](2026/09/15/ 05:02:18 PM) [Round: 0051] Start updating selected 10 clients...!
[INFO](2026/09/15/ 05:03:23 PM) [Round: 0051] ...10 clients are selected and updated (with total sample size: 42)!
[INFO](2026/09/15/ 05:03:24 PM) [Round: 0051] Aggregate updated weights of 10 clients...!
[INFO](2026/09/15/ 05:03:24 PM) [Round: 0051] ...updated weights of 10 clients are successfully averaged!
[INFO](2026/09/15/ 05:03:25 PM) [Round: 0051] Evaluate global model's performance...!                
	[Server] ...finished evaluation!                
	=> Loss: 0.9352                
	=> Accuracy: 68.33%

[INFO](2026/09/15/ 05:03:26 PM) [Round: 0052] Select clients...!
[INFO](2026/09/15/ 05:03:26 PM) [Round: 0052] ...successfully transmitted models to 10 selected clients!
[INFO](2026/09/15/ 05:03:26 PM) [Round: 0052] Start updating selected 10 clients...!
[INFO](2026/09/15/ 05:04:36 PM) [Round: 0052] ...10 clients are selected and updated (with total sample size: 42)!
[INFO](2026/09/15/ 05:04:36 PM) [Round: 0052] Aggregate updated weights of 10 clients...!
[INFO](2026/09/15/ 05:04:36 PM) [Round: 0052] ...updated weights of 10 clients are successfully averaged!
[INFO](2026/09/15/ 05:04:38 PM) [Round: 0052] Evaluate global model's performance...!                
	[Server] ...finished evaluation!                
	=> Loss: 0.9745                
	=> Accuracy: 69.52%

[INFO](2026/09/15/ 05:04:38 PM) [Round: 0053] Select clients...!
[INFO](2026/09/15/ 05:04:39 PM) [Round: 0053] ...successfully transmitted models to 10 selected clients!
[INFO](2026/09/15/ 05:04:39 PM) [Round: 0053] Start updating selected 10 clients...!
[INFO](2026/09/15/ 05:05:35 PM) [Round: 0053] ...10 clients are selected and updated (with total sample size: 42)!
[INFO](2026/09/15/ 05:05:35 PM) [Round: 0053] Aggregate updated weights of 10 clients...!
[INFO](2026/09/15/ 05:05:35 PM) [Round: 0053] ...updated weights of 10 clients are successfully averaged!
[INFO](2026/09/15/ 05:05:37 PM) [Round: 0053] Evaluate global model's performance...!                
	[Server] ...finished evaluation!                
	=> Loss: 0.9692                
	=> Accuracy: 68.57%

[INFO](2026/09/15/ 05:05:37 PM) [Round: 0054] Select clients...!
[INFO](2026/09/15/ 05:05:37 PM) [Round: 0054] ...successfully transmitted models to 10 selected clients!
[INFO](2026/09/15/ 05:05:38 PM) [Round: 0054] Start updating selected 10 clients...!
[INFO](2026/09/15/ 05:06:38 PM) [Round: 0054] ...10 clients are selected and updated (with total sample size: 42)!
[INFO](2026/09/15/ 05:06:38 PM) [Round: 0054] Aggregate updated weights of 10 clients...!
[INFO](2026/09/15/ 05:06:39 PM) [Round: 0054] ...updated weights of 10 clients are successfully averaged!
[INFO](2026/09/15/ 05:06:40 PM) [Round: 0054] Evaluate global model's performance...!                
	[Server] ...finished evaluation!                
	=> Loss: 0.9358                
	=> Accuracy: 70.24%

[INFO](2026/09/15/ 05:06:40 PM) [Round: 0055] Select clients...!
[INFO](2026/09/15/ 05:06:41 PM) [Round: 0055] ...successfully transmitted models to 10 selected clients!
[INFO](2026/09/15/ 05:06:41 PM) [Round: 0055] Start updating selected 10 clients...!
[INFO](2026/09/15/ 05:07:47 PM) [Round: 0055] ...10 clients are selected and updated (with total sample size: 42)!
[INFO](2026/09/15/ 05:07:47 PM) [Round: 0055] Aggregate updated weights of 10 clients...!
[INFO](2026/09/15/ 05:07:48 PM) [Round: 0055] ...updated weights of 10 clients are successfully averaged!
[INFO](2026/09/15/ 05:07:49 PM) [Round: 0055] Evaluate global model's performance...!                
	[Server] ...finished evaluation!                
	=> Loss: 0.9588                
	=> Accuracy: 69.05%

[INFO](2026/09/15/ 05:07:49 PM) [Round: 0056] Select clients...!
[INFO](2026/09/15/ 05:07:50 PM) [Round: 0056] ...successfully transmitted models to 10 selected clients!
[INFO](2026/09/15/ 05:07:50 PM) [Round: 0056] Start updating selected 10 clients...!
[INFO](2026/09/15/ 05:09:02 PM) [Round: 0056] ...10 clients are selected and updated (with total sample size: 42)!
[INFO](2026/09/15/ 05:09:02 PM) [Round: 0056] Aggregate updated weights of 10 clients...!
[INFO](2026/09/15/ 05:09:02 PM) [Round: 0056] ...updated weights of 10 clients are successfully averaged!
[INFO](2026/09/15/ 05:09:04 PM) [Round: 0056] Evaluate global model's performance...!                
	[Server] ...finished evaluation!                
	=> Loss: 0.9484                
	=> Accuracy: 68.10%

[INFO](2026/09/15/ 05:09:04 PM) [Round: 0057] Select clients...!
[INFO](2026/09/15/ 05:09:05 PM) [Round: 0057] ...successfully transmitted models to 10 selected clients!
[INFO](2026/09/15/ 05:09:05 PM) [Round: 0057] Start updating selected 10 clients...!
[INFO](2026/09/15/ 05:10:10 PM) [Round: 0057] ...10 clients are selected and updated (with total sample size: 42)!
[INFO](2026/09/15/ 05:10:10 PM) [Round: 0057] Aggregate updated weights of 10 clients...!
[INFO](2026/09/15/ 05:10:10 PM) [Round: 0057] ...updated weights of 10 clients are successfully averaged!
[INFO](2026/09/15/ 05:10:12 PM) [Round: 0057] Evaluate global model's performance...!                
	[Server] ...finished evaluation!                
	=> Loss: 0.9755                
	=> Accuracy: 67.38%

[INFO](2026/09/15/ 05:10:12 PM) [Round: 0058] Select clients...!
[INFO](2026/09/15/ 05:10:13 PM) [Round: 0058] ...successfully transmitted models to 10 selected clients!
[INFO](2026/09/15/ 05:10:13 PM) [Round: 0058] Start updating selected 10 clients...!
[INFO](2026/09/15/ 05:11:23 PM) [Round: 0058] ...10 clients are selected and updated (with total sample size: 42)!
[INFO](2026/09/15/ 05:11:23 PM) [Round: 0058] Aggregate updated weights of 10 clients...!
[INFO](2026/09/15/ 05:11:23 PM) [Round: 0058] ...updated weights of 10 clients are successfully averaged!
[INFO](2026/09/15/ 05:11:25 PM) [Round: 0058] Evaluate global model's performance...!                
	[Server] ...finished evaluation!                
	=> Loss: 0.8918                
	=> Accuracy: 69.52%

[INFO](2026/09/15/ 05:11:25 PM) [Round: 0059] Select clients...!
[INFO](2026/09/15/ 05:11:26 PM) [Round: 0059] ...successfully transmitted models to 10 selected clients!
[INFO](2026/09/15/ 05:11:26 PM) [Round: 0059] Start updating selected 10 clients...!
[INFO](2026/09/15/ 05:12:29 PM) [Round: 0059] ...10 clients are selected and updated (with total sample size: 42)!
[INFO](2026/09/15/ 05:12:29 PM) [Round: 0059] Aggregate updated weights of 10 clients...!
[INFO](2026/09/15/ 05:12:29 PM) [Round: 0059] ...updated weights of 10 clients are successfully averaged!
[INFO](2026/09/15/ 05:12:31 PM) [Round: 0059] Evaluate global model's performance...!                
	[Server] ...finished evaluation!                
	=> Loss: 0.9553                
	=> Accuracy: 67.38%

[INFO](2026/09/15/ 05:12:31 PM) [Round: 0060] Select clients...!
[INFO](2026/09/15/ 05:12:32 PM) [Round: 0060] ...successfully transmitted models to 10 selected clients!
[INFO](2026/09/15/ 05:12:32 PM) [Round: 0060] Start updating selected 10 clients...!
[INFO](2026/09/15/ 05:13:38 PM) [Round: 0060] ...10 clients are selected and updated (with total sample size: 42)!
[INFO](2026/09/15/ 05:13:38 PM) [Round: 0060] Aggregate updated weights of 10 clients...!
[INFO](2026/09/15/ 05:13:38 PM) [Round: 0060] ...updated weights of 10 clients are successfully averaged!
[INFO](2026/09/15/ 05:13:40 PM) [Round: 0060] Evaluate global model's performance...!                
	[Server] ...finished evaluation!                
	=> Loss: 0.8983                
	=> Accuracy: 72.86%

[INFO](2026/09/15/ 05:13:40 PM) [Round: 0061] Select clients...!
[INFO](2026/09/15/ 05:13:40 PM) [Round: 0061] ...successfully transmitted models to 10 selected clients!
[INFO](2026/09/15/ 05:13:41 PM) [Round: 0061] Start updating selected 10 clients...!
[INFO](2026/09/15/ 05:14:42 PM) [Round: 0061] ...10 clients are selected and updated (with total sample size: 42)!
[INFO](2026/09/15/ 05:14:42 PM) [Round: 0061] Aggregate updated weights of 10 clients...!
[INFO](2026/09/15/ 05:14:42 PM) [Round: 0061] ...updated weights of 10 clients are successfully averaged!
[INFO](2026/09/15/ 05:14:44 PM) [Round: 0061] Evaluate global model's performance...!                
	[Server] ...finished evaluation!                
	=> Loss: 0.8745                
	=> Accuracy: 68.57%

[INFO](2026/09/15/ 05:14:44 PM) [Round: 0062] Select clients...!
[INFO](2026/09/15/ 05:14:44 PM) [Round: 0062] ...successfully transmitted models to 10 selected clients!
[INFO](2026/09/15/ 05:14:45 PM) [Round: 0062] Start updating selected 10 clients...!
[INFO](2026/09/15/ 05:15:50 PM) [Round: 0062] ...10 clients are selected and updated (with total sample size: 42)!
[INFO](2026/09/15/ 05:15:50 PM) [Round: 0062] Aggregate updated weights of 10 clients...!
[INFO](2026/09/15/ 05:15:50 PM) [Round: 0062] ...updated weights of 10 clients are successfully averaged!
[INFO](2026/09/15/ 05:15:52 PM) [Round: 0062] Evaluate global model's performance...!                
	[Server] ...finished evaluation!                
	=> Loss: 0.9043                
	=> Accuracy: 71.19%

[INFO](2026/09/15/ 05:15:52 PM) [Round: 0063] Select clients...!
[INFO](2026/09/15/ 05:15:52 PM) [Round: 0063] ...successfully transmitted models to 10 selected clients!
[INFO](2026/09/15/ 05:15:53 PM) [Round: 0063] Start updating selected 10 clients...!
[INFO](2026/09/15/ 05:16:57 PM) [Round: 0063] ...10 clients are selected and updated (with total sample size: 42)!
[INFO](2026/09/15/ 05:16:57 PM) [Round: 0063] Aggregate updated weights of 10 clients...!
[INFO](2026/09/15/ 05:16:58 PM) [Round: 0063] ...updated weights of 10 clients are successfully averaged!
[INFO](2026/09/15/ 05:16:59 PM) [Round: 0063] Evaluate global model's performance...!                
	[Server] ...finished evaluation!                
	=> Loss: 0.8709                
	=> Accuracy: 71.90%

[INFO](2026/09/15/ 05:16:59 PM) [Round: 0064] Select clients...!
[INFO](2026/09/15/ 05:17:00 PM) [Round: 0064] ...successfully transmitted models to 10 selected clients!
[INFO](2026/09/15/ 05:17:00 PM) [Round: 0064] Start updating selected 10 clients...!
[INFO](2026/09/15/ 05:18:04 PM) [Round: 0064] ...10 clients are selected and updated (with total sample size: 42)!
[INFO](2026/09/15/ 05:18:04 PM) [Round: 0064] Aggregate updated weights of 10 clients...!
[INFO](2026/09/15/ 05:18:04 PM) [Round: 0064] ...updated weights of 10 clients are successfully averaged!
[INFO](2026/09/15/ 05:18:06 PM) [Round: 0064] Evaluate global model's performance...!                
	[Server] ...finished evaluation!                
	=> Loss: 0.7908                
	=> Accuracy: 73.33%

[INFO](2026/09/15/ 05:18:06 PM) [Round: 0065] Select clients...!
[INFO](2026/09/15/ 05:18:06 PM) [Round: 0065] ...successfully transmitted models to 10 selected clients!
[INFO](2026/09/15/ 05:18:06 PM) [Round: 0065] Start updating selected 10 clients...!
[INFO](2026/09/15/ 05:19:12 PM) [Round: 0065] ...10 clients are selected and updated (with total sample size: 42)!
[INFO](2026/09/15/ 05:19:12 PM) [Round: 0065] Aggregate updated weights of 10 clients...!
[INFO](2026/09/15/ 05:19:12 PM) [Round: 0065] ...updated weights of 10 clients are successfully averaged!
[INFO](2026/09/15/ 05:19:14 PM) [Round: 0065] Evaluate global model's performance...!                
	[Server] ...finished evaluation!                
	=> Loss: 0.7893                
	=> Accuracy: 75.24%

[INFO](2026/09/15/ 05:19:14 PM) [Round: 0066] Select clients...!
[INFO](2026/09/15/ 05:19:15 PM) [Round: 0066] ...successfully transmitted models to 10 selected clients!
[INFO](2026/09/15/ 05:19:15 PM) [Round: 0066] Start updating selected 10 clients...!
[INFO](2026/09/15/ 05:20:21 PM) [Round: 0066] ...10 clients are selected and updated (with total sample size: 42)!
[INFO](2026/09/15/ 05:20:22 PM) [Round: 0066] Aggregate updated weights of 10 clients...!
[INFO](2026/09/15/ 05:20:22 PM) [Round: 0066] ...updated weights of 10 clients are successfully averaged!
[INFO](2026/09/15/ 05:20:23 PM) [Round: 0066] Evaluate global model's performance...!                
	[Server] ...finished evaluation!                
	=> Loss: 0.8696                
	=> Accuracy: 72.14%

[INFO](2026/09/15/ 05:20:24 PM) [Round: 0067] Select clients...!
[INFO](2026/09/15/ 05:20:24 PM) [Round: 0067] ...successfully transmitted models to 10 selected clients!
[INFO](2026/09/15/ 05:20:24 PM) [Round: 0067] Start updating selected 10 clients...!
[INFO](2026/09/15/ 05:21:29 PM) [Round: 0067] ...10 clients are selected and updated (with total sample size: 42)!
[INFO](2026/09/15/ 05:21:30 PM) [Round: 0067] Aggregate updated weights of 10 clients...!
[INFO](2026/09/15/ 05:21:30 PM) [Round: 0067] ...updated weights of 10 clients are successfully averaged!
[INFO](2026/09/15/ 05:21:31 PM) [Round: 0067] Evaluate global model's performance...!                
	[Server] ...finished evaluation!                
	=> Loss: 0.8574                
	=> Accuracy: 72.14%

[INFO](2026/09/15/ 05:21:32 PM) [Round: 0068] Select clients...!
[INFO](2026/09/15/ 05:21:32 PM) [Round: 0068] ...successfully transmitted models to 10 selected clients!
[INFO](2026/09/15/ 05:21:32 PM) [Round: 0068] Start updating selected 10 clients...!
[INFO](2026/09/15/ 05:22:31 PM) [Round: 0068] ...10 clients are selected and updated (with total sample size: 42)!
[INFO](2026/09/15/ 05:22:31 PM) [Round: 0068] Aggregate updated weights of 10 clients...!
[INFO](2026/09/15/ 05:22:32 PM) [Round: 0068] ...updated weights of 10 clients are successfully averaged!
[INFO](2026/09/15/ 05:22:33 PM) [Round: 0068] Evaluate global model's performance...!                
	[Server] ...finished evaluation!                
	=> Loss: 0.8774                
	=> Accuracy: 71.67%

[INFO](2026/09/15/ 05:22:33 PM) [Round: 0069] Select clients...!
[INFO](2026/09/15/ 05:22:34 PM) [Round: 0069] ...successfully transmitted models to 10 selected clients!
[INFO](2026/09/15/ 05:22:34 PM) [Round: 0069] Start updating selected 10 clients...!
[INFO](2026/09/15/ 05:23:34 PM) [Round: 0069] ...10 clients are selected and updated (with total sample size: 42)!
[INFO](2026/09/15/ 05:23:34 PM) [Round: 0069] Aggregate updated weights of 10 clients...!
[INFO](2026/09/15/ 05:23:34 PM) [Round: 0069] ...updated weights of 10 clients are successfully averaged!
[INFO](2026/09/15/ 05:23:36 PM) [Round: 0069] Evaluate global model's performance...!                
	[Server] ...finished evaluation!                
	=> Loss: 0.8341                
	=> Accuracy: 73.10%

[INFO](2026/09/15/ 05:23:36 PM) [Round: 0070] Select clients...!
[INFO](2026/09/15/ 05:23:36 PM) [Round: 0070] ...successfully transmitted models to 10 selected clients!
[INFO](2026/09/15/ 05:23:37 PM) [Round: 0070] Start updating selected 10 clients...!
[INFO](2026/09/15/ 05:24:33 PM) [Round: 0070] ...10 clients are selected and updated (with total sample size: 42)!
[INFO](2026/09/15/ 05:24:33 PM) [Round: 0070] Aggregate updated weights of 10 clients...!
[INFO](2026/09/15/ 05:24:33 PM) [Round: 0070] ...updated weights of 10 clients are successfully averaged!
[INFO](2026/09/15/ 05:24:35 PM) [Round: 0070] Evaluate global model's performance...!                
	[Server] ...finished evaluation!                
	=> Loss: 0.7976                
	=> Accuracy: 74.05%

[INFO](2026/09/15/ 05:24:35 PM) [Round: 0071] Select clients...!
[INFO](2026/09/15/ 05:24:35 PM) [Round: 0071] ...successfully transmitted models to 10 selected clients!
[INFO](2026/09/15/ 05:24:36 PM) [Round: 0071] Start updating selected 10 clients...!
[INFO](2026/09/15/ 05:25:30 PM) [Round: 0071] ...10 clients are selected and updated (with total sample size: 42)!
[INFO](2026/09/15/ 05:25:30 PM) [Round: 0071] Aggregate updated weights of 10 clients...!
[INFO](2026/09/15/ 05:25:31 PM) [Round: 0071] ...updated weights of 10 clients are successfully averaged!
[INFO](2026/09/15/ 05:25:32 PM) [Round: 0071] Evaluate global model's performance...!                
	[Server] ...finished evaluation!                
	=> Loss: 0.7581                
	=> Accuracy: 74.76%

[INFO](2026/09/15/ 05:25:32 PM) [Round: 0072] Select clients...!
[INFO](2026/09/15/ 05:25:33 PM) [Round: 0072] ...successfully transmitted models to 10 selected clients!
[INFO](2026/09/15/ 05:25:33 PM) [Round: 0072] Start updating selected 10 clients...!
[INFO](2026/09/15/ 05:26:32 PM) [Round: 0072] ...10 clients are selected and updated (with total sample size: 42)!
[INFO](2026/09/15/ 05:26:32 PM) [Round: 0072] Aggregate updated weights of 10 clients...!
[INFO](2026/09/15/ 05:26:32 PM) [Round: 0072] ...updated weights of 10 clients are successfully averaged!
[INFO](2026/09/15/ 05:26:34 PM) [Round: 0072] Evaluate global model's performance...!                
	[Server] ...finished evaluation!                
	=> Loss: 0.8156                
	=> Accuracy: 72.62%

[INFO](2026/09/15/ 05:26:34 PM) [Round: 0073] Select clients...!
[INFO](2026/09/15/ 05:26:34 PM) [Round: 0073] ...successfully transmitted models to 10 selected clients!
[INFO](2026/09/15/ 05:26:35 PM) [Round: 0073] Start updating selected 10 clients...!
[INFO](2026/09/15/ 05:27:40 PM) [Round: 0073] ...10 clients are selected and updated (with total sample size: 42)!
[INFO](2026/09/15/ 05:27:40 PM) [Round: 0073] Aggregate updated weights of 10 clients...!
[INFO](2026/09/15/ 05:27:40 PM) [Round: 0073] ...updated weights of 10 clients are successfully averaged!
[INFO](2026/09/15/ 05:27:42 PM) [Round: 0073] Evaluate global model's performance...!                
	[Server] ...finished evaluation!                
	=> Loss: 0.8058                
	=> Accuracy: 73.10%

[INFO](2026/09/15/ 05:27:42 PM) [Round: 0074] Select clients...!
[INFO](2026/09/15/ 05:27:43 PM) [Round: 0074] ...successfully transmitted models to 10 selected clients!
[INFO](2026/09/15/ 05:27:43 PM) [Round: 0074] Start updating selected 10 clients...!
[INFO](2026/09/15/ 05:28:42 PM) [Round: 0074] ...10 clients are selected and updated (with total sample size: 42)!
[INFO](2026/09/15/ 05:28:42 PM) [Round: 0074] Aggregate updated weights of 10 clients...!
[INFO](2026/09/15/ 05:28:42 PM) [Round: 0074] ...updated weights of 10 clients are successfully averaged!
[INFO](2026/09/15/ 05:28:44 PM) [Round: 0074] Evaluate global model's performance...!                
	[Server] ...finished evaluation!                
	=> Loss: 0.8313                
	=> Accuracy: 73.57%

[INFO](2026/09/15/ 05:28:44 PM) [Round: 0075] Select clients...!
[INFO](2026/09/15/ 05:28:44 PM) [Round: 0075] ...successfully transmitted models to 10 selected clients!
[INFO](2026/09/15/ 05:28:45 PM) [Round: 0075] Start updating selected 10 clients...!
[INFO](2026/09/15/ 05:29:43 PM) [Round: 0075] ...10 clients are selected and updated (with total sample size: 42)!
[INFO](2026/09/15/ 05:29:43 PM) [Round: 0075] Aggregate updated weights of 10 clients...!
[INFO](2026/09/15/ 05:29:43 PM) [Round: 0075] ...updated weights of 10 clients are successfully averaged!
[INFO](2026/09/15/ 05:29:45 PM) [Round: 0075] Evaluate global model's performance...!                
	[Server] ...finished evaluation!                
	=> Loss: 0.7407                
	=> Accuracy: 74.52%

[INFO](2026/09/15/ 05:29:45 PM) [Round: 0076] Select clients...!
[INFO](2026/09/15/ 05:29:45 PM) [Round: 0076] ...successfully transmitted models to 10 selected clients!
[INFO](2026/09/15/ 05:29:46 PM) [Round: 0076] Start updating selected 10 clients...!
[INFO](2026/09/15/ 05:30:47 PM) [Round: 0076] ...10 clients are selected and updated (with total sample size: 42)!
[INFO](2026/09/15/ 05:30:47 PM) [Round: 0076] Aggregate updated weights of 10 clients...!
[INFO](2026/09/15/ 05:30:48 PM) [Round: 0076] ...updated weights of 10 clients are successfully averaged!
[INFO](2026/09/15/ 05:30:49 PM) [Round: 0076] Evaluate global model's performance...!                
	[Server] ...finished evaluation!                
	=> Loss: 0.7599                
	=> Accuracy: 74.52%

[INFO](2026/09/15/ 05:30:49 PM) [Round: 0077] Select clients...!
[INFO](2026/09/15/ 05:30:50 PM) [Round: 0077] ...successfully transmitted models to 10 selected clients!
[INFO](2026/09/15/ 05:30:50 PM) [Round: 0077] Start updating selected 10 clients...!
[INFO](2026/09/15/ 05:31:53 PM) [Round: 0077] ...10 clients are selected and updated (with total sample size: 42)!
[INFO](2026/09/15/ 05:31:54 PM) [Round: 0077] Aggregate updated weights of 10 clients...!
[INFO](2026/09/15/ 05:31:54 PM) [Round: 0077] ...updated weights of 10 clients are successfully averaged!
[INFO](2026/09/15/ 05:31:55 PM) [Round: 0077] Evaluate global model's performance...!                
	[Server] ...finished evaluation!                
	=> Loss: 0.7501                
	=> Accuracy: 75.24%

[INFO](2026/09/15/ 05:31:56 PM) [Round: 0078] Select clients...!
[INFO](2026/09/15/ 05:31:56 PM) [Round: 0078] ...successfully transmitted models to 10 selected clients!
[INFO](2026/09/15/ 05:31:56 PM) [Round: 0078] Start updating selected 10 clients...!
[INFO](2026/09/15/ 05:32:51 PM) [Round: 0078] ...10 clients are selected and updated (with total sample size: 42)!
[INFO](2026/09/15/ 05:32:51 PM) [Round: 0078] Aggregate updated weights of 10 clients...!
[INFO](2026/09/15/ 05:32:51 PM) [Round: 0078] ...updated weights of 10 clients are successfully averaged!
[INFO](2026/09/15/ 05:32:53 PM) [Round: 0078] Evaluate global model's performance...!                
	[Server] ...finished evaluation!                
	=> Loss: 0.7469                
	=> Accuracy: 74.52%

[INFO](2026/09/15/ 05:32:53 PM) [Round: 0079] Select clients...!
[INFO](2026/09/15/ 05:32:54 PM) [Round: 0079] ...successfully transmitted models to 10 selected clients!
[INFO](2026/09/15/ 05:32:54 PM) [Round: 0079] Start updating selected 10 clients...!
[INFO](2026/09/15/ 05:33:56 PM) [Round: 0079] ...10 clients are selected and updated (with total sample size: 42)!
[INFO](2026/09/15/ 05:33:57 PM) [Round: 0079] Aggregate updated weights of 10 clients...!
[INFO](2026/09/15/ 05:33:57 PM) [Round: 0079] ...updated weights of 10 clients are successfully averaged!
[INFO](2026/09/15/ 05:33:58 PM) [Round: 0079] Evaluate global model's performance...!                
	[Server] ...finished evaluation!                
	=> Loss: 0.7925                
	=> Accuracy: 75.24%

[INFO](2026/09/15/ 05:33:59 PM) [Round: 0080] Select clients...!
[INFO](2026/09/15/ 05:33:59 PM) [Round: 0080] ...successfully transmitted models to 10 selected clients!
[INFO](2026/09/15/ 05:33:59 PM) [Round: 0080] Start updating selected 10 clients...!
[INFO](2026/09/15/ 05:34:58 PM) [Round: 0080] ...10 clients are selected and updated (with total sample size: 42)!
[INFO](2026/09/15/ 05:34:58 PM) [Round: 0080] Aggregate updated weights of 10 clients...!
[INFO](2026/09/15/ 05:34:58 PM) [Round: 0080] ...updated weights of 10 clients are successfully averaged!
[INFO](2026/09/15/ 05:35:00 PM) [Round: 0080] Evaluate global model's performance...!                
	[Server] ...finished evaluation!                
	=> Loss: 0.7502                
	=> Accuracy: 74.29%

[INFO](2026/09/15/ 05:35:00 PM) [Round: 0081] Select clients...!
[INFO](2026/09/15/ 05:35:01 PM) [Round: 0081] ...successfully transmitted models to 10 selected clients!
[INFO](2026/09/15/ 05:35:01 PM) [Round: 0081] Start updating selected 10 clients...!
[INFO](2026/09/15/ 05:36:06 PM) [Round: 0081] ...10 clients are selected and updated (with total sample size: 42)!
[INFO](2026/09/15/ 05:36:06 PM) [Round: 0081] Aggregate updated weights of 10 clients...!
[INFO](2026/09/15/ 05:36:07 PM) [Round: 0081] ...updated weights of 10 clients are successfully averaged!
[INFO](2026/09/15/ 05:36:08 PM) [Round: 0081] Evaluate global model's performance...!                
	[Server] ...finished evaluation!                
	=> Loss: 0.8081                
	=> Accuracy: 75.24%

[INFO](2026/09/15/ 05:36:08 PM) [Round: 0082] Select clients...!
[INFO](2026/09/15/ 05:36:09 PM) [Round: 0082] ...successfully transmitted models to 10 selected clients!
[INFO](2026/09/15/ 05:36:09 PM) [Round: 0082] Start updating selected 10 clients...!
[INFO](2026/09/15/ 05:37:11 PM) [Round: 0082] ...10 clients are selected and updated (with total sample size: 42)!
[INFO](2026/09/15/ 05:37:12 PM) [Round: 0082] Aggregate updated weights of 10 clients...!
[INFO](2026/09/15/ 05:37:12 PM) [Round: 0082] ...updated weights of 10 clients are successfully averaged!
[INFO](2026/09/15/ 05:37:13 PM) [Round: 0082] Evaluate global model's performance...!                
	[Server] ...finished evaluation!                
	=> Loss: 0.7176                
	=> Accuracy: 76.90%

[INFO](2026/09/15/ 05:37:13 PM) [Round: 0083] Select clients...!
[INFO](2026/09/15/ 05:37:14 PM) [Round: 0083] ...successfully transmitted models to 10 selected clients!
[INFO](2026/09/15/ 05:37:14 PM) [Round: 0083] Start updating selected 10 clients...!
[INFO](2026/09/15/ 05:38:12 PM) [Round: 0083] ...10 clients are selected and updated (with total sample size: 42)!
[INFO](2026/09/15/ 05:38:12 PM) [Round: 0083] Aggregate updated weights of 10 clients...!
[INFO](2026/09/15/ 05:38:12 PM) [Round: 0083] ...updated weights of 10 clients are successfully averaged!
[INFO](2026/09/15/ 05:38:14 PM) [Round: 0083] Evaluate global model's performance...!                
	[Server] ...finished evaluation!                
	=> Loss: 0.7086                
	=> Accuracy: 76.43%

[INFO](2026/09/15/ 05:38:14 PM) [Round: 0084] Select clients...!
[INFO](2026/09/15/ 05:38:15 PM) [Round: 0084] ...successfully transmitted models to 10 selected clients!
[INFO](2026/09/15/ 05:38:15 PM) [Round: 0084] Start updating selected 10 clients...!
[INFO](2026/09/15/ 05:39:19 PM) [Round: 0084] ...10 clients are selected and updated (with total sample size: 42)!
[INFO](2026/09/15/ 05:39:19 PM) [Round: 0084] Aggregate updated weights of 10 clients...!
[INFO](2026/09/15/ 05:39:19 PM) [Round: 0084] ...updated weights of 10 clients are successfully averaged!
[INFO](2026/09/15/ 05:39:21 PM) [Round: 0084] Evaluate global model's performance...!                
	[Server] ...finished evaluation!                
	=> Loss: 0.7010                
	=> Accuracy: 77.14%

[INFO](2026/09/15/ 05:39:21 PM) [Round: 0085] Select clients...!
[INFO](2026/09/15/ 05:39:22 PM) [Round: 0085] ...successfully transmitted models to 10 selected clients!
[INFO](2026/09/15/ 05:39:22 PM) [Round: 0085] Start updating selected 10 clients...!
[INFO](2026/09/15/ 05:40:25 PM) [Round: 0085] ...10 clients are selected and updated (with total sample size: 42)!
[INFO](2026/09/15/ 05:40:25 PM) [Round: 0085] Aggregate updated weights of 10 clients...!
[INFO](2026/09/15/ 05:40:26 PM) [Round: 0085] ...updated weights of 10 clients are successfully averaged!
[INFO](2026/09/15/ 05:40:27 PM) [Round: 0085] Evaluate global model's performance...!                
	[Server] ...finished evaluation!                
	=> Loss: 0.7106                
	=> Accuracy: 76.43%

[INFO](2026/09/15/ 05:40:27 PM) [Round: 0086] Select clients...!
[INFO](2026/09/15/ 05:40:28 PM) [Round: 0086] ...successfully transmitted models to 10 selected clients!
[INFO](2026/09/15/ 05:40:28 PM) [Round: 0086] Start updating selected 10 clients...!
[INFO](2026/09/15/ 05:41:33 PM) [Round: 0086] ...10 clients are selected and updated (with total sample size: 42)!
[INFO](2026/09/15/ 05:41:33 PM) [Round: 0086] Aggregate updated weights of 10 clients...!
[INFO](2026/09/15/ 05:41:33 PM) [Round: 0086] ...updated weights of 10 clients are successfully averaged!
[INFO](2026/09/15/ 05:41:35 PM) [Round: 0086] Evaluate global model's performance...!                
	[Server] ...finished evaluation!                
	=> Loss: 0.7192                
	=> Accuracy: 75.24%

[INFO](2026/09/15/ 05:41:35 PM) [Round: 0087] Select clients...!
[INFO](2026/09/15/ 05:41:35 PM) [Round: 0087] ...successfully transmitted models to 10 selected clients!
[INFO](2026/09/15/ 05:41:36 PM) [Round: 0087] Start updating selected 10 clients...!
[INFO](2026/09/15/ 05:42:37 PM) [Round: 0087] ...10 clients are selected and updated (with total sample size: 42)!
[INFO](2026/09/15/ 05:42:37 PM) [Round: 0087] Aggregate updated weights of 10 clients...!
[INFO](2026/09/15/ 05:42:38 PM) [Round: 0087] ...updated weights of 10 clients are successfully averaged!
[INFO](2026/09/15/ 05:42:39 PM) [Round: 0087] Evaluate global model's performance...!                
	[Server] ...finished evaluation!                
	=> Loss: 0.7031                
	=> Accuracy: 75.71%

[INFO](2026/09/15/ 05:42:39 PM) [Round: 0088] Select clients...!
[INFO](2026/09/15/ 05:42:40 PM) [Round: 0088] ...successfully transmitted models to 10 selected clients!
[INFO](2026/09/15/ 05:42:40 PM) [Round: 0088] Start updating selected 10 clients...!
[INFO](2026/09/15/ 05:43:43 PM) [Round: 0088] ...10 clients are selected and updated (with total sample size: 42)!
[INFO](2026/09/15/ 05:43:43 PM) [Round: 0088] Aggregate updated weights of 10 clients...!
[INFO](2026/09/15/ 05:43:43 PM) [Round: 0088] ...updated weights of 10 clients are successfully averaged!
[INFO](2026/09/15/ 05:43:45 PM) [Round: 0088] Evaluate global model's performance...!                
	[Server] ...finished evaluation!                
	=> Loss: 0.6903                
	=> Accuracy: 77.62%

[INFO](2026/09/15/ 05:43:45 PM) [Round: 0089] Select clients...!
[INFO](2026/09/15/ 05:43:46 PM) [Round: 0089] ...successfully transmitted models to 10 selected clients!
[INFO](2026/09/15/ 05:43:46 PM) [Round: 0089] Start updating selected 10 clients...!
[INFO](2026/09/15/ 05:44:51 PM) [Round: 0089] ...10 clients are selected and updated (with total sample size: 42)!
[INFO](2026/09/15/ 05:44:51 PM) [Round: 0089] Aggregate updated weights of 10 clients...!
[INFO](2026/09/15/ 05:44:52 PM) [Round: 0089] ...updated weights of 10 clients are successfully averaged!
[INFO](2026/09/15/ 05:44:53 PM) [Round: 0089] Evaluate global model's performance...!                
	[Server] ...finished evaluation!                
	=> Loss: 0.7429                
	=> Accuracy: 75.24%

[INFO](2026/09/15/ 05:44:53 PM) [Round: 0090] Select clients...!
[INFO](2026/09/15/ 05:44:54 PM) [Round: 0090] ...successfully transmitted models to 10 selected clients!
[INFO](2026/09/15/ 05:44:54 PM) [Round: 0090] Start updating selected 10 clients...!
[INFO](2026/09/15/ 05:45:54 PM) [Round: 0090] ...10 clients are selected and updated (with total sample size: 42)!
[INFO](2026/09/15/ 05:45:55 PM) [Round: 0090] Aggregate updated weights of 10 clients...!
[INFO](2026/09/15/ 05:45:55 PM) [Round: 0090] ...updated weights of 10 clients are successfully averaged!
[INFO](2026/09/15/ 05:45:56 PM) [Round: 0090] Evaluate global model's performance...!                
	[Server] ...finished evaluation!                
	=> Loss: 0.7035                
	=> Accuracy: 75.48%

[INFO](2026/09/15/ 05:45:57 PM) [Round: 0091] Select clients...!
[INFO](2026/09/15/ 05:45:57 PM) [Round: 0091] ...successfully transmitted models to 10 selected clients!
[INFO](2026/09/15/ 05:45:57 PM) [Round: 0091] Start updating selected 10 clients...!
[INFO](2026/09/15/ 05:46:58 PM) [Round: 0091] ...10 clients are selected and updated (with total sample size: 42)!
[INFO](2026/09/15/ 05:46:58 PM) [Round: 0091] Aggregate updated weights of 10 clients...!
[INFO](2026/09/15/ 05:46:58 PM) [Round: 0091] ...updated weights of 10 clients are successfully averaged!
[INFO](2026/09/15/ 05:47:00 PM) [Round: 0091] Evaluate global model's performance...!                
	[Server] ...finished evaluation!                
	=> Loss: 0.7417                
	=> Accuracy: 76.67%

[INFO](2026/09/15/ 05:47:00 PM) [Round: 0092] Select clients...!
[INFO](2026/09/15/ 05:47:01 PM) [Round: 0092] ...successfully transmitted models to 10 selected clients!
[INFO](2026/09/15/ 05:47:01 PM) [Round: 0092] Start updating selected 10 clients...!
[INFO](2026/09/15/ 05:48:04 PM) [Round: 0092] ...10 clients are selected and updated (with total sample size: 42)!
[INFO](2026/09/15/ 05:48:04 PM) [Round: 0092] Aggregate updated weights of 10 clients...!
[INFO](2026/09/15/ 05:48:04 PM) [Round: 0092] ...updated weights of 10 clients are successfully averaged!
[INFO](2026/09/15/ 05:48:06 PM) [Round: 0092] Evaluate global model's performance...!                
	[Server] ...finished evaluation!                
	=> Loss: 0.6228                
	=> Accuracy: 79.29%

[INFO](2026/09/15/ 05:48:06 PM) [Round: 0093] Select clients...!
[INFO](2026/09/15/ 05:48:07 PM) [Round: 0093] ...successfully transmitted models to 10 selected clients!
[INFO](2026/09/15/ 05:48:07 PM) [Round: 0093] Start updating selected 10 clients...!
[INFO](2026/09/15/ 05:49:05 PM) [Round: 0093] ...10 clients are selected and updated (with total sample size: 42)!
[INFO](2026/09/15/ 05:49:05 PM) [Round: 0093] Aggregate updated weights of 10 clients...!
[INFO](2026/09/15/ 05:49:06 PM) [Round: 0093] ...updated weights of 10 clients are successfully averaged!
[INFO](2026/09/15/ 05:49:07 PM) [Round: 0093] Evaluate global model's performance...!                
	[Server] ...finished evaluation!                
	=> Loss: 0.6906                
	=> Accuracy: 77.38%

[INFO](2026/09/15/ 05:49:07 PM) [Round: 0094] Select clients...!
[INFO](2026/09/15/ 05:49:08 PM) [Round: 0094] ...successfully transmitted models to 10 selected clients!
[INFO](2026/09/15/ 05:49:08 PM) [Round: 0094] Start updating selected 10 clients...!
[INFO](2026/09/15/ 05:50:14 PM) [Round: 0094] ...10 clients are selected and updated (with total sample size: 42)!
[INFO](2026/09/15/ 05:50:14 PM) [Round: 0094] Aggregate updated weights of 10 clients...!
[INFO](2026/09/15/ 05:50:15 PM) [Round: 0094] ...updated weights of 10 clients are successfully averaged!
[INFO](2026/09/15/ 05:50:16 PM) [Round: 0094] Evaluate global model's performance...!                
	[Server] ...finished evaluation!                
	=> Loss: 0.6246                
	=> Accuracy: 78.81%

[INFO](2026/09/15/ 05:50:16 PM) [Round: 0095] Select clients...!
[INFO](2026/09/15/ 05:50:17 PM) [Round: 0095] ...successfully transmitted models to 10 selected clients!
[INFO](2026/09/15/ 05:50:17 PM) [Round: 0095] Start updating selected 10 clients...!
[INFO](2026/09/15/ 05:51:20 PM) [Round: 0095] ...10 clients are selected and updated (with total sample size: 42)!
[INFO](2026/09/15/ 05:51:20 PM) [Round: 0095] Aggregate updated weights of 10 clients...!
[INFO](2026/09/15/ 05:51:21 PM) [Round: 0095] ...updated weights of 10 clients are successfully averaged!
[INFO](2026/09/15/ 05:51:22 PM) [Round: 0095] Evaluate global model's performance...!                
	[Server] ...finished evaluation!                
	=> Loss: 0.6257                
	=> Accuracy: 78.33%

[INFO](2026/09/15/ 05:51:22 PM) [Round: 0096] Select clients...!
[INFO](2026/09/15/ 05:51:23 PM) [Round: 0096] ...successfully transmitted models to 10 selected clients!
[INFO](2026/09/15/ 05:51:23 PM) [Round: 0096] Start updating selected 10 clients...!
[INFO](2026/09/15/ 05:52:18 PM) [Round: 0096] ...10 clients are selected and updated (with total sample size: 42)!
[INFO](2026/09/15/ 05:52:18 PM) [Round: 0096] Aggregate updated weights of 10 clients...!
[INFO](2026/09/15/ 05:52:18 PM) [Round: 0096] ...updated weights of 10 clients are successfully averaged!
[INFO](2026/09/15/ 05:52:20 PM) [Round: 0096] Evaluate global model's performance...!                
	[Server] ...finished evaluation!                
	=> Loss: 0.6321                
	=> Accuracy: 78.33%

[INFO](2026/09/15/ 05:52:20 PM) [Round: 0097] Select clients...!
[INFO](2026/09/15/ 05:52:21 PM) [Round: 0097] ...successfully transmitted models to 10 selected clients!
[INFO](2026/09/15/ 05:52:21 PM) [Round: 0097] Start updating selected 10 clients...!
[INFO](2026/09/15/ 05:53:25 PM) [Round: 0097] ...10 clients are selected and updated (with total sample size: 42)!
[INFO](2026/09/15/ 05:53:25 PM) [Round: 0097] Aggregate updated weights of 10 clients...!
[INFO](2026/09/15/ 05:53:25 PM) [Round: 0097] ...updated weights of 10 clients are successfully averaged!
[INFO](2026/09/15/ 05:53:27 PM) [Round: 0097] Evaluate global model's performance...!                
	[Server] ...finished evaluation!                
	=> Loss: 0.6860                
	=> Accuracy: 75.95%

[INFO](2026/09/15/ 05:53:27 PM) [Round: 0098] Select clients...!
[INFO](2026/09/15/ 05:53:28 PM) [Round: 0098] ...successfully transmitted models to 10 selected clients!
[INFO](2026/09/15/ 05:53:28 PM) [Round: 0098] Start updating selected 10 clients...!
[INFO](2026/09/15/ 05:54:29 PM) [Round: 0098] ...10 clients are selected and updated (with total sample size: 42)!
[INFO](2026/09/15/ 05:54:29 PM) [Round: 0098] Aggregate updated weights of 10 clients...!
[INFO](2026/09/15/ 05:54:30 PM) [Round: 0098] ...updated weights of 10 clients are successfully averaged!
[INFO](2026/09/15/ 05:54:31 PM) [Round: 0098] Evaluate global model's performance...!                
	[Server] ...finished evaluation!                
	=> Loss: 0.6197                
	=> Accuracy: 78.57%

[INFO](2026/09/15/ 05:54:31 PM) [Round: 0099] Select clients...!
[INFO](2026/09/15/ 05:54:32 PM) [Round: 0099] ...successfully transmitted models to 10 selected clients!
[INFO](2026/09/15/ 05:54:32 PM) [Round: 0099] Start updating selected 10 clients...!
[INFO](2026/09/15/ 05:55:33 PM) [Round: 0099] ...10 clients are selected and updated (with total sample size: 42)!
[INFO](2026/09/15/ 05:55:33 PM) [Round: 0099] Aggregate updated weights of 10 clients...!
[INFO](2026/09/15/ 05:55:33 PM) [Round: 0099] ...updated weights of 10 clients are successfully averaged!
[INFO](2026/09/15/ 05:55:35 PM) [Round: 0099] Evaluate global model's performance...!                
	[Server] ...finished evaluation!                
	=> Loss: 0.6117                
	=> Accuracy: 79.52%

[INFO](2026/09/15/ 05:55:35 PM) [Round: 0100] Select clients...!
[INFO](2026/09/15/ 05:55:36 PM) [Round: 0100] ...successfully transmitted models to 10 selected clients!
[INFO](2026/09/15/ 05:55:36 PM) [Round: 0100] Start updating selected 10 clients...!
[INFO](2026/09/15/ 05:56:38 PM) [Round: 0100] ...10 clients are selected and updated (with total sample size: 42)!
[INFO](2026/09/15/ 05:56:38 PM) [Round: 0100] Aggregate updated weights of 10 clients...!
[INFO](2026/09/15/ 05:56:38 PM) [Round: 0100] ...updated weights of 10 clients are successfully averaged!
[INFO](2026/09/15/ 05:56:40 PM) [Round: 0100] Evaluate global model's performance...!                
	[Server] ...finished evaluation!                
	=> Loss: 0.5938                
	=> Accuracy: 80.48%

[INFO](2026/09/15/ 05:56:40 PM) [Round: 0101] Select clients...!
[INFO](2026/09/15/ 05:56:40 PM) [Round: 0101] ...successfully transmitted models to 10 selected clients!
[INFO](2026/09/15/ 05:56:41 PM) [Round: 0101] Start updating selected 10 clients...!
[INFO](2026/09/15/ 05:57:42 PM) [Round: 0101] ...10 clients are selected and updated (with total sample size: 42)!
[INFO](2026/09/15/ 05:57:42 PM) [Round: 0101] Aggregate updated weights of 10 clients...!
[INFO](2026/09/15/ 05:57:42 PM) [Round: 0101] ...updated weights of 10 clients are successfully averaged!
[INFO](2026/09/15/ 05:57:44 PM) [Round: 0101] Evaluate global model's performance...!                
	[Server] ...finished evaluation!                
	=> Loss: 0.6075                
	=> Accuracy: 79.05%

[INFO](2026/09/15/ 05:57:44 PM) [Round: 0102] Select clients...!
[INFO](2026/09/15/ 05:57:45 PM) [Round: 0102] ...successfully transmitted models to 10 selected clients!
[INFO](2026/09/15/ 05:57:45 PM) [Round: 0102] Start updating selected 10 clients...!
[INFO](2026/09/15/ 05:58:46 PM) [Round: 0102] ...10 clients are selected and updated (with total sample size: 42)!
[INFO](2026/09/15/ 05:58:46 PM) [Round: 0102] Aggregate updated weights of 10 clients...!
[INFO](2026/09/15/ 05:58:47 PM) [Round: 0102] ...updated weights of 10 clients are successfully averaged!
[INFO](2026/09/15/ 05:58:48 PM) [Round: 0102] Evaluate global model's performance...!                
	[Server] ...finished evaluation!                
	=> Loss: 0.6165                
	=> Accuracy: 77.86%

[INFO](2026/09/15/ 05:58:48 PM) [Round: 0103] Select clients...!
[INFO](2026/09/15/ 05:58:49 PM) [Round: 0103] ...successfully transmitted models to 10 selected clients!
[INFO](2026/09/15/ 05:58:49 PM) [Round: 0103] Start updating selected 10 clients...!
[INFO](2026/09/15/ 05:59:48 PM) [Round: 0103] ...10 clients are selected and updated (with total sample size: 42)!
[INFO](2026/09/15/ 05:59:48 PM) [Round: 0103] Aggregate updated weights of 10 clients...!
[INFO](2026/09/15/ 05:59:48 PM) [Round: 0103] ...updated weights of 10 clients are successfully averaged!
[INFO](2026/09/15/ 05:59:50 PM) [Round: 0103] Evaluate global model's performance...!                
	[Server] ...finished evaluation!                
	=> Loss: 0.6224                
	=> Accuracy: 80.48%

[INFO](2026/09/15/ 05:59:50 PM) [Round: 0104] Select clients...!
[INFO](2026/09/15/ 05:59:50 PM) [Round: 0104] ...successfully transmitted models to 10 selected clients!
[INFO](2026/09/15/ 05:59:50 PM) [Round: 0104] Start updating selected 10 clients...!
[INFO](2026/09/15/ 06:00:52 PM) [Round: 0104] ...10 clients are selected and updated (with total sample size: 42)!
[INFO](2026/09/15/ 06:00:52 PM) [Round: 0104] Aggregate updated weights of 10 clients...!
[INFO](2026/09/15/ 06:00:52 PM) [Round: 0104] ...updated weights of 10 clients are successfully averaged!
[INFO](2026/09/15/ 06:00:54 PM) [Round: 0104] Evaluate global model's performance...!                
	[Server] ...finished evaluation!                
	=> Loss: 0.6148                
	=> Accuracy: 79.29%

[INFO](2026/09/15/ 06:00:54 PM) [Round: 0105] Select clients...!
[INFO](2026/09/15/ 06:00:55 PM) [Round: 0105] ...successfully transmitted models to 10 selected clients!
[INFO](2026/09/15/ 06:00:55 PM) [Round: 0105] Start updating selected 10 clients...!
[INFO](2026/09/15/ 06:01:57 PM) [Round: 0105] ...10 clients are selected and updated (with total sample size: 42)!
[INFO](2026/09/15/ 06:01:57 PM) [Round: 0105] Aggregate updated weights of 10 clients...!
[INFO](2026/09/15/ 06:01:58 PM) [Round: 0105] ...updated weights of 10 clients are successfully averaged!
[INFO](2026/09/15/ 06:01:59 PM) [Round: 0105] Evaluate global model's performance...!                
	[Server] ...finished evaluation!                
	=> Loss: 0.6220                
	=> Accuracy: 80.24%

[INFO](2026/09/15/ 06:01:59 PM) [Round: 0106] Select clients...!
[INFO](2026/09/15/ 06:02:00 PM) [Round: 0106] ...successfully transmitted models to 10 selected clients!
[INFO](2026/09/15/ 06:02:00 PM) [Round: 0106] Start updating selected 10 clients...!
[INFO](2026/09/15/ 06:03:01 PM) [Round: 0106] ...10 clients are selected and updated (with total sample size: 42)!
[INFO](2026/09/15/ 06:03:01 PM) [Round: 0106] Aggregate updated weights of 10 clients...!
[INFO](2026/09/15/ 06:03:01 PM) [Round: 0106] ...updated weights of 10 clients are successfully averaged!
[INFO](2026/09/15/ 06:03:03 PM) [Round: 0106] Evaluate global model's performance...!                
	[Server] ...finished evaluation!                
	=> Loss: 0.5706                
	=> Accuracy: 81.19%

[INFO](2026/09/15/ 06:03:03 PM) [Round: 0107] Select clients...!
[INFO](2026/09/15/ 06:03:04 PM) [Round: 0107] ...successfully transmitted models to 10 selected clients!
[INFO](2026/09/15/ 06:03:04 PM) [Round: 0107] Start updating selected 10 clients...!
[INFO](2026/09/15/ 06:04:03 PM) [Round: 0107] ...10 clients are selected and updated (with total sample size: 42)!
[INFO](2026/09/15/ 06:04:04 PM) [Round: 0107] Aggregate updated weights of 10 clients...!
[INFO](2026/09/15/ 06:04:04 PM) [Round: 0107] ...updated weights of 10 clients are successfully averaged!
[INFO](2026/09/15/ 06:04:05 PM) [Round: 0107] Evaluate global model's performance...!                
	[Server] ...finished evaluation!                
	=> Loss: 0.6252                
	=> Accuracy: 79.76%

[INFO](2026/09/15/ 06:04:06 PM) [Round: 0108] Select clients...!
[INFO](2026/09/15/ 06:04:06 PM) [Round: 0108] ...successfully transmitted models to 10 selected clients!
[INFO](2026/09/15/ 06:04:06 PM) [Round: 0108] Start updating selected 10 clients...!
[INFO](2026/09/15/ 06:05:09 PM) [Round: 0108] ...10 clients are selected and updated (with total sample size: 42)!
[INFO](2026/09/15/ 06:05:09 PM) [Round: 0108] Aggregate updated weights of 10 clients...!
[INFO](2026/09/15/ 06:05:09 PM) [Round: 0108] ...updated weights of 10 clients are successfully averaged!
[INFO](2026/09/15/ 06:05:11 PM) [Round: 0108] Evaluate global model's performance...!                
	[Server] ...finished evaluation!                
	=> Loss: 0.6019                
	=> Accuracy: 79.76%

[INFO](2026/09/15/ 06:05:11 PM) [Round: 0109] Select clients...!
[INFO](2026/09/15/ 06:05:11 PM) [Round: 0109] ...successfully transmitted models to 10 selected clients!
[INFO](2026/09/15/ 06:05:11 PM) [Round: 0109] Start updating selected 10 clients...!
[INFO](2026/09/15/ 06:06:16 PM) [Round: 0109] ...10 clients are selected and updated (with total sample size: 42)!
[INFO](2026/09/15/ 06:06:16 PM) [Round: 0109] Aggregate updated weights of 10 clients...!
[INFO](2026/09/15/ 06:06:16 PM) [Round: 0109] ...updated weights of 10 clients are successfully averaged!
[INFO](2026/09/15/ 06:06:18 PM) [Round: 0109] Evaluate global model's performance...!                
	[Server] ...finished evaluation!                
	=> Loss: 0.6072                
	=> Accuracy: 79.05%

[INFO](2026/09/15/ 06:06:18 PM) [Round: 0110] Select clients...!
[INFO](2026/09/15/ 06:06:19 PM) [Round: 0110] ...successfully transmitted models to 10 selected clients!
[INFO](2026/09/15/ 06:06:19 PM) [Round: 0110] Start updating selected 10 clients...!
[INFO](2026/09/15/ 06:07:27 PM) [Round: 0110] ...10 clients are selected and updated (with total sample size: 42)!
[INFO](2026/09/15/ 06:07:27 PM) [Round: 0110] Aggregate updated weights of 10 clients...!
[INFO](2026/09/15/ 06:07:27 PM) [Round: 0110] ...updated weights of 10 clients are successfully averaged!
[INFO](2026/09/15/ 06:07:29 PM) [Round: 0110] Evaluate global model's performance...!                
	[Server] ...finished evaluation!                
	=> Loss: 0.6214                
	=> Accuracy: 79.29%

[INFO](2026/09/15/ 06:07:29 PM) [Round: 0111] Select clients...!
[INFO](2026/09/15/ 06:07:29 PM) [Round: 0111] ...successfully transmitted models to 10 selected clients!
[INFO](2026/09/15/ 06:07:29 PM) [Round: 0111] Start updating selected 10 clients...!
[INFO](2026/09/15/ 06:08:31 PM) [Round: 0111] ...10 clients are selected and updated (with total sample size: 42)!
[INFO](2026/09/15/ 06:08:31 PM) [Round: 0111] Aggregate updated weights of 10 clients...!
[INFO](2026/09/15/ 06:08:31 PM) [Round: 0111] ...updated weights of 10 clients are successfully averaged!
[INFO](2026/09/15/ 06:08:33 PM) [Round: 0111] Evaluate global model's performance...!                
	[Server] ...finished evaluation!                
	=> Loss: 0.5939                
	=> Accuracy: 80.24%

[INFO](2026/09/15/ 06:08:33 PM) [Round: 0112] Select clients...!
[INFO](2026/09/15/ 06:08:33 PM) [Round: 0112] ...successfully transmitted models to 10 selected clients!
[INFO](2026/09/15/ 06:08:33 PM) [Round: 0112] Start updating selected 10 clients...!
[INFO](2026/09/15/ 06:09:34 PM) [Round: 0112] ...10 clients are selected and updated (with total sample size: 42)!
[INFO](2026/09/15/ 06:09:34 PM) [Round: 0112] Aggregate updated weights of 10 clients...!
[INFO](2026/09/15/ 06:09:34 PM) [Round: 0112] ...updated weights of 10 clients are successfully averaged!
[INFO](2026/09/15/ 06:09:36 PM) [Round: 0112] Evaluate global model's performance...!                
	[Server] ...finished evaluation!                
	=> Loss: 0.5740                
	=> Accuracy: 80.71%

[INFO](2026/09/15/ 06:09:36 PM) [Round: 0113] Select clients...!
[INFO](2026/09/15/ 06:09:36 PM) [Round: 0113] ...successfully transmitted models to 10 selected clients!
[INFO](2026/09/15/ 06:09:36 PM) [Round: 0113] Start updating selected 10 clients...!
[INFO](2026/09/15/ 06:10:40 PM) [Round: 0113] ...10 clients are selected and updated (with total sample size: 42)!
[INFO](2026/09/15/ 06:10:40 PM) [Round: 0113] Aggregate updated weights of 10 clients...!
[INFO](2026/09/15/ 06:10:41 PM) [Round: 0113] ...updated weights of 10 clients are successfully averaged!
[INFO](2026/09/15/ 06:10:42 PM) [Round: 0113] Evaluate global model's performance...!                
	[Server] ...finished evaluation!                
	=> Loss: 0.5523                
	=> Accuracy: 81.43%

[INFO](2026/09/15/ 06:10:43 PM) [Round: 0114] Select clients...!
[INFO](2026/09/15/ 06:10:43 PM) [Round: 0114] ...successfully transmitted models to 10 selected clients!
[INFO](2026/09/15/ 06:10:43 PM) [Round: 0114] Start updating selected 10 clients...!
[INFO](2026/09/15/ 06:11:48 PM) [Round: 0114] ...10 clients are selected and updated (with total sample size: 42)!
[INFO](2026/09/15/ 06:11:48 PM) [Round: 0114] Aggregate updated weights of 10 clients...!
[INFO](2026/09/15/ 06:11:49 PM) [Round: 0114] ...updated weights of 10 clients are successfully averaged!
[INFO](2026/09/15/ 06:11:50 PM) [Round: 0114] Evaluate global model's performance...!                
	[Server] ...finished evaluation!                
	=> Loss: 0.5644                
	=> Accuracy: 81.67%

[INFO](2026/09/15/ 06:11:51 PM) [Round: 0115] Select clients...!
[INFO](2026/09/15/ 06:11:51 PM) [Round: 0115] ...successfully transmitted models to 10 selected clients!
[INFO](2026/09/15/ 06:11:51 PM) [Round: 0115] Start updating selected 10 clients...!
[INFO](2026/09/15/ 06:13:02 PM) [Round: 0115] ...10 clients are selected and updated (with total sample size: 42)!
[INFO](2026/09/15/ 06:13:02 PM) [Round: 0115] Aggregate updated weights of 10 clients...!
[INFO](2026/09/15/ 06:13:03 PM) [Round: 0115] ...updated weights of 10 clients are successfully averaged!
[INFO](2026/09/15/ 06:13:05 PM) [Round: 0115] Evaluate global model's performance...!                
	[Server] ...finished evaluation!                
	=> Loss: 0.5728                
	=> Accuracy: 81.19%

[INFO](2026/09/15/ 06:13:05 PM) [Round: 0116] Select clients...!
[INFO](2026/09/15/ 06:13:05 PM) [Round: 0116] ...successfully transmitted models to 10 selected clients!
[INFO](2026/09/15/ 06:13:05 PM) [Round: 0116] Start updating selected 10 clients...!
[INFO](2026/09/15/ 06:14:17 PM) [Round: 0116] ...10 clients are selected and updated (with total sample size: 42)!
[INFO](2026/09/15/ 06:14:17 PM) [Round: 0116] Aggregate updated weights of 10 clients...!
[INFO](2026/09/15/ 06:14:17 PM) [Round: 0116] ...updated weights of 10 clients are successfully averaged!
[INFO](2026/09/15/ 06:14:19 PM) [Round: 0116] Evaluate global model's performance...!                
	[Server] ...finished evaluation!                
	=> Loss: 0.5710                
	=> Accuracy: 80.48%

[INFO](2026/09/15/ 06:14:19 PM) [Round: 0117] Select clients...!
[INFO](2026/09/15/ 06:14:20 PM) [Round: 0117] ...successfully transmitted models to 10 selected clients!
[INFO](2026/09/15/ 06:14:20 PM) [Round: 0117] Start updating selected 10 clients...!
[INFO](2026/09/15/ 06:15:24 PM) [Round: 0117] ...10 clients are selected and updated (with total sample size: 42)!
[INFO](2026/09/15/ 06:15:24 PM) [Round: 0117] Aggregate updated weights of 10 clients...!
[INFO](2026/09/15/ 06:15:24 PM) [Round: 0117] ...updated weights of 10 clients are successfully averaged!
[INFO](2026/09/15/ 06:15:26 PM) [Round: 0117] Evaluate global model's performance...!                
	[Server] ...finished evaluation!                
	=> Loss: 0.5899                
	=> Accuracy: 81.67%

[INFO](2026/09/15/ 06:15:26 PM) [Round: 0118] Select clients...!
[INFO](2026/09/15/ 06:15:27 PM) [Round: 0118] ...successfully transmitted models to 10 selected clients!
[INFO](2026/09/15/ 06:15:27 PM) [Round: 0118] Start updating selected 10 clients...!
[INFO](2026/09/15/ 06:16:39 PM) [Round: 0118] ...10 clients are selected and updated (with total sample size: 42)!
[INFO](2026/09/15/ 06:16:39 PM) [Round: 0118] Aggregate updated weights of 10 clients...!
[INFO](2026/09/15/ 06:16:39 PM) [Round: 0118] ...updated weights of 10 clients are successfully averaged!
[INFO](2026/09/15/ 06:16:41 PM) [Round: 0118] Evaluate global model's performance...!                
	[Server] ...finished evaluation!                
	=> Loss: 0.5677                
	=> Accuracy: 80.24%

[INFO](2026/09/15/ 06:16:41 PM) [Round: 0119] Select clients...!
[INFO](2026/09/15/ 06:16:42 PM) [Round: 0119] ...successfully transmitted models to 10 selected clients!
[INFO](2026/09/15/ 06:16:42 PM) [Round: 0119] Start updating selected 10 clients...!
[INFO](2026/09/15/ 06:17:54 PM) [Round: 0119] ...10 clients are selected and updated (with total sample size: 42)!
[INFO](2026/09/15/ 06:17:55 PM) [Round: 0119] Aggregate updated weights of 10 clients...!
[INFO](2026/09/15/ 06:17:55 PM) [Round: 0119] ...updated weights of 10 clients are successfully averaged!
[INFO](2026/09/15/ 06:17:57 PM) [Round: 0119] Evaluate global model's performance...!                
	[Server] ...finished evaluation!                
	=> Loss: 0.5603                
	=> Accuracy: 83.33%

[INFO](2026/09/15/ 06:17:57 PM) [Round: 0120] Select clients...!
[INFO](2026/09/15/ 06:17:57 PM) [Round: 0120] ...successfully transmitted models to 10 selected clients!
[INFO](2026/09/15/ 06:17:58 PM) [Round: 0120] Start updating selected 10 clients...!
[INFO](2026/09/15/ 06:19:10 PM) [Round: 0120] ...10 clients are selected and updated (with total sample size: 42)!
[INFO](2026/09/15/ 06:19:10 PM) [Round: 0120] Aggregate updated weights of 10 clients...!
[INFO](2026/09/15/ 06:19:10 PM) [Round: 0120] ...updated weights of 10 clients are successfully averaged!
[INFO](2026/09/15/ 06:19:12 PM) [Round: 0120] Evaluate global model's performance...!                
	[Server] ...finished evaluation!                
	=> Loss: 0.5125                
	=> Accuracy: 84.76%

[INFO](2026/09/15/ 06:19:12 PM) [Round: 0121] Select clients...!
[INFO](2026/09/15/ 06:19:13 PM) [Round: 0121] ...successfully transmitted models to 10 selected clients!
[INFO](2026/09/15/ 06:19:13 PM) [Round: 0121] Start updating selected 10 clients...!
[INFO](2026/09/15/ 06:20:12 PM) [Round: 0121] ...10 clients are selected and updated (with total sample size: 42)!
[INFO](2026/09/15/ 06:20:13 PM) [Round: 0121] Aggregate updated weights of 10 clients...!
[INFO](2026/09/15/ 06:20:13 PM) [Round: 0121] ...updated weights of 10 clients are successfully averaged!
[INFO](2026/09/15/ 06:20:14 PM) [Round: 0121] Evaluate global model's performance...!                
	[Server] ...finished evaluation!                
	=> Loss: 0.5502                
	=> Accuracy: 80.71%

[INFO](2026/09/15/ 06:20:15 PM) [Round: 0122] Select clients...!
[INFO](2026/09/15/ 06:20:15 PM) [Round: 0122] ...successfully transmitted models to 10 selected clients!
[INFO](2026/09/15/ 06:20:16 PM) [Round: 0122] Start updating selected 10 clients...!
[INFO](2026/09/15/ 06:21:12 PM) [Round: 0122] ...10 clients are selected and updated (with total sample size: 42)!
[INFO](2026/09/15/ 06:21:13 PM) [Round: 0122] Aggregate updated weights of 10 clients...!
[INFO](2026/09/15/ 06:21:13 PM) [Round: 0122] ...updated weights of 10 clients are successfully averaged!
[INFO](2026/09/15/ 06:21:14 PM) [Round: 0122] Evaluate global model's performance...!                
	[Server] ...finished evaluation!                
	=> Loss: 0.4979                
	=> Accuracy: 83.57%

[INFO](2026/09/15/ 06:21:15 PM) [Round: 0123] Select clients...!
[INFO](2026/09/15/ 06:21:15 PM) [Round: 0123] ...successfully transmitted models to 10 selected clients!
[INFO](2026/09/15/ 06:21:15 PM) [Round: 0123] Start updating selected 10 clients...!
[INFO](2026/09/15/ 06:22:16 PM) [Round: 0123] ...10 clients are selected and updated (with total sample size: 42)!
[INFO](2026/09/15/ 06:22:16 PM) [Round: 0123] Aggregate updated weights of 10 clients...!
[INFO](2026/09/15/ 06:22:16 PM) [Round: 0123] ...updated weights of 10 clients are successfully averaged!
[INFO](2026/09/15/ 06:22:18 PM) [Round: 0123] Evaluate global model's performance...!                
	[Server] ...finished evaluation!                
	=> Loss: 0.5354                
	=> Accuracy: 82.14%

[INFO](2026/09/15/ 06:22:18 PM) [Round: 0124] Select clients...!
[INFO](2026/09/15/ 06:22:19 PM) [Round: 0124] ...successfully transmitted models to 10 selected clients!
[INFO](2026/09/15/ 06:22:19 PM) [Round: 0124] Start updating selected 10 clients...!
[INFO](2026/09/15/ 06:23:17 PM) [Round: 0124] ...10 clients are selected and updated (with total sample size: 42)!
[INFO](2026/09/15/ 06:23:17 PM) [Round: 0124] Aggregate updated weights of 10 clients...!
[INFO](2026/09/15/ 06:23:17 PM) [Round: 0124] ...updated weights of 10 clients are successfully averaged!
[INFO](2026/09/15/ 06:23:19 PM) [Round: 0124] Evaluate global model's performance...!                
	[Server] ...finished evaluation!                
	=> Loss: 0.5112                
	=> Accuracy: 82.86%

[INFO](2026/09/15/ 06:23:19 PM) [Round: 0125] Select clients...!
[INFO](2026/09/15/ 06:23:19 PM) [Round: 0125] ...successfully transmitted models to 10 selected clients!
[INFO](2026/09/15/ 06:23:19 PM) [Round: 0125] Start updating selected 10 clients...!
[INFO](2026/09/15/ 06:24:20 PM) [Round: 0125] ...10 clients are selected and updated (with total sample size: 42)!
[INFO](2026/09/15/ 06:24:20 PM) [Round: 0125] Aggregate updated weights of 10 clients...!
[INFO](2026/09/15/ 06:24:21 PM) [Round: 0125] ...updated weights of 10 clients are successfully averaged!
[INFO](2026/09/15/ 06:24:22 PM) [Round: 0125] Evaluate global model's performance...!                
	[Server] ...finished evaluation!                
	=> Loss: 0.5446                
	=> Accuracy: 82.38%

[INFO](2026/09/15/ 06:24:22 PM) [Round: 0126] Select clients...!
[INFO](2026/09/15/ 06:24:23 PM) [Round: 0126] ...successfully transmitted models to 10 selected clients!
[INFO](2026/09/15/ 06:24:23 PM) [Round: 0126] Start updating selected 10 clients...!
[INFO](2026/09/15/ 06:25:26 PM) [Round: 0126] ...10 clients are selected and updated (with total sample size: 42)!
[INFO](2026/09/15/ 06:25:26 PM) [Round: 0126] Aggregate updated weights of 10 clients...!
[INFO](2026/09/15/ 06:25:26 PM) [Round: 0126] ...updated weights of 10 clients are successfully averaged!
[INFO](2026/09/15/ 06:25:28 PM) [Round: 0126] Evaluate global model's performance...!                
	[Server] ...finished evaluation!                
	=> Loss: 0.5669                
	=> Accuracy: 82.38%

[INFO](2026/09/15/ 06:25:28 PM) [Round: 0127] Select clients...!
[INFO](2026/09/15/ 06:25:28 PM) [Round: 0127] ...successfully transmitted models to 10 selected clients!
[INFO](2026/09/15/ 06:25:29 PM) [Round: 0127] Start updating selected 10 clients...!
[INFO](2026/09/15/ 06:26:30 PM) [Round: 0127] ...10 clients are selected and updated (with total sample size: 42)!
[INFO](2026/09/15/ 06:26:31 PM) [Round: 0127] Aggregate updated weights of 10 clients...!
[INFO](2026/09/15/ 06:26:31 PM) [Round: 0127] ...updated weights of 10 clients are successfully averaged!
[INFO](2026/09/15/ 06:26:33 PM) [Round: 0127] Evaluate global model's performance...!                
	[Server] ...finished evaluation!                
	=> Loss: 0.5639                
	=> Accuracy: 82.62%

[INFO](2026/09/15/ 06:26:33 PM) [Round: 0128] Select clients...!
[INFO](2026/09/15/ 06:26:33 PM) [Round: 0128] ...successfully transmitted models to 10 selected clients!
[INFO](2026/09/15/ 06:26:33 PM) [Round: 0128] Start updating selected 10 clients...!
[INFO](2026/09/15/ 06:27:35 PM) [Round: 0128] ...10 clients are selected and updated (with total sample size: 42)!
[INFO](2026/09/15/ 06:27:35 PM) [Round: 0128] Aggregate updated weights of 10 clients...!
[INFO](2026/09/15/ 06:27:36 PM) [Round: 0128] ...updated weights of 10 clients are successfully averaged!
[INFO](2026/09/15/ 06:27:37 PM) [Round: 0128] Evaluate global model's performance...!                
	[Server] ...finished evaluation!                
	=> Loss: 0.5129                
	=> Accuracy: 83.10%

[INFO](2026/09/15/ 06:27:37 PM) [Round: 0129] Select clients...!
[INFO](2026/09/15/ 06:27:38 PM) [Round: 0129] ...successfully transmitted models to 10 selected clients!
[INFO](2026/09/15/ 06:27:38 PM) [Round: 0129] Start updating selected 10 clients...!
[INFO](2026/09/15/ 06:28:34 PM) [Round: 0129] ...10 clients are selected and updated (with total sample size: 42)!
[INFO](2026/09/15/ 06:28:35 PM) [Round: 0129] Aggregate updated weights of 10 clients...!
[INFO](2026/09/15/ 06:28:35 PM) [Round: 0129] ...updated weights of 10 clients are successfully averaged!
[INFO](2026/09/15/ 06:28:36 PM) [Round: 0129] Evaluate global model's performance...!                
	[Server] ...finished evaluation!                
	=> Loss: 0.5469                
	=> Accuracy: 83.57%

[INFO](2026/09/15/ 06:28:37 PM) [Round: 0130] Select clients...!
[INFO](2026/09/15/ 06:28:37 PM) [Round: 0130] ...successfully transmitted models to 10 selected clients!
[INFO](2026/09/15/ 06:28:37 PM) [Round: 0130] Start updating selected 10 clients...!
[INFO](2026/09/15/ 06:29:36 PM) [Round: 0130] ...10 clients are selected and updated (with total sample size: 42)!
[INFO](2026/09/15/ 06:29:36 PM) [Round: 0130] Aggregate updated weights of 10 clients...!
[INFO](2026/09/15/ 06:29:36 PM) [Round: 0130] ...updated weights of 10 clients are successfully averaged!
[INFO](2026/09/15/ 06:29:38 PM) [Round: 0130] Evaluate global model's performance...!                
	[Server] ...finished evaluation!                
	=> Loss: 0.5790                
	=> Accuracy: 81.67%

[INFO](2026/09/15/ 06:29:38 PM) [Round: 0131] Select clients...!
[INFO](2026/09/15/ 06:29:39 PM) [Round: 0131] ...successfully transmitted models to 10 selected clients!
[INFO](2026/09/15/ 06:29:39 PM) [Round: 0131] Start updating selected 10 clients...!
[INFO](2026/09/15/ 06:30:41 PM) [Round: 0131] ...10 clients are selected and updated (with total sample size: 42)!
[INFO](2026/09/15/ 06:30:41 PM) [Round: 0131] Aggregate updated weights of 10 clients...!
[INFO](2026/09/15/ 06:30:41 PM) [Round: 0131] ...updated weights of 10 clients are successfully averaged!
[INFO](2026/09/15/ 06:30:43 PM) [Round: 0131] Evaluate global model's performance...!                
	[Server] ...finished evaluation!                
	=> Loss: 0.5057                
	=> Accuracy: 83.81%

[INFO](2026/09/15/ 06:30:43 PM) [Round: 0132] Select clients...!
[INFO](2026/09/15/ 06:30:43 PM) [Round: 0132] ...successfully transmitted models to 10 selected clients!
[INFO](2026/09/15/ 06:30:44 PM) [Round: 0132] Start updating selected 10 clients...!
[INFO](2026/09/15/ 06:31:45 PM) [Round: 0132] ...10 clients are selected and updated (with total sample size: 42)!
[INFO](2026/09/15/ 06:31:45 PM) [Round: 0132] Aggregate updated weights of 10 clients...!
[INFO](2026/09/15/ 06:31:45 PM) [Round: 0132] ...updated weights of 10 clients are successfully averaged!
[INFO](2026/09/15/ 06:31:47 PM) [Round: 0132] Evaluate global model's performance...!                
	[Server] ...finished evaluation!                
	=> Loss: 0.5147                
	=> Accuracy: 83.10%

[INFO](2026/09/15/ 06:31:47 PM) [Round: 0133] Select clients...!
[INFO](2026/09/15/ 06:31:48 PM) [Round: 0133] ...successfully transmitted models to 10 selected clients!
[INFO](2026/09/15/ 06:31:48 PM) [Round: 0133] Start updating selected 10 clients...!
[INFO](2026/09/15/ 06:32:47 PM) [Round: 0133] ...10 clients are selected and updated (with total sample size: 42)!
[INFO](2026/09/15/ 06:32:48 PM) [Round: 0133] Aggregate updated weights of 10 clients...!
[INFO](2026/09/15/ 06:32:48 PM) [Round: 0133] ...updated weights of 10 clients are successfully averaged!
[INFO](2026/09/15/ 06:32:49 PM) [Round: 0133] Evaluate global model's performance...!                
	[Server] ...finished evaluation!                
	=> Loss: 0.5336                
	=> Accuracy: 81.19%

[INFO](2026/09/15/ 06:32:50 PM) [Round: 0134] Select clients...!
[INFO](2026/09/15/ 06:32:50 PM) [Round: 0134] ...successfully transmitted models to 10 selected clients!
[INFO](2026/09/15/ 06:32:50 PM) [Round: 0134] Start updating selected 10 clients...!
[INFO](2026/09/15/ 06:33:55 PM) [Round: 0134] ...10 clients are selected and updated (with total sample size: 42)!
[INFO](2026/09/15/ 06:33:55 PM) [Round: 0134] Aggregate updated weights of 10 clients...!
[INFO](2026/09/15/ 06:33:55 PM) [Round: 0134] ...updated weights of 10 clients are successfully averaged!
[INFO](2026/09/15/ 06:33:57 PM) [Round: 0134] Evaluate global model's performance...!                
	[Server] ...finished evaluation!                
	=> Loss: 0.5214                
	=> Accuracy: 83.57%

[INFO](2026/09/15/ 06:33:57 PM) [Round: 0135] Select clients...!
[INFO](2026/09/15/ 06:33:58 PM) [Round: 0135] ...successfully transmitted models to 10 selected clients!
[INFO](2026/09/15/ 06:33:58 PM) [Round: 0135] Start updating selected 10 clients...!
[INFO](2026/09/15/ 06:35:04 PM) [Round: 0135] ...10 clients are selected and updated (with total sample size: 42)!
[INFO](2026/09/15/ 06:35:04 PM) [Round: 0135] Aggregate updated weights of 10 clients...!
[INFO](2026/09/15/ 06:35:05 PM) [Round: 0135] ...updated weights of 10 clients are successfully averaged!
[INFO](2026/09/15/ 06:35:06 PM) [Round: 0135] Evaluate global model's performance...!                
	[Server] ...finished evaluation!                
	=> Loss: 0.5152                
	=> Accuracy: 83.81%

[INFO](2026/09/15/ 06:35:06 PM) [Round: 0136] Select clients...!
[INFO](2026/09/15/ 06:35:07 PM) [Round: 0136] ...successfully transmitted models to 10 selected clients!
[INFO](2026/09/15/ 06:35:07 PM) [Round: 0136] Start updating selected 10 clients...!
[INFO](2026/09/15/ 06:36:11 PM) [Round: 0136] ...10 clients are selected and updated (with total sample size: 42)!
[INFO](2026/09/15/ 06:36:12 PM) [Round: 0136] Aggregate updated weights of 10 clients...!
[INFO](2026/09/15/ 06:36:12 PM) [Round: 0136] ...updated weights of 10 clients are successfully averaged!
[INFO](2026/09/15/ 06:36:13 PM) [Round: 0136] Evaluate global model's performance...!                
	[Server] ...finished evaluation!                
	=> Loss: 0.5530                
	=> Accuracy: 82.38%

[INFO](2026/09/15/ 06:36:14 PM) [Round: 0137] Select clients...!
[INFO](2026/09/15/ 06:36:14 PM) [Round: 0137] ...successfully transmitted models to 10 selected clients!
[INFO](2026/09/15/ 06:36:14 PM) [Round: 0137] Start updating selected 10 clients...!
[INFO](2026/09/15/ 06:37:22 PM) [Round: 0137] ...10 clients are selected and updated (with total sample size: 42)!
[INFO](2026/09/15/ 06:37:22 PM) [Round: 0137] Aggregate updated weights of 10 clients...!
[INFO](2026/09/15/ 06:37:22 PM) [Round: 0137] ...updated weights of 10 clients are successfully averaged!
[INFO](2026/09/15/ 06:37:24 PM) [Round: 0137] Evaluate global model's performance...!                
	[Server] ...finished evaluation!                
	=> Loss: 0.5471                
	=> Accuracy: 82.86%

[INFO](2026/09/15/ 06:37:24 PM) [Round: 0138] Select clients...!
[INFO](2026/09/15/ 06:37:24 PM) [Round: 0138] ...successfully transmitted models to 10 selected clients!
[INFO](2026/09/15/ 06:37:24 PM) [Round: 0138] Start updating selected 10 clients...!
[INFO](2026/09/15/ 06:38:26 PM) [Round: 0138] ...10 clients are selected and updated (with total sample size: 42)!
[INFO](2026/09/15/ 06:38:26 PM) [Round: 0138] Aggregate updated weights of 10 clients...!
[INFO](2026/09/15/ 06:38:27 PM) [Round: 0138] ...updated weights of 10 clients are successfully averaged!
[INFO](2026/09/15/ 06:38:28 PM) [Round: 0138] Evaluate global model's performance...!                
	[Server] ...finished evaluation!                
	=> Loss: 0.4741                
	=> Accuracy: 85.48%

[INFO](2026/09/15/ 06:38:29 PM) [Round: 0139] Select clients...!
[INFO](2026/09/15/ 06:38:29 PM) [Round: 0139] ...successfully transmitted models to 10 selected clients!
[INFO](2026/09/15/ 06:38:29 PM) [Round: 0139] Start updating selected 10 clients...!
[INFO](2026/09/15/ 06:39:37 PM) [Round: 0139] ...10 clients are selected and updated (with total sample size: 42)!
[INFO](2026/09/15/ 06:39:37 PM) [Round: 0139] Aggregate updated weights of 10 clients...!
[INFO](2026/09/15/ 06:39:37 PM) [Round: 0139] ...updated weights of 10 clients are successfully averaged!
[INFO](2026/09/15/ 06:39:39 PM) [Round: 0139] Evaluate global model's performance...!                
	[Server] ...finished evaluation!                
	=> Loss: 0.4743                
	=> Accuracy: 84.05%

[INFO](2026/09/15/ 06:39:39 PM) [Round: 0140] Select clients...!
[INFO](2026/09/15/ 06:39:40 PM) [Round: 0140] ...successfully transmitted models to 10 selected clients!
[INFO](2026/09/15/ 06:39:40 PM) [Round: 0140] Start updating selected 10 clients...!
[INFO](2026/09/15/ 06:40:48 PM) [Round: 0140] ...10 clients are selected and updated (with total sample size: 42)!
[INFO](2026/09/15/ 06:40:48 PM) [Round: 0140] Aggregate updated weights of 10 clients...!
[INFO](2026/09/15/ 06:40:48 PM) [Round: 0140] ...updated weights of 10 clients are successfully averaged!
[INFO](2026/09/15/ 06:40:50 PM) [Round: 0140] Evaluate global model's performance...!                
	[Server] ...finished evaluation!                
	=> Loss: 0.5251                
	=> Accuracy: 83.57%

[INFO](2026/09/15/ 06:40:50 PM) [Round: 0141] Select clients...!
[INFO](2026/09/15/ 06:40:51 PM) [Round: 0141] ...successfully transmitted models to 10 selected clients!
[INFO](2026/09/15/ 06:40:51 PM) [Round: 0141] Start updating selected 10 clients...!
[INFO](2026/09/15/ 06:41:59 PM) [Round: 0141] ...10 clients are selected and updated (with total sample size: 42)!
[INFO](2026/09/15/ 06:41:59 PM) [Round: 0141] Aggregate updated weights of 10 clients...!
[INFO](2026/09/15/ 06:42:00 PM) [Round: 0141] ...updated weights of 10 clients are successfully averaged!
[INFO](2026/09/15/ 06:42:01 PM) [Round: 0141] Evaluate global model's performance...!                
	[Server] ...finished evaluation!                
	=> Loss: 0.5153                
	=> Accuracy: 84.29%

[INFO](2026/09/15/ 06:42:02 PM) [Round: 0142] Select clients...!
[INFO](2026/09/15/ 06:42:02 PM) [Round: 0142] ...successfully transmitted models to 10 selected clients!
[INFO](2026/09/15/ 06:42:02 PM) [Round: 0142] Start updating selected 10 clients...!
[INFO](2026/09/15/ 06:43:08 PM) [Round: 0142] ...10 clients are selected and updated (with total sample size: 42)!
[INFO](2026/09/15/ 06:43:08 PM) [Round: 0142] Aggregate updated weights of 10 clients...!
[INFO](2026/09/15/ 06:43:08 PM) [Round: 0142] ...updated weights of 10 clients are successfully averaged!
[INFO](2026/09/15/ 06:43:10 PM) [Round: 0142] Evaluate global model's performance...!                
	[Server] ...finished evaluation!                
	=> Loss: 0.5632                
	=> Accuracy: 81.67%

[INFO](2026/09/15/ 06:43:10 PM) [Round: 0143] Select clients...!
[INFO](2026/09/15/ 06:43:11 PM) [Round: 0143] ...successfully transmitted models to 10 selected clients!
[INFO](2026/09/15/ 06:43:11 PM) [Round: 0143] Start updating selected 10 clients...!
[INFO](2026/09/15/ 06:44:19 PM) [Round: 0143] ...10 clients are selected and updated (with total sample size: 42)!
[INFO](2026/09/15/ 06:44:19 PM) [Round: 0143] Aggregate updated weights of 10 clients...!
[INFO](2026/09/15/ 06:44:20 PM) [Round: 0143] ...updated weights of 10 clients are successfully averaged!
[INFO](2026/09/15/ 06:44:22 PM) [Round: 0143] Evaluate global model's performance...!                
	[Server] ...finished evaluation!                
	=> Loss: 0.4728                
	=> Accuracy: 84.76%

[INFO](2026/09/15/ 06:44:22 PM) [Round: 0144] Select clients...!
[INFO](2026/09/15/ 06:44:22 PM) [Round: 0144] ...successfully transmitted models to 10 selected clients!
[INFO](2026/09/15/ 06:44:23 PM) [Round: 0144] Start updating selected 10 clients...!
[INFO](2026/09/15/ 06:45:31 PM) [Round: 0144] ...10 clients are selected and updated (with total sample size: 42)!
[INFO](2026/09/15/ 06:45:31 PM) [Round: 0144] Aggregate updated weights of 10 clients...!
[INFO](2026/09/15/ 06:45:31 PM) [Round: 0144] ...updated weights of 10 clients are successfully averaged!
[INFO](2026/09/15/ 06:45:33 PM) [Round: 0144] Evaluate global model's performance...!                
	[Server] ...finished evaluation!                
	=> Loss: 0.4791                
	=> Accuracy: 85.00%

[INFO](2026/09/15/ 06:45:33 PM) [Round: 0145] Select clients...!
[INFO](2026/09/15/ 06:45:34 PM) [Round: 0145] ...successfully transmitted models to 10 selected clients!
[INFO](2026/09/15/ 06:45:34 PM) [Round: 0145] Start updating selected 10 clients...!
[INFO](2026/09/15/ 06:46:34 PM) [Round: 0145] ...10 clients are selected and updated (with total sample size: 42)!
[INFO](2026/09/15/ 06:46:34 PM) [Round: 0145] Aggregate updated weights of 10 clients...!
[INFO](2026/09/15/ 06:46:35 PM) [Round: 0145] ...updated weights of 10 clients are successfully averaged!
[INFO](2026/09/15/ 06:46:36 PM) [Round: 0145] Evaluate global model's performance...!                
	[Server] ...finished evaluation!                
	=> Loss: 0.4742                
	=> Accuracy: 85.48%

[INFO](2026/09/15/ 06:46:36 PM) [Round: 0146] Select clients...!
[INFO](2026/09/15/ 06:46:37 PM) [Round: 0146] ...successfully transmitted models to 10 selected clients!
[INFO](2026/09/15/ 06:46:37 PM) [Round: 0146] Start updating selected 10 clients...!
[INFO](2026/09/15/ 06:47:43 PM) [Round: 0146] ...10 clients are selected and updated (with total sample size: 42)!
[INFO](2026/09/15/ 06:47:43 PM) [Round: 0146] Aggregate updated weights of 10 clients...!
[INFO](2026/09/15/ 06:47:43 PM) [Round: 0146] ...updated weights of 10 clients are successfully averaged!
[INFO](2026/09/15/ 06:47:45 PM) [Round: 0146] Evaluate global model's performance...!                
	[Server] ...finished evaluation!                
	=> Loss: 0.4437                
	=> Accuracy: 84.52%

[INFO](2026/09/15/ 06:47:45 PM) [Round: 0147] Select clients...!
[INFO](2026/09/15/ 06:47:46 PM) [Round: 0147] ...successfully transmitted models to 10 selected clients!
[INFO](2026/09/15/ 06:47:46 PM) [Round: 0147] Start updating selected 10 clients...!
[INFO](2026/09/15/ 06:48:44 PM) [Round: 0147] ...10 clients are selected and updated (with total sample size: 42)!
[INFO](2026/09/15/ 06:48:44 PM) [Round: 0147] Aggregate updated weights of 10 clients...!
[INFO](2026/09/15/ 06:48:45 PM) [Round: 0147] ...updated weights of 10 clients are successfully averaged!
[INFO](2026/09/15/ 06:48:46 PM) [Round: 0147] Evaluate global model's performance...!                
	[Server] ...finished evaluation!                
	=> Loss: 0.4712                
	=> Accuracy: 84.05%

[INFO](2026/09/15/ 06:48:47 PM) [Round: 0148] Select clients...!
[INFO](2026/09/15/ 06:48:47 PM) [Round: 0148] ...successfully transmitted models to 10 selected clients!
[INFO](2026/09/15/ 06:48:47 PM) [Round: 0148] Start updating selected 10 clients...!
[INFO](2026/09/15/ 06:49:50 PM) [Round: 0148] ...10 clients are selected and updated (with total sample size: 42)!
[INFO](2026/09/15/ 06:49:51 PM) [Round: 0148] Aggregate updated weights of 10 clients...!
[INFO](2026/09/15/ 06:49:51 PM) [Round: 0148] ...updated weights of 10 clients are successfully averaged!
[INFO](2026/09/15/ 06:49:53 PM) [Round: 0148] Evaluate global model's performance...!                
	[Server] ...finished evaluation!                
	=> Loss: 0.4963                
	=> Accuracy: 82.86%

[INFO](2026/09/15/ 06:49:53 PM) [Round: 0149] Select clients...!
[INFO](2026/09/15/ 06:49:53 PM) [Round: 0149] ...successfully transmitted models to 10 selected clients!
[INFO](2026/09/15/ 06:49:54 PM) [Round: 0149] Start updating selected 10 clients...!
[INFO](2026/09/15/ 06:51:01 PM) [Round: 0149] ...10 clients are selected and updated (with total sample size: 42)!
[INFO](2026/09/15/ 06:51:01 PM) [Round: 0149] Aggregate updated weights of 10 clients...!
[INFO](2026/09/15/ 06:51:01 PM) [Round: 0149] ...updated weights of 10 clients are successfully averaged!
[INFO](2026/09/15/ 06:51:03 PM) [Round: 0149] Evaluate global model's performance...!                
	[Server] ...finished evaluation!                
	=> Loss: 0.4321                
	=> Accuracy: 85.71%

[INFO](2026/09/15/ 06:51:03 PM) [Round: 0150] Select clients...!
[INFO](2026/09/15/ 06:51:04 PM) [Round: 0150] ...successfully transmitted models to 10 selected clients!
[INFO](2026/09/15/ 06:51:04 PM) [Round: 0150] Start updating selected 10 clients...!
[INFO](2026/09/15/ 06:52:12 PM) [Round: 0150] ...10 clients are selected and updated (with total sample size: 42)!
[INFO](2026/09/15/ 06:52:12 PM) [Round: 0150] Aggregate updated weights of 10 clients...!
[INFO](2026/09/15/ 06:52:13 PM) [Round: 0150] ...updated weights of 10 clients are successfully averaged!
[INFO](2026/09/15/ 06:52:14 PM) [Round: 0150] Evaluate global model's performance...!                
	[Server] ...finished evaluation!                
	=> Loss: 0.4782                
	=> Accuracy: 84.29%

[INFO](2026/09/15/ 06:52:14 PM) [Round: 0151] Select clients...!
[INFO](2026/09/15/ 06:52:15 PM) [Round: 0151] ...successfully transmitted models to 10 selected clients!
[INFO](2026/09/15/ 06:52:15 PM) [Round: 0151] Start updating selected 10 clients...!
[INFO](2026/09/15/ 06:53:20 PM) [Round: 0151] ...10 clients are selected and updated (with total sample size: 42)!
[INFO](2026/09/15/ 06:53:20 PM) [Round: 0151] Aggregate updated weights of 10 clients...!
[INFO](2026/09/15/ 06:53:21 PM) [Round: 0151] ...updated weights of 10 clients are successfully averaged!
[INFO](2026/09/15/ 06:53:22 PM) [Round: 0151] Evaluate global model's performance...!                
	[Server] ...finished evaluation!                
	=> Loss: 0.4390                
	=> Accuracy: 86.19%

[INFO](2026/09/15/ 06:53:23 PM) [Round: 0152] Select clients...!
[INFO](2026/09/15/ 06:53:23 PM) [Round: 0152] ...successfully transmitted models to 10 selected clients!
[INFO](2026/09/15/ 06:53:23 PM) [Round: 0152] Start updating selected 10 clients...!
[INFO](2026/09/15/ 06:54:32 PM) [Round: 0152] ...10 clients are selected and updated (with total sample size: 42)!
[INFO](2026/09/15/ 06:54:32 PM) [Round: 0152] Aggregate updated weights of 10 clients...!
[INFO](2026/09/15/ 06:54:33 PM) [Round: 0152] ...updated weights of 10 clients are successfully averaged!
[INFO](2026/09/15/ 06:54:34 PM) [Round: 0152] Evaluate global model's performance...!                
	[Server] ...finished evaluation!                
	=> Loss: 0.4569                
	=> Accuracy: 85.48%

[INFO](2026/09/15/ 06:54:34 PM) [Round: 0153] Select clients...!
[INFO](2026/09/15/ 06:54:35 PM) [Round: 0153] ...successfully transmitted models to 10 selected clients!
[INFO](2026/09/15/ 06:54:35 PM) [Round: 0153] Start updating selected 10 clients...!
[INFO](2026/09/15/ 06:55:41 PM) [Round: 0153] ...10 clients are selected and updated (with total sample size: 42)!
[INFO](2026/09/15/ 06:55:41 PM) [Round: 0153] Aggregate updated weights of 10 clients...!
[INFO](2026/09/15/ 06:55:41 PM) [Round: 0153] ...updated weights of 10 clients are successfully averaged!
[INFO](2026/09/15/ 06:55:43 PM) [Round: 0153] Evaluate global model's performance...!                
	[Server] ...finished evaluation!                
	=> Loss: 0.4478                
	=> Accuracy: 85.00%

[INFO](2026/09/15/ 06:55:43 PM) [Round: 0154] Select clients...!
[INFO](2026/09/15/ 06:55:44 PM) [Round: 0154] ...successfully transmitted models to 10 selected clients!
[INFO](2026/09/15/ 06:55:44 PM) [Round: 0154] Start updating selected 10 clients...!
[INFO](2026/09/15/ 06:56:52 PM) [Round: 0154] ...10 clients are selected and updated (with total sample size: 42)!
[INFO](2026/09/15/ 06:56:52 PM) [Round: 0154] Aggregate updated weights of 10 clients...!
[INFO](2026/09/15/ 06:56:53 PM) [Round: 0154] ...updated weights of 10 clients are successfully averaged!
[INFO](2026/09/15/ 06:56:55 PM) [Round: 0154] Evaluate global model's performance...!                
	[Server] ...finished evaluation!                
	=> Loss: 0.4628                
	=> Accuracy: 85.24%

[INFO](2026/09/15/ 06:56:55 PM) [Round: 0155] Select clients...!
[INFO](2026/09/15/ 06:56:55 PM) [Round: 0155] ...successfully transmitted models to 10 selected clients!
[INFO](2026/09/15/ 06:56:56 PM) [Round: 0155] Start updating selected 10 clients...!
[INFO](2026/09/15/ 06:58:04 PM) [Round: 0155] ...10 clients are selected and updated (with total sample size: 42)!
[INFO](2026/09/15/ 06:58:04 PM) [Round: 0155] Aggregate updated weights of 10 clients...!
[INFO](2026/09/15/ 06:58:04 PM) [Round: 0155] ...updated weights of 10 clients are successfully averaged!
[INFO](2026/09/15/ 06:58:06 PM) [Round: 0155] Evaluate global model's performance...!                
	[Server] ...finished evaluation!                
	=> Loss: 0.4760                
	=> Accuracy: 84.52%

[INFO](2026/09/15/ 06:58:06 PM) [Round: 0156] Select clients...!
[INFO](2026/09/15/ 06:58:07 PM) [Round: 0156] ...successfully transmitted models to 10 selected clients!
[INFO](2026/09/15/ 06:58:07 PM) [Round: 0156] Start updating selected 10 clients...!
[INFO](2026/09/15/ 06:59:15 PM) [Round: 0156] ...10 clients are selected and updated (with total sample size: 42)!
[INFO](2026/09/15/ 06:59:16 PM) [Round: 0156] Aggregate updated weights of 10 clients...!
[INFO](2026/09/15/ 06:59:16 PM) [Round: 0156] ...updated weights of 10 clients are successfully averaged!
[INFO](2026/09/15/ 06:59:18 PM) [Round: 0156] Evaluate global model's performance...!                
	[Server] ...finished evaluation!                
	=> Loss: 0.5063                
	=> Accuracy: 84.29%

[INFO](2026/09/15/ 06:59:18 PM) [Round: 0157] Select clients...!
[INFO](2026/09/15/ 06:59:18 PM) [Round: 0157] ...successfully transmitted models to 10 selected clients!
[INFO](2026/09/15/ 06:59:19 PM) [Round: 0157] Start updating selected 10 clients...!
[INFO](2026/09/15/ 07:00:24 PM) [Round: 0157] ...10 clients are selected and updated (with total sample size: 42)!
[INFO](2026/09/15/ 07:00:24 PM) [Round: 0157] Aggregate updated weights of 10 clients...!
[INFO](2026/09/15/ 07:00:24 PM) [Round: 0157] ...updated weights of 10 clients are successfully averaged!
[INFO](2026/09/15/ 07:00:26 PM) [Round: 0157] Evaluate global model's performance...!                
	[Server] ...finished evaluation!                
	=> Loss: 0.4702                
	=> Accuracy: 83.81%

[INFO](2026/09/15/ 07:00:26 PM) [Round: 0158] Select clients...!
[INFO](2026/09/15/ 07:00:27 PM) [Round: 0158] ...successfully transmitted models to 10 selected clients!
[INFO](2026/09/15/ 07:00:27 PM) [Round: 0158] Start updating selected 10 clients...!
[INFO](2026/09/15/ 07:01:35 PM) [Round: 0158] ...10 clients are selected and updated (with total sample size: 42)!
[INFO](2026/09/15/ 07:01:35 PM) [Round: 0158] Aggregate updated weights of 10 clients...!
[INFO](2026/09/15/ 07:01:35 PM) [Round: 0158] ...updated weights of 10 clients are successfully averaged!
[INFO](2026/09/15/ 07:01:37 PM) [Round: 0158] Evaluate global model's performance...!                
	[Server] ...finished evaluation!                
	=> Loss: 0.4882                
	=> Accuracy: 85.48%

[INFO](2026/09/15/ 07:01:37 PM) [Round: 0159] Select clients...!
[INFO](2026/09/15/ 07:01:38 PM) [Round: 0159] ...successfully transmitted models to 10 selected clients!
[INFO](2026/09/15/ 07:01:38 PM) [Round: 0159] Start updating selected 10 clients...!
[INFO](2026/09/15/ 07:02:46 PM) [Round: 0159] ...10 clients are selected and updated (with total sample size: 42)!
[INFO](2026/09/15/ 07:02:46 PM) [Round: 0159] Aggregate updated weights of 10 clients...!
[INFO](2026/09/15/ 07:02:46 PM) [Round: 0159] ...updated weights of 10 clients are successfully averaged!
[INFO](2026/09/15/ 07:02:48 PM) [Round: 0159] Evaluate global model's performance...!                
	[Server] ...finished evaluation!                
	=> Loss: 0.4402                
	=> Accuracy: 86.90%

[INFO](2026/09/15/ 07:02:48 PM) [Round: 0160] Select clients...!
[INFO](2026/09/15/ 07:02:49 PM) [Round: 0160] ...successfully transmitted models to 10 selected clients!
[INFO](2026/09/15/ 07:02:49 PM) [Round: 0160] Start updating selected 10 clients...!
[INFO](2026/09/15/ 07:03:54 PM) [Round: 0160] ...10 clients are selected and updated (with total sample size: 42)!
[INFO](2026/09/15/ 07:03:54 PM) [Round: 0160] Aggregate updated weights of 10 clients...!
[INFO](2026/09/15/ 07:03:55 PM) [Round: 0160] ...updated weights of 10 clients are successfully averaged!
[INFO](2026/09/15/ 07:03:56 PM) [Round: 0160] Evaluate global model's performance...!                
	[Server] ...finished evaluation!                
	=> Loss: 0.4898                
	=> Accuracy: 83.81%

[INFO](2026/09/15/ 07:03:57 PM) [Round: 0161] Select clients...!
[INFO](2026/09/15/ 07:03:57 PM) [Round: 0161] ...successfully transmitted models to 10 selected clients!
[INFO](2026/09/15/ 07:03:58 PM) [Round: 0161] Start updating selected 10 clients...!
[INFO](2026/09/15/ 07:05:06 PM) [Round: 0161] ...10 clients are selected and updated (with total sample size: 42)!
[INFO](2026/09/15/ 07:05:06 PM) [Round: 0161] Aggregate updated weights of 10 clients...!
[INFO](2026/09/15/ 07:05:06 PM) [Round: 0161] ...updated weights of 10 clients are successfully averaged!
[INFO](2026/09/15/ 07:05:08 PM) [Round: 0161] Evaluate global model's performance...!                
	[Server] ...finished evaluation!                
	=> Loss: 0.4780                
	=> Accuracy: 84.29%

[INFO](2026/09/15/ 07:05:08 PM) [Round: 0162] Select clients...!
[INFO](2026/09/15/ 07:05:09 PM) [Round: 0162] ...successfully transmitted models to 10 selected clients!
[INFO](2026/09/15/ 07:05:09 PM) [Round: 0162] Start updating selected 10 clients...!
[INFO](2026/09/15/ 07:06:21 PM) [Round: 0162] ...10 clients are selected and updated (with total sample size: 42)!
[INFO](2026/09/15/ 07:06:21 PM) [Round: 0162] Aggregate updated weights of 10 clients...!
[INFO](2026/09/15/ 07:06:21 PM) [Round: 0162] ...updated weights of 10 clients are successfully averaged!
[INFO](2026/09/15/ 07:06:23 PM) [Round: 0162] Evaluate global model's performance...!                
	[Server] ...finished evaluation!                
	=> Loss: 0.4797                
	=> Accuracy: 85.24%

[INFO](2026/09/15/ 07:06:23 PM) [Round: 0163] Select clients...!
[INFO](2026/09/15/ 07:06:24 PM) [Round: 0163] ...successfully transmitted models to 10 selected clients!
[INFO](2026/09/15/ 07:06:24 PM) [Round: 0163] Start updating selected 10 clients...!
[INFO](2026/09/15/ 07:07:20 PM) [Round: 0163] ...10 clients are selected and updated (with total sample size: 42)!
[INFO](2026/09/15/ 07:07:20 PM) [Round: 0163] Aggregate updated weights of 10 clients...!
[INFO](2026/09/15/ 07:07:20 PM) [Round: 0163] ...updated weights of 10 clients are successfully averaged!
[INFO](2026/09/15/ 07:07:22 PM) [Round: 0163] Evaluate global model's performance...!                
	[Server] ...finished evaluation!                
	=> Loss: 0.5115                
	=> Accuracy: 82.62%

[INFO](2026/09/15/ 07:07:22 PM) [Round: 0164] Select clients...!
[INFO](2026/09/15/ 07:07:23 PM) [Round: 0164] ...successfully transmitted models to 10 selected clients!
[INFO](2026/09/15/ 07:07:23 PM) [Round: 0164] Start updating selected 10 clients...!
[INFO](2026/09/15/ 07:08:25 PM) [Round: 0164] ...10 clients are selected and updated (with total sample size: 42)!
[INFO](2026/09/15/ 07:08:25 PM) [Round: 0164] Aggregate updated weights of 10 clients...!
[INFO](2026/09/15/ 07:08:25 PM) [Round: 0164] ...updated weights of 10 clients are successfully averaged!
[INFO](2026/09/15/ 07:08:27 PM) [Round: 0164] Evaluate global model's performance...!                
	[Server] ...finished evaluation!                
	=> Loss: 0.4324                
	=> Accuracy: 86.67%

[INFO](2026/09/15/ 07:08:27 PM) [Round: 0165] Select clients...!
[INFO](2026/09/15/ 07:08:27 PM) [Round: 0165] ...successfully transmitted models to 10 selected clients!
[INFO](2026/09/15/ 07:08:27 PM) [Round: 0165] Start updating selected 10 clients...!
[INFO](2026/09/15/ 07:09:29 PM) [Round: 0165] ...10 clients are selected and updated (with total sample size: 42)!
[INFO](2026/09/15/ 07:09:30 PM) [Round: 0165] Aggregate updated weights of 10 clients...!
[INFO](2026/09/15/ 07:09:30 PM) [Round: 0165] ...updated weights of 10 clients are successfully averaged!
[INFO](2026/09/15/ 07:09:31 PM) [Round: 0165] Evaluate global model's performance...!                
	[Server] ...finished evaluation!                
	=> Loss: 0.4724                
	=> Accuracy: 84.76%

[INFO](2026/09/15/ 07:09:32 PM) [Round: 0166] Select clients...!
[INFO](2026/09/15/ 07:09:32 PM) [Round: 0166] ...successfully transmitted models to 10 selected clients!
[INFO](2026/09/15/ 07:09:32 PM) [Round: 0166] Start updating selected 10 clients...!
[INFO](2026/09/15/ 07:10:32 PM) [Round: 0166] ...10 clients are selected and updated (with total sample size: 42)!
[INFO](2026/09/15/ 07:10:32 PM) [Round: 0166] Aggregate updated weights of 10 clients...!
[INFO](2026/09/15/ 07:10:32 PM) [Round: 0166] ...updated weights of 10 clients are successfully averaged!
[INFO](2026/09/15/ 07:10:34 PM) [Round: 0166] Evaluate global model's performance...!                
	[Server] ...finished evaluation!                
	=> Loss: 0.4630                
	=> Accuracy: 85.24%

[INFO](2026/09/15/ 07:10:34 PM) [Round: 0167] Select clients...!
[INFO](2026/09/15/ 07:10:35 PM) [Round: 0167] ...successfully transmitted models to 10 selected clients!
[INFO](2026/09/15/ 07:10:35 PM) [Round: 0167] Start updating selected 10 clients...!
[INFO](2026/09/15/ 07:11:32 PM) [Round: 0167] ...10 clients are selected and updated (with total sample size: 42)!
[INFO](2026/09/15/ 07:11:32 PM) [Round: 0167] Aggregate updated weights of 10 clients...!
[INFO](2026/09/15/ 07:11:32 PM) [Round: 0167] ...updated weights of 10 clients are successfully averaged!
[INFO](2026/09/15/ 07:11:34 PM) [Round: 0167] Evaluate global model's performance...!                
	[Server] ...finished evaluation!                
	=> Loss: 0.4837                
	=> Accuracy: 83.57%

[INFO](2026/09/15/ 07:11:34 PM) [Round: 0168] Select clients...!
[INFO](2026/09/15/ 07:11:35 PM) [Round: 0168] ...successfully transmitted models to 10 selected clients!
[INFO](2026/09/15/ 07:11:35 PM) [Round: 0168] Start updating selected 10 clients...!
[INFO](2026/09/15/ 07:12:34 PM) [Round: 0168] ...10 clients are selected and updated (with total sample size: 42)!
[INFO](2026/09/15/ 07:12:34 PM) [Round: 0168] Aggregate updated weights of 10 clients...!
[INFO](2026/09/15/ 07:12:34 PM) [Round: 0168] ...updated weights of 10 clients are successfully averaged!
[INFO](2026/09/15/ 07:12:36 PM) [Round: 0168] Evaluate global model's performance...!                
	[Server] ...finished evaluation!                
	=> Loss: 0.4651                
	=> Accuracy: 85.24%

[INFO](2026/09/15/ 07:12:36 PM) [Round: 0169] Select clients...!
[INFO](2026/09/15/ 07:12:36 PM) [Round: 0169] ...successfully transmitted models to 10 selected clients!
[INFO](2026/09/15/ 07:12:37 PM) [Round: 0169] Start updating selected 10 clients...!
[INFO](2026/09/15/ 07:13:38 PM) [Round: 0169] ...10 clients are selected and updated (with total sample size: 42)!
[INFO](2026/09/15/ 07:13:38 PM) [Round: 0169] Aggregate updated weights of 10 clients...!
[INFO](2026/09/15/ 07:13:38 PM) [Round: 0169] ...updated weights of 10 clients are successfully averaged!
[INFO](2026/09/15/ 07:13:40 PM) [Round: 0169] Evaluate global model's performance...!                
	[Server] ...finished evaluation!                
	=> Loss: 0.4595                
	=> Accuracy: 85.71%

[INFO](2026/09/15/ 07:13:40 PM) [Round: 0170] Select clients...!
[INFO](2026/09/15/ 07:13:41 PM) [Round: 0170] ...successfully transmitted models to 10 selected clients!
[INFO](2026/09/15/ 07:13:41 PM) [Round: 0170] Start updating selected 10 clients...!
[INFO](2026/09/15/ 07:14:40 PM) [Round: 0170] ...10 clients are selected and updated (with total sample size: 42)!
[INFO](2026/09/15/ 07:14:40 PM) [Round: 0170] Aggregate updated weights of 10 clients...!
[INFO](2026/09/15/ 07:14:40 PM) [Round: 0170] ...updated weights of 10 clients are successfully averaged!
[INFO](2026/09/15/ 07:14:42 PM) [Round: 0170] Evaluate global model's performance...!                
	[Server] ...finished evaluation!                
	=> Loss: 0.4492                
	=> Accuracy: 86.19%

[INFO](2026/09/15/ 07:14:42 PM) [Round: 0171] Select clients...!
[INFO](2026/09/15/ 07:14:42 PM) [Round: 0171] ...successfully transmitted models to 10 selected clients!
[INFO](2026/09/15/ 07:14:43 PM) [Round: 0171] Start updating selected 10 clients...!
[INFO](2026/09/15/ 07:15:44 PM) [Round: 0171] ...10 clients are selected and updated (with total sample size: 42)!
[INFO](2026/09/15/ 07:15:44 PM) [Round: 0171] Aggregate updated weights of 10 clients...!
[INFO](2026/09/15/ 07:15:44 PM) [Round: 0171] ...updated weights of 10 clients are successfully averaged!
[INFO](2026/09/15/ 07:15:46 PM) [Round: 0171] Evaluate global model's performance...!                
	[Server] ...finished evaluation!                
	=> Loss: 0.4629                
	=> Accuracy: 85.24%

[INFO](2026/09/15/ 07:15:46 PM) [Round: 0172] Select clients...!
[INFO](2026/09/15/ 07:15:47 PM) [Round: 0172] ...successfully transmitted models to 10 selected clients!
[INFO](2026/09/15/ 07:15:47 PM) [Round: 0172] Start updating selected 10 clients...!
[INFO](2026/09/15/ 07:16:45 PM) [Round: 0172] ...10 clients are selected and updated (with total sample size: 42)!
[INFO](2026/09/15/ 07:16:45 PM) [Round: 0172] Aggregate updated weights of 10 clients...!
[INFO](2026/09/15/ 07:16:46 PM) [Round: 0172] ...updated weights of 10 clients are successfully averaged!
[INFO](2026/09/15/ 07:16:47 PM) [Round: 0172] Evaluate global model's performance...!                
	[Server] ...finished evaluation!                
	=> Loss: 0.4375                
	=> Accuracy: 86.19%

[INFO](2026/09/15/ 07:16:47 PM) [Round: 0173] Select clients...!
[INFO](2026/09/15/ 07:16:48 PM) [Round: 0173] ...successfully transmitted models to 10 selected clients!
[INFO](2026/09/15/ 07:16:48 PM) [Round: 0173] Start updating selected 10 clients...!
[INFO](2026/09/15/ 07:17:49 PM) [Round: 0173] ...10 clients are selected and updated (with total sample size: 42)!
[INFO](2026/09/15/ 07:17:49 PM) [Round: 0173] Aggregate updated weights of 10 clients...!
[INFO](2026/09/15/ 07:17:49 PM) [Round: 0173] ...updated weights of 10 clients are successfully averaged!
[INFO](2026/09/15/ 07:17:51 PM) [Round: 0173] Evaluate global model's performance...!                
	[Server] ...finished evaluation!                
	=> Loss: 0.4317                
	=> Accuracy: 86.67%

[INFO](2026/09/15/ 07:17:51 PM) [Round: 0174] Select clients...!
[INFO](2026/09/15/ 07:17:52 PM) [Round: 0174] ...successfully transmitted models to 10 selected clients!
[INFO](2026/09/15/ 07:17:52 PM) [Round: 0174] Start updating selected 10 clients...!
[INFO](2026/09/15/ 07:18:49 PM) [Round: 0174] ...10 clients are selected and updated (with total sample size: 42)!
[INFO](2026/09/15/ 07:18:50 PM) [Round: 0174] Aggregate updated weights of 10 clients...!
[INFO](2026/09/15/ 07:18:50 PM) [Round: 0174] ...updated weights of 10 clients are successfully averaged!
[INFO](2026/09/15/ 07:18:51 PM) [Round: 0174] Evaluate global model's performance...!                
	[Server] ...finished evaluation!                
	=> Loss: 0.4075                
	=> Accuracy: 87.62%

[INFO](2026/09/15/ 07:18:52 PM) [Round: 0175] Select clients...!
[INFO](2026/09/15/ 07:18:52 PM) [Round: 0175] ...successfully transmitted models to 10 selected clients!
[INFO](2026/09/15/ 07:18:52 PM) [Round: 0175] Start updating selected 10 clients...!
[INFO](2026/09/15/ 07:19:53 PM) [Round: 0175] ...10 clients are selected and updated (with total sample size: 42)!
[INFO](2026/09/15/ 07:19:53 PM) [Round: 0175] Aggregate updated weights of 10 clients...!
[INFO](2026/09/15/ 07:19:53 PM) [Round: 0175] ...updated weights of 10 clients are successfully averaged!
[INFO](2026/09/15/ 07:19:55 PM) [Round: 0175] Evaluate global model's performance...!                
	[Server] ...finished evaluation!                
	=> Loss: 0.4344                
	=> Accuracy: 85.95%

[INFO](2026/09/15/ 07:19:55 PM) [Round: 0176] Select clients...!
[INFO](2026/09/15/ 07:19:55 PM) [Round: 0176] ...successfully transmitted models to 10 selected clients!
[INFO](2026/09/15/ 07:19:56 PM) [Round: 0176] Start updating selected 10 clients...!
[INFO](2026/09/15/ 07:20:57 PM) [Round: 0176] ...10 clients are selected and updated (with total sample size: 42)!
[INFO](2026/09/15/ 07:20:57 PM) [Round: 0176] Aggregate updated weights of 10 clients...!
[INFO](2026/09/15/ 07:20:57 PM) [Round: 0176] ...updated weights of 10 clients are successfully averaged!
[INFO](2026/09/15/ 07:20:59 PM) [Round: 0176] Evaluate global model's performance...!                
	[Server] ...finished evaluation!                
	=> Loss: 0.4364                
	=> Accuracy: 85.95%

[INFO](2026/09/15/ 07:20:59 PM) [Round: 0177] Select clients...!
[INFO](2026/09/15/ 07:21:00 PM) [Round: 0177] ...successfully transmitted models to 10 selected clients!
[INFO](2026/09/15/ 07:21:00 PM) [Round: 0177] Start updating selected 10 clients...!
[INFO](2026/09/15/ 07:22:01 PM) [Round: 0177] ...10 clients are selected and updated (with total sample size: 42)!
[INFO](2026/09/15/ 07:22:01 PM) [Round: 0177] Aggregate updated weights of 10 clients...!
[INFO](2026/09/15/ 07:22:01 PM) [Round: 0177] ...updated weights of 10 clients are successfully averaged!
[INFO](2026/09/15/ 07:22:03 PM) [Round: 0177] Evaluate global model's performance...!                
	[Server] ...finished evaluation!                
	=> Loss: 0.4195                
	=> Accuracy: 85.48%

[INFO](2026/09/15/ 07:22:03 PM) [Round: 0178] Select clients...!
[INFO](2026/09/15/ 07:22:04 PM) [Round: 0178] ...successfully transmitted models to 10 selected clients!
[INFO](2026/09/15/ 07:22:04 PM) [Round: 0178] Start updating selected 10 clients...!
[INFO](2026/09/15/ 07:23:10 PM) [Round: 0178] ...10 clients are selected and updated (with total sample size: 42)!
[INFO](2026/09/15/ 07:23:10 PM) [Round: 0178] Aggregate updated weights of 10 clients...!
[INFO](2026/09/15/ 07:23:10 PM) [Round: 0178] ...updated weights of 10 clients are successfully averaged!
[INFO](2026/09/15/ 07:23:12 PM) [Round: 0178] Evaluate global model's performance...!                
	[Server] ...finished evaluation!                
	=> Loss: 0.4564                
	=> Accuracy: 85.00%

[INFO](2026/09/15/ 07:23:12 PM) [Round: 0179] Select clients...!
[INFO](2026/09/15/ 07:23:12 PM) [Round: 0179] ...successfully transmitted models to 10 selected clients!
[INFO](2026/09/15/ 07:23:13 PM) [Round: 0179] Start updating selected 10 clients...!
[INFO](2026/09/15/ 07:24:14 PM) [Round: 0179] ...10 clients are selected and updated (with total sample size: 42)!
[INFO](2026/09/15/ 07:24:14 PM) [Round: 0179] Aggregate updated weights of 10 clients...!
[INFO](2026/09/15/ 07:24:15 PM) [Round: 0179] ...updated weights of 10 clients are successfully averaged!
[INFO](2026/09/15/ 07:24:16 PM) [Round: 0179] Evaluate global model's performance...!                
	[Server] ...finished evaluation!                
	=> Loss: 0.4502                
	=> Accuracy: 84.76%

[INFO](2026/09/15/ 07:24:16 PM) [Round: 0180] Select clients...!
[INFO](2026/09/15/ 07:24:17 PM) [Round: 0180] ...successfully transmitted models to 10 selected clients!
[INFO](2026/09/15/ 07:24:17 PM) [Round: 0180] Start updating selected 10 clients...!
[INFO](2026/09/15/ 07:25:18 PM) [Round: 0180] ...10 clients are selected and updated (with total sample size: 42)!
[INFO](2026/09/15/ 07:25:19 PM) [Round: 0180] Aggregate updated weights of 10 clients...!
[INFO](2026/09/15/ 07:25:19 PM) [Round: 0180] ...updated weights of 10 clients are successfully averaged!
[INFO](2026/09/15/ 07:25:20 PM) [Round: 0180] Evaluate global model's performance...!                
	[Server] ...finished evaluation!                
	=> Loss: 0.4556                
	=> Accuracy: 85.24%

[INFO](2026/09/15/ 07:25:21 PM) [Round: 0181] Select clients...!
[INFO](2026/09/15/ 07:25:21 PM) [Round: 0181] ...successfully transmitted models to 10 selected clients!
[INFO](2026/09/15/ 07:25:21 PM) [Round: 0181] Start updating selected 10 clients...!
[INFO](2026/09/15/ 07:26:25 PM) [Round: 0181] ...10 clients are selected and updated (with total sample size: 42)!
[INFO](2026/09/15/ 07:26:25 PM) [Round: 0181] Aggregate updated weights of 10 clients...!
[INFO](2026/09/15/ 07:26:25 PM) [Round: 0181] ...updated weights of 10 clients are successfully averaged!
[INFO](2026/09/15/ 07:26:27 PM) [Round: 0181] Evaluate global model's performance...!                
	[Server] ...finished evaluation!                
	=> Loss: 0.4113                
	=> Accuracy: 87.38%

[INFO](2026/09/15/ 07:26:27 PM) [Round: 0182] Select clients...!
[INFO](2026/09/15/ 07:26:28 PM) [Round: 0182] ...successfully transmitted models to 10 selected clients!
[INFO](2026/09/15/ 07:26:28 PM) [Round: 0182] Start updating selected 10 clients...!
[INFO](2026/09/15/ 07:27:32 PM) [Round: 0182] ...10 clients are selected and updated (with total sample size: 42)!
[INFO](2026/09/15/ 07:27:33 PM) [Round: 0182] Aggregate updated weights of 10 clients...!
[INFO](2026/09/15/ 07:27:33 PM) [Round: 0182] ...updated weights of 10 clients are successfully averaged!
[INFO](2026/09/15/ 07:27:34 PM) [Round: 0182] Evaluate global model's performance...!                
	[Server] ...finished evaluation!                
	=> Loss: 0.4124                
	=> Accuracy: 86.67%

[INFO](2026/09/15/ 07:27:35 PM) [Round: 0183] Select clients...!
[INFO](2026/09/15/ 07:27:35 PM) [Round: 0183] ...successfully transmitted models to 10 selected clients!
[INFO](2026/09/15/ 07:27:35 PM) [Round: 0183] Start updating selected 10 clients...!
[INFO](2026/09/15/ 07:28:37 PM) [Round: 0183] ...10 clients are selected and updated (with total sample size: 42)!
[INFO](2026/09/15/ 07:28:37 PM) [Round: 0183] Aggregate updated weights of 10 clients...!
[INFO](2026/09/15/ 07:28:37 PM) [Round: 0183] ...updated weights of 10 clients are successfully averaged!
[INFO](2026/09/15/ 07:28:39 PM) [Round: 0183] Evaluate global model's performance...!                
	[Server] ...finished evaluation!                
	=> Loss: 0.4898                
	=> Accuracy: 86.43%

[INFO](2026/09/15/ 07:28:39 PM) [Round: 0184] Select clients...!
[INFO](2026/09/15/ 07:28:39 PM) [Round: 0184] ...successfully transmitted models to 10 selected clients!
[INFO](2026/09/15/ 07:28:39 PM) [Round: 0184] Start updating selected 10 clients...!
[INFO](2026/09/15/ 07:29:44 PM) [Round: 0184] ...10 clients are selected and updated (with total sample size: 42)!
[INFO](2026/09/15/ 07:29:45 PM) [Round: 0184] Aggregate updated weights of 10 clients...!
[INFO](2026/09/15/ 07:29:45 PM) [Round: 0184] ...updated weights of 10 clients are successfully averaged!
[INFO](2026/09/15/ 07:29:46 PM) [Round: 0184] Evaluate global model's performance...!                
	[Server] ...finished evaluation!                
	=> Loss: 0.4532                
	=> Accuracy: 85.24%

[INFO](2026/09/15/ 07:29:47 PM) [Round: 0185] Select clients...!
[INFO](2026/09/15/ 07:29:47 PM) [Round: 0185] ...successfully transmitted models to 10 selected clients!
[INFO](2026/09/15/ 07:29:47 PM) [Round: 0185] Start updating selected 10 clients...!
[INFO](2026/09/15/ 07:30:49 PM) [Round: 0185] ...10 clients are selected and updated (with total sample size: 42)!
[INFO](2026/09/15/ 07:30:49 PM) [Round: 0185] Aggregate updated weights of 10 clients...!
[INFO](2026/09/15/ 07:30:49 PM) [Round: 0185] ...updated weights of 10 clients are successfully averaged!
[INFO](2026/09/15/ 07:30:51 PM) [Round: 0185] Evaluate global model's performance...!                
	[Server] ...finished evaluation!                
	=> Loss: 0.4441                
	=> Accuracy: 85.71%

[INFO](2026/09/15/ 07:30:51 PM) [Round: 0186] Select clients...!
[INFO](2026/09/15/ 07:30:52 PM) [Round: 0186] ...successfully transmitted models to 10 selected clients!
[INFO](2026/09/15/ 07:30:52 PM) [Round: 0186] Start updating selected 10 clients...!
[INFO](2026/09/15/ 07:31:57 PM) [Round: 0186] ...10 clients are selected and updated (with total sample size: 42)!
[INFO](2026/09/15/ 07:31:57 PM) [Round: 0186] Aggregate updated weights of 10 clients...!
[INFO](2026/09/15/ 07:31:58 PM) [Round: 0186] ...updated weights of 10 clients are successfully averaged!
[INFO](2026/09/15/ 07:31:59 PM) [Round: 0186] Evaluate global model's performance...!                
	[Server] ...finished evaluation!                
	=> Loss: 0.4211                
	=> Accuracy: 87.14%

[INFO](2026/09/15/ 07:31:59 PM) [Round: 0187] Select clients...!
[INFO](2026/09/15/ 07:32:00 PM) [Round: 0187] ...successfully transmitted models to 10 selected clients!
[INFO](2026/09/15/ 07:32:00 PM) [Round: 0187] Start updating selected 10 clients...!
[INFO](2026/09/15/ 07:32:59 PM) [Round: 0187] ...10 clients are selected and updated (with total sample size: 42)!
[INFO](2026/09/15/ 07:32:59 PM) [Round: 0187] Aggregate updated weights of 10 clients...!
[INFO](2026/09/15/ 07:32:59 PM) [Round: 0187] ...updated weights of 10 clients are successfully averaged!
[INFO](2026/09/15/ 07:33:01 PM) [Round: 0187] Evaluate global model's performance...!                
	[Server] ...finished evaluation!                
	=> Loss: 0.4337                
	=> Accuracy: 84.76%

[INFO](2026/09/15/ 07:33:01 PM) [Round: 0188] Select clients...!
[INFO](2026/09/15/ 07:33:02 PM) [Round: 0188] ...successfully transmitted models to 10 selected clients!
[INFO](2026/09/15/ 07:33:02 PM) [Round: 0188] Start updating selected 10 clients...!
[INFO](2026/09/15/ 07:34:04 PM) [Round: 0188] ...10 clients are selected and updated (with total sample size: 42)!
[INFO](2026/09/15/ 07:34:04 PM) [Round: 0188] Aggregate updated weights of 10 clients...!
[INFO](2026/09/15/ 07:34:05 PM) [Round: 0188] ...updated weights of 10 clients are successfully averaged!
[INFO](2026/09/15/ 07:34:06 PM) [Round: 0188] Evaluate global model's performance...!                
	[Server] ...finished evaluation!                
	=> Loss: 0.4235                
	=> Accuracy: 85.95%

[INFO](2026/09/15/ 07:34:06 PM) [Round: 0189] Select clients...!
[INFO](2026/09/15/ 07:34:07 PM) [Round: 0189] ...successfully transmitted models to 10 selected clients!
[INFO](2026/09/15/ 07:34:07 PM) [Round: 0189] Start updating selected 10 clients...!
[INFO](2026/09/15/ 07:35:08 PM) [Round: 0189] ...10 clients are selected and updated (with total sample size: 42)!
[INFO](2026/09/15/ 07:35:08 PM) [Round: 0189] Aggregate updated weights of 10 clients...!
[INFO](2026/09/15/ 07:35:09 PM) [Round: 0189] ...updated weights of 10 clients are successfully averaged!
[INFO](2026/09/15/ 07:35:10 PM) [Round: 0189] Evaluate global model's performance...!                
	[Server] ...finished evaluation!                
	=> Loss: 0.4276                
	=> Accuracy: 85.71%

[INFO](2026/09/15/ 07:35:10 PM) [Round: 0190] Select clients...!
[INFO](2026/09/15/ 07:35:11 PM) [Round: 0190] ...successfully transmitted models to 10 selected clients!
[INFO](2026/09/15/ 07:35:11 PM) [Round: 0190] Start updating selected 10 clients...!
[INFO](2026/09/15/ 07:36:15 PM) [Round: 0190] ...10 clients are selected and updated (with total sample size: 42)!
[INFO](2026/09/15/ 07:36:15 PM) [Round: 0190] Aggregate updated weights of 10 clients...!
[INFO](2026/09/15/ 07:36:16 PM) [Round: 0190] ...updated weights of 10 clients are successfully averaged!
[INFO](2026/09/15/ 07:36:17 PM) [Round: 0190] Evaluate global model's performance...!                
	[Server] ...finished evaluation!                
	=> Loss: 0.3935                
	=> Accuracy: 85.95%

[INFO](2026/09/15/ 07:36:17 PM) [Round: 0191] Select clients...!
[INFO](2026/09/15/ 07:36:18 PM) [Round: 0191] ...successfully transmitted models to 10 selected clients!
[INFO](2026/09/15/ 07:36:18 PM) [Round: 0191] Start updating selected 10 clients...!
[INFO](2026/09/15/ 07:37:22 PM) [Round: 0191] ...10 clients are selected and updated (with total sample size: 42)!
[INFO](2026/09/15/ 07:37:22 PM) [Round: 0191] Aggregate updated weights of 10 clients...!
[INFO](2026/09/15/ 07:37:22 PM) [Round: 0191] ...updated weights of 10 clients are successfully averaged!
[INFO](2026/09/15/ 07:37:24 PM) [Round: 0191] Evaluate global model's performance...!                
	[Server] ...finished evaluation!                
	=> Loss: 0.4014                
	=> Accuracy: 85.95%

[INFO](2026/09/15/ 07:37:24 PM) [Round: 0192] Select clients...!
[INFO](2026/09/15/ 07:37:24 PM) [Round: 0192] ...successfully transmitted models to 10 selected clients!
[INFO](2026/09/15/ 07:37:25 PM) [Round: 0192] Start updating selected 10 clients...!
[INFO](2026/09/15/ 07:38:24 PM) [Round: 0192] ...10 clients are selected and updated (with total sample size: 42)!
[INFO](2026/09/15/ 07:38:24 PM) [Round: 0192] Aggregate updated weights of 10 clients...!
[INFO](2026/09/15/ 07:38:25 PM) [Round: 0192] ...updated weights of 10 clients are successfully averaged!
[INFO](2026/09/15/ 07:38:26 PM) [Round: 0192] Evaluate global model's performance...!                
	[Server] ...finished evaluation!                
	=> Loss: 0.4204                
	=> Accuracy: 86.19%

[INFO](2026/09/15/ 07:38:26 PM) [Round: 0193] Select clients...!
[INFO](2026/09/15/ 07:38:27 PM) [Round: 0193] ...successfully transmitted models to 10 selected clients!
[INFO](2026/09/15/ 07:38:27 PM) [Round: 0193] Start updating selected 10 clients...!
[INFO](2026/09/15/ 07:39:31 PM) [Round: 0193] ...10 clients are selected and updated (with total sample size: 42)!
[INFO](2026/09/15/ 07:39:31 PM) [Round: 0193] Aggregate updated weights of 10 clients...!
[INFO](2026/09/15/ 07:39:31 PM) [Round: 0193] ...updated weights of 10 clients are successfully averaged!
[INFO](2026/09/15/ 07:39:33 PM) [Round: 0193] Evaluate global model's performance...!                
	[Server] ...finished evaluation!                
	=> Loss: 0.4014                
	=> Accuracy: 86.90%

[INFO](2026/09/15/ 07:39:33 PM) [Round: 0194] Select clients...!
[INFO](2026/09/15/ 07:39:33 PM) [Round: 0194] ...successfully transmitted models to 10 selected clients!
[INFO](2026/09/15/ 07:39:33 PM) [Round: 0194] Start updating selected 10 clients...!
[INFO](2026/09/15/ 07:40:35 PM) [Round: 0194] ...10 clients are selected and updated (with total sample size: 42)!
[INFO](2026/09/15/ 07:40:35 PM) [Round: 0194] Aggregate updated weights of 10 clients...!
[INFO](2026/09/15/ 07:40:35 PM) [Round: 0194] ...updated weights of 10 clients are successfully averaged!
[INFO](2026/09/15/ 07:40:37 PM) [Round: 0194] Evaluate global model's performance...!                
	[Server] ...finished evaluation!                
	=> Loss: 0.4052                
	=> Accuracy: 87.38%

[INFO](2026/09/15/ 07:40:37 PM) [Round: 0195] Select clients...!
[INFO](2026/09/15/ 07:40:38 PM) [Round: 0195] ...successfully transmitted models to 10 selected clients!
[INFO](2026/09/15/ 07:40:38 PM) [Round: 0195] Start updating selected 10 clients...!
[INFO](2026/09/15/ 07:41:44 PM) [Round: 0195] ...10 clients are selected and updated (with total sample size: 42)!
[INFO](2026/09/15/ 07:41:44 PM) [Round: 0195] Aggregate updated weights of 10 clients...!
[INFO](2026/09/15/ 07:41:44 PM) [Round: 0195] ...updated weights of 10 clients are successfully averaged!
[INFO](2026/09/15/ 07:41:46 PM) [Round: 0195] Evaluate global model's performance...!                
	[Server] ...finished evaluation!                
	=> Loss: 0.4412                
	=> Accuracy: 85.95%

[INFO](2026/09/15/ 07:41:46 PM) [Round: 0196] Select clients...!
[INFO](2026/09/15/ 07:41:46 PM) [Round: 0196] ...successfully transmitted models to 10 selected clients!
[INFO](2026/09/15/ 07:41:47 PM) [Round: 0196] Start updating selected 10 clients...!
[INFO](2026/09/15/ 07:42:51 PM) [Round: 0196] ...10 clients are selected and updated (with total sample size: 42)!
[INFO](2026/09/15/ 07:42:51 PM) [Round: 0196] Aggregate updated weights of 10 clients...!
[INFO](2026/09/15/ 07:42:52 PM) [Round: 0196] ...updated weights of 10 clients are successfully averaged!
[INFO](2026/09/15/ 07:42:53 PM) [Round: 0196] Evaluate global model's performance...!                
	[Server] ...finished evaluation!                
	=> Loss: 0.3823                
	=> Accuracy: 86.90%

[INFO](2026/09/15/ 07:42:53 PM) [Round: 0197] Select clients...!
[INFO](2026/09/15/ 07:42:54 PM) [Round: 0197] ...successfully transmitted models to 10 selected clients!
[INFO](2026/09/15/ 07:42:54 PM) [Round: 0197] Start updating selected 10 clients...!
[INFO](2026/09/15/ 07:43:52 PM) [Round: 0197] ...10 clients are selected and updated (with total sample size: 42)!
[INFO](2026/09/15/ 07:43:52 PM) [Round: 0197] Aggregate updated weights of 10 clients...!
[INFO](2026/09/15/ 07:43:52 PM) [Round: 0197] ...updated weights of 10 clients are successfully averaged!
[INFO](2026/09/15/ 07:43:54 PM) [Round: 0197] Evaluate global model's performance...!                
	[Server] ...finished evaluation!                
	=> Loss: 0.4192                
	=> Accuracy: 87.14%

[INFO](2026/09/15/ 07:43:54 PM) [Round: 0198] Select clients...!
[INFO](2026/09/15/ 07:43:55 PM) [Round: 0198] ...successfully transmitted models to 10 selected clients!
[INFO](2026/09/15/ 07:43:55 PM) [Round: 0198] Start updating selected 10 clients...!
[INFO](2026/09/15/ 07:44:54 PM) [Round: 0198] ...10 clients are selected and updated (with total sample size: 42)!
[INFO](2026/09/15/ 07:44:54 PM) [Round: 0198] Aggregate updated weights of 10 clients...!
[INFO](2026/09/15/ 07:44:55 PM) [Round: 0198] ...updated weights of 10 clients are successfully averaged!
[INFO](2026/09/15/ 07:44:56 PM) [Round: 0198] Evaluate global model's performance...!                
	[Server] ...finished evaluation!                
	=> Loss: 0.3908                
	=> Accuracy: 87.86%

[INFO](2026/09/15/ 07:44:56 PM) [Round: 0199] Select clients...!
[INFO](2026/09/15/ 07:44:57 PM) [Round: 0199] ...successfully transmitted models to 10 selected clients!
[INFO](2026/09/15/ 07:44:57 PM) [Round: 0199] Start updating selected 10 clients...!
[INFO](2026/09/15/ 07:45:58 PM) [Round: 0199] ...10 clients are selected and updated (with total sample size: 42)!
[INFO](2026/09/15/ 07:45:58 PM) [Round: 0199] Aggregate updated weights of 10 clients...!
[INFO](2026/09/15/ 07:45:58 PM) [Round: 0199] ...updated weights of 10 clients are successfully averaged!
[INFO](2026/09/15/ 07:46:00 PM) [Round: 0199] Evaluate global model's performance...!                
	[Server] ...finished evaluation!                
	=> Loss: 0.4412                
	=> Accuracy: 84.76%

[INFO](2026/09/15/ 07:46:00 PM) [Round: 0200] Select clients...!
[INFO](2026/09/15/ 07:46:00 PM) [Round: 0200] ...successfully transmitted models to 10 selected clients!
[INFO](2026/09/15/ 07:46:00 PM) [Round: 0200] Start updating selected 10 clients...!
[INFO](2026/09/15/ 07:47:04 PM) [Round: 0200] ...10 clients are selected and updated (with total sample size: 42)!
[INFO](2026/09/15/ 07:47:04 PM) [Round: 0200] Aggregate updated weights of 10 clients...!
[INFO](2026/09/15/ 07:47:04 PM) [Round: 0200] ...updated weights of 10 clients are successfully averaged!
[INFO](2026/09/15/ 07:47:06 PM) [Round: 0200] Evaluate global model's performance...!                
	[Server] ...finished evaluation!                
	=> Loss: 0.4065                
	=> Accuracy: 87.14%

[INFO](2026/09/15/ 07:47:06 PM) [Round: 0201] Select clients...!
[INFO](2026/09/15/ 07:47:06 PM) [Round: 0201] ...successfully transmitted models to 10 selected clients!
[INFO](2026/09/15/ 07:47:06 PM) [Round: 0201] Start updating selected 10 clients...!
[INFO](2026/09/15/ 07:48:05 PM) [Round: 0201] ...10 clients are selected and updated (with total sample size: 42)!
[INFO](2026/09/15/ 07:48:06 PM) [Round: 0201] Aggregate updated weights of 10 clients...!
[INFO](2026/09/15/ 07:48:06 PM) [Round: 0201] ...updated weights of 10 clients are successfully averaged!
[INFO](2026/09/15/ 07:48:07 PM) [Round: 0201] Evaluate global model's performance...!                
	[Server] ...finished evaluation!                
	=> Loss: 0.4324                
	=> Accuracy: 86.67%

[INFO](2026/09/15/ 07:48:08 PM) [Round: 0202] Select clients...!
[INFO](2026/09/15/ 07:48:08 PM) [Round: 0202] ...successfully transmitted models to 10 selected clients!
[INFO](2026/09/15/ 07:48:08 PM) [Round: 0202] Start updating selected 10 clients...!
[INFO](2026/09/15/ 07:49:15 PM) [Round: 0202] ...10 clients are selected and updated (with total sample size: 42)!
[INFO](2026/09/15/ 07:49:15 PM) [Round: 0202] Aggregate updated weights of 10 clients...!
[INFO](2026/09/15/ 07:49:15 PM) [Round: 0202] ...updated weights of 10 clients are successfully averaged!
[INFO](2026/09/15/ 07:49:17 PM) [Round: 0202] Evaluate global model's performance...!                
	[Server] ...finished evaluation!                
	=> Loss: 0.4340                
	=> Accuracy: 85.95%

[INFO](2026/09/15/ 07:49:17 PM) [Round: 0203] Select clients...!
[INFO](2026/09/15/ 07:49:18 PM) [Round: 0203] ...successfully transmitted models to 10 selected clients!
[INFO](2026/09/15/ 07:49:18 PM) [Round: 0203] Start updating selected 10 clients...!
[INFO](2026/09/15/ 07:50:23 PM) [Round: 0203] ...10 clients are selected and updated (with total sample size: 42)!
[INFO](2026/09/15/ 07:50:23 PM) [Round: 0203] Aggregate updated weights of 10 clients...!
[INFO](2026/09/15/ 07:50:24 PM) [Round: 0203] ...updated weights of 10 clients are successfully averaged!
[INFO](2026/09/15/ 07:50:25 PM) [Round: 0203] Evaluate global model's performance...!                
	[Server] ...finished evaluation!                
	=> Loss: 0.4170                
	=> Accuracy: 87.86%

[INFO](2026/09/15/ 07:50:25 PM) [Round: 0204] Select clients...!
[INFO](2026/09/15/ 07:50:26 PM) [Round: 0204] ...successfully transmitted models to 10 selected clients!
[INFO](2026/09/15/ 07:50:26 PM) [Round: 0204] Start updating selected 10 clients...!
[INFO](2026/09/15/ 07:51:30 PM) [Round: 0204] ...10 clients are selected and updated (with total sample size: 42)!
[INFO](2026/09/15/ 07:51:30 PM) [Round: 0204] Aggregate updated weights of 10 clients...!
[INFO](2026/09/15/ 07:51:31 PM) [Round: 0204] ...updated weights of 10 clients are successfully averaged!
[INFO](2026/09/15/ 07:51:32 PM) [Round: 0204] Evaluate global model's performance...!                
	[Server] ...finished evaluation!                
	=> Loss: 0.4421                
	=> Accuracy: 86.19%

[INFO](2026/09/15/ 07:51:32 PM) [Round: 0205] Select clients...!
[INFO](2026/09/15/ 07:51:33 PM) [Round: 0205] ...successfully transmitted models to 10 selected clients!
[INFO](2026/09/15/ 07:51:33 PM) [Round: 0205] Start updating selected 10 clients...!
[INFO](2026/09/15/ 07:52:33 PM) [Round: 0205] ...10 clients are selected and updated (with total sample size: 42)!
[INFO](2026/09/15/ 07:52:34 PM) [Round: 0205] Aggregate updated weights of 10 clients...!
[INFO](2026/09/15/ 07:52:34 PM) [Round: 0205] ...updated weights of 10 clients are successfully averaged!
[INFO](2026/09/15/ 07:52:35 PM) [Round: 0205] Evaluate global model's performance...!                
	[Server] ...finished evaluation!                
	=> Loss: 0.3859                
	=> Accuracy: 88.10%

[INFO](2026/09/15/ 07:52:36 PM) [Round: 0206] Select clients...!
[INFO](2026/09/15/ 07:52:36 PM) [Round: 0206] ...successfully transmitted models to 10 selected clients!
[INFO](2026/09/15/ 07:52:36 PM) [Round: 0206] Start updating selected 10 clients...!
[INFO](2026/09/15/ 07:53:35 PM) [Round: 0206] ...10 clients are selected and updated (with total sample size: 42)!
[INFO](2026/09/15/ 07:53:35 PM) [Round: 0206] Aggregate updated weights of 10 clients...!
[INFO](2026/09/15/ 07:53:36 PM) [Round: 0206] ...updated weights of 10 clients are successfully averaged!
[INFO](2026/09/15/ 07:53:37 PM) [Round: 0206] Evaluate global model's performance...!                
	[Server] ...finished evaluation!                
	=> Loss: 0.4138                
	=> Accuracy: 87.86%

[INFO](2026/09/15/ 07:53:37 PM) [Round: 0207] Select clients...!
[INFO](2026/09/15/ 07:53:38 PM) [Round: 0207] ...successfully transmitted models to 10 selected clients!
[INFO](2026/09/15/ 07:53:38 PM) [Round: 0207] Start updating selected 10 clients...!
[INFO](2026/09/15/ 07:54:37 PM) [Round: 0207] ...10 clients are selected and updated (with total sample size: 42)!
[INFO](2026/09/15/ 07:54:37 PM) [Round: 0207] Aggregate updated weights of 10 clients...!
[INFO](2026/09/15/ 07:54:38 PM) [Round: 0207] ...updated weights of 10 clients are successfully averaged!
[INFO](2026/09/15/ 07:54:39 PM) [Round: 0207] Evaluate global model's performance...!                
	[Server] ...finished evaluation!                
	=> Loss: 0.3859                
	=> Accuracy: 87.14%

[INFO](2026/09/15/ 07:54:40 PM) [Round: 0208] Select clients...!
[INFO](2026/09/15/ 07:54:40 PM) [Round: 0208] ...successfully transmitted models to 10 selected clients!
[INFO](2026/09/15/ 07:54:40 PM) [Round: 0208] Start updating selected 10 clients...!
[INFO](2026/09/15/ 07:55:39 PM) [Round: 0208] ...10 clients are selected and updated (with total sample size: 42)!
[INFO](2026/09/15/ 07:55:39 PM) [Round: 0208] Aggregate updated weights of 10 clients...!
[INFO](2026/09/15/ 07:55:39 PM) [Round: 0208] ...updated weights of 10 clients are successfully averaged!
[INFO](2026/09/15/ 07:55:41 PM) [Round: 0208] Evaluate global model's performance...!                
	[Server] ...finished evaluation!                
	=> Loss: 0.3857                
	=> Accuracy: 87.62%

[INFO](2026/09/15/ 07:55:41 PM) [Round: 0209] Select clients...!
[INFO](2026/09/15/ 07:55:42 PM) [Round: 0209] ...successfully transmitted models to 10 selected clients!
[INFO](2026/09/15/ 07:55:42 PM) [Round: 0209] Start updating selected 10 clients...!
[INFO](2026/09/15/ 07:56:47 PM) [Round: 0209] ...10 clients are selected and updated (with total sample size: 42)!
[INFO](2026/09/15/ 07:56:47 PM) [Round: 0209] Aggregate updated weights of 10 clients...!
[INFO](2026/09/15/ 07:56:47 PM) [Round: 0209] ...updated weights of 10 clients are successfully averaged!
[INFO](2026/09/15/ 07:56:49 PM) [Round: 0209] Evaluate global model's performance...!                
	[Server] ...finished evaluation!                
	=> Loss: 0.3655                
	=> Accuracy: 88.57%

[INFO](2026/09/15/ 07:56:49 PM) [Round: 0210] Select clients...!
[INFO](2026/09/15/ 07:56:50 PM) [Round: 0210] ...successfully transmitted models to 10 selected clients!
[INFO](2026/09/15/ 07:56:50 PM) [Round: 0210] Start updating selected 10 clients...!
[INFO](2026/09/15/ 07:57:57 PM) [Round: 0210] ...10 clients are selected and updated (with total sample size: 42)!
[INFO](2026/09/15/ 07:57:57 PM) [Round: 0210] Aggregate updated weights of 10 clients...!
[INFO](2026/09/15/ 07:57:58 PM) [Round: 0210] ...updated weights of 10 clients are successfully averaged!
[INFO](2026/09/15/ 07:57:59 PM) [Round: 0210] Evaluate global model's performance...!                
	[Server] ...finished evaluation!                
	=> Loss: 0.3992                
	=> Accuracy: 86.43%

[INFO](2026/09/15/ 07:57:59 PM) [Round: 0211] Select clients...!
[INFO](2026/09/15/ 07:58:00 PM) [Round: 0211] ...successfully transmitted models to 10 selected clients!
[INFO](2026/09/15/ 07:58:00 PM) [Round: 0211] Start updating selected 10 clients...!
[INFO](2026/09/15/ 07:59:07 PM) [Round: 0211] ...10 clients are selected and updated (with total sample size: 42)!
[INFO](2026/09/15/ 07:59:07 PM) [Round: 0211] Aggregate updated weights of 10 clients...!
[INFO](2026/09/15/ 07:59:07 PM) [Round: 0211] ...updated weights of 10 clients are successfully averaged!
[INFO](2026/09/15/ 07:59:09 PM) [Round: 0211] Evaluate global model's performance...!                
	[Server] ...finished evaluation!                
	=> Loss: 0.3879                
	=> Accuracy: 89.05%

[INFO](2026/09/15/ 07:59:09 PM) [Round: 0212] Select clients...!
[INFO](2026/09/15/ 07:59:09 PM) [Round: 0212] ...successfully transmitted models to 10 selected clients!
[INFO](2026/09/15/ 07:59:10 PM) [Round: 0212] Start updating selected 10 clients...!
[INFO](2026/09/15/ 08:00:10 PM) [Round: 0212] ...10 clients are selected and updated (with total sample size: 42)!
[INFO](2026/09/15/ 08:00:10 PM) [Round: 0212] Aggregate updated weights of 10 clients...!
[INFO](2026/09/15/ 08:00:10 PM) [Round: 0212] ...updated weights of 10 clients are successfully averaged!
[INFO](2026/09/15/ 08:00:12 PM) [Round: 0212] Evaluate global model's performance...!                
	[Server] ...finished evaluation!                
	=> Loss: 0.3782                
	=> Accuracy: 88.33%

[INFO](2026/09/15/ 08:00:12 PM) [Round: 0213] Select clients...!
[INFO](2026/09/15/ 08:00:13 PM) [Round: 0213] ...successfully transmitted models to 10 selected clients!
[INFO](2026/09/15/ 08:00:13 PM) [Round: 0213] Start updating selected 10 clients...!
[INFO](2026/09/15/ 08:01:08 PM) [Round: 0213] ...10 clients are selected and updated (with total sample size: 42)!
[INFO](2026/09/15/ 08:01:08 PM) [Round: 0213] Aggregate updated weights of 10 clients...!
[INFO](2026/09/15/ 08:01:08 PM) [Round: 0213] ...updated weights of 10 clients are successfully averaged!
[INFO](2026/09/15/ 08:01:10 PM) [Round: 0213] Evaluate global model's performance...!                
	[Server] ...finished evaluation!                
	=> Loss: 0.3933                
	=> Accuracy: 87.38%

[INFO](2026/09/15/ 08:01:10 PM) [Round: 0214] Select clients...!
[INFO](2026/09/15/ 08:01:11 PM) [Round: 0214] ...successfully transmitted models to 10 selected clients!
[INFO](2026/09/15/ 08:01:11 PM) [Round: 0214] Start updating selected 10 clients...!
[INFO](2026/09/15/ 08:02:12 PM) [Round: 0214] ...10 clients are selected and updated (with total sample size: 42)!
[INFO](2026/09/15/ 08:02:13 PM) [Round: 0214] Aggregate updated weights of 10 clients...!
[INFO](2026/09/15/ 08:02:13 PM) [Round: 0214] ...updated weights of 10 clients are successfully averaged!
[INFO](2026/09/15/ 08:02:14 PM) [Round: 0214] Evaluate global model's performance...!                
	[Server] ...finished evaluation!                
	=> Loss: 0.4022                
	=> Accuracy: 87.38%

[INFO](2026/09/15/ 08:02:15 PM) [Round: 0215] Select clients...!
[INFO](2026/09/15/ 08:02:15 PM) [Round: 0215] ...successfully transmitted models to 10 selected clients!
[INFO](2026/09/15/ 08:02:15 PM) [Round: 0215] Start updating selected 10 clients...!
[INFO](2026/09/15/ 08:03:15 PM) [Round: 0215] ...10 clients are selected and updated (with total sample size: 42)!
[INFO](2026/09/15/ 08:03:15 PM) [Round: 0215] Aggregate updated weights of 10 clients...!
[INFO](2026/09/15/ 08:03:16 PM) [Round: 0215] ...updated weights of 10 clients are successfully averaged!
[INFO](2026/09/15/ 08:03:17 PM) [Round: 0215] Evaluate global model's performance...!                
	[Server] ...finished evaluation!                
	=> Loss: 0.3642                
	=> Accuracy: 88.81%

[INFO](2026/09/15/ 08:03:17 PM) [Round: 0216] Select clients...!
[INFO](2026/09/15/ 08:03:18 PM) [Round: 0216] ...successfully transmitted models to 10 selected clients!
[INFO](2026/09/15/ 08:03:18 PM) [Round: 0216] Start updating selected 10 clients...!
[INFO](2026/09/15/ 08:04:25 PM) [Round: 0216] ...10 clients are selected and updated (with total sample size: 42)!
[INFO](2026/09/15/ 08:04:25 PM) [Round: 0216] Aggregate updated weights of 10 clients...!
[INFO](2026/09/15/ 08:04:26 PM) [Round: 0216] ...updated weights of 10 clients are successfully averaged!
[INFO](2026/09/15/ 08:04:27 PM) [Round: 0216] Evaluate global model's performance...!                
	[Server] ...finished evaluation!                
	=> Loss: 0.4039                
	=> Accuracy: 86.90%

[INFO](2026/09/15/ 08:04:27 PM) [Round: 0217] Select clients...!
[INFO](2026/09/15/ 08:04:28 PM) [Round: 0217] ...successfully transmitted models to 10 selected clients!
[INFO](2026/09/15/ 08:04:28 PM) [Round: 0217] Start updating selected 10 clients...!
[INFO](2026/09/15/ 08:05:30 PM) [Round: 0217] ...10 clients are selected and updated (with total sample size: 42)!
[INFO](2026/09/15/ 08:05:30 PM) [Round: 0217] Aggregate updated weights of 10 clients...!
[INFO](2026/09/15/ 08:05:30 PM) [Round: 0217] ...updated weights of 10 clients are successfully averaged!
[INFO](2026/09/15/ 08:05:32 PM) [Round: 0217] Evaluate global model's performance...!                
	[Server] ...finished evaluation!                
	=> Loss: 0.3710                
	=> Accuracy: 89.29%

[INFO](2026/09/15/ 08:05:32 PM) [Round: 0218] Select clients...!
[INFO](2026/09/15/ 08:05:33 PM) [Round: 0218] ...successfully transmitted models to 10 selected clients!
[INFO](2026/09/15/ 08:05:33 PM) [Round: 0218] Start updating selected 10 clients...!
[INFO](2026/09/15/ 08:06:35 PM) [Round: 0218] ...10 clients are selected and updated (with total sample size: 42)!
[INFO](2026/09/15/ 08:06:35 PM) [Round: 0218] Aggregate updated weights of 10 clients...!
[INFO](2026/09/15/ 08:06:35 PM) [Round: 0218] ...updated weights of 10 clients are successfully averaged!
[INFO](2026/09/15/ 08:06:37 PM) [Round: 0218] Evaluate global model's performance...!                
	[Server] ...finished evaluation!                
	=> Loss: 0.3746                
	=> Accuracy: 87.62%

[INFO](2026/09/15/ 08:06:37 PM) [Round: 0219] Select clients...!
[INFO](2026/09/15/ 08:06:37 PM) [Round: 0219] ...successfully transmitted models to 10 selected clients!
[INFO](2026/09/15/ 08:06:38 PM) [Round: 0219] Start updating selected 10 clients...!
[INFO](2026/09/15/ 08:07:39 PM) [Round: 0219] ...10 clients are selected and updated (with total sample size: 42)!
[INFO](2026/09/15/ 08:07:39 PM) [Round: 0219] Aggregate updated weights of 10 clients...!
[INFO](2026/09/15/ 08:07:39 PM) [Round: 0219] ...updated weights of 10 clients are successfully averaged!
[INFO](2026/09/15/ 08:07:41 PM) [Round: 0219] Evaluate global model's performance...!                
	[Server] ...finished evaluation!                
	=> Loss: 0.3734                
	=> Accuracy: 88.10%

[INFO](2026/09/15/ 08:07:41 PM) [Round: 0220] Select clients...!
[INFO](2026/09/15/ 08:07:41 PM) [Round: 0220] ...successfully transmitted models to 10 selected clients!
[INFO](2026/09/15/ 08:07:41 PM) [Round: 0220] Start updating selected 10 clients...!
[INFO](2026/09/15/ 08:08:43 PM) [Round: 0220] ...10 clients are selected and updated (with total sample size: 42)!
[INFO](2026/09/15/ 08:08:43 PM) [Round: 0220] Aggregate updated weights of 10 clients...!
[INFO](2026/09/15/ 08:08:44 PM) [Round: 0220] ...updated weights of 10 clients are successfully averaged!
[INFO](2026/09/15/ 08:08:45 PM) [Round: 0220] Evaluate global model's performance...!                
	[Server] ...finished evaluation!                
	=> Loss: 0.3891                
	=> Accuracy: 87.86%

[INFO](2026/09/15/ 08:08:46 PM) [Round: 0221] Select clients...!
[INFO](2026/09/15/ 08:08:46 PM) [Round: 0221] ...successfully transmitted models to 10 selected clients!
[INFO](2026/09/15/ 08:08:46 PM) [Round: 0221] Start updating selected 10 clients...!
[INFO](2026/09/15/ 08:09:51 PM) [Round: 0221] ...10 clients are selected and updated (with total sample size: 42)!
[INFO](2026/09/15/ 08:09:51 PM) [Round: 0221] Aggregate updated weights of 10 clients...!
[INFO](2026/09/15/ 08:09:51 PM) [Round: 0221] ...updated weights of 10 clients are successfully averaged!
[INFO](2026/09/15/ 08:09:53 PM) [Round: 0221] Evaluate global model's performance...!                
	[Server] ...finished evaluation!                
	=> Loss: 0.3974                
	=> Accuracy: 89.05%

[INFO](2026/09/15/ 08:09:53 PM) [Round: 0222] Select clients...!
[INFO](2026/09/15/ 08:09:53 PM) [Round: 0222] ...successfully transmitted models to 10 selected clients!
[INFO](2026/09/15/ 08:09:53 PM) [Round: 0222] Start updating selected 10 clients...!
[INFO](2026/09/15/ 08:10:55 PM) [Round: 0222] ...10 clients are selected and updated (with total sample size: 42)!
[INFO](2026/09/15/ 08:10:56 PM) [Round: 0222] Aggregate updated weights of 10 clients...!
[INFO](2026/09/15/ 08:10:56 PM) [Round: 0222] ...updated weights of 10 clients are successfully averaged!
[INFO](2026/09/15/ 08:10:57 PM) [Round: 0222] Evaluate global model's performance...!                
	[Server] ...finished evaluation!                
	=> Loss: 0.4090                
	=> Accuracy: 88.10%

[INFO](2026/09/15/ 08:10:58 PM) [Round: 0223] Select clients...!
[INFO](2026/09/15/ 08:10:58 PM) [Round: 0223] ...successfully transmitted models to 10 selected clients!
[INFO](2026/09/15/ 08:10:58 PM) [Round: 0223] Start updating selected 10 clients...!
[INFO](2026/09/15/ 08:12:03 PM) [Round: 0223] ...10 clients are selected and updated (with total sample size: 42)!
[INFO](2026/09/15/ 08:12:04 PM) [Round: 0223] Aggregate updated weights of 10 clients...!
[INFO](2026/09/15/ 08:12:04 PM) [Round: 0223] ...updated weights of 10 clients are successfully averaged!
[INFO](2026/09/15/ 08:12:05 PM) [Round: 0223] Evaluate global model's performance...!                
	[Server] ...finished evaluation!                
	=> Loss: 0.4174                
	=> Accuracy: 86.19%

[INFO](2026/09/15/ 08:12:06 PM) [Round: 0224] Select clients...!
[INFO](2026/09/15/ 08:12:06 PM) [Round: 0224] ...successfully transmitted models to 10 selected clients!
[INFO](2026/09/15/ 08:12:06 PM) [Round: 0224] Start updating selected 10 clients...!
[INFO](2026/09/15/ 08:13:07 PM) [Round: 0224] ...10 clients are selected and updated (with total sample size: 42)!
[INFO](2026/09/15/ 08:13:07 PM) [Round: 0224] Aggregate updated weights of 10 clients...!
[INFO](2026/09/15/ 08:13:07 PM) [Round: 0224] ...updated weights of 10 clients are successfully averaged!
[INFO](2026/09/15/ 08:13:09 PM) [Round: 0224] Evaluate global model's performance...!                
	[Server] ...finished evaluation!                
	=> Loss: 0.3960                
	=> Accuracy: 86.90%

[INFO](2026/09/15/ 08:13:09 PM) [Round: 0225] Select clients...!
[INFO](2026/09/15/ 08:13:10 PM) [Round: 0225] ...successfully transmitted models to 10 selected clients!
[INFO](2026/09/15/ 08:13:10 PM) [Round: 0225] Start updating selected 10 clients...!
[INFO](2026/09/15/ 08:14:13 PM) [Round: 0225] ...10 clients are selected and updated (with total sample size: 42)!
[INFO](2026/09/15/ 08:14:13 PM) [Round: 0225] Aggregate updated weights of 10 clients...!
[INFO](2026/09/15/ 08:14:14 PM) [Round: 0225] ...updated weights of 10 clients are successfully averaged!
[INFO](2026/09/15/ 08:14:15 PM) [Round: 0225] Evaluate global model's performance...!                
	[Server] ...finished evaluation!                
	=> Loss: 0.4555                
	=> Accuracy: 86.43%

[INFO](2026/09/15/ 08:14:15 PM) [Round: 0226] Select clients...!
[INFO](2026/09/15/ 08:14:16 PM) [Round: 0226] ...successfully transmitted models to 10 selected clients!
[INFO](2026/09/15/ 08:14:16 PM) [Round: 0226] Start updating selected 10 clients...!
[INFO](2026/09/15/ 08:15:23 PM) [Round: 0226] ...10 clients are selected and updated (with total sample size: 42)!
[INFO](2026/09/15/ 08:15:23 PM) [Round: 0226] Aggregate updated weights of 10 clients...!
[INFO](2026/09/15/ 08:15:24 PM) [Round: 0226] ...updated weights of 10 clients are successfully averaged!
[INFO](2026/09/15/ 08:15:25 PM) [Round: 0226] Evaluate global model's performance...!                
	[Server] ...finished evaluation!                
	=> Loss: 0.4145                
	=> Accuracy: 87.62%

[INFO](2026/09/15/ 08:15:25 PM) [Round: 0227] Select clients...!
[INFO](2026/09/15/ 08:15:26 PM) [Round: 0227] ...successfully transmitted models to 10 selected clients!
[INFO](2026/09/15/ 08:15:26 PM) [Round: 0227] Start updating selected 10 clients...!
[INFO](2026/09/15/ 08:16:33 PM) [Round: 0227] ...10 clients are selected and updated (with total sample size: 42)!
[INFO](2026/09/15/ 08:16:33 PM) [Round: 0227] Aggregate updated weights of 10 clients...!
[INFO](2026/09/15/ 08:16:34 PM) [Round: 0227] ...updated weights of 10 clients are successfully averaged!
[INFO](2026/09/15/ 08:16:35 PM) [Round: 0227] Evaluate global model's performance...!                
	[Server] ...finished evaluation!                
	=> Loss: 0.4339                
	=> Accuracy: 86.90%

[INFO](2026/09/15/ 08:16:35 PM) [Round: 0228] Select clients...!
[INFO](2026/09/15/ 08:16:36 PM) [Round: 0228] ...successfully transmitted models to 10 selected clients!
[INFO](2026/09/15/ 08:16:36 PM) [Round: 0228] Start updating selected 10 clients...!
[INFO](2026/09/15/ 08:17:40 PM) [Round: 0228] ...10 clients are selected and updated (with total sample size: 42)!
[INFO](2026/09/15/ 08:17:40 PM) [Round: 0228] Aggregate updated weights of 10 clients...!
[INFO](2026/09/15/ 08:17:40 PM) [Round: 0228] ...updated weights of 10 clients are successfully averaged!
[INFO](2026/09/15/ 08:17:42 PM) [Round: 0228] Evaluate global model's performance...!                
	[Server] ...finished evaluation!                
	=> Loss: 0.4177                
	=> Accuracy: 87.86%

[INFO](2026/09/15/ 08:17:42 PM) [Round: 0229] Select clients...!
[INFO](2026/09/15/ 08:17:43 PM) [Round: 0229] ...successfully transmitted models to 10 selected clients!
[INFO](2026/09/15/ 08:17:43 PM) [Round: 0229] Start updating selected 10 clients...!
[INFO](2026/09/15/ 08:18:45 PM) [Round: 0229] ...10 clients are selected and updated (with total sample size: 42)!
[INFO](2026/09/15/ 08:18:45 PM) [Round: 0229] Aggregate updated weights of 10 clients...!
[INFO](2026/09/15/ 08:18:45 PM) [Round: 0229] ...updated weights of 10 clients are successfully averaged!
[INFO](2026/09/15/ 08:18:47 PM) [Round: 0229] Evaluate global model's performance...!                
	[Server] ...finished evaluation!                
	=> Loss: 0.4297                
	=> Accuracy: 87.38%

[INFO](2026/09/15/ 08:18:47 PM) [Round: 0230] Select clients...!
[INFO](2026/09/15/ 08:18:47 PM) [Round: 0230] ...successfully transmitted models to 10 selected clients!
[INFO](2026/09/15/ 08:18:47 PM) [Round: 0230] Start updating selected 10 clients...!
[INFO](2026/09/15/ 08:19:48 PM) [Round: 0230] ...10 clients are selected and updated (with total sample size: 42)!
[INFO](2026/09/15/ 08:19:48 PM) [Round: 0230] Aggregate updated weights of 10 clients...!
[INFO](2026/09/15/ 08:19:48 PM) [Round: 0230] ...updated weights of 10 clients are successfully averaged!
[INFO](2026/09/15/ 08:19:50 PM) [Round: 0230] Evaluate global model's performance...!                
	[Server] ...finished evaluation!                
	=> Loss: 0.3989                
	=> Accuracy: 87.62%

[INFO](2026/09/15/ 08:19:50 PM) [Round: 0231] Select clients...!
[INFO](2026/09/15/ 08:19:51 PM) [Round: 0231] ...successfully transmitted models to 10 selected clients!
[INFO](2026/09/15/ 08:19:51 PM) [Round: 0231] Start updating selected 10 clients...!
[INFO](2026/09/15/ 08:20:50 PM) [Round: 0231] ...10 clients are selected and updated (with total sample size: 42)!
[INFO](2026/09/15/ 08:20:50 PM) [Round: 0231] Aggregate updated weights of 10 clients...!
[INFO](2026/09/15/ 08:20:50 PM) [Round: 0231] ...updated weights of 10 clients are successfully averaged!
[INFO](2026/09/15/ 08:20:52 PM) [Round: 0231] Evaluate global model's performance...!                
	[Server] ...finished evaluation!                
	=> Loss: 0.4109                
	=> Accuracy: 87.38%

[INFO](2026/09/15/ 08:20:52 PM) [Round: 0232] Select clients...!
[INFO](2026/09/15/ 08:20:52 PM) [Round: 0232] ...successfully transmitted models to 10 selected clients!
[INFO](2026/09/15/ 08:20:53 PM) [Round: 0232] Start updating selected 10 clients...!
[INFO](2026/09/15/ 08:21:57 PM) [Round: 0232] ...10 clients are selected and updated (with total sample size: 42)!
[INFO](2026/09/15/ 08:21:57 PM) [Round: 0232] Aggregate updated weights of 10 clients...!
[INFO](2026/09/15/ 08:21:57 PM) [Round: 0232] ...updated weights of 10 clients are successfully averaged!
[INFO](2026/09/15/ 08:21:59 PM) [Round: 0232] Evaluate global model's performance...!                
	[Server] ...finished evaluation!                
	=> Loss: 0.4000                
	=> Accuracy: 87.14%

[INFO](2026/09/15/ 08:21:59 PM) [Round: 0233] Select clients...!
[INFO](2026/09/15/ 08:21:59 PM) [Round: 0233] ...successfully transmitted models to 10 selected clients!
[INFO](2026/09/15/ 08:22:00 PM) [Round: 0233] Start updating selected 10 clients...!
[INFO](2026/09/15/ 08:23:01 PM) [Round: 0233] ...10 clients are selected and updated (with total sample size: 42)!
[INFO](2026/09/15/ 08:23:01 PM) [Round: 0233] Aggregate updated weights of 10 clients...!
[INFO](2026/09/15/ 08:23:01 PM) [Round: 0233] ...updated weights of 10 clients are successfully averaged!
[INFO](2026/09/15/ 08:23:03 PM) [Round: 0233] Evaluate global model's performance...!                
	[Server] ...finished evaluation!                
	=> Loss: 0.3926                
	=> Accuracy: 88.33%

[INFO](2026/09/15/ 08:23:03 PM) [Round: 0234] Select clients...!
[INFO](2026/09/15/ 08:23:04 PM) [Round: 0234] ...successfully transmitted models to 10 selected clients!
[INFO](2026/09/15/ 08:23:04 PM) [Round: 0234] Start updating selected 10 clients...!
[INFO](2026/09/15/ 08:24:06 PM) [Round: 0234] ...10 clients are selected and updated (with total sample size: 42)!
[INFO](2026/09/15/ 08:24:06 PM) [Round: 0234] Aggregate updated weights of 10 clients...!
[INFO](2026/09/15/ 08:24:07 PM) [Round: 0234] ...updated weights of 10 clients are successfully averaged!
[INFO](2026/09/15/ 08:24:08 PM) [Round: 0234] Evaluate global model's performance...!                
	[Server] ...finished evaluation!                
	=> Loss: 0.3664                
	=> Accuracy: 88.57%

[INFO](2026/09/15/ 08:24:08 PM) [Round: 0235] Select clients...!
[INFO](2026/09/15/ 08:24:09 PM) [Round: 0235] ...successfully transmitted models to 10 selected clients!
[INFO](2026/09/15/ 08:24:09 PM) [Round: 0235] Start updating selected 10 clients...!
[INFO](2026/09/15/ 08:25:07 PM) [Round: 0235] ...10 clients are selected and updated (with total sample size: 42)!
[INFO](2026/09/15/ 08:25:07 PM) [Round: 0235] Aggregate updated weights of 10 clients...!
[INFO](2026/09/15/ 08:25:08 PM) [Round: 0235] ...updated weights of 10 clients are successfully averaged!
[INFO](2026/09/15/ 08:25:09 PM) [Round: 0235] Evaluate global model's performance...!                
	[Server] ...finished evaluation!                
	=> Loss: 0.3920                
	=> Accuracy: 87.86%

[INFO](2026/09/15/ 08:25:09 PM) [Round: 0236] Select clients...!
[INFO](2026/09/15/ 08:25:10 PM) [Round: 0236] ...successfully transmitted models to 10 selected clients!
[INFO](2026/09/15/ 08:25:10 PM) [Round: 0236] Start updating selected 10 clients...!
[INFO](2026/09/15/ 08:26:15 PM) [Round: 0236] ...10 clients are selected and updated (with total sample size: 42)!
[INFO](2026/09/15/ 08:26:15 PM) [Round: 0236] Aggregate updated weights of 10 clients...!
[INFO](2026/09/15/ 08:26:15 PM) [Round: 0236] ...updated weights of 10 clients are successfully averaged!
[INFO](2026/09/15/ 08:26:17 PM) [Round: 0236] Evaluate global model's performance...!                
	[Server] ...finished evaluation!                
	=> Loss: 0.3849                
	=> Accuracy: 86.67%

[INFO](2026/09/15/ 08:26:17 PM) [Round: 0237] Select clients...!
[INFO](2026/09/15/ 08:26:18 PM) [Round: 0237] ...successfully transmitted models to 10 selected clients!
[INFO](2026/09/15/ 08:26:18 PM) [Round: 0237] Start updating selected 10 clients...!
[INFO](2026/09/15/ 08:27:19 PM) [Round: 0237] ...10 clients are selected and updated (with total sample size: 42)!
[INFO](2026/09/15/ 08:27:19 PM) [Round: 0237] Aggregate updated weights of 10 clients...!
[INFO](2026/09/15/ 08:27:19 PM) [Round: 0237] ...updated weights of 10 clients are successfully averaged!
[INFO](2026/09/15/ 08:27:21 PM) [Round: 0237] Evaluate global model's performance...!                
	[Server] ...finished evaluation!                
	=> Loss: 0.3837                
	=> Accuracy: 88.33%

[INFO](2026/09/15/ 08:27:21 PM) [Round: 0238] Select clients...!
[INFO](2026/09/15/ 08:27:22 PM) [Round: 0238] ...successfully transmitted models to 10 selected clients!
[INFO](2026/09/15/ 08:27:22 PM) [Round: 0238] Start updating selected 10 clients...!
[INFO](2026/09/15/ 08:28:23 PM) [Round: 0238] ...10 clients are selected and updated (with total sample size: 42)!
[INFO](2026/09/15/ 08:28:23 PM) [Round: 0238] Aggregate updated weights of 10 clients...!
[INFO](2026/09/15/ 08:28:23 PM) [Round: 0238] ...updated weights of 10 clients are successfully averaged!
[INFO](2026/09/15/ 08:28:25 PM) [Round: 0238] Evaluate global model's performance...!                
	[Server] ...finished evaluation!                
	=> Loss: 0.3705                
	=> Accuracy: 87.86%

[INFO](2026/09/15/ 08:28:25 PM) [Round: 0239] Select clients...!
[INFO](2026/09/15/ 08:28:26 PM) [Round: 0239] ...successfully transmitted models to 10 selected clients!
[INFO](2026/09/15/ 08:28:26 PM) [Round: 0239] Start updating selected 10 clients...!
[INFO](2026/09/15/ 08:29:25 PM) [Round: 0239] ...10 clients are selected and updated (with total sample size: 42)!
[INFO](2026/09/15/ 08:29:25 PM) [Round: 0239] Aggregate updated weights of 10 clients...!
[INFO](2026/09/15/ 08:29:25 PM) [Round: 0239] ...updated weights of 10 clients are successfully averaged!
[INFO](2026/09/15/ 08:29:27 PM) [Round: 0239] Evaluate global model's performance...!                
	[Server] ...finished evaluation!                
	=> Loss: 0.3973                
	=> Accuracy: 87.86%

[INFO](2026/09/15/ 08:29:27 PM) [Round: 0240] Select clients...!
[INFO](2026/09/15/ 08:29:27 PM) [Round: 0240] ...successfully transmitted models to 10 selected clients!
[INFO](2026/09/15/ 08:29:28 PM) [Round: 0240] Start updating selected 10 clients...!
[INFO](2026/09/15/ 08:30:31 PM) [Round: 0240] ...10 clients are selected and updated (with total sample size: 42)!
[INFO](2026/09/15/ 08:30:31 PM) [Round: 0240] Aggregate updated weights of 10 clients...!
[INFO](2026/09/15/ 08:30:32 PM) [Round: 0240] ...updated weights of 10 clients are successfully averaged!
[INFO](2026/09/15/ 08:30:33 PM) [Round: 0240] Evaluate global model's performance...!                
	[Server] ...finished evaluation!                
	=> Loss: 0.3880                
	=> Accuracy: 88.57%

[INFO](2026/09/15/ 08:30:33 PM) [Round: 0241] Select clients...!
[INFO](2026/09/15/ 08:30:34 PM) [Round: 0241] ...successfully transmitted models to 10 selected clients!
[INFO](2026/09/15/ 08:30:34 PM) [Round: 0241] Start updating selected 10 clients...!
[INFO](2026/09/15/ 08:31:41 PM) [Round: 0241] ...10 clients are selected and updated (with total sample size: 42)!
[INFO](2026/09/15/ 08:31:41 PM) [Round: 0241] Aggregate updated weights of 10 clients...!
[INFO](2026/09/15/ 08:31:41 PM) [Round: 0241] ...updated weights of 10 clients are successfully averaged!
[INFO](2026/09/15/ 08:31:43 PM) [Round: 0241] Evaluate global model's performance...!                
	[Server] ...finished evaluation!                
	=> Loss: 0.3969                
	=> Accuracy: 87.38%

[INFO](2026/09/15/ 08:31:43 PM) [Round: 0242] Select clients...!
[INFO](2026/09/15/ 08:31:44 PM) [Round: 0242] ...successfully transmitted models to 10 selected clients!
[INFO](2026/09/15/ 08:31:44 PM) [Round: 0242] Start updating selected 10 clients...!
[INFO](2026/09/15/ 08:32:50 PM) [Round: 0242] ...10 clients are selected and updated (with total sample size: 42)!
[INFO](2026/09/15/ 08:32:50 PM) [Round: 0242] Aggregate updated weights of 10 clients...!
[INFO](2026/09/15/ 08:32:51 PM) [Round: 0242] ...updated weights of 10 clients are successfully averaged!
[INFO](2026/09/15/ 08:32:52 PM) [Round: 0242] Evaluate global model's performance...!                
	[Server] ...finished evaluation!                
	=> Loss: 0.3806                
	=> Accuracy: 88.81%

[INFO](2026/09/15/ 08:32:52 PM) [Round: 0243] Select clients...!
[INFO](2026/09/15/ 08:32:53 PM) [Round: 0243] ...successfully transmitted models to 10 selected clients!
[INFO](2026/09/15/ 08:32:53 PM) [Round: 0243] Start updating selected 10 clients...!
[INFO](2026/09/15/ 08:34:00 PM) [Round: 0243] ...10 clients are selected and updated (with total sample size: 42)!
[INFO](2026/09/15/ 08:34:00 PM) [Round: 0243] Aggregate updated weights of 10 clients...!
[INFO](2026/09/15/ 08:34:00 PM) [Round: 0243] ...updated weights of 10 clients are successfully averaged!
[INFO](2026/09/15/ 08:34:02 PM) [Round: 0243] Evaluate global model's performance...!                
	[Server] ...finished evaluation!                
	=> Loss: 0.4013                
	=> Accuracy: 89.29%

[INFO](2026/09/15/ 08:34:02 PM) [Round: 0244] Select clients...!
[INFO](2026/09/15/ 08:34:03 PM) [Round: 0244] ...successfully transmitted models to 10 selected clients!
[INFO](2026/09/15/ 08:34:03 PM) [Round: 0244] Start updating selected 10 clients...!
[INFO](2026/09/15/ 08:35:05 PM) [Round: 0244] ...10 clients are selected and updated (with total sample size: 42)!
[INFO](2026/09/15/ 08:35:05 PM) [Round: 0244] Aggregate updated weights of 10 clients...!
[INFO](2026/09/15/ 08:35:05 PM) [Round: 0244] ...updated weights of 10 clients are successfully averaged!
[INFO](2026/09/15/ 08:35:07 PM) [Round: 0244] Evaluate global model's performance...!                
	[Server] ...finished evaluation!                
	=> Loss: 0.3746                
	=> Accuracy: 89.05%

[INFO](2026/09/15/ 08:35:07 PM) [Round: 0245] Select clients...!
[INFO](2026/09/15/ 08:35:07 PM) [Round: 0245] ...successfully transmitted models to 10 selected clients!
[INFO](2026/09/15/ 08:35:08 PM) [Round: 0245] Start updating selected 10 clients...!
[INFO](2026/09/15/ 08:36:12 PM) [Round: 0245] ...10 clients are selected and updated (with total sample size: 42)!
[INFO](2026/09/15/ 08:36:12 PM) [Round: 0245] Aggregate updated weights of 10 clients...!
[INFO](2026/09/15/ 08:36:12 PM) [Round: 0245] ...updated weights of 10 clients are successfully averaged!
[INFO](2026/09/15/ 08:36:14 PM) [Round: 0245] Evaluate global model's performance...!                
	[Server] ...finished evaluation!                
	=> Loss: 0.3981                
	=> Accuracy: 87.62%

[INFO](2026/09/15/ 08:36:14 PM) [Round: 0246] Select clients...!
[INFO](2026/09/15/ 08:36:15 PM) [Round: 0246] ...successfully transmitted models to 10 selected clients!
[INFO](2026/09/15/ 08:36:15 PM) [Round: 0246] Start updating selected 10 clients...!
[INFO](2026/09/15/ 08:37:21 PM) [Round: 0246] ...10 clients are selected and updated (with total sample size: 42)!
[INFO](2026/09/15/ 08:37:21 PM) [Round: 0246] Aggregate updated weights of 10 clients...!
[INFO](2026/09/15/ 08:37:21 PM) [Round: 0246] ...updated weights of 10 clients are successfully averaged!
[INFO](2026/09/15/ 08:37:23 PM) [Round: 0246] Evaluate global model's performance...!                
	[Server] ...finished evaluation!                
	=> Loss: 0.4057                
	=> Accuracy: 87.86%

[INFO](2026/09/15/ 08:37:23 PM) [Round: 0247] Select clients...!
[INFO](2026/09/15/ 08:37:24 PM) [Round: 0247] ...successfully transmitted models to 10 selected clients!
[INFO](2026/09/15/ 08:37:24 PM) [Round: 0247] Start updating selected 10 clients...!
[INFO](2026/09/15/ 08:38:27 PM) [Round: 0247] ...10 clients are selected and updated (with total sample size: 42)!
[INFO](2026/09/15/ 08:38:28 PM) [Round: 0247] Aggregate updated weights of 10 clients...!
[INFO](2026/09/15/ 08:38:28 PM) [Round: 0247] ...updated weights of 10 clients are successfully averaged!
[INFO](2026/09/15/ 08:38:29 PM) [Round: 0247] Evaluate global model's performance...!                
	[Server] ...finished evaluation!                
	=> Loss: 0.3939                
	=> Accuracy: 88.33%

[INFO](2026/09/15/ 08:38:30 PM) [Round: 0248] Select clients...!
[INFO](2026/09/15/ 08:38:30 PM) [Round: 0248] ...successfully transmitted models to 10 selected clients!
[INFO](2026/09/15/ 08:38:30 PM) [Round: 0248] Start updating selected 10 clients...!
[INFO](2026/09/15/ 08:39:25 PM) [Round: 0248] ...10 clients are selected and updated (with total sample size: 21)!
[INFO](2026/09/15/ 08:39:25 PM) [Round: 0248] Aggregate updated weights of 10 clients...!
[INFO](2026/09/15/ 08:39:26 PM) [Round: 0248] ...updated weights of 10 clients are successfully averaged!
[INFO](2026/09/15/ 08:39:27 PM) [Round: 0248] Evaluate global model's performance...!                
	[Server] ...finished evaluation!                
	=> Loss: 0.3719                
	=> Accuracy: 87.86%

[INFO](2026/09/15/ 08:39:27 PM) [Round: 0249] Select clients...!
[INFO](2026/09/15/ 08:39:28 PM) [Round: 0249] ...successfully transmitted models to 10 selected clients!
[INFO](2026/09/15/ 08:39:28 PM) [Round: 0249] Start updating selected 10 clients...!
[INFO](2026/09/15/ 08:40:27 PM) [Round: 0249] ...10 clients are selected and updated (with total sample size: 42)!
[INFO](2026/09/15/ 08:40:28 PM) [Round: 0249] Aggregate updated weights of 10 clients...!
[INFO](2026/09/15/ 08:40:28 PM) [Round: 0249] ...updated weights of 10 clients are successfully averaged!
[INFO](2026/09/15/ 08:40:29 PM) [Round: 0249] Evaluate global model's performance...!                
	[Server] ...finished evaluation!                
	=> Loss: 0.3758                
	=> Accuracy: 88.33%

[INFO](2026/09/15/ 08:40:30 PM) [Round: 0250] Select clients...!
[INFO](2026/09/15/ 08:40:30 PM) [Round: 0250] ...successfully transmitted models to 10 selected clients!
[INFO](2026/09/15/ 08:40:30 PM) [Round: 0250] Start updating selected 10 clients...!
[INFO](2026/09/15/ 08:41:31 PM) [Round: 0250] ...10 clients are selected and updated (with total sample size: 42)!
[INFO](2026/09/15/ 08:41:31 PM) [Round: 0250] Aggregate updated weights of 10 clients...!
[INFO](2026/09/15/ 08:41:31 PM) [Round: 0250] ...updated weights of 10 clients are successfully averaged!
[INFO](2026/09/15/ 08:41:33 PM) [Round: 0250] Evaluate global model's performance...!                
	[Server] ...finished evaluation!                
	=> Loss: 0.4049                
	=> Accuracy: 86.67%

[INFO](2026/09/15/ 08:41:33 PM) [Round: 0251] Select clients...!
[INFO](2026/09/15/ 08:41:33 PM) [Round: 0251] ...successfully transmitted models to 10 selected clients!
[INFO](2026/09/15/ 08:41:33 PM) [Round: 0251] Start updating selected 10 clients...!
[INFO](2026/09/15/ 08:42:37 PM) [Round: 0251] ...10 clients are selected and updated (with total sample size: 42)!
[INFO](2026/09/15/ 08:42:37 PM) [Round: 0251] Aggregate updated weights of 10 clients...!
[INFO](2026/09/15/ 08:42:37 PM) [Round: 0251] ...updated weights of 10 clients are successfully averaged!
[INFO](2026/09/15/ 08:42:39 PM) [Round: 0251] Evaluate global model's performance...!                
	[Server] ...finished evaluation!                
	=> Loss: 0.4013                
	=> Accuracy: 85.95%

[INFO](2026/09/15/ 08:42:39 PM) [Round: 0252] Select clients...!
[INFO](2026/09/15/ 08:42:39 PM) [Round: 0252] ...successfully transmitted models to 10 selected clients!
[INFO](2026/09/15/ 08:42:39 PM) [Round: 0252] Start updating selected 10 clients...!
[INFO](2026/09/15/ 08:43:44 PM) [Round: 0252] ...10 clients are selected and updated (with total sample size: 42)!
[INFO](2026/09/15/ 08:43:44 PM) [Round: 0252] Aggregate updated weights of 10 clients...!
[INFO](2026/09/15/ 08:43:44 PM) [Round: 0252] ...updated weights of 10 clients are successfully averaged!
[INFO](2026/09/15/ 08:43:46 PM) [Round: 0252] Evaluate global model's performance...!                
	[Server] ...finished evaluation!                
	=> Loss: 0.3578                
	=> Accuracy: 88.81%

[INFO](2026/09/15/ 08:43:46 PM) [Round: 0253] Select clients...!
[INFO](2026/09/15/ 08:43:46 PM) [Round: 0253] ...successfully transmitted models to 10 selected clients!
[INFO](2026/09/15/ 08:43:47 PM) [Round: 0253] Start updating selected 10 clients...!
[INFO](2026/09/15/ 08:44:50 PM) [Round: 0253] ...10 clients are selected and updated (with total sample size: 42)!
[INFO](2026/09/15/ 08:44:50 PM) [Round: 0253] Aggregate updated weights of 10 clients...!
[INFO](2026/09/15/ 08:44:50 PM) [Round: 0253] ...updated weights of 10 clients are successfully averaged!
[INFO](2026/09/15/ 08:44:52 PM) [Round: 0253] Evaluate global model's performance...!                
	[Server] ...finished evaluation!                
	=> Loss: 0.3933                
	=> Accuracy: 88.33%

[INFO](2026/09/15/ 08:44:52 PM) [Round: 0254] Select clients...!
[INFO](2026/09/15/ 08:44:53 PM) [Round: 0254] ...successfully transmitted models to 10 selected clients!
[INFO](2026/09/15/ 08:44:53 PM) [Round: 0254] Start updating selected 10 clients...!
[INFO](2026/09/15/ 08:45:52 PM) [Round: 0254] ...10 clients are selected and updated (with total sample size: 42)!
[INFO](2026/09/15/ 08:45:52 PM) [Round: 0254] Aggregate updated weights of 10 clients...!
[INFO](2026/09/15/ 08:45:52 PM) [Round: 0254] ...updated weights of 10 clients are successfully averaged!
[INFO](2026/09/15/ 08:45:54 PM) [Round: 0254] Evaluate global model's performance...!                
	[Server] ...finished evaluation!                
	=> Loss: 0.3664                
	=> Accuracy: 88.81%

[INFO](2026/09/15/ 08:45:54 PM) [Round: 0255] Select clients...!
[INFO](2026/09/15/ 08:45:54 PM) [Round: 0255] ...successfully transmitted models to 10 selected clients!
[INFO](2026/09/15/ 08:45:55 PM) [Round: 0255] Start updating selected 10 clients...!
[INFO](2026/09/15/ 08:46:57 PM) [Round: 0255] ...10 clients are selected and updated (with total sample size: 42)!
[INFO](2026/09/15/ 08:46:58 PM) [Round: 0255] Aggregate updated weights of 10 clients...!
[INFO](2026/09/15/ 08:46:58 PM) [Round: 0255] ...updated weights of 10 clients are successfully averaged!
[INFO](2026/09/15/ 08:46:59 PM) [Round: 0255] Evaluate global model's performance...!                
	[Server] ...finished evaluation!                
	=> Loss: 0.3660                
	=> Accuracy: 88.33%

[INFO](2026/09/15/ 08:47:00 PM) [Round: 0256] Select clients...!
[INFO](2026/09/15/ 08:47:00 PM) [Round: 0256] ...successfully transmitted models to 10 selected clients!
[INFO](2026/09/15/ 08:47:00 PM) [Round: 0256] Start updating selected 10 clients...!
[INFO](2026/09/15/ 08:48:07 PM) [Round: 0256] ...10 clients are selected and updated (with total sample size: 42)!
[INFO](2026/09/15/ 08:48:07 PM) [Round: 0256] Aggregate updated weights of 10 clients...!
[INFO](2026/09/15/ 08:48:07 PM) [Round: 0256] ...updated weights of 10 clients are successfully averaged!
[INFO](2026/09/15/ 08:48:09 PM) [Round: 0256] Evaluate global model's performance...!                
	[Server] ...finished evaluation!                
	=> Loss: 0.3769                
	=> Accuracy: 89.05%

[INFO](2026/09/15/ 08:48:09 PM) [Round: 0257] Select clients...!
[INFO](2026/09/15/ 08:48:09 PM) [Round: 0257] ...successfully transmitted models to 10 selected clients!
[INFO](2026/09/15/ 08:48:10 PM) [Round: 0257] Start updating selected 10 clients...!
[INFO](2026/09/15/ 08:49:09 PM) [Round: 0257] ...10 clients are selected and updated (with total sample size: 42)!
[INFO](2026/09/15/ 08:49:09 PM) [Round: 0257] Aggregate updated weights of 10 clients...!
[INFO](2026/09/15/ 08:49:10 PM) [Round: 0257] ...updated weights of 10 clients are successfully averaged!
[INFO](2026/09/15/ 08:49:11 PM) [Round: 0257] Evaluate global model's performance...!                
	[Server] ...finished evaluation!                
	=> Loss: 0.3617                
	=> Accuracy: 88.33%

[INFO](2026/09/15/ 08:49:11 PM) [Round: 0258] Select clients...!
[INFO](2026/09/15/ 08:49:12 PM) [Round: 0258] ...successfully transmitted models to 10 selected clients!
[INFO](2026/09/15/ 08:49:12 PM) [Round: 0258] Start updating selected 10 clients...!
[INFO](2026/09/15/ 08:50:16 PM) [Round: 0258] ...10 clients are selected and updated (with total sample size: 42)!
[INFO](2026/09/15/ 08:50:16 PM) [Round: 0258] Aggregate updated weights of 10 clients...!
[INFO](2026/09/15/ 08:50:17 PM) [Round: 0258] ...updated weights of 10 clients are successfully averaged!
[INFO](2026/09/15/ 08:50:18 PM) [Round: 0258] Evaluate global model's performance...!                
	[Server] ...finished evaluation!                
	=> Loss: 0.3916                
	=> Accuracy: 88.10%

[INFO](2026/09/15/ 08:50:18 PM) [Round: 0259] Select clients...!
[INFO](2026/09/15/ 08:50:19 PM) [Round: 0259] ...successfully transmitted models to 10 selected clients!
[INFO](2026/09/15/ 08:50:19 PM) [Round: 0259] Start updating selected 10 clients...!
[INFO](2026/09/15/ 08:51:24 PM) [Round: 0259] ...10 clients are selected and updated (with total sample size: 42)!
[INFO](2026/09/15/ 08:51:24 PM) [Round: 0259] Aggregate updated weights of 10 clients...!
[INFO](2026/09/15/ 08:51:25 PM) [Round: 0259] ...updated weights of 10 clients are successfully averaged!
[INFO](2026/09/15/ 08:51:26 PM) [Round: 0259] Evaluate global model's performance...!                
	[Server] ...finished evaluation!                
	=> Loss: 0.3722                
	=> Accuracy: 88.81%

[INFO](2026/09/15/ 08:51:26 PM) [Round: 0260] Select clients...!
[INFO](2026/09/15/ 08:51:27 PM) [Round: 0260] ...successfully transmitted models to 10 selected clients!
[INFO](2026/09/15/ 08:51:27 PM) [Round: 0260] Start updating selected 10 clients...!
[INFO](2026/09/15/ 08:52:29 PM) [Round: 0260] ...10 clients are selected and updated (with total sample size: 42)!
[INFO](2026/09/15/ 08:52:29 PM) [Round: 0260] Aggregate updated weights of 10 clients...!
[INFO](2026/09/15/ 08:52:30 PM) [Round: 0260] ...updated weights of 10 clients are successfully averaged!
[INFO](2026/09/15/ 08:52:31 PM) [Round: 0260] Evaluate global model's performance...!                
	[Server] ...finished evaluation!                
	=> Loss: 0.4363                
	=> Accuracy: 87.38%

[INFO](2026/09/15/ 08:52:31 PM) [Round: 0261] Select clients...!
[INFO](2026/09/15/ 08:52:32 PM) [Round: 0261] ...successfully transmitted models to 10 selected clients!
[INFO](2026/09/15/ 08:52:32 PM) [Round: 0261] Start updating selected 10 clients...!
[INFO](2026/09/15/ 08:53:36 PM) [Round: 0261] ...10 clients are selected and updated (with total sample size: 42)!
[INFO](2026/09/15/ 08:53:37 PM) [Round: 0261] Aggregate updated weights of 10 clients...!
[INFO](2026/09/15/ 08:53:37 PM) [Round: 0261] ...updated weights of 10 clients are successfully averaged!
[INFO](2026/09/15/ 08:53:38 PM) [Round: 0261] Evaluate global model's performance...!                
	[Server] ...finished evaluation!                
	=> Loss: 0.3738                
	=> Accuracy: 88.33%

[INFO](2026/09/15/ 08:53:39 PM) [Round: 0262] Select clients...!
[INFO](2026/09/15/ 08:53:39 PM) [Round: 0262] ...successfully transmitted models to 10 selected clients!
[INFO](2026/09/15/ 08:53:39 PM) [Round: 0262] Start updating selected 10 clients...!
[INFO](2026/09/15/ 08:54:42 PM) [Round: 0262] ...10 clients are selected and updated (with total sample size: 42)!
[INFO](2026/09/15/ 08:54:42 PM) [Round: 0262] Aggregate updated weights of 10 clients...!
[INFO](2026/09/15/ 08:54:42 PM) [Round: 0262] ...updated weights of 10 clients are successfully averaged!
[INFO](2026/09/15/ 08:54:44 PM) [Round: 0262] Evaluate global model's performance...!                
	[Server] ...finished evaluation!                
	=> Loss: 0.3647                
	=> Accuracy: 87.14%

[INFO](2026/09/15/ 08:54:44 PM) [Round: 0263] Select clients...!
[INFO](2026/09/15/ 08:54:45 PM) [Round: 0263] ...successfully transmitted models to 10 selected clients!
[INFO](2026/09/15/ 08:54:45 PM) [Round: 0263] Start updating selected 10 clients...!
[INFO](2026/09/15/ 08:55:46 PM) [Round: 0263] ...10 clients are selected and updated (with total sample size: 42)!
[INFO](2026/09/15/ 08:55:46 PM) [Round: 0263] Aggregate updated weights of 10 clients...!
[INFO](2026/09/15/ 08:55:47 PM) [Round: 0263] ...updated weights of 10 clients are successfully averaged!
[INFO](2026/09/15/ 08:55:48 PM) [Round: 0263] Evaluate global model's performance...!                
	[Server] ...finished evaluation!                
	=> Loss: 0.3580                
	=> Accuracy: 89.05%

[INFO](2026/09/15/ 08:55:48 PM) [Round: 0264] Select clients...!
[INFO](2026/09/15/ 08:55:49 PM) [Round: 0264] ...successfully transmitted models to 10 selected clients!
[INFO](2026/09/15/ 08:55:49 PM) [Round: 0264] Start updating selected 10 clients...!
[INFO](2026/09/15/ 08:56:54 PM) [Round: 0264] ...10 clients are selected and updated (with total sample size: 42)!
[INFO](2026/09/15/ 08:56:54 PM) [Round: 0264] Aggregate updated weights of 10 clients...!
[INFO](2026/09/15/ 08:56:54 PM) [Round: 0264] ...updated weights of 10 clients are successfully averaged!
[INFO](2026/09/15/ 08:56:56 PM) [Round: 0264] Evaluate global model's performance...!                
	[Server] ...finished evaluation!                
	=> Loss: 0.4025                
	=> Accuracy: 88.33%

[INFO](2026/09/15/ 08:56:56 PM) [Round: 0265] Select clients...!
[INFO](2026/09/15/ 08:56:56 PM) [Round: 0265] ...successfully transmitted models to 10 selected clients!
[INFO](2026/09/15/ 08:56:57 PM) [Round: 0265] Start updating selected 10 clients...!
[INFO](2026/09/15/ 08:57:58 PM) [Round: 0265] ...10 clients are selected and updated (with total sample size: 42)!
[INFO](2026/09/15/ 08:57:58 PM) [Round: 0265] Aggregate updated weights of 10 clients...!
[INFO](2026/09/15/ 08:57:58 PM) [Round: 0265] ...updated weights of 10 clients are successfully averaged!
[INFO](2026/09/15/ 08:58:00 PM) [Round: 0265] Evaluate global model's performance...!                
	[Server] ...finished evaluation!                
	=> Loss: 0.4073                
	=> Accuracy: 86.90%

[INFO](2026/09/15/ 08:58:00 PM) [Round: 0266] Select clients...!
[INFO](2026/09/15/ 08:58:01 PM) [Round: 0266] ...successfully transmitted models to 10 selected clients!
[INFO](2026/09/15/ 08:58:01 PM) [Round: 0266] Start updating selected 10 clients...!
[INFO](2026/09/15/ 08:59:06 PM) [Round: 0266] ...10 clients are selected and updated (with total sample size: 42)!
[INFO](2026/09/15/ 08:59:07 PM) [Round: 0266] Aggregate updated weights of 10 clients...!
[INFO](2026/09/15/ 08:59:07 PM) [Round: 0266] ...updated weights of 10 clients are successfully averaged!
[INFO](2026/09/15/ 08:59:08 PM) [Round: 0266] Evaluate global model's performance...!                
	[Server] ...finished evaluation!                
	=> Loss: 0.3989                
	=> Accuracy: 88.33%

[INFO](2026/09/15/ 08:59:09 PM) [Round: 0267] Select clients...!
[INFO](2026/09/15/ 08:59:09 PM) [Round: 0267] ...successfully transmitted models to 10 selected clients!
[INFO](2026/09/15/ 08:59:09 PM) [Round: 0267] Start updating selected 10 clients...!
[INFO](2026/09/15/ 09:00:12 PM) [Round: 0267] ...10 clients are selected and updated (with total sample size: 42)!
[INFO](2026/09/15/ 09:00:12 PM) [Round: 0267] Aggregate updated weights of 10 clients...!
[INFO](2026/09/15/ 09:00:13 PM) [Round: 0267] ...updated weights of 10 clients are successfully averaged!
[INFO](2026/09/15/ 09:00:14 PM) [Round: 0267] Evaluate global model's performance...!                
	[Server] ...finished evaluation!                
	=> Loss: 0.3850                
	=> Accuracy: 87.86%

[INFO](2026/09/15/ 09:00:14 PM) [Round: 0268] Select clients...!
[INFO](2026/09/15/ 09:00:15 PM) [Round: 0268] ...successfully transmitted models to 10 selected clients!
[INFO](2026/09/15/ 09:00:15 PM) [Round: 0268] Start updating selected 10 clients...!
[INFO](2026/09/15/ 09:01:19 PM) [Round: 0268] ...10 clients are selected and updated (with total sample size: 42)!
[INFO](2026/09/15/ 09:01:19 PM) [Round: 0268] Aggregate updated weights of 10 clients...!
[INFO](2026/09/15/ 09:01:19 PM) [Round: 0268] ...updated weights of 10 clients are successfully averaged!
[INFO](2026/09/15/ 09:01:21 PM) [Round: 0268] Evaluate global model's performance...!                
	[Server] ...finished evaluation!                
	=> Loss: 0.4181                
	=> Accuracy: 86.90%

[INFO](2026/09/15/ 09:01:21 PM) [Round: 0269] Select clients...!
[INFO](2026/09/15/ 09:01:21 PM) [Round: 0269] ...successfully transmitted models to 10 selected clients!
[INFO](2026/09/15/ 09:01:22 PM) [Round: 0269] Start updating selected 10 clients...!
[INFO](2026/09/15/ 09:02:25 PM) [Round: 0269] ...10 clients are selected and updated (with total sample size: 42)!
[INFO](2026/09/15/ 09:02:25 PM) [Round: 0269] Aggregate updated weights of 10 clients...!
[INFO](2026/09/15/ 09:02:25 PM) [Round: 0269] ...updated weights of 10 clients are successfully averaged!
[INFO](2026/09/15/ 09:02:27 PM) [Round: 0269] Evaluate global model's performance...!                
	[Server] ...finished evaluation!                
	=> Loss: 0.3622                
	=> Accuracy: 88.57%

[INFO](2026/09/15/ 09:02:27 PM) [Round: 0270] Select clients...!
[INFO](2026/09/15/ 09:02:28 PM) [Round: 0270] ...successfully transmitted models to 10 selected clients!
[INFO](2026/09/15/ 09:02:28 PM) [Round: 0270] Start updating selected 10 clients...!
[INFO](2026/09/15/ 09:03:26 PM) [Round: 0270] ...10 clients are selected and updated (with total sample size: 42)!
[INFO](2026/09/15/ 09:03:26 PM) [Round: 0270] Aggregate updated weights of 10 clients...!
[INFO](2026/09/15/ 09:03:26 PM) [Round: 0270] ...updated weights of 10 clients are successfully averaged!
[INFO](2026/09/15/ 09:03:28 PM) [Round: 0270] Evaluate global model's performance...!                
	[Server] ...finished evaluation!                
	=> Loss: 0.3744                
	=> Accuracy: 89.05%

[INFO](2026/09/15/ 09:03:28 PM) [Round: 0271] Select clients...!
[INFO](2026/09/15/ 09:03:28 PM) [Round: 0271] ...successfully transmitted models to 10 selected clients!
[INFO](2026/09/15/ 09:03:28 PM) [Round: 0271] Start updating selected 10 clients...!
[INFO](2026/09/15/ 09:04:35 PM) [Round: 0271] ...10 clients are selected and updated (with total sample size: 42)!
[INFO](2026/09/15/ 09:04:35 PM) [Round: 0271] Aggregate updated weights of 10 clients...!
[INFO](2026/09/15/ 09:04:35 PM) [Round: 0271] ...updated weights of 10 clients are successfully averaged!
[INFO](2026/09/15/ 09:04:37 PM) [Round: 0271] Evaluate global model's performance...!                
	[Server] ...finished evaluation!                
	=> Loss: 0.3789                
	=> Accuracy: 88.33%

[INFO](2026/09/15/ 09:04:37 PM) [Round: 0272] Select clients...!
[INFO](2026/09/15/ 09:04:37 PM) [Round: 0272] ...successfully transmitted models to 10 selected clients!
[INFO](2026/09/15/ 09:04:38 PM) [Round: 0272] Start updating selected 10 clients...!
[INFO](2026/09/15/ 09:05:41 PM) [Round: 0272] ...10 clients are selected and updated (with total sample size: 42)!
[INFO](2026/09/15/ 09:05:42 PM) [Round: 0272] Aggregate updated weights of 10 clients...!
[INFO](2026/09/15/ 09:05:42 PM) [Round: 0272] ...updated weights of 10 clients are successfully averaged!
[INFO](2026/09/15/ 09:05:43 PM) [Round: 0272] Evaluate global model's performance...!                
	[Server] ...finished evaluation!                
	=> Loss: 0.3656                
	=> Accuracy: 87.14%

[INFO](2026/09/15/ 09:05:44 PM) [Round: 0273] Select clients...!
[INFO](2026/09/15/ 09:05:44 PM) [Round: 0273] ...successfully transmitted models to 10 selected clients!
[INFO](2026/09/15/ 09:05:44 PM) [Round: 0273] Start updating selected 10 clients...!
[INFO](2026/09/15/ 09:06:50 PM) [Round: 0273] ...10 clients are selected and updated (with total sample size: 42)!
[INFO](2026/09/15/ 09:06:50 PM) [Round: 0273] Aggregate updated weights of 10 clients...!
[INFO](2026/09/15/ 09:06:50 PM) [Round: 0273] ...updated weights of 10 clients are successfully averaged!
[INFO](2026/09/15/ 09:06:52 PM) [Round: 0273] Evaluate global model's performance...!                
	[Server] ...finished evaluation!                
	=> Loss: 0.4055                
	=> Accuracy: 86.67%

[INFO](2026/09/15/ 09:06:52 PM) [Round: 0274] Select clients...!
[INFO](2026/09/15/ 09:06:53 PM) [Round: 0274] ...successfully transmitted models to 10 selected clients!
[INFO](2026/09/15/ 09:06:53 PM) [Round: 0274] Start updating selected 10 clients...!
[INFO](2026/09/15/ 09:07:58 PM) [Round: 0274] ...10 clients are selected and updated (with total sample size: 42)!
[INFO](2026/09/15/ 09:07:58 PM) [Round: 0274] Aggregate updated weights of 10 clients...!
[INFO](2026/09/15/ 09:07:58 PM) [Round: 0274] ...updated weights of 10 clients are successfully averaged!
[INFO](2026/09/15/ 09:08:00 PM) [Round: 0274] Evaluate global model's performance...!                
	[Server] ...finished evaluation!                
	=> Loss: 0.3903                
	=> Accuracy: 87.14%

[INFO](2026/09/15/ 09:08:00 PM) [Round: 0275] Select clients...!
[INFO](2026/09/15/ 09:08:01 PM) [Round: 0275] ...successfully transmitted models to 10 selected clients!
[INFO](2026/09/15/ 09:08:01 PM) [Round: 0275] Start updating selected 10 clients...!
[INFO](2026/09/15/ 09:09:07 PM) [Round: 0275] ...10 clients are selected and updated (with total sample size: 42)!
[INFO](2026/09/15/ 09:09:08 PM) [Round: 0275] Aggregate updated weights of 10 clients...!
[INFO](2026/09/15/ 09:09:08 PM) [Round: 0275] ...updated weights of 10 clients are successfully averaged!
[INFO](2026/09/15/ 09:09:09 PM) [Round: 0275] Evaluate global model's performance...!                
	[Server] ...finished evaluation!                
	=> Loss: 0.3722                
	=> Accuracy: 87.38%

[INFO](2026/09/15/ 09:09:10 PM) [Round: 0276] Select clients...!
[INFO](2026/09/15/ 09:09:10 PM) [Round: 0276] ...successfully transmitted models to 10 selected clients!
[INFO](2026/09/15/ 09:09:10 PM) [Round: 0276] Start updating selected 10 clients...!
[INFO](2026/09/15/ 09:10:11 PM) [Round: 0276] ...10 clients are selected and updated (with total sample size: 42)!
[INFO](2026/09/15/ 09:10:12 PM) [Round: 0276] Aggregate updated weights of 10 clients...!
[INFO](2026/09/15/ 09:10:12 PM) [Round: 0276] ...updated weights of 10 clients are successfully averaged!
[INFO](2026/09/15/ 09:10:13 PM) [Round: 0276] Evaluate global model's performance...!                
	[Server] ...finished evaluation!                
	=> Loss: 0.3538                
	=> Accuracy: 88.33%

[INFO](2026/09/15/ 09:10:14 PM) [Round: 0277] Select clients...!
[INFO](2026/09/15/ 09:10:14 PM) [Round: 0277] ...successfully transmitted models to 10 selected clients!
[INFO](2026/09/15/ 09:10:14 PM) [Round: 0277] Start updating selected 10 clients...!
[INFO](2026/09/15/ 09:11:16 PM) [Round: 0277] ...10 clients are selected and updated (with total sample size: 42)!
[INFO](2026/09/15/ 09:11:16 PM) [Round: 0277] Aggregate updated weights of 10 clients...!
[INFO](2026/09/15/ 09:11:16 PM) [Round: 0277] ...updated weights of 10 clients are successfully averaged!
[INFO](2026/09/15/ 09:11:18 PM) [Round: 0277] Evaluate global model's performance...!                
	[Server] ...finished evaluation!                
	=> Loss: 0.3833                
	=> Accuracy: 87.62%

[INFO](2026/09/15/ 09:11:18 PM) [Round: 0278] Select clients...!
[INFO](2026/09/15/ 09:11:19 PM) [Round: 0278] ...successfully transmitted models to 10 selected clients!
[INFO](2026/09/15/ 09:11:19 PM) [Round: 0278] Start updating selected 10 clients...!
[INFO](2026/09/15/ 09:12:22 PM) [Round: 0278] ...10 clients are selected and updated (with total sample size: 42)!
[INFO](2026/09/15/ 09:12:22 PM) [Round: 0278] Aggregate updated weights of 10 clients...!
[INFO](2026/09/15/ 09:12:22 PM) [Round: 0278] ...updated weights of 10 clients are successfully averaged!
[INFO](2026/09/15/ 09:12:24 PM) [Round: 0278] Evaluate global model's performance...!                
	[Server] ...finished evaluation!                
	=> Loss: 0.3879                
	=> Accuracy: 88.81%

[INFO](2026/09/15/ 09:12:24 PM) [Round: 0279] Select clients...!
[INFO](2026/09/15/ 09:12:24 PM) [Round: 0279] ...successfully transmitted models to 10 selected clients!
[INFO](2026/09/15/ 09:12:25 PM) [Round: 0279] Start updating selected 10 clients...!
[INFO](2026/09/15/ 09:13:26 PM) [Round: 0279] ...10 clients are selected and updated (with total sample size: 42)!
[INFO](2026/09/15/ 09:13:26 PM) [Round: 0279] Aggregate updated weights of 10 clients...!
[INFO](2026/09/15/ 09:13:26 PM) [Round: 0279] ...updated weights of 10 clients are successfully averaged!
[INFO](2026/09/15/ 09:13:28 PM) [Round: 0279] Evaluate global model's performance...!                
	[Server] ...finished evaluation!                
	=> Loss: 0.3627                
	=> Accuracy: 88.81%

[INFO](2026/09/15/ 09:13:28 PM) [Round: 0280] Select clients...!
[INFO](2026/09/15/ 09:13:28 PM) [Round: 0280] ...successfully transmitted models to 10 selected clients!
[INFO](2026/09/15/ 09:13:28 PM) [Round: 0280] Start updating selected 10 clients...!
[INFO](2026/09/15/ 09:14:32 PM) [Round: 0280] ...10 clients are selected and updated (with total sample size: 42)!
[INFO](2026/09/15/ 09:14:32 PM) [Round: 0280] Aggregate updated weights of 10 clients...!
[INFO](2026/09/15/ 09:14:32 PM) [Round: 0280] ...updated weights of 10 clients are successfully averaged!
[INFO](2026/09/15/ 09:14:34 PM) [Round: 0280] Evaluate global model's performance...!                
	[Server] ...finished evaluation!                
	=> Loss: 0.3614                
	=> Accuracy: 88.81%

[INFO](2026/09/15/ 09:14:34 PM) [Round: 0281] Select clients...!
[INFO](2026/09/15/ 09:14:35 PM) [Round: 0281] ...successfully transmitted models to 10 selected clients!
[INFO](2026/09/15/ 09:14:35 PM) [Round: 0281] Start updating selected 10 clients...!
[INFO](2026/09/15/ 09:15:37 PM) [Round: 0281] ...10 clients are selected and updated (with total sample size: 42)!
[INFO](2026/09/15/ 09:15:37 PM) [Round: 0281] Aggregate updated weights of 10 clients...!
[INFO](2026/09/15/ 09:15:38 PM) [Round: 0281] ...updated weights of 10 clients are successfully averaged!
[INFO](2026/09/15/ 09:15:39 PM) [Round: 0281] Evaluate global model's performance...!                
	[Server] ...finished evaluation!                
	=> Loss: 0.3950                
	=> Accuracy: 87.14%

[INFO](2026/09/15/ 09:15:39 PM) [Round: 0282] Select clients...!
[INFO](2026/09/15/ 09:15:40 PM) [Round: 0282] ...successfully transmitted models to 10 selected clients!
[INFO](2026/09/15/ 09:15:40 PM) [Round: 0282] Start updating selected 10 clients...!
[INFO](2026/09/15/ 09:16:45 PM) [Round: 0282] ...10 clients are selected and updated (with total sample size: 42)!
[INFO](2026/09/15/ 09:16:45 PM) [Round: 0282] Aggregate updated weights of 10 clients...!
[INFO](2026/09/15/ 09:16:46 PM) [Round: 0282] ...updated weights of 10 clients are successfully averaged!
[INFO](2026/09/15/ 09:16:47 PM) [Round: 0282] Evaluate global model's performance...!                
	[Server] ...finished evaluation!                
	=> Loss: 0.3782                
	=> Accuracy: 87.38%

[INFO](2026/09/15/ 09:16:48 PM) [Round: 0283] Select clients...!
[INFO](2026/09/15/ 09:16:48 PM) [Round: 0283] ...successfully transmitted models to 10 selected clients!
[INFO](2026/09/15/ 09:16:48 PM) [Round: 0283] Start updating selected 10 clients...!
