[INFO](2026/08/20/ 02:03:23 AM) 
[WELCOME] Unfolding configurations...!
[INFO](2026/08/20/ 02:03:23 AM) {'global_config': {'seed': 5959, 'device': 'cuda:0', 'is_mp': False}}
[INFO](2026/08/20/ 02:03:23 AM) {'data_config': {'data_path': './data/', 'dataset_name': 'ucml', 'num_shards': 210, 'iid': False, 'diri': True, 'alpha': 0.5}}
[INFO](2026/08/20/ 02:03:23 AM) {'fed_config': {'C': 0.24, 'K': 42, 'R': 1000, 'E': 5, 'B': 10, 'criterion': 'torch.nn.CrossEntropyLoss', 'optimizer': 'torch.optim.SGD'}}
[INFO](2026/08/20/ 02:03:23 AM) {'optim_config': {'lr': 0.05, 'momentum': 0.9}}
[INFO](2026/08/20/ 02:03:23 AM) {'init_config': {'init_type': 'xavier', 'init_gain': 1.0, 'gpu_ids': [0]}}
[INFO](2026/08/20/ 02:03:23 AM) {'model_config': {'name': 'ResNet18', 'inplanes': 64, 'num_classes': 21}}
[INFO](2026/08/20/ 02:03:23 AM) {'log_config': {'log_path': './log/2026-08-20_02_03_20', 'log_name': 'FL.log', 'tb_port': 5255, 'tb_host': '0.0.0.0'}}
[INFO](2026/08/20/ 02:03:23 AM) {'cl_config': {'cl_dim': 2048, 'cl_gamma': 0.05, 'cl_temp': 0.05, 'cl_K': 50}}
[INFO](2026/08/20/ 02:03:23 AM) [Round: 0000] ...successfully initialized model (# parameters: 12763349)!
[INFO](2026/08/20/ 02:03:23 AM) [Round: 0000] ...successfully created all 42 clients!
[INFO](2026/08/20/ 02:03:23 AM) [Round: 0000] ...successfully finished setup of all 42 clients!
[INFO](2026/08/20/ 02:03:25 AM) [Round: 0000] ...successfully transmitted models to all 42 clients!
[INFO](2026/08/20/ 02:03:25 AM) [Round: 0001] Select clients...!
[INFO](2026/08/20/ 02:03:25 AM) [Round: 0001] ...successfully transmitted models to 10 selected clients!
[INFO](2026/08/20/ 02:03:25 AM) [Round: 0001] Start updating selected 10 clients...!
[INFO](2026/08/20/ 02:04:24 AM) [Round: 0001] ...10 clients are selected and updated (with total sample size: 25)!
[INFO](2026/08/20/ 02:04:24 AM) [Round: 0001] Aggregate updated weights of 10 clients...!
[INFO](2026/08/20/ 02:04:24 AM) [Round: 0001] ...updated weights of 10 clients are successfully averaged!
[INFO](2026/08/20/ 02:04:45 AM) [Round: 0001] Evaluate global model's performance...!                
	[Server] ...finished evaluation!                
	=> Loss: 5.7668                
	=> Accuracy: 4.76%

[INFO](2026/08/20/ 02:04:45 AM) [Round: 0002] Select clients...!
[INFO](2026/08/20/ 02:04:45 AM) [Round: 0002] ...successfully transmitted models to 10 selected clients!
[INFO](2026/08/20/ 02:04:45 AM) [Round: 0002] Start updating selected 10 clients...!
[INFO](2026/08/20/ 02:05:33 AM) [Round: 0002] ...10 clients are selected and updated (with total sample size: 25)!
[INFO](2026/08/20/ 02:05:33 AM) [Round: 0002] Aggregate updated weights of 10 clients...!
[INFO](2026/08/20/ 02:05:34 AM) [Round: 0002] ...updated weights of 10 clients are successfully averaged!
[INFO](2026/08/20/ 02:05:35 AM) [Round: 0002] Evaluate global model's performance...!                
	[Server] ...finished evaluation!                
	=> Loss: 6.6422                
	=> Accuracy: 4.76%

[INFO](2026/08/20/ 02:05:35 AM) [Round: 0003] Select clients...!
[INFO](2026/08/20/ 02:05:36 AM) [Round: 0003] ...successfully transmitted models to 10 selected clients!
[INFO](2026/08/20/ 02:05:36 AM) [Round: 0003] Start updating selected 10 clients...!
[INFO](2026/08/20/ 02:06:45 AM) [Round: 0003] ...10 clients are selected and updated (with total sample size: 42)!
[INFO](2026/08/20/ 02:06:45 AM) [Round: 0003] Aggregate updated weights of 10 clients...!
[INFO](2026/08/20/ 02:06:45 AM) [Round: 0003] ...updated weights of 10 clients are successfully averaged!
[INFO](2026/08/20/ 02:06:47 AM) [Round: 0003] Evaluate global model's performance...!                
	[Server] ...finished evaluation!                
	=> Loss: 4.3714                
	=> Accuracy: 5.00%

[INFO](2026/08/20/ 02:06:47 AM) [Round: 0004] Select clients...!
[INFO](2026/08/20/ 02:06:48 AM) [Round: 0004] ...successfully transmitted models to 10 selected clients!
[INFO](2026/08/20/ 02:06:48 AM) [Round: 0004] Start updating selected 10 clients...!
[INFO](2026/08/20/ 02:07:30 AM) [Round: 0004] ...10 clients are selected and updated (with total sample size: 50)!
[INFO](2026/08/20/ 02:07:30 AM) [Round: 0004] Aggregate updated weights of 10 clients...!
[INFO](2026/08/20/ 02:07:30 AM) [Round: 0004] ...updated weights of 10 clients are successfully averaged!
[INFO](2026/08/20/ 02:07:32 AM) [Round: 0004] Evaluate global model's performance...!                
	[Server] ...finished evaluation!                
	=> Loss: 3.5134                
	=> Accuracy: 5.24%

[INFO](2026/08/20/ 02:07:32 AM) [Round: 0005] Select clients...!
[INFO](2026/08/20/ 02:07:32 AM) [Round: 0005] ...successfully transmitted models to 10 selected clients!
[INFO](2026/08/20/ 02:07:32 AM) [Round: 0005] Start updating selected 10 clients...!
[INFO](2026/08/20/ 02:08:33 AM) [Round: 0005] ...10 clients are selected and updated (with total sample size: 47)!
[INFO](2026/08/20/ 02:08:33 AM) [Round: 0005] Aggregate updated weights of 10 clients...!
[INFO](2026/08/20/ 02:08:34 AM) [Round: 0005] ...updated weights of 10 clients are successfully averaged!
[INFO](2026/08/20/ 02:08:37 AM) [Round: 0005] Evaluate global model's performance...!                
	[Server] ...finished evaluation!                
	=> Loss: 3.1599                
	=> Accuracy: 5.95%

[INFO](2026/08/20/ 02:08:37 AM) [Round: 0006] Select clients...!
[INFO](2026/08/20/ 02:08:37 AM) [Round: 0006] ...successfully transmitted models to 10 selected clients!
[INFO](2026/08/20/ 02:08:38 AM) [Round: 0006] Start updating selected 10 clients...!
[INFO](2026/08/20/ 02:09:41 AM) [Round: 0006] ...10 clients are selected and updated (with total sample size: 47)!
[INFO](2026/08/20/ 02:09:41 AM) [Round: 0006] Aggregate updated weights of 10 clients...!
[INFO](2026/08/20/ 02:09:42 AM) [Round: 0006] ...updated weights of 10 clients are successfully averaged!
[INFO](2026/08/20/ 02:09:44 AM) [Round: 0006] Evaluate global model's performance...!                
	[Server] ...finished evaluation!                
	=> Loss: 3.1779                
	=> Accuracy: 8.33%

[INFO](2026/08/20/ 02:09:44 AM) [Round: 0007] Select clients...!
[INFO](2026/08/20/ 02:09:45 AM) [Round: 0007] ...successfully transmitted models to 10 selected clients!
[INFO](2026/08/20/ 02:09:45 AM) [Round: 0007] Start updating selected 10 clients...!
[INFO](2026/08/20/ 02:10:46 AM) [Round: 0007] ...10 clients are selected and updated (with total sample size: 47)!
[INFO](2026/08/20/ 02:10:46 AM) [Round: 0007] Aggregate updated weights of 10 clients...!
[INFO](2026/08/20/ 02:10:47 AM) [Round: 0007] ...updated weights of 10 clients are successfully averaged!
[INFO](2026/08/20/ 02:10:48 AM) [Round: 0007] Evaluate global model's performance...!                
	[Server] ...finished evaluation!                
	=> Loss: 2.9476                
	=> Accuracy: 10.95%

[INFO](2026/08/20/ 02:10:48 AM) [Round: 0008] Select clients...!
[INFO](2026/08/20/ 02:10:49 AM) [Round: 0008] ...successfully transmitted models to 10 selected clients!
[INFO](2026/08/20/ 02:10:49 AM) [Round: 0008] Start updating selected 10 clients...!
[INFO](2026/08/20/ 02:11:34 AM) [Round: 0008] ...10 clients are selected and updated (with total sample size: 42)!
[INFO](2026/08/20/ 02:11:34 AM) [Round: 0008] Aggregate updated weights of 10 clients...!
[INFO](2026/08/20/ 02:11:35 AM) [Round: 0008] ...updated weights of 10 clients are successfully averaged!
[INFO](2026/08/20/ 02:11:36 AM) [Round: 0008] Evaluate global model's performance...!                
	[Server] ...finished evaluation!                
	=> Loss: 3.2346                
	=> Accuracy: 12.38%

[INFO](2026/08/20/ 02:11:37 AM) [Round: 0009] Select clients...!
[INFO](2026/08/20/ 02:11:37 AM) [Round: 0009] ...successfully transmitted models to 10 selected clients!
[INFO](2026/08/20/ 02:11:37 AM) [Round: 0009] Start updating selected 10 clients...!
[INFO](2026/08/20/ 02:12:27 AM) [Round: 0009] ...10 clients are selected and updated (with total sample size: 50)!
[INFO](2026/08/20/ 02:12:27 AM) [Round: 0009] Aggregate updated weights of 10 clients...!
[INFO](2026/08/20/ 02:12:27 AM) [Round: 0009] ...updated weights of 10 clients are successfully averaged!
[INFO](2026/08/20/ 02:12:30 AM) [Round: 0009] Evaluate global model's performance...!                
	[Server] ...finished evaluation!                
	=> Loss: 3.0523                
	=> Accuracy: 10.00%

[INFO](2026/08/20/ 02:12:30 AM) [Round: 0010] Select clients...!
[INFO](2026/08/20/ 02:12:31 AM) [Round: 0010] ...successfully transmitted models to 10 selected clients!
[INFO](2026/08/20/ 02:12:31 AM) [Round: 0010] Start updating selected 10 clients...!
[INFO](2026/08/20/ 02:13:24 AM) [Round: 0010] ...10 clients are selected and updated (with total sample size: 25)!
[INFO](2026/08/20/ 02:13:24 AM) [Round: 0010] Aggregate updated weights of 10 clients...!
[INFO](2026/08/20/ 02:13:24 AM) [Round: 0010] ...updated weights of 10 clients are successfully averaged!
[INFO](2026/08/20/ 02:13:27 AM) [Round: 0010] Evaluate global model's performance...!                
	[Server] ...finished evaluation!                
	=> Loss: 3.0129                
	=> Accuracy: 13.10%

[INFO](2026/08/20/ 02:13:27 AM) [Round: 0011] Select clients...!
[INFO](2026/08/20/ 02:13:28 AM) [Round: 0011] ...successfully transmitted models to 10 selected clients!
[INFO](2026/08/20/ 02:13:28 AM) [Round: 0011] Start updating selected 10 clients...!
[INFO](2026/08/20/ 02:14:25 AM) [Round: 0011] ...10 clients are selected and updated (with total sample size: 47)!
[INFO](2026/08/20/ 02:14:25 AM) [Round: 0011] Aggregate updated weights of 10 clients...!
[INFO](2026/08/20/ 02:14:25 AM) [Round: 0011] ...updated weights of 10 clients are successfully averaged!
[INFO](2026/08/20/ 02:14:28 AM) [Round: 0011] Evaluate global model's performance...!                
	[Server] ...finished evaluation!                
	=> Loss: 2.7566                
	=> Accuracy: 17.62%

[INFO](2026/08/20/ 02:14:28 AM) [Round: 0012] Select clients...!
[INFO](2026/08/20/ 02:14:29 AM) [Round: 0012] ...successfully transmitted models to 10 selected clients!
[INFO](2026/08/20/ 02:14:29 AM) [Round: 0012] Start updating selected 10 clients...!
[INFO](2026/08/20/ 02:15:15 AM) [Round: 0012] ...10 clients are selected and updated (with total sample size: 42)!
[INFO](2026/08/20/ 02:15:15 AM) [Round: 0012] Aggregate updated weights of 10 clients...!
[INFO](2026/08/20/ 02:15:15 AM) [Round: 0012] ...updated weights of 10 clients are successfully averaged!
[INFO](2026/08/20/ 02:15:16 AM) [Round: 0012] Evaluate global model's performance...!                
	[Server] ...finished evaluation!                
	=> Loss: 2.7135                
	=> Accuracy: 15.48%

[INFO](2026/08/20/ 02:15:16 AM) [Round: 0013] Select clients...!
[INFO](2026/08/20/ 02:15:17 AM) [Round: 0013] ...successfully transmitted models to 10 selected clients!
[INFO](2026/08/20/ 02:15:17 AM) [Round: 0013] Start updating selected 10 clients...!
[INFO](2026/08/20/ 02:16:01 AM) [Round: 0013] ...10 clients are selected and updated (with total sample size: 50)!
[INFO](2026/08/20/ 02:16:01 AM) [Round: 0013] Aggregate updated weights of 10 clients...!
[INFO](2026/08/20/ 02:16:02 AM) [Round: 0013] ...updated weights of 10 clients are successfully averaged!
[INFO](2026/08/20/ 02:16:03 AM) [Round: 0013] Evaluate global model's performance...!                
	[Server] ...finished evaluation!                
	=> Loss: 2.6564                
	=> Accuracy: 18.10%

[INFO](2026/08/20/ 02:16:03 AM) [Round: 0014] Select clients...!
[INFO](2026/08/20/ 02:16:04 AM) [Round: 0014] ...successfully transmitted models to 10 selected clients!
[INFO](2026/08/20/ 02:16:04 AM) [Round: 0014] Start updating selected 10 clients...!
[INFO](2026/08/20/ 02:16:44 AM) [Round: 0014] ...10 clients are selected and updated (with total sample size: 49)!
[INFO](2026/08/20/ 02:16:44 AM) [Round: 0014] Aggregate updated weights of 10 clients...!
[INFO](2026/08/20/ 02:16:44 AM) [Round: 0014] ...updated weights of 10 clients are successfully averaged!
[INFO](2026/08/20/ 02:16:46 AM) [Round: 0014] Evaluate global model's performance...!                
	[Server] ...finished evaluation!                
	=> Loss: 2.4664                
	=> Accuracy: 20.71%

[INFO](2026/08/20/ 02:16:46 AM) [Round: 0015] Select clients...!
[INFO](2026/08/20/ 02:16:46 AM) [Round: 0015] ...successfully transmitted models to 10 selected clients!
[INFO](2026/08/20/ 02:16:47 AM) [Round: 0015] Start updating selected 10 clients...!
[INFO](2026/08/20/ 02:17:25 AM) [Round: 0015] ...10 clients are selected and updated (with total sample size: 25)!
[INFO](2026/08/20/ 02:17:25 AM) [Round: 0015] Aggregate updated weights of 10 clients...!
[INFO](2026/08/20/ 02:17:26 AM) [Round: 0015] ...updated weights of 10 clients are successfully averaged!
[INFO](2026/08/20/ 02:17:28 AM) [Round: 0015] Evaluate global model's performance...!                
	[Server] ...finished evaluation!                
	=> Loss: 2.5459                
	=> Accuracy: 24.29%

[INFO](2026/08/20/ 02:17:28 AM) [Round: 0016] Select clients...!
[INFO](2026/08/20/ 02:17:28 AM) [Round: 0016] ...successfully transmitted models to 10 selected clients!
[INFO](2026/08/20/ 02:17:29 AM) [Round: 0016] Start updating selected 10 clients...!
[INFO](2026/08/20/ 02:18:10 AM) [Round: 0016] ...10 clients are selected and updated (with total sample size: 49)!
[INFO](2026/08/20/ 02:18:10 AM) [Round: 0016] Aggregate updated weights of 10 clients...!
[INFO](2026/08/20/ 02:18:10 AM) [Round: 0016] ...updated weights of 10 clients are successfully averaged!
[INFO](2026/08/20/ 02:18:12 AM) [Round: 0016] Evaluate global model's performance...!                
	[Server] ...finished evaluation!                
	=> Loss: 2.4315                
	=> Accuracy: 24.76%

[INFO](2026/08/20/ 02:18:12 AM) [Round: 0017] Select clients...!
[INFO](2026/08/20/ 02:18:12 AM) [Round: 0017] ...successfully transmitted models to 10 selected clients!
[INFO](2026/08/20/ 02:18:12 AM) [Round: 0017] Start updating selected 10 clients...!
[INFO](2026/08/20/ 02:18:48 AM) [Round: 0017] ...10 clients are selected and updated (with total sample size: 47)!
[INFO](2026/08/20/ 02:18:48 AM) [Round: 0017] Aggregate updated weights of 10 clients...!
[INFO](2026/08/20/ 02:18:48 AM) [Round: 0017] ...updated weights of 10 clients are successfully averaged!
[INFO](2026/08/20/ 02:18:50 AM) [Round: 0017] Evaluate global model's performance...!                
	[Server] ...finished evaluation!                
	=> Loss: 2.4304                
	=> Accuracy: 21.90%

[INFO](2026/08/20/ 02:18:50 AM) [Round: 0018] Select clients...!
[INFO](2026/08/20/ 02:18:50 AM) [Round: 0018] ...successfully transmitted models to 10 selected clients!
[INFO](2026/08/20/ 02:18:50 AM) [Round: 0018] Start updating selected 10 clients...!
[INFO](2026/08/20/ 02:19:26 AM) [Round: 0018] ...10 clients are selected and updated (with total sample size: 25)!
[INFO](2026/08/20/ 02:19:26 AM) [Round: 0018] Aggregate updated weights of 10 clients...!
[INFO](2026/08/20/ 02:19:26 AM) [Round: 0018] ...updated weights of 10 clients are successfully averaged!
[INFO](2026/08/20/ 02:19:28 AM) [Round: 0018] Evaluate global model's performance...!                
	[Server] ...finished evaluation!                
	=> Loss: 2.4713                
	=> Accuracy: 25.71%

[INFO](2026/08/20/ 02:19:28 AM) [Round: 0019] Select clients...!
[INFO](2026/08/20/ 02:19:28 AM) [Round: 0019] ...successfully transmitted models to 10 selected clients!
[INFO](2026/08/20/ 02:19:29 AM) [Round: 0019] Start updating selected 10 clients...!
[INFO](2026/08/20/ 02:20:06 AM) [Round: 0019] ...10 clients are selected and updated (with total sample size: 42)!
[INFO](2026/08/20/ 02:20:06 AM) [Round: 0019] Aggregate updated weights of 10 clients...!
[INFO](2026/08/20/ 02:20:06 AM) [Round: 0019] ...updated weights of 10 clients are successfully averaged!
[INFO](2026/08/20/ 02:20:08 AM) [Round: 0019] Evaluate global model's performance...!                
	[Server] ...finished evaluation!                
	=> Loss: 2.5159                
	=> Accuracy: 22.62%

[INFO](2026/08/20/ 02:20:08 AM) [Round: 0020] Select clients...!
[INFO](2026/08/20/ 02:20:09 AM) [Round: 0020] ...successfully transmitted models to 10 selected clients!
[INFO](2026/08/20/ 02:20:09 AM) [Round: 0020] Start updating selected 10 clients...!
[INFO](2026/08/20/ 02:20:53 AM) [Round: 0020] ...10 clients are selected and updated (with total sample size: 42)!
[INFO](2026/08/20/ 02:20:53 AM) [Round: 0020] Aggregate updated weights of 10 clients...!
[INFO](2026/08/20/ 02:20:53 AM) [Round: 0020] ...updated weights of 10 clients are successfully averaged!
[INFO](2026/08/20/ 02:20:55 AM) [Round: 0020] Evaluate global model's performance...!                
	[Server] ...finished evaluation!                
	=> Loss: 2.4031                
	=> Accuracy: 22.38%

[INFO](2026/08/20/ 02:20:55 AM) [Round: 0021] Select clients...!
[INFO](2026/08/20/ 02:20:56 AM) [Round: 0021] ...successfully transmitted models to 10 selected clients!
[INFO](2026/08/20/ 02:20:56 AM) [Round: 0021] Start updating selected 10 clients...!
[INFO](2026/08/20/ 02:21:59 AM) [Round: 0021] ...10 clients are selected and updated (with total sample size: 50)!
[INFO](2026/08/20/ 02:21:59 AM) [Round: 0021] Aggregate updated weights of 10 clients...!
[INFO](2026/08/20/ 02:22:00 AM) [Round: 0021] ...updated weights of 10 clients are successfully averaged!
[INFO](2026/08/20/ 02:22:03 AM) [Round: 0021] Evaluate global model's performance...!                
	[Server] ...finished evaluation!                
	=> Loss: 2.2744                
	=> Accuracy: 24.76%

[INFO](2026/08/20/ 02:22:03 AM) [Round: 0022] Select clients...!
[INFO](2026/08/20/ 02:22:04 AM) [Round: 0022] ...successfully transmitted models to 10 selected clients!
[INFO](2026/08/20/ 02:22:04 AM) [Round: 0022] Start updating selected 10 clients...!
[INFO](2026/08/20/ 02:23:02 AM) [Round: 0022] ...10 clients are selected and updated (with total sample size: 25)!
[INFO](2026/08/20/ 02:23:02 AM) [Round: 0022] Aggregate updated weights of 10 clients...!
[INFO](2026/08/20/ 02:23:02 AM) [Round: 0022] ...updated weights of 10 clients are successfully averaged!
[INFO](2026/08/20/ 02:23:04 AM) [Round: 0022] Evaluate global model's performance...!                
	[Server] ...finished evaluation!                
	=> Loss: 2.4007                
	=> Accuracy: 23.33%

[INFO](2026/08/20/ 02:23:04 AM) [Round: 0023] Select clients...!
[INFO](2026/08/20/ 02:23:05 AM) [Round: 0023] ...successfully transmitted models to 10 selected clients!
[INFO](2026/08/20/ 02:23:05 AM) [Round: 0023] Start updating selected 10 clients...!
[INFO](2026/08/20/ 02:23:45 AM) [Round: 0023] ...10 clients are selected and updated (with total sample size: 47)!
[INFO](2026/08/20/ 02:23:45 AM) [Round: 0023] Aggregate updated weights of 10 clients...!
[INFO](2026/08/20/ 02:23:45 AM) [Round: 0023] ...updated weights of 10 clients are successfully averaged!
[INFO](2026/08/20/ 02:23:47 AM) [Round: 0023] Evaluate global model's performance...!                
	[Server] ...finished evaluation!                
	=> Loss: 2.2258                
	=> Accuracy: 29.76%

[INFO](2026/08/20/ 02:23:47 AM) [Round: 0024] Select clients...!
[INFO](2026/08/20/ 02:23:47 AM) [Round: 0024] ...successfully transmitted models to 10 selected clients!
[INFO](2026/08/20/ 02:23:47 AM) [Round: 0024] Start updating selected 10 clients...!
[INFO](2026/08/20/ 02:24:29 AM) [Round: 0024] ...10 clients are selected and updated (with total sample size: 35)!
[INFO](2026/08/20/ 02:24:29 AM) [Round: 0024] Aggregate updated weights of 10 clients...!
[INFO](2026/08/20/ 02:24:29 AM) [Round: 0024] ...updated weights of 10 clients are successfully averaged!
[INFO](2026/08/20/ 02:24:31 AM) [Round: 0024] Evaluate global model's performance...!                
	[Server] ...finished evaluation!                
	=> Loss: 2.1432                
	=> Accuracy: 30.71%

[INFO](2026/08/20/ 02:24:31 AM) [Round: 0025] Select clients...!
[INFO](2026/08/20/ 02:24:32 AM) [Round: 0025] ...successfully transmitted models to 10 selected clients!
[INFO](2026/08/20/ 02:24:32 AM) [Round: 0025] Start updating selected 10 clients...!
[INFO](2026/08/20/ 02:25:08 AM) [Round: 0025] ...10 clients are selected and updated (with total sample size: 49)!
[INFO](2026/08/20/ 02:25:08 AM) [Round: 0025] Aggregate updated weights of 10 clients...!
[INFO](2026/08/20/ 02:25:09 AM) [Round: 0025] ...updated weights of 10 clients are successfully averaged!
[INFO](2026/08/20/ 02:25:10 AM) [Round: 0025] Evaluate global model's performance...!                
	[Server] ...finished evaluation!                
	=> Loss: 2.2786                
	=> Accuracy: 25.95%

[INFO](2026/08/20/ 02:25:10 AM) [Round: 0026] Select clients...!
[INFO](2026/08/20/ 02:25:11 AM) [Round: 0026] ...successfully transmitted models to 10 selected clients!
[INFO](2026/08/20/ 02:25:11 AM) [Round: 0026] Start updating selected 10 clients...!
[INFO](2026/08/20/ 02:26:01 AM) [Round: 0026] ...10 clients are selected and updated (with total sample size: 47)!
[INFO](2026/08/20/ 02:26:01 AM) [Round: 0026] Aggregate updated weights of 10 clients...!
[INFO](2026/08/20/ 02:26:01 AM) [Round: 0026] ...updated weights of 10 clients are successfully averaged!
[INFO](2026/08/20/ 02:26:03 AM) [Round: 0026] Evaluate global model's performance...!                
	[Server] ...finished evaluation!                
	=> Loss: 2.2676                
	=> Accuracy: 27.38%

[INFO](2026/08/20/ 02:26:03 AM) [Round: 0027] Select clients...!
[INFO](2026/08/20/ 02:26:03 AM) [Round: 0027] ...successfully transmitted models to 10 selected clients!
[INFO](2026/08/20/ 02:26:04 AM) [Round: 0027] Start updating selected 10 clients...!
[INFO](2026/08/20/ 02:26:56 AM) [Round: 0027] ...10 clients are selected and updated (with total sample size: 49)!
[INFO](2026/08/20/ 02:26:56 AM) [Round: 0027] Aggregate updated weights of 10 clients...!
[INFO](2026/08/20/ 02:26:57 AM) [Round: 0027] ...updated weights of 10 clients are successfully averaged!
[INFO](2026/08/20/ 02:27:00 AM) [Round: 0027] Evaluate global model's performance...!                
	[Server] ...finished evaluation!                
	=> Loss: 2.2084                
	=> Accuracy: 29.29%

[INFO](2026/08/20/ 02:27:00 AM) [Round: 0028] Select clients...!
[INFO](2026/08/20/ 02:27:01 AM) [Round: 0028] ...successfully transmitted models to 10 selected clients!
[INFO](2026/08/20/ 02:27:01 AM) [Round: 0028] Start updating selected 10 clients...!
[INFO](2026/08/20/ 02:27:54 AM) [Round: 0028] ...10 clients are selected and updated (with total sample size: 25)!
[INFO](2026/08/20/ 02:27:54 AM) [Round: 0028] Aggregate updated weights of 10 clients...!
[INFO](2026/08/20/ 02:27:54 AM) [Round: 0028] ...updated weights of 10 clients are successfully averaged!
[INFO](2026/08/20/ 02:27:55 AM) [Round: 0028] Evaluate global model's performance...!                
	[Server] ...finished evaluation!                
	=> Loss: 2.1308                
	=> Accuracy: 32.62%

[INFO](2026/08/20/ 02:27:56 AM) [Round: 0029] Select clients...!
[INFO](2026/08/20/ 02:27:56 AM) [Round: 0029] ...successfully transmitted models to 10 selected clients!
[INFO](2026/08/20/ 02:27:56 AM) [Round: 0029] Start updating selected 10 clients...!
[INFO](2026/08/20/ 02:28:53 AM) [Round: 0029] ...10 clients are selected and updated (with total sample size: 36)!
[INFO](2026/08/20/ 02:28:53 AM) [Round: 0029] Aggregate updated weights of 10 clients...!
[INFO](2026/08/20/ 02:28:54 AM) [Round: 0029] ...updated weights of 10 clients are successfully averaged!
[INFO](2026/08/20/ 02:28:57 AM) [Round: 0029] Evaluate global model's performance...!                
	[Server] ...finished evaluation!                
	=> Loss: 2.2840                
	=> Accuracy: 26.43%

[INFO](2026/08/20/ 02:28:57 AM) [Round: 0030] Select clients...!
[INFO](2026/08/20/ 02:28:57 AM) [Round: 0030] ...successfully transmitted models to 10 selected clients!
[INFO](2026/08/20/ 02:28:57 AM) [Round: 0030] Start updating selected 10 clients...!
[INFO](2026/08/20/ 02:29:41 AM) [Round: 0030] ...10 clients are selected and updated (with total sample size: 25)!
[INFO](2026/08/20/ 02:29:41 AM) [Round: 0030] Aggregate updated weights of 10 clients...!
[INFO](2026/08/20/ 02:29:41 AM) [Round: 0030] ...updated weights of 10 clients are successfully averaged!
[INFO](2026/08/20/ 02:29:43 AM) [Round: 0030] Evaluate global model's performance...!                
	[Server] ...finished evaluation!                
	=> Loss: 1.9954                
	=> Accuracy: 36.43%

[INFO](2026/08/20/ 02:29:43 AM) [Round: 0031] Select clients...!
[INFO](2026/08/20/ 02:29:43 AM) [Round: 0031] ...successfully transmitted models to 10 selected clients!
[INFO](2026/08/20/ 02:29:44 AM) [Round: 0031] Start updating selected 10 clients...!
[INFO](2026/08/20/ 02:30:36 AM) [Round: 0031] ...10 clients are selected and updated (with total sample size: 47)!
[INFO](2026/08/20/ 02:30:36 AM) [Round: 0031] Aggregate updated weights of 10 clients...!
[INFO](2026/08/20/ 02:30:37 AM) [Round: 0031] ...updated weights of 10 clients are successfully averaged!
[INFO](2026/08/20/ 02:30:38 AM) [Round: 0031] Evaluate global model's performance...!                
	[Server] ...finished evaluation!                
	=> Loss: 2.0442                
	=> Accuracy: 33.81%

[INFO](2026/08/20/ 02:30:39 AM) [Round: 0032] Select clients...!
[INFO](2026/08/20/ 02:30:39 AM) [Round: 0032] ...successfully transmitted models to 10 selected clients!
[INFO](2026/08/20/ 02:30:39 AM) [Round: 0032] Start updating selected 10 clients...!
[INFO](2026/08/20/ 02:31:23 AM) [Round: 0032] ...10 clients are selected and updated (with total sample size: 47)!
[INFO](2026/08/20/ 02:31:23 AM) [Round: 0032] Aggregate updated weights of 10 clients...!
[INFO](2026/08/20/ 02:31:23 AM) [Round: 0032] ...updated weights of 10 clients are successfully averaged!
[INFO](2026/08/20/ 02:31:26 AM) [Round: 0032] Evaluate global model's performance...!                
	[Server] ...finished evaluation!                
	=> Loss: 1.9730                
	=> Accuracy: 33.10%

[INFO](2026/08/20/ 02:31:26 AM) [Round: 0033] Select clients...!
[INFO](2026/08/20/ 02:31:27 AM) [Round: 0033] ...successfully transmitted models to 10 selected clients!
[INFO](2026/08/20/ 02:31:27 AM) [Round: 0033] Start updating selected 10 clients...!
[INFO](2026/08/20/ 02:32:34 AM) [Round: 0033] ...10 clients are selected and updated (with total sample size: 49)!
[INFO](2026/08/20/ 02:32:34 AM) [Round: 0033] Aggregate updated weights of 10 clients...!
[INFO](2026/08/20/ 02:32:34 AM) [Round: 0033] ...updated weights of 10 clients are successfully averaged!
[INFO](2026/08/20/ 02:32:37 AM) [Round: 0033] Evaluate global model's performance...!                
	[Server] ...finished evaluation!                
	=> Loss: 1.9729                
	=> Accuracy: 36.19%

[INFO](2026/08/20/ 02:32:37 AM) [Round: 0034] Select clients...!
[INFO](2026/08/20/ 02:32:38 AM) [Round: 0034] ...successfully transmitted models to 10 selected clients!
[INFO](2026/08/20/ 02:32:38 AM) [Round: 0034] Start updating selected 10 clients...!
[INFO](2026/08/20/ 02:33:21 AM) [Round: 0034] ...10 clients are selected and updated (with total sample size: 50)!
[INFO](2026/08/20/ 02:33:21 AM) [Round: 0034] Aggregate updated weights of 10 clients...!
[INFO](2026/08/20/ 02:33:22 AM) [Round: 0034] ...updated weights of 10 clients are successfully averaged!
[INFO](2026/08/20/ 02:33:23 AM) [Round: 0034] Evaluate global model's performance...!                
	[Server] ...finished evaluation!                
	=> Loss: 2.0536                
	=> Accuracy: 35.71%

[INFO](2026/08/20/ 02:33:23 AM) [Round: 0035] Select clients...!
[INFO](2026/08/20/ 02:33:24 AM) [Round: 0035] ...successfully transmitted models to 10 selected clients!
[INFO](2026/08/20/ 02:33:24 AM) [Round: 0035] Start updating selected 10 clients...!
[INFO](2026/08/20/ 02:34:18 AM) [Round: 0035] ...10 clients are selected and updated (with total sample size: 47)!
[INFO](2026/08/20/ 02:34:18 AM) [Round: 0035] Aggregate updated weights of 10 clients...!
[INFO](2026/08/20/ 02:34:18 AM) [Round: 0035] ...updated weights of 10 clients are successfully averaged!
[INFO](2026/08/20/ 02:34:20 AM) [Round: 0035] Evaluate global model's performance...!                
	[Server] ...finished evaluation!                
	=> Loss: 1.9185                
	=> Accuracy: 40.95%

[INFO](2026/08/20/ 02:34:20 AM) [Round: 0036] Select clients...!
[INFO](2026/08/20/ 02:34:21 AM) [Round: 0036] ...successfully transmitted models to 10 selected clients!
[INFO](2026/08/20/ 02:34:21 AM) [Round: 0036] Start updating selected 10 clients...!
[INFO](2026/08/20/ 02:35:10 AM) [Round: 0036] ...10 clients are selected and updated (with total sample size: 36)!
[INFO](2026/08/20/ 02:35:10 AM) [Round: 0036] Aggregate updated weights of 10 clients...!
[INFO](2026/08/20/ 02:35:11 AM) [Round: 0036] ...updated weights of 10 clients are successfully averaged!
[INFO](2026/08/20/ 02:35:12 AM) [Round: 0036] Evaluate global model's performance...!                
	[Server] ...finished evaluation!                
	=> Loss: 1.9018                
	=> Accuracy: 34.05%

[INFO](2026/08/20/ 02:35:12 AM) [Round: 0037] Select clients...!
[INFO](2026/08/20/ 02:35:13 AM) [Round: 0037] ...successfully transmitted models to 10 selected clients!
[INFO](2026/08/20/ 02:35:13 AM) [Round: 0037] Start updating selected 10 clients...!
[INFO](2026/08/20/ 02:35:54 AM) [Round: 0037] ...10 clients are selected and updated (with total sample size: 49)!
[INFO](2026/08/20/ 02:35:54 AM) [Round: 0037] Aggregate updated weights of 10 clients...!
[INFO](2026/08/20/ 02:35:54 AM) [Round: 0037] ...updated weights of 10 clients are successfully averaged!
[INFO](2026/08/20/ 02:35:56 AM) [Round: 0037] Evaluate global model's performance...!                
	[Server] ...finished evaluation!                
	=> Loss: 2.1673                
	=> Accuracy: 28.10%

[INFO](2026/08/20/ 02:35:56 AM) [Round: 0038] Select clients...!
[INFO](2026/08/20/ 02:35:56 AM) [Round: 0038] ...successfully transmitted models to 10 selected clients!
[INFO](2026/08/20/ 02:35:56 AM) [Round: 0038] Start updating selected 10 clients...!
[INFO](2026/08/20/ 02:36:41 AM) [Round: 0038] ...10 clients are selected and updated (with total sample size: 42)!
[INFO](2026/08/20/ 02:36:41 AM) [Round: 0038] Aggregate updated weights of 10 clients...!
[INFO](2026/08/20/ 02:36:41 AM) [Round: 0038] ...updated weights of 10 clients are successfully averaged!
[INFO](2026/08/20/ 02:36:43 AM) [Round: 0038] Evaluate global model's performance...!                
	[Server] ...finished evaluation!                
	=> Loss: 1.8707                
	=> Accuracy: 39.29%

[INFO](2026/08/20/ 02:36:43 AM) [Round: 0039] Select clients...!
[INFO](2026/08/20/ 02:36:44 AM) [Round: 0039] ...successfully transmitted models to 10 selected clients!
[INFO](2026/08/20/ 02:36:44 AM) [Round: 0039] Start updating selected 10 clients...!
[INFO](2026/08/20/ 02:37:31 AM) [Round: 0039] ...10 clients are selected and updated (with total sample size: 42)!
[INFO](2026/08/20/ 02:37:31 AM) [Round: 0039] Aggregate updated weights of 10 clients...!
[INFO](2026/08/20/ 02:37:31 AM) [Round: 0039] ...updated weights of 10 clients are successfully averaged!
[INFO](2026/08/20/ 02:37:33 AM) [Round: 0039] Evaluate global model's performance...!                
	[Server] ...finished evaluation!                
	=> Loss: 2.0649                
	=> Accuracy: 34.52%

[INFO](2026/08/20/ 02:37:33 AM) [Round: 0040] Select clients...!
[INFO](2026/08/20/ 02:37:34 AM) [Round: 0040] ...successfully transmitted models to 10 selected clients!
[INFO](2026/08/20/ 02:37:34 AM) [Round: 0040] Start updating selected 10 clients...!
[INFO](2026/08/20/ 02:38:23 AM) [Round: 0040] ...10 clients are selected and updated (with total sample size: 42)!
[INFO](2026/08/20/ 02:38:23 AM) [Round: 0040] Aggregate updated weights of 10 clients...!
[INFO](2026/08/20/ 02:38:23 AM) [Round: 0040] ...updated weights of 10 clients are successfully averaged!
[INFO](2026/08/20/ 02:38:25 AM) [Round: 0040] Evaluate global model's performance...!                
	[Server] ...finished evaluation!                
	=> Loss: 1.7988                
	=> Accuracy: 42.38%

[INFO](2026/08/20/ 02:38:25 AM) [Round: 0041] Select clients...!
[INFO](2026/08/20/ 02:38:26 AM) [Round: 0041] ...successfully transmitted models to 10 selected clients!
[INFO](2026/08/20/ 02:38:26 AM) [Round: 0041] Start updating selected 10 clients...!
[INFO](2026/08/20/ 02:39:09 AM) [Round: 0041] ...10 clients are selected and updated (with total sample size: 50)!
[INFO](2026/08/20/ 02:39:09 AM) [Round: 0041] Aggregate updated weights of 10 clients...!
[INFO](2026/08/20/ 02:39:09 AM) [Round: 0041] ...updated weights of 10 clients are successfully averaged!
[INFO](2026/08/20/ 02:39:11 AM) [Round: 0041] Evaluate global model's performance...!                
	[Server] ...finished evaluation!                
	=> Loss: 1.9626                
	=> Accuracy: 33.57%

[INFO](2026/08/20/ 02:39:11 AM) [Round: 0042] Select clients...!
[INFO](2026/08/20/ 02:39:12 AM) [Round: 0042] ...successfully transmitted models to 10 selected clients!
[INFO](2026/08/20/ 02:39:12 AM) [Round: 0042] Start updating selected 10 clients...!
[INFO](2026/08/20/ 02:39:54 AM) [Round: 0042] ...10 clients are selected and updated (with total sample size: 47)!
[INFO](2026/08/20/ 02:39:54 AM) [Round: 0042] Aggregate updated weights of 10 clients...!
[INFO](2026/08/20/ 02:39:54 AM) [Round: 0042] ...updated weights of 10 clients are successfully averaged!
[INFO](2026/08/20/ 02:39:56 AM) [Round: 0042] Evaluate global model's performance...!                
	[Server] ...finished evaluation!                
	=> Loss: 1.7932                
	=> Accuracy: 39.76%

[INFO](2026/08/20/ 02:39:56 AM) [Round: 0043] Select clients...!
[INFO](2026/08/20/ 02:39:56 AM) [Round: 0043] ...successfully transmitted models to 10 selected clients!
[INFO](2026/08/20/ 02:39:57 AM) [Round: 0043] Start updating selected 10 clients...!
[INFO](2026/08/20/ 02:40:37 AM) [Round: 0043] ...10 clients are selected and updated (with total sample size: 35)!
[INFO](2026/08/20/ 02:40:38 AM) [Round: 0043] Aggregate updated weights of 10 clients...!
[INFO](2026/08/20/ 02:40:38 AM) [Round: 0043] ...updated weights of 10 clients are successfully averaged!
[INFO](2026/08/20/ 02:40:40 AM) [Round: 0043] Evaluate global model's performance...!                
	[Server] ...finished evaluation!                
	=> Loss: 1.7706                
	=> Accuracy: 44.05%

[INFO](2026/08/20/ 02:40:40 AM) [Round: 0044] Select clients...!
[INFO](2026/08/20/ 02:40:40 AM) [Round: 0044] ...successfully transmitted models to 10 selected clients!
[INFO](2026/08/20/ 02:40:40 AM) [Round: 0044] Start updating selected 10 clients...!
[INFO](2026/08/20/ 02:41:19 AM) [Round: 0044] ...10 clients are selected and updated (with total sample size: 49)!
[INFO](2026/08/20/ 02:41:19 AM) [Round: 0044] Aggregate updated weights of 10 clients...!
[INFO](2026/08/20/ 02:41:19 AM) [Round: 0044] ...updated weights of 10 clients are successfully averaged!
[INFO](2026/08/20/ 02:41:21 AM) [Round: 0044] Evaluate global model's performance...!                
	[Server] ...finished evaluation!                
	=> Loss: 1.8534                
	=> Accuracy: 43.33%

[INFO](2026/08/20/ 02:41:21 AM) [Round: 0045] Select clients...!
[INFO](2026/08/20/ 02:41:22 AM) [Round: 0045] ...successfully transmitted models to 10 selected clients!
[INFO](2026/08/20/ 02:41:22 AM) [Round: 0045] Start updating selected 10 clients...!
[INFO](2026/08/20/ 02:42:11 AM) [Round: 0045] ...10 clients are selected and updated (with total sample size: 50)!
[INFO](2026/08/20/ 02:42:11 AM) [Round: 0045] Aggregate updated weights of 10 clients...!
[INFO](2026/08/20/ 02:42:11 AM) [Round: 0045] ...updated weights of 10 clients are successfully averaged!
[INFO](2026/08/20/ 02:42:13 AM) [Round: 0045] Evaluate global model's performance...!                
	[Server] ...finished evaluation!                
	=> Loss: 1.9479                
	=> Accuracy: 38.10%

[INFO](2026/08/20/ 02:42:13 AM) [Round: 0046] Select clients...!
[INFO](2026/08/20/ 02:42:13 AM) [Round: 0046] ...successfully transmitted models to 10 selected clients!
[INFO](2026/08/20/ 02:42:13 AM) [Round: 0046] Start updating selected 10 clients...!
[INFO](2026/08/20/ 02:42:46 AM) [Round: 0046] ...10 clients are selected and updated (with total sample size: 25)!
[INFO](2026/08/20/ 02:42:46 AM) [Round: 0046] Aggregate updated weights of 10 clients...!
[INFO](2026/08/20/ 02:42:46 AM) [Round: 0046] ...updated weights of 10 clients are successfully averaged!
[INFO](2026/08/20/ 02:42:48 AM) [Round: 0046] Evaluate global model's performance...!                
	[Server] ...finished evaluation!                
	=> Loss: 1.8160                
	=> Accuracy: 40.24%

[INFO](2026/08/20/ 02:42:48 AM) [Round: 0047] Select clients...!
[INFO](2026/08/20/ 02:42:49 AM) [Round: 0047] ...successfully transmitted models to 10 selected clients!
[INFO](2026/08/20/ 02:42:49 AM) [Round: 0047] Start updating selected 10 clients...!
[INFO](2026/08/20/ 02:43:28 AM) [Round: 0047] ...10 clients are selected and updated (with total sample size: 49)!
[INFO](2026/08/20/ 02:43:28 AM) [Round: 0047] Aggregate updated weights of 10 clients...!
[INFO](2026/08/20/ 02:43:29 AM) [Round: 0047] ...updated weights of 10 clients are successfully averaged!
[INFO](2026/08/20/ 02:43:30 AM) [Round: 0047] Evaluate global model's performance...!                
	[Server] ...finished evaluation!                
	=> Loss: 1.6926                
	=> Accuracy: 41.19%

[INFO](2026/08/20/ 02:43:30 AM) [Round: 0048] Select clients...!
[INFO](2026/08/20/ 02:43:31 AM) [Round: 0048] ...successfully transmitted models to 10 selected clients!
[INFO](2026/08/20/ 02:43:31 AM) [Round: 0048] Start updating selected 10 clients...!
[INFO](2026/08/20/ 02:44:13 AM) [Round: 0048] ...10 clients are selected and updated (with total sample size: 59)!
[INFO](2026/08/20/ 02:44:13 AM) [Round: 0048] Aggregate updated weights of 10 clients...!
[INFO](2026/08/20/ 02:44:13 AM) [Round: 0048] ...updated weights of 10 clients are successfully averaged!
[INFO](2026/08/20/ 02:44:15 AM) [Round: 0048] Evaluate global model's performance...!                
	[Server] ...finished evaluation!                
	=> Loss: 1.6171                
	=> Accuracy: 46.43%

[INFO](2026/08/20/ 02:44:15 AM) [Round: 0049] Select clients...!
[INFO](2026/08/20/ 02:44:15 AM) [Round: 0049] ...successfully transmitted models to 10 selected clients!
[INFO](2026/08/20/ 02:44:15 AM) [Round: 0049] Start updating selected 10 clients...!
[INFO](2026/08/20/ 02:45:00 AM) [Round: 0049] ...10 clients are selected and updated (with total sample size: 25)!
[INFO](2026/08/20/ 02:45:00 AM) [Round: 0049] Aggregate updated weights of 10 clients...!
[INFO](2026/08/20/ 02:45:00 AM) [Round: 0049] ...updated weights of 10 clients are successfully averaged!
[INFO](2026/08/20/ 02:45:01 AM) [Round: 0049] Evaluate global model's performance...!                
	[Server] ...finished evaluation!                
	=> Loss: 1.5731                
	=> Accuracy: 47.86%

[INFO](2026/08/20/ 02:45:02 AM) [Round: 0050] Select clients...!
[INFO](2026/08/20/ 02:45:02 AM) [Round: 0050] ...successfully transmitted models to 10 selected clients!
[INFO](2026/08/20/ 02:45:02 AM) [Round: 0050] Start updating selected 10 clients...!
[INFO](2026/08/20/ 02:45:53 AM) [Round: 0050] ...10 clients are selected and updated (with total sample size: 25)!
[INFO](2026/08/20/ 02:45:53 AM) [Round: 0050] Aggregate updated weights of 10 clients...!
[INFO](2026/08/20/ 02:45:53 AM) [Round: 0050] ...updated weights of 10 clients are successfully averaged!
[INFO](2026/08/20/ 02:45:55 AM) [Round: 0050] Evaluate global model's performance...!                
	[Server] ...finished evaluation!                
	=> Loss: 1.9845                
	=> Accuracy: 48.10%

[INFO](2026/08/20/ 02:45:55 AM) [Round: 0051] Select clients...!
[INFO](2026/08/20/ 02:45:56 AM) [Round: 0051] ...successfully transmitted models to 10 selected clients!
[INFO](2026/08/20/ 02:45:56 AM) [Round: 0051] Start updating selected 10 clients...!
[INFO](2026/08/20/ 02:46:40 AM) [Round: 0051] ...10 clients are selected and updated (with total sample size: 25)!
[INFO](2026/08/20/ 02:46:40 AM) [Round: 0051] Aggregate updated weights of 10 clients...!
[INFO](2026/08/20/ 02:46:41 AM) [Round: 0051] ...updated weights of 10 clients are successfully averaged!
[INFO](2026/08/20/ 02:46:42 AM) [Round: 0051] Evaluate global model's performance...!                
	[Server] ...finished evaluation!                
	=> Loss: 1.6165                
	=> Accuracy: 48.33%

[INFO](2026/08/20/ 02:46:42 AM) [Round: 0052] Select clients...!
[INFO](2026/08/20/ 02:46:43 AM) [Round: 0052] ...successfully transmitted models to 10 selected clients!
[INFO](2026/08/20/ 02:46:43 AM) [Round: 0052] Start updating selected 10 clients...!
[INFO](2026/08/20/ 02:47:33 AM) [Round: 0052] ...10 clients are selected and updated (with total sample size: 42)!
[INFO](2026/08/20/ 02:47:33 AM) [Round: 0052] Aggregate updated weights of 10 clients...!
[INFO](2026/08/20/ 02:47:33 AM) [Round: 0052] ...updated weights of 10 clients are successfully averaged!
[INFO](2026/08/20/ 02:47:35 AM) [Round: 0052] Evaluate global model's performance...!                
	[Server] ...finished evaluation!                
	=> Loss: 1.6918                
	=> Accuracy: 44.52%

[INFO](2026/08/20/ 02:47:35 AM) [Round: 0053] Select clients...!
[INFO](2026/08/20/ 02:47:35 AM) [Round: 0053] ...successfully transmitted models to 10 selected clients!
[INFO](2026/08/20/ 02:47:35 AM) [Round: 0053] Start updating selected 10 clients...!
[INFO](2026/08/20/ 02:48:24 AM) [Round: 0053] ...10 clients are selected and updated (with total sample size: 47)!
[INFO](2026/08/20/ 02:48:24 AM) [Round: 0053] Aggregate updated weights of 10 clients...!
[INFO](2026/08/20/ 02:48:25 AM) [Round: 0053] ...updated weights of 10 clients are successfully averaged!
[INFO](2026/08/20/ 02:48:26 AM) [Round: 0053] Evaluate global model's performance...!                
	[Server] ...finished evaluation!                
	=> Loss: 1.6317                
	=> Accuracy: 44.76%

[INFO](2026/08/20/ 02:48:27 AM) [Round: 0054] Select clients...!
[INFO](2026/08/20/ 02:48:27 AM) [Round: 0054] ...successfully transmitted models to 10 selected clients!
[INFO](2026/08/20/ 02:48:27 AM) [Round: 0054] Start updating selected 10 clients...!
[INFO](2026/08/20/ 02:49:16 AM) [Round: 0054] ...10 clients are selected and updated (with total sample size: 25)!
[INFO](2026/08/20/ 02:49:16 AM) [Round: 0054] Aggregate updated weights of 10 clients...!
[INFO](2026/08/20/ 02:49:17 AM) [Round: 0054] ...updated weights of 10 clients are successfully averaged!
[INFO](2026/08/20/ 02:49:20 AM) [Round: 0054] Evaluate global model's performance...!                
	[Server] ...finished evaluation!                
	=> Loss: 1.5684                
	=> Accuracy: 47.62%

[INFO](2026/08/20/ 02:49:20 AM) [Round: 0055] Select clients...!
[INFO](2026/08/20/ 02:49:21 AM) [Round: 0055] ...successfully transmitted models to 10 selected clients!
[INFO](2026/08/20/ 02:49:21 AM) [Round: 0055] Start updating selected 10 clients...!
[INFO](2026/08/20/ 02:50:13 AM) [Round: 0055] ...10 clients are selected and updated (with total sample size: 36)!
[INFO](2026/08/20/ 02:50:13 AM) [Round: 0055] Aggregate updated weights of 10 clients...!
[INFO](2026/08/20/ 02:50:13 AM) [Round: 0055] ...updated weights of 10 clients are successfully averaged!
[INFO](2026/08/20/ 02:50:15 AM) [Round: 0055] Evaluate global model's performance...!                
	[Server] ...finished evaluation!                
	=> Loss: 1.7456                
	=> Accuracy: 47.14%

[INFO](2026/08/20/ 02:50:15 AM) [Round: 0056] Select clients...!
[INFO](2026/08/20/ 02:50:16 AM) [Round: 0056] ...successfully transmitted models to 10 selected clients!
[INFO](2026/08/20/ 02:50:16 AM) [Round: 0056] Start updating selected 10 clients...!
[INFO](2026/08/20/ 02:51:00 AM) [Round: 0056] ...10 clients are selected and updated (with total sample size: 50)!
[INFO](2026/08/20/ 02:51:00 AM) [Round: 0056] Aggregate updated weights of 10 clients...!
[INFO](2026/08/20/ 02:51:00 AM) [Round: 0056] ...updated weights of 10 clients are successfully averaged!
[INFO](2026/08/20/ 02:51:02 AM) [Round: 0056] Evaluate global model's performance...!                
	[Server] ...finished evaluation!                
	=> Loss: 1.6209                
	=> Accuracy: 48.81%

[INFO](2026/08/20/ 02:51:03 AM) [Round: 0057] Select clients...!
[INFO](2026/08/20/ 02:51:03 AM) [Round: 0057] ...successfully transmitted models to 10 selected clients!
[INFO](2026/08/20/ 02:51:04 AM) [Round: 0057] Start updating selected 10 clients...!
[INFO](2026/08/20/ 02:51:46 AM) [Round: 0057] ...10 clients are selected and updated (with total sample size: 47)!
[INFO](2026/08/20/ 02:51:46 AM) [Round: 0057] Aggregate updated weights of 10 clients...!
[INFO](2026/08/20/ 02:51:47 AM) [Round: 0057] ...updated weights of 10 clients are successfully averaged!
[INFO](2026/08/20/ 02:51:48 AM) [Round: 0057] Evaluate global model's performance...!                
	[Server] ...finished evaluation!                
	=> Loss: 1.4823                
	=> Accuracy: 51.19%

[INFO](2026/08/20/ 02:51:48 AM) [Round: 0058] Select clients...!
[INFO](2026/08/20/ 02:51:49 AM) [Round: 0058] ...successfully transmitted models to 10 selected clients!
[INFO](2026/08/20/ 02:51:49 AM) [Round: 0058] Start updating selected 10 clients...!
[INFO](2026/08/20/ 02:52:28 AM) [Round: 0058] ...10 clients are selected and updated (with total sample size: 25)!
[INFO](2026/08/20/ 02:52:28 AM) [Round: 0058] Aggregate updated weights of 10 clients...!
[INFO](2026/08/20/ 02:52:28 AM) [Round: 0058] ...updated weights of 10 clients are successfully averaged!
[INFO](2026/08/20/ 02:52:31 AM) [Round: 0058] Evaluate global model's performance...!                
	[Server] ...finished evaluation!                
	=> Loss: 1.5117                
	=> Accuracy: 52.86%

[INFO](2026/08/20/ 02:52:31 AM) [Round: 0059] Select clients...!
[INFO](2026/08/20/ 02:52:32 AM) [Round: 0059] ...successfully transmitted models to 10 selected clients!
[INFO](2026/08/20/ 02:52:32 AM) [Round: 0059] Start updating selected 10 clients...!
[INFO](2026/08/20/ 02:53:19 AM) [Round: 0059] ...10 clients are selected and updated (with total sample size: 42)!
[INFO](2026/08/20/ 02:53:19 AM) [Round: 0059] Aggregate updated weights of 10 clients...!
[INFO](2026/08/20/ 02:53:20 AM) [Round: 0059] ...updated weights of 10 clients are successfully averaged!
[INFO](2026/08/20/ 02:53:23 AM) [Round: 0059] Evaluate global model's performance...!                
	[Server] ...finished evaluation!                
	=> Loss: 1.6075                
	=> Accuracy: 46.43%

[INFO](2026/08/20/ 02:53:23 AM) [Round: 0060] Select clients...!
[INFO](2026/08/20/ 02:53:24 AM) [Round: 0060] ...successfully transmitted models to 10 selected clients!
[INFO](2026/08/20/ 02:53:24 AM) [Round: 0060] Start updating selected 10 clients...!
[INFO](2026/08/20/ 02:54:16 AM) [Round: 0060] ...10 clients are selected and updated (with total sample size: 25)!
[INFO](2026/08/20/ 02:54:16 AM) [Round: 0060] Aggregate updated weights of 10 clients...!
[INFO](2026/08/20/ 02:54:17 AM) [Round: 0060] ...updated weights of 10 clients are successfully averaged!
[INFO](2026/08/20/ 02:54:19 AM) [Round: 0060] Evaluate global model's performance...!                
	[Server] ...finished evaluation!                
	=> Loss: 1.5191                
	=> Accuracy: 55.24%

[INFO](2026/08/20/ 02:54:20 AM) [Round: 0061] Select clients...!
[INFO](2026/08/20/ 02:54:20 AM) [Round: 0061] ...successfully transmitted models to 10 selected clients!
[INFO](2026/08/20/ 02:54:20 AM) [Round: 0061] Start updating selected 10 clients...!
[INFO](2026/08/20/ 02:55:10 AM) [Round: 0061] ...10 clients are selected and updated (with total sample size: 47)!
[INFO](2026/08/20/ 02:55:10 AM) [Round: 0061] Aggregate updated weights of 10 clients...!
[INFO](2026/08/20/ 02:55:10 AM) [Round: 0061] ...updated weights of 10 clients are successfully averaged!
[INFO](2026/08/20/ 02:55:12 AM) [Round: 0061] Evaluate global model's performance...!                
	[Server] ...finished evaluation!                
	=> Loss: 1.5336                
	=> Accuracy: 52.62%

[INFO](2026/08/20/ 02:55:12 AM) [Round: 0062] Select clients...!
[INFO](2026/08/20/ 02:55:12 AM) [Round: 0062] ...successfully transmitted models to 10 selected clients!
[INFO](2026/08/20/ 02:55:12 AM) [Round: 0062] Start updating selected 10 clients...!
[INFO](2026/08/20/ 02:55:56 AM) [Round: 0062] ...10 clients are selected and updated (with total sample size: 36)!
[INFO](2026/08/20/ 02:55:56 AM) [Round: 0062] Aggregate updated weights of 10 clients...!
[INFO](2026/08/20/ 02:55:56 AM) [Round: 0062] ...updated weights of 10 clients are successfully averaged!
[INFO](2026/08/20/ 02:55:58 AM) [Round: 0062] Evaluate global model's performance...!                
	[Server] ...finished evaluation!                
	=> Loss: 1.3902                
	=> Accuracy: 54.76%

[INFO](2026/08/20/ 02:55:58 AM) [Round: 0063] Select clients...!
[INFO](2026/08/20/ 02:55:58 AM) [Round: 0063] ...successfully transmitted models to 10 selected clients!
[INFO](2026/08/20/ 02:55:58 AM) [Round: 0063] Start updating selected 10 clients...!
[INFO](2026/08/20/ 02:56:45 AM) [Round: 0063] ...10 clients are selected and updated (with total sample size: 42)!
[INFO](2026/08/20/ 02:56:45 AM) [Round: 0063] Aggregate updated weights of 10 clients...!
[INFO](2026/08/20/ 02:56:46 AM) [Round: 0063] ...updated weights of 10 clients are successfully averaged!
[INFO](2026/08/20/ 02:56:47 AM) [Round: 0063] Evaluate global model's performance...!                
	[Server] ...finished evaluation!                
	=> Loss: 1.3777                
	=> Accuracy: 54.52%

[INFO](2026/08/20/ 02:56:47 AM) [Round: 0064] Select clients...!
[INFO](2026/08/20/ 02:56:48 AM) [Round: 0064] ...successfully transmitted models to 10 selected clients!
[INFO](2026/08/20/ 02:56:48 AM) [Round: 0064] Start updating selected 10 clients...!
[INFO](2026/08/20/ 02:57:32 AM) [Round: 0064] ...10 clients are selected and updated (with total sample size: 25)!
[INFO](2026/08/20/ 02:57:32 AM) [Round: 0064] Aggregate updated weights of 10 clients...!
[INFO](2026/08/20/ 02:57:32 AM) [Round: 0064] ...updated weights of 10 clients are successfully averaged!
[INFO](2026/08/20/ 02:57:34 AM) [Round: 0064] Evaluate global model's performance...!                
	[Server] ...finished evaluation!                
	=> Loss: 1.4108                
	=> Accuracy: 53.33%

[INFO](2026/08/20/ 02:57:34 AM) [Round: 0065] Select clients...!
[INFO](2026/08/20/ 02:57:35 AM) [Round: 0065] ...successfully transmitted models to 10 selected clients!
[INFO](2026/08/20/ 02:57:35 AM) [Round: 0065] Start updating selected 10 clients...!
[INFO](2026/08/20/ 02:58:15 AM) [Round: 0065] ...10 clients are selected and updated (with total sample size: 47)!
[INFO](2026/08/20/ 02:58:16 AM) [Round: 0065] Aggregate updated weights of 10 clients...!
[INFO](2026/08/20/ 02:58:16 AM) [Round: 0065] ...updated weights of 10 clients are successfully averaged!
[INFO](2026/08/20/ 02:58:19 AM) [Round: 0065] Evaluate global model's performance...!                
	[Server] ...finished evaluation!                
	=> Loss: 1.4929                
	=> Accuracy: 49.29%

[INFO](2026/08/20/ 02:58:19 AM) [Round: 0066] Select clients...!
[INFO](2026/08/20/ 02:58:19 AM) [Round: 0066] ...successfully transmitted models to 10 selected clients!
[INFO](2026/08/20/ 02:58:20 AM) [Round: 0066] Start updating selected 10 clients...!
[INFO](2026/08/20/ 02:59:11 AM) [Round: 0066] ...10 clients are selected and updated (with total sample size: 50)!
[INFO](2026/08/20/ 02:59:11 AM) [Round: 0066] Aggregate updated weights of 10 clients...!
[INFO](2026/08/20/ 02:59:11 AM) [Round: 0066] ...updated weights of 10 clients are successfully averaged!
[INFO](2026/08/20/ 02:59:13 AM) [Round: 0066] Evaluate global model's performance...!                
	[Server] ...finished evaluation!                
	=> Loss: 1.4666                
	=> Accuracy: 53.81%

[INFO](2026/08/20/ 02:59:13 AM) [Round: 0067] Select clients...!
[INFO](2026/08/20/ 02:59:14 AM) [Round: 0067] ...successfully transmitted models to 10 selected clients!
[INFO](2026/08/20/ 02:59:14 AM) [Round: 0067] Start updating selected 10 clients...!
[INFO](2026/08/20/ 02:59:56 AM) [Round: 0067] ...10 clients are selected and updated (with total sample size: 49)!
[INFO](2026/08/20/ 02:59:56 AM) [Round: 0067] Aggregate updated weights of 10 clients...!
[INFO](2026/08/20/ 02:59:56 AM) [Round: 0067] ...updated weights of 10 clients are successfully averaged!
[INFO](2026/08/20/ 02:59:58 AM) [Round: 0067] Evaluate global model's performance...!                
	[Server] ...finished evaluation!                
	=> Loss: 1.2866                
	=> Accuracy: 57.62%

[INFO](2026/08/20/ 02:59:58 AM) [Round: 0068] Select clients...!
[INFO](2026/08/20/ 02:59:58 AM) [Round: 0068] ...successfully transmitted models to 10 selected clients!
[INFO](2026/08/20/ 02:59:58 AM) [Round: 0068] Start updating selected 10 clients...!
[INFO](2026/08/20/ 03:00:38 AM) [Round: 0068] ...10 clients are selected and updated (with total sample size: 25)!
[INFO](2026/08/20/ 03:00:38 AM) [Round: 0068] Aggregate updated weights of 10 clients...!
[INFO](2026/08/20/ 03:00:38 AM) [Round: 0068] ...updated weights of 10 clients are successfully averaged!
[INFO](2026/08/20/ 03:00:39 AM) [Round: 0068] Evaluate global model's performance...!                
	[Server] ...finished evaluation!                
	=> Loss: 1.2782                
	=> Accuracy: 58.33%

[INFO](2026/08/20/ 03:00:40 AM) [Round: 0069] Select clients...!
[INFO](2026/08/20/ 03:00:40 AM) [Round: 0069] ...successfully transmitted models to 10 selected clients!
[INFO](2026/08/20/ 03:00:40 AM) [Round: 0069] Start updating selected 10 clients...!
[INFO](2026/08/20/ 03:01:26 AM) [Round: 0069] ...10 clients are selected and updated (with total sample size: 49)!
[INFO](2026/08/20/ 03:01:26 AM) [Round: 0069] Aggregate updated weights of 10 clients...!
[INFO](2026/08/20/ 03:01:26 AM) [Round: 0069] ...updated weights of 10 clients are successfully averaged!
[INFO](2026/08/20/ 03:01:28 AM) [Round: 0069] Evaluate global model's performance...!                
	[Server] ...finished evaluation!                
	=> Loss: 1.3224                
	=> Accuracy: 56.90%

[INFO](2026/08/20/ 03:01:28 AM) [Round: 0070] Select clients...!
[INFO](2026/08/20/ 03:01:29 AM) [Round: 0070] ...successfully transmitted models to 10 selected clients!
[INFO](2026/08/20/ 03:01:29 AM) [Round: 0070] Start updating selected 10 clients...!
[INFO](2026/08/20/ 03:02:10 AM) [Round: 0070] ...10 clients are selected and updated (with total sample size: 47)!
[INFO](2026/08/20/ 03:02:10 AM) [Round: 0070] Aggregate updated weights of 10 clients...!
[INFO](2026/08/20/ 03:02:10 AM) [Round: 0070] ...updated weights of 10 clients are successfully averaged!
[INFO](2026/08/20/ 03:02:12 AM) [Round: 0070] Evaluate global model's performance...!                
	[Server] ...finished evaluation!                
	=> Loss: 1.3436                
	=> Accuracy: 58.33%

[INFO](2026/08/20/ 03:02:12 AM) [Round: 0071] Select clients...!
[INFO](2026/08/20/ 03:02:13 AM) [Round: 0071] ...successfully transmitted models to 10 selected clients!
[INFO](2026/08/20/ 03:02:13 AM) [Round: 0071] Start updating selected 10 clients...!
[INFO](2026/08/20/ 03:02:55 AM) [Round: 0071] ...10 clients are selected and updated (with total sample size: 49)!
[INFO](2026/08/20/ 03:02:55 AM) [Round: 0071] Aggregate updated weights of 10 clients...!
[INFO](2026/08/20/ 03:02:55 AM) [Round: 0071] ...updated weights of 10 clients are successfully averaged!
[INFO](2026/08/20/ 03:02:57 AM) [Round: 0071] Evaluate global model's performance...!                
	[Server] ...finished evaluation!                
	=> Loss: 1.4216                
	=> Accuracy: 57.14%

[INFO](2026/08/20/ 03:02:57 AM) [Round: 0072] Select clients...!
[INFO](2026/08/20/ 03:02:58 AM) [Round: 0072] ...successfully transmitted models to 10 selected clients!
[INFO](2026/08/20/ 03:02:58 AM) [Round: 0072] Start updating selected 10 clients...!
[INFO](2026/08/20/ 03:03:40 AM) [Round: 0072] ...10 clients are selected and updated (with total sample size: 44)!
[INFO](2026/08/20/ 03:03:40 AM) [Round: 0072] Aggregate updated weights of 10 clients...!
[INFO](2026/08/20/ 03:03:41 AM) [Round: 0072] ...updated weights of 10 clients are successfully averaged!
[INFO](2026/08/20/ 03:03:42 AM) [Round: 0072] Evaluate global model's performance...!                
	[Server] ...finished evaluation!                
	=> Loss: 1.2391                
	=> Accuracy: 59.05%

[INFO](2026/08/20/ 03:03:42 AM) [Round: 0073] Select clients...!
[INFO](2026/08/20/ 03:03:43 AM) [Round: 0073] ...successfully transmitted models to 10 selected clients!
[INFO](2026/08/20/ 03:03:43 AM) [Round: 0073] Start updating selected 10 clients...!
[INFO](2026/08/20/ 03:04:27 AM) [Round: 0073] ...10 clients are selected and updated (with total sample size: 59)!
[INFO](2026/08/20/ 03:04:27 AM) [Round: 0073] Aggregate updated weights of 10 clients...!
[INFO](2026/08/20/ 03:04:28 AM) [Round: 0073] ...updated weights of 10 clients are successfully averaged!
[INFO](2026/08/20/ 03:04:29 AM) [Round: 0073] Evaluate global model's performance...!                
	[Server] ...finished evaluation!                
	=> Loss: 1.2960                
	=> Accuracy: 58.57%

[INFO](2026/08/20/ 03:04:29 AM) [Round: 0074] Select clients...!
[INFO](2026/08/20/ 03:04:30 AM) [Round: 0074] ...successfully transmitted models to 10 selected clients!
[INFO](2026/08/20/ 03:04:30 AM) [Round: 0074] Start updating selected 10 clients...!
[INFO](2026/08/20/ 03:05:11 AM) [Round: 0074] ...10 clients are selected and updated (with total sample size: 47)!
[INFO](2026/08/20/ 03:05:11 AM) [Round: 0074] Aggregate updated weights of 10 clients...!
[INFO](2026/08/20/ 03:05:12 AM) [Round: 0074] ...updated weights of 10 clients are successfully averaged!
[INFO](2026/08/20/ 03:05:13 AM) [Round: 0074] Evaluate global model's performance...!                
	[Server] ...finished evaluation!                
	=> Loss: 1.2192                
	=> Accuracy: 61.19%

[INFO](2026/08/20/ 03:05:13 AM) [Round: 0075] Select clients...!
[INFO](2026/08/20/ 03:05:14 AM) [Round: 0075] ...successfully transmitted models to 10 selected clients!
[INFO](2026/08/20/ 03:05:14 AM) [Round: 0075] Start updating selected 10 clients...!
[INFO](2026/08/20/ 03:05:53 AM) [Round: 0075] ...10 clients are selected and updated (with total sample size: 36)!
[INFO](2026/08/20/ 03:05:54 AM) [Round: 0075] Aggregate updated weights of 10 clients...!
[INFO](2026/08/20/ 03:05:54 AM) [Round: 0075] ...updated weights of 10 clients are successfully averaged!
[INFO](2026/08/20/ 03:05:55 AM) [Round: 0075] Evaluate global model's performance...!                
	[Server] ...finished evaluation!                
	=> Loss: 1.2609                
	=> Accuracy: 57.86%

[INFO](2026/08/20/ 03:05:55 AM) [Round: 0076] Select clients...!
[INFO](2026/08/20/ 03:05:56 AM) [Round: 0076] ...successfully transmitted models to 10 selected clients!
[INFO](2026/08/20/ 03:05:56 AM) [Round: 0076] Start updating selected 10 clients...!
[INFO](2026/08/20/ 03:06:36 AM) [Round: 0076] ...10 clients are selected and updated (with total sample size: 47)!
[INFO](2026/08/20/ 03:06:36 AM) [Round: 0076] Aggregate updated weights of 10 clients...!
[INFO](2026/08/20/ 03:06:36 AM) [Round: 0076] ...updated weights of 10 clients are successfully averaged!
[INFO](2026/08/20/ 03:06:38 AM) [Round: 0076] Evaluate global model's performance...!                
	[Server] ...finished evaluation!                
	=> Loss: 1.1826                
	=> Accuracy: 62.62%

[INFO](2026/08/20/ 03:06:38 AM) [Round: 0077] Select clients...!
[INFO](2026/08/20/ 03:06:38 AM) [Round: 0077] ...successfully transmitted models to 10 selected clients!
[INFO](2026/08/20/ 03:06:38 AM) [Round: 0077] Start updating selected 10 clients...!
[INFO](2026/08/20/ 03:07:17 AM) [Round: 0077] ...10 clients are selected and updated (with total sample size: 47)!
[INFO](2026/08/20/ 03:07:17 AM) [Round: 0077] Aggregate updated weights of 10 clients...!
[INFO](2026/08/20/ 03:07:17 AM) [Round: 0077] ...updated weights of 10 clients are successfully averaged!
[INFO](2026/08/20/ 03:07:19 AM) [Round: 0077] Evaluate global model's performance...!                
	[Server] ...finished evaluation!                
	=> Loss: 1.1272                
	=> Accuracy: 65.95%

[INFO](2026/08/20/ 03:07:19 AM) [Round: 0078] Select clients...!
[INFO](2026/08/20/ 03:07:19 AM) [Round: 0078] ...successfully transmitted models to 10 selected clients!
[INFO](2026/08/20/ 03:07:19 AM) [Round: 0078] Start updating selected 10 clients...!
[INFO](2026/08/20/ 03:08:01 AM) [Round: 0078] ...10 clients are selected and updated (with total sample size: 50)!
[INFO](2026/08/20/ 03:08:01 AM) [Round: 0078] Aggregate updated weights of 10 clients...!
[INFO](2026/08/20/ 03:08:01 AM) [Round: 0078] ...updated weights of 10 clients are successfully averaged!
[INFO](2026/08/20/ 03:08:03 AM) [Round: 0078] Evaluate global model's performance...!                
	[Server] ...finished evaluation!                
	=> Loss: 1.2952                
	=> Accuracy: 60.00%

[INFO](2026/08/20/ 03:08:03 AM) [Round: 0079] Select clients...!
[INFO](2026/08/20/ 03:08:03 AM) [Round: 0079] ...successfully transmitted models to 10 selected clients!
[INFO](2026/08/20/ 03:08:03 AM) [Round: 0079] Start updating selected 10 clients...!
[INFO](2026/08/20/ 03:08:44 AM) [Round: 0079] ...10 clients are selected and updated (with total sample size: 47)!
[INFO](2026/08/20/ 03:08:44 AM) [Round: 0079] Aggregate updated weights of 10 clients...!
[INFO](2026/08/20/ 03:08:44 AM) [Round: 0079] ...updated weights of 10 clients are successfully averaged!
[INFO](2026/08/20/ 03:08:46 AM) [Round: 0079] Evaluate global model's performance...!                
	[Server] ...finished evaluation!                
	=> Loss: 1.1169                
	=> Accuracy: 64.05%

[INFO](2026/08/20/ 03:08:46 AM) [Round: 0080] Select clients...!
[INFO](2026/08/20/ 03:08:46 AM) [Round: 0080] ...successfully transmitted models to 10 selected clients!
[INFO](2026/08/20/ 03:08:46 AM) [Round: 0080] Start updating selected 10 clients...!
[INFO](2026/08/20/ 03:09:26 AM) [Round: 0080] ...10 clients are selected and updated (with total sample size: 36)!
[INFO](2026/08/20/ 03:09:26 AM) [Round: 0080] Aggregate updated weights of 10 clients...!
[INFO](2026/08/20/ 03:09:27 AM) [Round: 0080] ...updated weights of 10 clients are successfully averaged!
[INFO](2026/08/20/ 03:09:28 AM) [Round: 0080] Evaluate global model's performance...!                
	[Server] ...finished evaluation!                
	=> Loss: 1.2118                
	=> Accuracy: 60.48%

[INFO](2026/08/20/ 03:09:28 AM) [Round: 0081] Select clients...!
[INFO](2026/08/20/ 03:09:29 AM) [Round: 0081] ...successfully transmitted models to 10 selected clients!
[INFO](2026/08/20/ 03:09:29 AM) [Round: 0081] Start updating selected 10 clients...!
[INFO](2026/08/20/ 03:10:08 AM) [Round: 0081] ...10 clients are selected and updated (with total sample size: 49)!
[INFO](2026/08/20/ 03:10:08 AM) [Round: 0081] Aggregate updated weights of 10 clients...!
[INFO](2026/08/20/ 03:10:08 AM) [Round: 0081] ...updated weights of 10 clients are successfully averaged!
[INFO](2026/08/20/ 03:10:10 AM) [Round: 0081] Evaluate global model's performance...!                
	[Server] ...finished evaluation!                
	=> Loss: 1.2122                
	=> Accuracy: 62.14%

[INFO](2026/08/20/ 03:10:10 AM) [Round: 0082] Select clients...!
[INFO](2026/08/20/ 03:10:11 AM) [Round: 0082] ...successfully transmitted models to 10 selected clients!
[INFO](2026/08/20/ 03:10:11 AM) [Round: 0082] Start updating selected 10 clients...!
[INFO](2026/08/20/ 03:10:53 AM) [Round: 0082] ...10 clients are selected and updated (with total sample size: 36)!
[INFO](2026/08/20/ 03:10:53 AM) [Round: 0082] Aggregate updated weights of 10 clients...!
[INFO](2026/08/20/ 03:10:53 AM) [Round: 0082] ...updated weights of 10 clients are successfully averaged!
[INFO](2026/08/20/ 03:10:55 AM) [Round: 0082] Evaluate global model's performance...!                
	[Server] ...finished evaluation!                
	=> Loss: 1.1045                
	=> Accuracy: 62.14%

[INFO](2026/08/20/ 03:10:55 AM) [Round: 0083] Select clients...!
[INFO](2026/08/20/ 03:10:55 AM) [Round: 0083] ...successfully transmitted models to 10 selected clients!
[INFO](2026/08/20/ 03:10:55 AM) [Round: 0083] Start updating selected 10 clients...!
[INFO](2026/08/20/ 03:11:36 AM) [Round: 0083] ...10 clients are selected and updated (with total sample size: 50)!
[INFO](2026/08/20/ 03:11:37 AM) [Round: 0083] Aggregate updated weights of 10 clients...!
[INFO](2026/08/20/ 03:11:37 AM) [Round: 0083] ...updated weights of 10 clients are successfully averaged!
[INFO](2026/08/20/ 03:11:38 AM) [Round: 0083] Evaluate global model's performance...!                
	[Server] ...finished evaluation!                
	=> Loss: 1.2748                
	=> Accuracy: 57.62%

[INFO](2026/08/20/ 03:11:39 AM) [Round: 0084] Select clients...!
[INFO](2026/08/20/ 03:11:39 AM) [Round: 0084] ...successfully transmitted models to 10 selected clients!
[INFO](2026/08/20/ 03:11:39 AM) [Round: 0084] Start updating selected 10 clients...!
[INFO](2026/08/20/ 03:12:21 AM) [Round: 0084] ...10 clients are selected and updated (with total sample size: 50)!
[INFO](2026/08/20/ 03:12:21 AM) [Round: 0084] Aggregate updated weights of 10 clients...!
[INFO](2026/08/20/ 03:12:21 AM) [Round: 0084] ...updated weights of 10 clients are successfully averaged!
[INFO](2026/08/20/ 03:12:23 AM) [Round: 0084] Evaluate global model's performance...!                
	[Server] ...finished evaluation!                
	=> Loss: 1.1487                
	=> Accuracy: 62.38%

[INFO](2026/08/20/ 03:12:23 AM) [Round: 0085] Select clients...!
[INFO](2026/08/20/ 03:12:23 AM) [Round: 0085] ...successfully transmitted models to 10 selected clients!
[INFO](2026/08/20/ 03:12:23 AM) [Round: 0085] Start updating selected 10 clients...!
[INFO](2026/08/20/ 03:13:04 AM) [Round: 0085] ...10 clients are selected and updated (with total sample size: 25)!
[INFO](2026/08/20/ 03:13:04 AM) [Round: 0085] Aggregate updated weights of 10 clients...!
[INFO](2026/08/20/ 03:13:04 AM) [Round: 0085] ...updated weights of 10 clients are successfully averaged!
[INFO](2026/08/20/ 03:13:05 AM) [Round: 0085] Evaluate global model's performance...!                
	[Server] ...finished evaluation!                
	=> Loss: 1.1451                
	=> Accuracy: 61.43%

[INFO](2026/08/20/ 03:13:06 AM) [Round: 0086] Select clients...!
[INFO](2026/08/20/ 03:13:06 AM) [Round: 0086] ...successfully transmitted models to 10 selected clients!
[INFO](2026/08/20/ 03:13:06 AM) [Round: 0086] Start updating selected 10 clients...!
[INFO](2026/08/20/ 03:13:47 AM) [Round: 0086] ...10 clients are selected and updated (with total sample size: 49)!
[INFO](2026/08/20/ 03:13:47 AM) [Round: 0086] Aggregate updated weights of 10 clients...!
[INFO](2026/08/20/ 03:13:47 AM) [Round: 0086] ...updated weights of 10 clients are successfully averaged!
[INFO](2026/08/20/ 03:13:49 AM) [Round: 0086] Evaluate global model's performance...!                
	[Server] ...finished evaluation!                
	=> Loss: 1.1039                
	=> Accuracy: 62.62%

[INFO](2026/08/20/ 03:13:49 AM) [Round: 0087] Select clients...!
[INFO](2026/08/20/ 03:13:50 AM) [Round: 0087] ...successfully transmitted models to 10 selected clients!
[INFO](2026/08/20/ 03:13:50 AM) [Round: 0087] Start updating selected 10 clients...!
[INFO](2026/08/20/ 03:14:26 AM) [Round: 0087] ...10 clients are selected and updated (with total sample size: 36)!
[INFO](2026/08/20/ 03:14:26 AM) [Round: 0087] Aggregate updated weights of 10 clients...!
[INFO](2026/08/20/ 03:14:26 AM) [Round: 0087] ...updated weights of 10 clients are successfully averaged!
[INFO](2026/08/20/ 03:14:28 AM) [Round: 0087] Evaluate global model's performance...!                
	[Server] ...finished evaluation!                
	=> Loss: 1.0693                
	=> Accuracy: 66.67%

[INFO](2026/08/20/ 03:14:28 AM) [Round: 0088] Select clients...!
[INFO](2026/08/20/ 03:14:28 AM) [Round: 0088] ...successfully transmitted models to 10 selected clients!
[INFO](2026/08/20/ 03:14:28 AM) [Round: 0088] Start updating selected 10 clients...!
[INFO](2026/08/20/ 03:15:08 AM) [Round: 0088] ...10 clients are selected and updated (with total sample size: 47)!
[INFO](2026/08/20/ 03:15:08 AM) [Round: 0088] Aggregate updated weights of 10 clients...!
[INFO](2026/08/20/ 03:15:08 AM) [Round: 0088] ...updated weights of 10 clients are successfully averaged!
[INFO](2026/08/20/ 03:15:09 AM) [Round: 0088] Evaluate global model's performance...!                
	[Server] ...finished evaluation!                
	=> Loss: 1.1095                
	=> Accuracy: 63.81%

[INFO](2026/08/20/ 03:15:09 AM) [Round: 0089] Select clients...!
[INFO](2026/08/20/ 03:15:10 AM) [Round: 0089] ...successfully transmitted models to 10 selected clients!
[INFO](2026/08/20/ 03:15:10 AM) [Round: 0089] Start updating selected 10 clients...!
[INFO](2026/08/20/ 03:15:44 AM) [Round: 0089] ...10 clients are selected and updated (with total sample size: 25)!
[INFO](2026/08/20/ 03:15:44 AM) [Round: 0089] Aggregate updated weights of 10 clients...!
[INFO](2026/08/20/ 03:15:44 AM) [Round: 0089] ...updated weights of 10 clients are successfully averaged!
[INFO](2026/08/20/ 03:15:45 AM) [Round: 0089] Evaluate global model's performance...!                
	[Server] ...finished evaluation!                
	=> Loss: 0.9893                
	=> Accuracy: 70.24%

[INFO](2026/08/20/ 03:15:45 AM) [Round: 0090] Select clients...!
[INFO](2026/08/20/ 03:15:46 AM) [Round: 0090] ...successfully transmitted models to 10 selected clients!
[INFO](2026/08/20/ 03:15:46 AM) [Round: 0090] Start updating selected 10 clients...!
[INFO](2026/08/20/ 03:16:26 AM) [Round: 0090] ...10 clients are selected and updated (with total sample size: 47)!
[INFO](2026/08/20/ 03:16:26 AM) [Round: 0090] Aggregate updated weights of 10 clients...!
[INFO](2026/08/20/ 03:16:27 AM) [Round: 0090] ...updated weights of 10 clients are successfully averaged!
[INFO](2026/08/20/ 03:16:28 AM) [Round: 0090] Evaluate global model's performance...!                
	[Server] ...finished evaluation!                
	=> Loss: 0.9702                
	=> Accuracy: 67.62%

[INFO](2026/08/20/ 03:16:28 AM) [Round: 0091] Select clients...!
[INFO](2026/08/20/ 03:16:28 AM) [Round: 0091] ...successfully transmitted models to 10 selected clients!
[INFO](2026/08/20/ 03:16:29 AM) [Round: 0091] Start updating selected 10 clients...!
[INFO](2026/08/20/ 03:17:09 AM) [Round: 0091] ...10 clients are selected and updated (with total sample size: 47)!
[INFO](2026/08/20/ 03:17:10 AM) [Round: 0091] Aggregate updated weights of 10 clients...!
[INFO](2026/08/20/ 03:17:10 AM) [Round: 0091] ...updated weights of 10 clients are successfully averaged!
[INFO](2026/08/20/ 03:17:11 AM) [Round: 0091] Evaluate global model's performance...!                
	[Server] ...finished evaluation!                
	=> Loss: 1.1075                
	=> Accuracy: 64.76%

[INFO](2026/08/20/ 03:17:12 AM) [Round: 0092] Select clients...!
[INFO](2026/08/20/ 03:17:12 AM) [Round: 0092] ...successfully transmitted models to 10 selected clients!
[INFO](2026/08/20/ 03:17:12 AM) [Round: 0092] Start updating selected 10 clients...!
[INFO](2026/08/20/ 03:17:51 AM) [Round: 0092] ...10 clients are selected and updated (with total sample size: 35)!
[INFO](2026/08/20/ 03:17:51 AM) [Round: 0092] Aggregate updated weights of 10 clients...!
[INFO](2026/08/20/ 03:17:51 AM) [Round: 0092] ...updated weights of 10 clients are successfully averaged!
[INFO](2026/08/20/ 03:17:53 AM) [Round: 0092] Evaluate global model's performance...!                
	[Server] ...finished evaluation!                
	=> Loss: 1.0778                
	=> Accuracy: 64.76%

[INFO](2026/08/20/ 03:17:53 AM) [Round: 0093] Select clients...!
[INFO](2026/08/20/ 03:17:54 AM) [Round: 0093] ...successfully transmitted models to 10 selected clients!
[INFO](2026/08/20/ 03:17:54 AM) [Round: 0093] Start updating selected 10 clients...!
[INFO](2026/08/20/ 03:18:37 AM) [Round: 0093] ...10 clients are selected and updated (with total sample size: 50)!
[INFO](2026/08/20/ 03:18:37 AM) [Round: 0093] Aggregate updated weights of 10 clients...!
[INFO](2026/08/20/ 03:18:37 AM) [Round: 0093] ...updated weights of 10 clients are successfully averaged!
[INFO](2026/08/20/ 03:18:39 AM) [Round: 0093] Evaluate global model's performance...!                
	[Server] ...finished evaluation!                
	=> Loss: 1.1609                
	=> Accuracy: 63.10%

[INFO](2026/08/20/ 03:18:39 AM) [Round: 0094] Select clients...!
[INFO](2026/08/20/ 03:18:40 AM) [Round: 0094] ...successfully transmitted models to 10 selected clients!
[INFO](2026/08/20/ 03:18:40 AM) [Round: 0094] Start updating selected 10 clients...!
[INFO](2026/08/20/ 03:19:19 AM) [Round: 0094] ...10 clients are selected and updated (with total sample size: 47)!
[INFO](2026/08/20/ 03:19:19 AM) [Round: 0094] Aggregate updated weights of 10 clients...!
[INFO](2026/08/20/ 03:19:19 AM) [Round: 0094] ...updated weights of 10 clients are successfully averaged!
[INFO](2026/08/20/ 03:19:21 AM) [Round: 0094] Evaluate global model's performance...!                
	[Server] ...finished evaluation!                
	=> Loss: 1.0728                
	=> Accuracy: 65.95%

[INFO](2026/08/20/ 03:19:21 AM) [Round: 0095] Select clients...!
[INFO](2026/08/20/ 03:19:21 AM) [Round: 0095] ...successfully transmitted models to 10 selected clients!
[INFO](2026/08/20/ 03:19:21 AM) [Round: 0095] Start updating selected 10 clients...!
[INFO](2026/08/20/ 03:20:03 AM) [Round: 0095] ...10 clients are selected and updated (with total sample size: 50)!
[INFO](2026/08/20/ 03:20:03 AM) [Round: 0095] Aggregate updated weights of 10 clients...!
[INFO](2026/08/20/ 03:20:03 AM) [Round: 0095] ...updated weights of 10 clients are successfully averaged!
[INFO](2026/08/20/ 03:20:05 AM) [Round: 0095] Evaluate global model's performance...!                
	[Server] ...finished evaluation!                
	=> Loss: 1.0521                
	=> Accuracy: 63.33%

[INFO](2026/08/20/ 03:20:05 AM) [Round: 0096] Select clients...!
[INFO](2026/08/20/ 03:20:06 AM) [Round: 0096] ...successfully transmitted models to 10 selected clients!
[INFO](2026/08/20/ 03:20:06 AM) [Round: 0096] Start updating selected 10 clients...!
[INFO](2026/08/20/ 03:20:46 AM) [Round: 0096] ...10 clients are selected and updated (with total sample size: 36)!
[INFO](2026/08/20/ 03:20:47 AM) [Round: 0096] Aggregate updated weights of 10 clients...!
[INFO](2026/08/20/ 03:20:47 AM) [Round: 0096] ...updated weights of 10 clients are successfully averaged!
[INFO](2026/08/20/ 03:20:48 AM) [Round: 0096] Evaluate global model's performance...!                
	[Server] ...finished evaluation!                
	=> Loss: 1.0281                
	=> Accuracy: 67.38%

[INFO](2026/08/20/ 03:20:48 AM) [Round: 0097] Select clients...!
[INFO](2026/08/20/ 03:20:49 AM) [Round: 0097] ...successfully transmitted models to 10 selected clients!
[INFO](2026/08/20/ 03:20:49 AM) [Round: 0097] Start updating selected 10 clients...!
[INFO](2026/08/20/ 03:21:27 AM) [Round: 0097] ...10 clients are selected and updated (with total sample size: 47)!
[INFO](2026/08/20/ 03:21:27 AM) [Round: 0097] Aggregate updated weights of 10 clients...!
[INFO](2026/08/20/ 03:21:27 AM) [Round: 0097] ...updated weights of 10 clients are successfully averaged!
[INFO](2026/08/20/ 03:21:29 AM) [Round: 0097] Evaluate global model's performance...!                
	[Server] ...finished evaluation!                
	=> Loss: 0.9857                
	=> Accuracy: 68.81%

[INFO](2026/08/20/ 03:21:29 AM) [Round: 0098] Select clients...!
[INFO](2026/08/20/ 03:21:29 AM) [Round: 0098] ...successfully transmitted models to 10 selected clients!
[INFO](2026/08/20/ 03:21:29 AM) [Round: 0098] Start updating selected 10 clients...!
[INFO](2026/08/20/ 03:22:09 AM) [Round: 0098] ...10 clients are selected and updated (with total sample size: 36)!
[INFO](2026/08/20/ 03:22:09 AM) [Round: 0098] Aggregate updated weights of 10 clients...!
[INFO](2026/08/20/ 03:22:09 AM) [Round: 0098] ...updated weights of 10 clients are successfully averaged!
[INFO](2026/08/20/ 03:22:11 AM) [Round: 0098] Evaluate global model's performance...!                
	[Server] ...finished evaluation!                
	=> Loss: 0.9430                
	=> Accuracy: 70.24%

[INFO](2026/08/20/ 03:22:11 AM) [Round: 0099] Select clients...!
[INFO](2026/08/20/ 03:22:11 AM) [Round: 0099] ...successfully transmitted models to 10 selected clients!
[INFO](2026/08/20/ 03:22:11 AM) [Round: 0099] Start updating selected 10 clients...!
[INFO](2026/08/20/ 03:22:48 AM) [Round: 0099] ...10 clients are selected and updated (with total sample size: 50)!
[INFO](2026/08/20/ 03:22:48 AM) [Round: 0099] Aggregate updated weights of 10 clients...!
[INFO](2026/08/20/ 03:22:48 AM) [Round: 0099] ...updated weights of 10 clients are successfully averaged!
[INFO](2026/08/20/ 03:22:50 AM) [Round: 0099] Evaluate global model's performance...!                
	[Server] ...finished evaluation!                
	=> Loss: 1.1042                
	=> Accuracy: 67.62%

[INFO](2026/08/20/ 03:22:50 AM) [Round: 0100] Select clients...!
[INFO](2026/08/20/ 03:22:50 AM) [Round: 0100] ...successfully transmitted models to 10 selected clients!
[INFO](2026/08/20/ 03:22:50 AM) [Round: 0100] Start updating selected 10 clients...!
[INFO](2026/08/20/ 03:23:32 AM) [Round: 0100] ...10 clients are selected and updated (with total sample size: 47)!
[INFO](2026/08/20/ 03:23:32 AM) [Round: 0100] Aggregate updated weights of 10 clients...!
[INFO](2026/08/20/ 03:23:33 AM) [Round: 0100] ...updated weights of 10 clients are successfully averaged!
[INFO](2026/08/20/ 03:23:35 AM) [Round: 0100] Evaluate global model's performance...!                
	[Server] ...finished evaluation!                
	=> Loss: 0.9944                
	=> Accuracy: 64.52%

[INFO](2026/08/20/ 03:23:35 AM) [Round: 0101] Select clients...!
[INFO](2026/08/20/ 03:23:35 AM) [Round: 0101] ...successfully transmitted models to 10 selected clients!
[INFO](2026/08/20/ 03:23:35 AM) [Round: 0101] Start updating selected 10 clients...!
[INFO](2026/08/20/ 03:24:17 AM) [Round: 0101] ...10 clients are selected and updated (with total sample size: 47)!
[INFO](2026/08/20/ 03:24:17 AM) [Round: 0101] Aggregate updated weights of 10 clients...!
[INFO](2026/08/20/ 03:24:17 AM) [Round: 0101] ...updated weights of 10 clients are successfully averaged!
[INFO](2026/08/20/ 03:24:19 AM) [Round: 0101] Evaluate global model's performance...!                
	[Server] ...finished evaluation!                
	=> Loss: 0.9251                
	=> Accuracy: 68.33%

[INFO](2026/08/20/ 03:24:19 AM) [Round: 0102] Select clients...!
[INFO](2026/08/20/ 03:24:20 AM) [Round: 0102] ...successfully transmitted models to 10 selected clients!
[INFO](2026/08/20/ 03:24:20 AM) [Round: 0102] Start updating selected 10 clients...!
[INFO](2026/08/20/ 03:24:56 AM) [Round: 0102] ...10 clients are selected and updated (with total sample size: 47)!
[INFO](2026/08/20/ 03:24:56 AM) [Round: 0102] Aggregate updated weights of 10 clients...!
[INFO](2026/08/20/ 03:24:56 AM) [Round: 0102] ...updated weights of 10 clients are successfully averaged!
[INFO](2026/08/20/ 03:24:58 AM) [Round: 0102] Evaluate global model's performance...!                
	[Server] ...finished evaluation!                
	=> Loss: 0.9902                
	=> Accuracy: 65.95%

[INFO](2026/08/20/ 03:24:58 AM) [Round: 0103] Select clients...!
[INFO](2026/08/20/ 03:24:58 AM) [Round: 0103] ...successfully transmitted models to 10 selected clients!
[INFO](2026/08/20/ 03:24:59 AM) [Round: 0103] Start updating selected 10 clients...!
[INFO](2026/08/20/ 03:25:38 AM) [Round: 0103] ...10 clients are selected and updated (with total sample size: 36)!
[INFO](2026/08/20/ 03:25:38 AM) [Round: 0103] Aggregate updated weights of 10 clients...!
[INFO](2026/08/20/ 03:25:38 AM) [Round: 0103] ...updated weights of 10 clients are successfully averaged!
[INFO](2026/08/20/ 03:25:40 AM) [Round: 0103] Evaluate global model's performance...!                
	[Server] ...finished evaluation!                
	=> Loss: 0.9507                
	=> Accuracy: 70.24%

[INFO](2026/08/20/ 03:25:40 AM) [Round: 0104] Select clients...!
[INFO](2026/08/20/ 03:25:40 AM) [Round: 0104] ...successfully transmitted models to 10 selected clients!
[INFO](2026/08/20/ 03:25:41 AM) [Round: 0104] Start updating selected 10 clients...!
[INFO](2026/08/20/ 03:26:26 AM) [Round: 0104] ...10 clients are selected and updated (with total sample size: 42)!
[INFO](2026/08/20/ 03:26:26 AM) [Round: 0104] Aggregate updated weights of 10 clients...!
[INFO](2026/08/20/ 03:26:26 AM) [Round: 0104] ...updated weights of 10 clients are successfully averaged!
[INFO](2026/08/20/ 03:26:28 AM) [Round: 0104] Evaluate global model's performance...!                
	[Server] ...finished evaluation!                
	=> Loss: 0.9502                
	=> Accuracy: 68.81%

[INFO](2026/08/20/ 03:26:28 AM) [Round: 0105] Select clients...!
[INFO](2026/08/20/ 03:26:29 AM) [Round: 0105] ...successfully transmitted models to 10 selected clients!
[INFO](2026/08/20/ 03:26:29 AM) [Round: 0105] Start updating selected 10 clients...!
[INFO](2026/08/20/ 03:27:05 AM) [Round: 0105] ...10 clients are selected and updated (with total sample size: 25)!
[INFO](2026/08/20/ 03:27:05 AM) [Round: 0105] Aggregate updated weights of 10 clients...!
[INFO](2026/08/20/ 03:27:06 AM) [Round: 0105] ...updated weights of 10 clients are successfully averaged!
[INFO](2026/08/20/ 03:27:07 AM) [Round: 0105] Evaluate global model's performance...!                
	[Server] ...finished evaluation!                
	=> Loss: 0.9766                
	=> Accuracy: 67.14%

[INFO](2026/08/20/ 03:27:07 AM) [Round: 0106] Select clients...!
[INFO](2026/08/20/ 03:27:08 AM) [Round: 0106] ...successfully transmitted models to 10 selected clients!
[INFO](2026/08/20/ 03:27:08 AM) [Round: 0106] Start updating selected 10 clients...!
[INFO](2026/08/20/ 03:27:44 AM) [Round: 0106] ...10 clients are selected and updated (with total sample size: 25)!
[INFO](2026/08/20/ 03:27:44 AM) [Round: 0106] Aggregate updated weights of 10 clients...!
[INFO](2026/08/20/ 03:27:44 AM) [Round: 0106] ...updated weights of 10 clients are successfully averaged!
[INFO](2026/08/20/ 03:27:46 AM) [Round: 0106] Evaluate global model's performance...!                
	[Server] ...finished evaluation!                
	=> Loss: 0.8690                
	=> Accuracy: 72.38%

[INFO](2026/08/20/ 03:27:46 AM) [Round: 0107] Select clients...!
[INFO](2026/08/20/ 03:27:46 AM) [Round: 0107] ...successfully transmitted models to 10 selected clients!
[INFO](2026/08/20/ 03:27:46 AM) [Round: 0107] Start updating selected 10 clients...!
[INFO](2026/08/20/ 03:28:30 AM) [Round: 0107] ...10 clients are selected and updated (with total sample size: 36)!
[INFO](2026/08/20/ 03:28:30 AM) [Round: 0107] Aggregate updated weights of 10 clients...!
[INFO](2026/08/20/ 03:28:30 AM) [Round: 0107] ...updated weights of 10 clients are successfully averaged!
[INFO](2026/08/20/ 03:28:32 AM) [Round: 0107] Evaluate global model's performance...!                
	[Server] ...finished evaluation!                
	=> Loss: 0.9271                
	=> Accuracy: 69.52%

[INFO](2026/08/20/ 03:28:32 AM) [Round: 0108] Select clients...!
[INFO](2026/08/20/ 03:28:32 AM) [Round: 0108] ...successfully transmitted models to 10 selected clients!
[INFO](2026/08/20/ 03:28:32 AM) [Round: 0108] Start updating selected 10 clients...!
[INFO](2026/08/20/ 03:29:12 AM) [Round: 0108] ...10 clients are selected and updated (with total sample size: 49)!
[INFO](2026/08/20/ 03:29:12 AM) [Round: 0108] Aggregate updated weights of 10 clients...!
[INFO](2026/08/20/ 03:29:12 AM) [Round: 0108] ...updated weights of 10 clients are successfully averaged!
[INFO](2026/08/20/ 03:29:14 AM) [Round: 0108] Evaluate global model's performance...!                
	[Server] ...finished evaluation!                
	=> Loss: 0.9305                
	=> Accuracy: 67.86%

[INFO](2026/08/20/ 03:29:14 AM) [Round: 0109] Select clients...!
[INFO](2026/08/20/ 03:29:15 AM) [Round: 0109] ...successfully transmitted models to 10 selected clients!
[INFO](2026/08/20/ 03:29:15 AM) [Round: 0109] Start updating selected 10 clients...!
[INFO](2026/08/20/ 03:29:53 AM) [Round: 0109] ...10 clients are selected and updated (with total sample size: 47)!
[INFO](2026/08/20/ 03:29:53 AM) [Round: 0109] Aggregate updated weights of 10 clients...!
[INFO](2026/08/20/ 03:29:53 AM) [Round: 0109] ...updated weights of 10 clients are successfully averaged!
[INFO](2026/08/20/ 03:29:55 AM) [Round: 0109] Evaluate global model's performance...!                
	[Server] ...finished evaluation!                
	=> Loss: 0.9093                
	=> Accuracy: 70.48%

[INFO](2026/08/20/ 03:29:55 AM) [Round: 0110] Select clients...!
[INFO](2026/08/20/ 03:29:55 AM) [Round: 0110] ...successfully transmitted models to 10 selected clients!
[INFO](2026/08/20/ 03:29:55 AM) [Round: 0110] Start updating selected 10 clients...!
[INFO](2026/08/20/ 03:30:28 AM) [Round: 0110] ...10 clients are selected and updated (with total sample size: 36)!
[INFO](2026/08/20/ 03:30:28 AM) [Round: 0110] Aggregate updated weights of 10 clients...!
[INFO](2026/08/20/ 03:30:28 AM) [Round: 0110] ...updated weights of 10 clients are successfully averaged!
[INFO](2026/08/20/ 03:30:30 AM) [Round: 0110] Evaluate global model's performance...!                
	[Server] ...finished evaluation!                
	=> Loss: 1.0317                
	=> Accuracy: 69.29%

[INFO](2026/08/20/ 03:30:30 AM) [Round: 0111] Select clients...!
[INFO](2026/08/20/ 03:30:30 AM) [Round: 0111] ...successfully transmitted models to 10 selected clients!
[INFO](2026/08/20/ 03:30:30 AM) [Round: 0111] Start updating selected 10 clients...!
[INFO](2026/08/20/ 03:31:13 AM) [Round: 0111] ...10 clients are selected and updated (with total sample size: 49)!
[INFO](2026/08/20/ 03:31:13 AM) [Round: 0111] Aggregate updated weights of 10 clients...!
[INFO](2026/08/20/ 03:31:13 AM) [Round: 0111] ...updated weights of 10 clients are successfully averaged!
[INFO](2026/08/20/ 03:31:15 AM) [Round: 0111] Evaluate global model's performance...!                
	[Server] ...finished evaluation!                
	=> Loss: 0.9841                
	=> Accuracy: 66.19%

[INFO](2026/08/20/ 03:31:15 AM) [Round: 0112] Select clients...!
[INFO](2026/08/20/ 03:31:15 AM) [Round: 0112] ...successfully transmitted models to 10 selected clients!
[INFO](2026/08/20/ 03:31:15 AM) [Round: 0112] Start updating selected 10 clients...!
[INFO](2026/08/20/ 03:31:53 AM) [Round: 0112] ...10 clients are selected and updated (with total sample size: 47)!
[INFO](2026/08/20/ 03:31:53 AM) [Round: 0112] Aggregate updated weights of 10 clients...!
[INFO](2026/08/20/ 03:31:53 AM) [Round: 0112] ...updated weights of 10 clients are successfully averaged!
[INFO](2026/08/20/ 03:31:55 AM) [Round: 0112] Evaluate global model's performance...!                
	[Server] ...finished evaluation!                
	=> Loss: 0.8186                
	=> Accuracy: 72.62%

[INFO](2026/08/20/ 03:31:55 AM) [Round: 0113] Select clients...!
[INFO](2026/08/20/ 03:31:55 AM) [Round: 0113] ...successfully transmitted models to 10 selected clients!
[INFO](2026/08/20/ 03:31:55 AM) [Round: 0113] Start updating selected 10 clients...!
[INFO](2026/08/20/ 03:32:34 AM) [Round: 0113] ...10 clients are selected and updated (with total sample size: 42)!
[INFO](2026/08/20/ 03:32:34 AM) [Round: 0113] Aggregate updated weights of 10 clients...!
[INFO](2026/08/20/ 03:32:34 AM) [Round: 0113] ...updated weights of 10 clients are successfully averaged!
[INFO](2026/08/20/ 03:32:36 AM) [Round: 0113] Evaluate global model's performance...!                
	[Server] ...finished evaluation!                
	=> Loss: 0.9500                
	=> Accuracy: 66.90%

[INFO](2026/08/20/ 03:32:36 AM) [Round: 0114] Select clients...!
[INFO](2026/08/20/ 03:32:36 AM) [Round: 0114] ...successfully transmitted models to 10 selected clients!
[INFO](2026/08/20/ 03:32:36 AM) [Round: 0114] Start updating selected 10 clients...!
[INFO](2026/08/20/ 03:33:18 AM) [Round: 0114] ...10 clients are selected and updated (with total sample size: 59)!
[INFO](2026/08/20/ 03:33:18 AM) [Round: 0114] Aggregate updated weights of 10 clients...!
[INFO](2026/08/20/ 03:33:19 AM) [Round: 0114] ...updated weights of 10 clients are successfully averaged!
[INFO](2026/08/20/ 03:33:20 AM) [Round: 0114] Evaluate global model's performance...!                
	[Server] ...finished evaluation!                
	=> Loss: 0.9622                
	=> Accuracy: 69.52%

[INFO](2026/08/20/ 03:33:21 AM) [Round: 0115] Select clients...!
[INFO](2026/08/20/ 03:33:21 AM) [Round: 0115] ...successfully transmitted models to 10 selected clients!
[INFO](2026/08/20/ 03:33:21 AM) [Round: 0115] Start updating selected 10 clients...!
[INFO](2026/08/20/ 03:33:56 AM) [Round: 0115] ...10 clients are selected and updated (with total sample size: 36)!
[INFO](2026/08/20/ 03:33:56 AM) [Round: 0115] Aggregate updated weights of 10 clients...!
[INFO](2026/08/20/ 03:33:56 AM) [Round: 0115] ...updated weights of 10 clients are successfully averaged!
[INFO](2026/08/20/ 03:33:58 AM) [Round: 0115] Evaluate global model's performance...!                
	[Server] ...finished evaluation!                
	=> Loss: 0.9060                
	=> Accuracy: 70.48%

[INFO](2026/08/20/ 03:33:58 AM) [Round: 0116] Select clients...!
[INFO](2026/08/20/ 03:33:58 AM) [Round: 0116] ...successfully transmitted models to 10 selected clients!
[INFO](2026/08/20/ 03:33:59 AM) [Round: 0116] Start updating selected 10 clients...!
[INFO](2026/08/20/ 03:34:40 AM) [Round: 0116] ...10 clients are selected and updated (with total sample size: 42)!
[INFO](2026/08/20/ 03:34:40 AM) [Round: 0116] Aggregate updated weights of 10 clients...!
[INFO](2026/08/20/ 03:34:40 AM) [Round: 0116] ...updated weights of 10 clients are successfully averaged!
[INFO](2026/08/20/ 03:34:42 AM) [Round: 0116] Evaluate global model's performance...!                
	[Server] ...finished evaluation!                
	=> Loss: 1.0065                
	=> Accuracy: 64.05%

[INFO](2026/08/20/ 03:34:42 AM) [Round: 0117] Select clients...!
[INFO](2026/08/20/ 03:34:42 AM) [Round: 0117] ...successfully transmitted models to 10 selected clients!
[INFO](2026/08/20/ 03:34:42 AM) [Round: 0117] Start updating selected 10 clients...!
[INFO](2026/08/20/ 03:35:14 AM) [Round: 0117] ...10 clients are selected and updated (with total sample size: 49)!
[INFO](2026/08/20/ 03:35:15 AM) [Round: 0117] Aggregate updated weights of 10 clients...!
[INFO](2026/08/20/ 03:35:15 AM) [Round: 0117] ...updated weights of 10 clients are successfully averaged!
[INFO](2026/08/20/ 03:35:17 AM) [Round: 0117] Evaluate global model's performance...!                
	[Server] ...finished evaluation!                
	=> Loss: 0.9152                
	=> Accuracy: 74.29%

[INFO](2026/08/20/ 03:35:17 AM) [Round: 0118] Select clients...!
[INFO](2026/08/20/ 03:35:17 AM) [Round: 0118] ...successfully transmitted models to 10 selected clients!
[INFO](2026/08/20/ 03:35:17 AM) [Round: 0118] Start updating selected 10 clients...!
[INFO](2026/08/20/ 03:35:59 AM) [Round: 0118] ...10 clients are selected and updated (with total sample size: 47)!
[INFO](2026/08/20/ 03:35:59 AM) [Round: 0118] Aggregate updated weights of 10 clients...!
[INFO](2026/08/20/ 03:35:59 AM) [Round: 0118] ...updated weights of 10 clients are successfully averaged!
[INFO](2026/08/20/ 03:36:01 AM) [Round: 0118] Evaluate global model's performance...!                
	[Server] ...finished evaluation!                
	=> Loss: 1.0661                
	=> Accuracy: 67.62%

[INFO](2026/08/20/ 03:36:01 AM) [Round: 0119] Select clients...!
[INFO](2026/08/20/ 03:36:02 AM) [Round: 0119] ...successfully transmitted models to 10 selected clients!
[INFO](2026/08/20/ 03:36:02 AM) [Round: 0119] Start updating selected 10 clients...!
[INFO](2026/08/20/ 03:36:40 AM) [Round: 0119] ...10 clients are selected and updated (with total sample size: 49)!
[INFO](2026/08/20/ 03:36:40 AM) [Round: 0119] Aggregate updated weights of 10 clients...!
[INFO](2026/08/20/ 03:36:40 AM) [Round: 0119] ...updated weights of 10 clients are successfully averaged!
[INFO](2026/08/20/ 03:36:42 AM) [Round: 0119] Evaluate global model's performance...!                
	[Server] ...finished evaluation!                
	=> Loss: 0.9185                
	=> Accuracy: 72.14%

[INFO](2026/08/20/ 03:36:42 AM) [Round: 0120] Select clients...!
[INFO](2026/08/20/ 03:36:43 AM) [Round: 0120] ...successfully transmitted models to 10 selected clients!
[INFO](2026/08/20/ 03:36:43 AM) [Round: 0120] Start updating selected 10 clients...!
[INFO](2026/08/20/ 03:37:24 AM) [Round: 0120] ...10 clients are selected and updated (with total sample size: 50)!
[INFO](2026/08/20/ 03:37:25 AM) [Round: 0120] Aggregate updated weights of 10 clients...!
[INFO](2026/08/20/ 03:37:25 AM) [Round: 0120] ...updated weights of 10 clients are successfully averaged!
[INFO](2026/08/20/ 03:37:26 AM) [Round: 0120] Evaluate global model's performance...!                
	[Server] ...finished evaluation!                
	=> Loss: 0.8364                
	=> Accuracy: 71.43%

[INFO](2026/08/20/ 03:37:26 AM) [Round: 0121] Select clients...!
[INFO](2026/08/20/ 03:37:27 AM) [Round: 0121] ...successfully transmitted models to 10 selected clients!
[INFO](2026/08/20/ 03:37:27 AM) [Round: 0121] Start updating selected 10 clients...!
[INFO](2026/08/20/ 03:38:08 AM) [Round: 0121] ...10 clients are selected and updated (with total sample size: 25)!
[INFO](2026/08/20/ 03:38:08 AM) [Round: 0121] Aggregate updated weights of 10 clients...!
[INFO](2026/08/20/ 03:38:08 AM) [Round: 0121] ...updated weights of 10 clients are successfully averaged!
[INFO](2026/08/20/ 03:38:09 AM) [Round: 0121] Evaluate global model's performance...!                
	[Server] ...finished evaluation!                
	=> Loss: 0.9970                
	=> Accuracy: 71.43%

[INFO](2026/08/20/ 03:38:09 AM) [Round: 0122] Select clients...!
[INFO](2026/08/20/ 03:38:10 AM) [Round: 0122] ...successfully transmitted models to 10 selected clients!
[INFO](2026/08/20/ 03:38:10 AM) [Round: 0122] Start updating selected 10 clients...!
[INFO](2026/08/20/ 03:38:44 AM) [Round: 0122] ...10 clients are selected and updated (with total sample size: 47)!
[INFO](2026/08/20/ 03:38:44 AM) [Round: 0122] Aggregate updated weights of 10 clients...!
[INFO](2026/08/20/ 03:38:44 AM) [Round: 0122] ...updated weights of 10 clients are successfully averaged!
[INFO](2026/08/20/ 03:38:46 AM) [Round: 0122] Evaluate global model's performance...!                
	[Server] ...finished evaluation!                
	=> Loss: 0.7905                
	=> Accuracy: 76.43%

[INFO](2026/08/20/ 03:38:46 AM) [Round: 0123] Select clients...!
[INFO](2026/08/20/ 03:38:46 AM) [Round: 0123] ...successfully transmitted models to 10 selected clients!
[INFO](2026/08/20/ 03:38:47 AM) [Round: 0123] Start updating selected 10 clients...!
[INFO](2026/08/20/ 03:39:26 AM) [Round: 0123] ...10 clients are selected and updated (with total sample size: 49)!
[INFO](2026/08/20/ 03:39:26 AM) [Round: 0123] Aggregate updated weights of 10 clients...!
[INFO](2026/08/20/ 03:39:26 AM) [Round: 0123] ...updated weights of 10 clients are successfully averaged!
[INFO](2026/08/20/ 03:39:28 AM) [Round: 0123] Evaluate global model's performance...!                
	[Server] ...finished evaluation!                
	=> Loss: 0.8052                
	=> Accuracy: 73.57%

[INFO](2026/08/20/ 03:39:28 AM) [Round: 0124] Select clients...!
[INFO](2026/08/20/ 03:39:28 AM) [Round: 0124] ...successfully transmitted models to 10 selected clients!
[INFO](2026/08/20/ 03:39:28 AM) [Round: 0124] Start updating selected 10 clients...!
[INFO](2026/08/20/ 03:40:11 AM) [Round: 0124] ...10 clients are selected and updated (with total sample size: 47)!
[INFO](2026/08/20/ 03:40:11 AM) [Round: 0124] Aggregate updated weights of 10 clients...!
[INFO](2026/08/20/ 03:40:11 AM) [Round: 0124] ...updated weights of 10 clients are successfully averaged!
[INFO](2026/08/20/ 03:40:13 AM) [Round: 0124] Evaluate global model's performance...!                
	[Server] ...finished evaluation!                
	=> Loss: 0.7911                
	=> Accuracy: 73.81%

[INFO](2026/08/20/ 03:40:13 AM) [Round: 0125] Select clients...!
[INFO](2026/08/20/ 03:40:14 AM) [Round: 0125] ...successfully transmitted models to 10 selected clients!
[INFO](2026/08/20/ 03:40:14 AM) [Round: 0125] Start updating selected 10 clients...!
[INFO](2026/08/20/ 03:40:56 AM) [Round: 0125] ...10 clients are selected and updated (with total sample size: 47)!
[INFO](2026/08/20/ 03:40:56 AM) [Round: 0125] Aggregate updated weights of 10 clients...!
[INFO](2026/08/20/ 03:40:56 AM) [Round: 0125] ...updated weights of 10 clients are successfully averaged!
[INFO](2026/08/20/ 03:40:58 AM) [Round: 0125] Evaluate global model's performance...!                
	[Server] ...finished evaluation!                
	=> Loss: 0.8873                
	=> Accuracy: 71.19%

[INFO](2026/08/20/ 03:40:58 AM) [Round: 0126] Select clients...!
[INFO](2026/08/20/ 03:40:58 AM) [Round: 0126] ...successfully transmitted models to 10 selected clients!
[INFO](2026/08/20/ 03:40:58 AM) [Round: 0126] Start updating selected 10 clients...!
[INFO](2026/08/20/ 03:41:40 AM) [Round: 0126] ...10 clients are selected and updated (with total sample size: 50)!
[INFO](2026/08/20/ 03:41:40 AM) [Round: 0126] Aggregate updated weights of 10 clients...!
[INFO](2026/08/20/ 03:41:41 AM) [Round: 0126] ...updated weights of 10 clients are successfully averaged!
[INFO](2026/08/20/ 03:41:42 AM) [Round: 0126] Evaluate global model's performance...!                
	[Server] ...finished evaluation!                
	=> Loss: 0.7531                
	=> Accuracy: 72.86%

[INFO](2026/08/20/ 03:41:42 AM) [Round: 0127] Select clients...!
[INFO](2026/08/20/ 03:41:43 AM) [Round: 0127] ...successfully transmitted models to 10 selected clients!
[INFO](2026/08/20/ 03:41:43 AM) [Round: 0127] Start updating selected 10 clients...!
[INFO](2026/08/20/ 03:42:26 AM) [Round: 0127] ...10 clients are selected and updated (with total sample size: 47)!
[INFO](2026/08/20/ 03:42:26 AM) [Round: 0127] Aggregate updated weights of 10 clients...!
[INFO](2026/08/20/ 03:42:26 AM) [Round: 0127] ...updated weights of 10 clients are successfully averaged!
[INFO](2026/08/20/ 03:42:28 AM) [Round: 0127] Evaluate global model's performance...!                
	[Server] ...finished evaluation!                
	=> Loss: 0.8504                
	=> Accuracy: 72.14%

[INFO](2026/08/20/ 03:42:28 AM) [Round: 0128] Select clients...!
[INFO](2026/08/20/ 03:42:29 AM) [Round: 0128] ...successfully transmitted models to 10 selected clients!
[INFO](2026/08/20/ 03:42:29 AM) [Round: 0128] Start updating selected 10 clients...!
[INFO](2026/08/20/ 03:43:12 AM) [Round: 0128] ...10 clients are selected and updated (with total sample size: 50)!
[INFO](2026/08/20/ 03:43:12 AM) [Round: 0128] Aggregate updated weights of 10 clients...!
[INFO](2026/08/20/ 03:43:12 AM) [Round: 0128] ...updated weights of 10 clients are successfully averaged!
[INFO](2026/08/20/ 03:43:14 AM) [Round: 0128] Evaluate global model's performance...!                
	[Server] ...finished evaluation!                
	=> Loss: 0.8175                
	=> Accuracy: 71.90%

[INFO](2026/08/20/ 03:43:14 AM) [Round: 0129] Select clients...!
[INFO](2026/08/20/ 03:43:15 AM) [Round: 0129] ...successfully transmitted models to 10 selected clients!
[INFO](2026/08/20/ 03:43:15 AM) [Round: 0129] Start updating selected 10 clients...!
[INFO](2026/08/20/ 03:43:53 AM) [Round: 0129] ...10 clients are selected and updated (with total sample size: 36)!
[INFO](2026/08/20/ 03:43:53 AM) [Round: 0129] Aggregate updated weights of 10 clients...!
[INFO](2026/08/20/ 03:43:53 AM) [Round: 0129] ...updated weights of 10 clients are successfully averaged!
[INFO](2026/08/20/ 03:43:55 AM) [Round: 0129] Evaluate global model's performance...!                
	[Server] ...finished evaluation!                
	=> Loss: 0.8605                
	=> Accuracy: 73.81%

[INFO](2026/08/20/ 03:43:55 AM) [Round: 0130] Select clients...!
[INFO](2026/08/20/ 03:43:56 AM) [Round: 0130] ...successfully transmitted models to 10 selected clients!
[INFO](2026/08/20/ 03:43:56 AM) [Round: 0130] Start updating selected 10 clients...!
[INFO](2026/08/20/ 03:44:38 AM) [Round: 0130] ...10 clients are selected and updated (with total sample size: 36)!
[INFO](2026/08/20/ 03:44:38 AM) [Round: 0130] Aggregate updated weights of 10 clients...!
[INFO](2026/08/20/ 03:44:38 AM) [Round: 0130] ...updated weights of 10 clients are successfully averaged!
[INFO](2026/08/20/ 03:44:40 AM) [Round: 0130] Evaluate global model's performance...!                
	[Server] ...finished evaluation!                
	=> Loss: 0.7988                
	=> Accuracy: 73.57%

[INFO](2026/08/20/ 03:44:40 AM) [Round: 0131] Select clients...!
[INFO](2026/08/20/ 03:44:40 AM) [Round: 0131] ...successfully transmitted models to 10 selected clients!
[INFO](2026/08/20/ 03:44:40 AM) [Round: 0131] Start updating selected 10 clients...!
[INFO](2026/08/20/ 03:45:22 AM) [Round: 0131] ...10 clients are selected and updated (with total sample size: 49)!
[INFO](2026/08/20/ 03:45:22 AM) [Round: 0131] Aggregate updated weights of 10 clients...!
[INFO](2026/08/20/ 03:45:23 AM) [Round: 0131] ...updated weights of 10 clients are successfully averaged!
[INFO](2026/08/20/ 03:45:24 AM) [Round: 0131] Evaluate global model's performance...!                
	[Server] ...finished evaluation!                
	=> Loss: 0.7277                
	=> Accuracy: 75.95%

[INFO](2026/08/20/ 03:45:24 AM) [Round: 0132] Select clients...!
[INFO](2026/08/20/ 03:45:24 AM) [Round: 0132] ...successfully transmitted models to 10 selected clients!
[INFO](2026/08/20/ 03:45:25 AM) [Round: 0132] Start updating selected 10 clients...!
[INFO](2026/08/20/ 03:46:04 AM) [Round: 0132] ...10 clients are selected and updated (with total sample size: 47)!
[INFO](2026/08/20/ 03:46:04 AM) [Round: 0132] Aggregate updated weights of 10 clients...!
[INFO](2026/08/20/ 03:46:04 AM) [Round: 0132] ...updated weights of 10 clients are successfully averaged!
[INFO](2026/08/20/ 03:46:05 AM) [Round: 0132] Evaluate global model's performance...!                
	[Server] ...finished evaluation!                
	=> Loss: 0.8633                
	=> Accuracy: 74.76%

[INFO](2026/08/20/ 03:46:06 AM) [Round: 0133] Select clients...!
[INFO](2026/08/20/ 03:46:06 AM) [Round: 0133] ...successfully transmitted models to 10 selected clients!
[INFO](2026/08/20/ 03:46:06 AM) [Round: 0133] Start updating selected 10 clients...!
[INFO](2026/08/20/ 03:46:52 AM) [Round: 0133] ...10 clients are selected and updated (with total sample size: 49)!
[INFO](2026/08/20/ 03:46:52 AM) [Round: 0133] Aggregate updated weights of 10 clients...!
[INFO](2026/08/20/ 03:46:52 AM) [Round: 0133] ...updated weights of 10 clients are successfully averaged!
[INFO](2026/08/20/ 03:46:53 AM) [Round: 0133] Evaluate global model's performance...!                
	[Server] ...finished evaluation!                
	=> Loss: 0.7971                
	=> Accuracy: 73.81%

[INFO](2026/08/20/ 03:46:53 AM) [Round: 0134] Select clients...!
[INFO](2026/08/20/ 03:46:54 AM) [Round: 0134] ...successfully transmitted models to 10 selected clients!
[INFO](2026/08/20/ 03:46:54 AM) [Round: 0134] Start updating selected 10 clients...!
[INFO](2026/08/20/ 03:47:33 AM) [Round: 0134] ...10 clients are selected and updated (with total sample size: 50)!
[INFO](2026/08/20/ 03:47:33 AM) [Round: 0134] Aggregate updated weights of 10 clients...!
[INFO](2026/08/20/ 03:47:34 AM) [Round: 0134] ...updated weights of 10 clients are successfully averaged!
[INFO](2026/08/20/ 03:47:35 AM) [Round: 0134] Evaluate global model's performance...!                
	[Server] ...finished evaluation!                
	=> Loss: 0.8566                
	=> Accuracy: 74.29%

[INFO](2026/08/20/ 03:47:35 AM) [Round: 0135] Select clients...!
[INFO](2026/08/20/ 03:47:36 AM) [Round: 0135] ...successfully transmitted models to 10 selected clients!
[INFO](2026/08/20/ 03:47:36 AM) [Round: 0135] Start updating selected 10 clients...!
[INFO](2026/08/20/ 03:48:12 AM) [Round: 0135] ...10 clients are selected and updated (with total sample size: 42)!
[INFO](2026/08/20/ 03:48:12 AM) [Round: 0135] Aggregate updated weights of 10 clients...!
[INFO](2026/08/20/ 03:48:12 AM) [Round: 0135] ...updated weights of 10 clients are successfully averaged!
[INFO](2026/08/20/ 03:48:14 AM) [Round: 0135] Evaluate global model's performance...!                
	[Server] ...finished evaluation!                
	=> Loss: 0.7520                
	=> Accuracy: 74.76%

[INFO](2026/08/20/ 03:48:14 AM) [Round: 0136] Select clients...!
[INFO](2026/08/20/ 03:48:14 AM) [Round: 0136] ...successfully transmitted models to 10 selected clients!
[INFO](2026/08/20/ 03:48:15 AM) [Round: 0136] Start updating selected 10 clients...!
[INFO](2026/08/20/ 03:48:54 AM) [Round: 0136] ...10 clients are selected and updated (with total sample size: 49)!
[INFO](2026/08/20/ 03:48:54 AM) [Round: 0136] Aggregate updated weights of 10 clients...!
[INFO](2026/08/20/ 03:48:55 AM) [Round: 0136] ...updated weights of 10 clients are successfully averaged!
[INFO](2026/08/20/ 03:48:56 AM) [Round: 0136] Evaluate global model's performance...!                
	[Server] ...finished evaluation!                
	=> Loss: 0.7367                
	=> Accuracy: 74.76%

[INFO](2026/08/20/ 03:48:56 AM) [Round: 0137] Select clients...!
[INFO](2026/08/20/ 03:48:57 AM) [Round: 0137] ...successfully transmitted models to 10 selected clients!
[INFO](2026/08/20/ 03:48:57 AM) [Round: 0137] Start updating selected 10 clients...!
[INFO](2026/08/20/ 03:49:38 AM) [Round: 0137] ...10 clients are selected and updated (with total sample size: 42)!
[INFO](2026/08/20/ 03:49:38 AM) [Round: 0137] Aggregate updated weights of 10 clients...!
[INFO](2026/08/20/ 03:49:38 AM) [Round: 0137] ...updated weights of 10 clients are successfully averaged!
[INFO](2026/08/20/ 03:49:40 AM) [Round: 0137] Evaluate global model's performance...!                
	[Server] ...finished evaluation!                
	=> Loss: 0.8362                
	=> Accuracy: 74.05%

[INFO](2026/08/20/ 03:49:40 AM) [Round: 0138] Select clients...!
[INFO](2026/08/20/ 03:49:40 AM) [Round: 0138] ...successfully transmitted models to 10 selected clients!
[INFO](2026/08/20/ 03:49:40 AM) [Round: 0138] Start updating selected 10 clients...!
[INFO](2026/08/20/ 03:50:19 AM) [Round: 0138] ...10 clients are selected and updated (with total sample size: 36)!
[INFO](2026/08/20/ 03:50:19 AM) [Round: 0138] Aggregate updated weights of 10 clients...!
[INFO](2026/08/20/ 03:50:19 AM) [Round: 0138] ...updated weights of 10 clients are successfully averaged!
[INFO](2026/08/20/ 03:50:21 AM) [Round: 0138] Evaluate global model's performance...!                
	[Server] ...finished evaluation!                
	=> Loss: 0.7580                
	=> Accuracy: 75.24%

[INFO](2026/08/20/ 03:50:21 AM) [Round: 0139] Select clients...!
[INFO](2026/08/20/ 03:50:21 AM) [Round: 0139] ...successfully transmitted models to 10 selected clients!
[INFO](2026/08/20/ 03:50:21 AM) [Round: 0139] Start updating selected 10 clients...!
[INFO](2026/08/20/ 03:51:04 AM) [Round: 0139] ...10 clients are selected and updated (with total sample size: 36)!
[INFO](2026/08/20/ 03:51:04 AM) [Round: 0139] Aggregate updated weights of 10 clients...!
[INFO](2026/08/20/ 03:51:04 AM) [Round: 0139] ...updated weights of 10 clients are successfully averaged!
[INFO](2026/08/20/ 03:51:05 AM) [Round: 0139] Evaluate global model's performance...!                
	[Server] ...finished evaluation!                
	=> Loss: 0.8298                
	=> Accuracy: 71.67%

[INFO](2026/08/20/ 03:51:05 AM) [Round: 0140] Select clients...!
[INFO](2026/08/20/ 03:51:06 AM) [Round: 0140] ...successfully transmitted models to 10 selected clients!
[INFO](2026/08/20/ 03:51:06 AM) [Round: 0140] Start updating selected 10 clients...!
[INFO](2026/08/20/ 03:51:45 AM) [Round: 0140] ...10 clients are selected and updated (with total sample size: 47)!
[INFO](2026/08/20/ 03:51:45 AM) [Round: 0140] Aggregate updated weights of 10 clients...!
[INFO](2026/08/20/ 03:51:45 AM) [Round: 0140] ...updated weights of 10 clients are successfully averaged!
[INFO](2026/08/20/ 03:51:47 AM) [Round: 0140] Evaluate global model's performance...!                
	[Server] ...finished evaluation!                
	=> Loss: 0.7099                
	=> Accuracy: 76.90%

[INFO](2026/08/20/ 03:51:47 AM) [Round: 0141] Select clients...!
[INFO](2026/08/20/ 03:51:47 AM) [Round: 0141] ...successfully transmitted models to 10 selected clients!
[INFO](2026/08/20/ 03:51:47 AM) [Round: 0141] Start updating selected 10 clients...!
[INFO](2026/08/20/ 03:52:28 AM) [Round: 0141] ...10 clients are selected and updated (with total sample size: 49)!
[INFO](2026/08/20/ 03:52:28 AM) [Round: 0141] Aggregate updated weights of 10 clients...!
[INFO](2026/08/20/ 03:52:28 AM) [Round: 0141] ...updated weights of 10 clients are successfully averaged!
[INFO](2026/08/20/ 03:52:30 AM) [Round: 0141] Evaluate global model's performance...!                
	[Server] ...finished evaluation!                
	=> Loss: 0.7313                
	=> Accuracy: 75.71%

[INFO](2026/08/20/ 03:52:30 AM) [Round: 0142] Select clients...!
[INFO](2026/08/20/ 03:52:30 AM) [Round: 0142] ...successfully transmitted models to 10 selected clients!
[INFO](2026/08/20/ 03:52:30 AM) [Round: 0142] Start updating selected 10 clients...!
[INFO](2026/08/20/ 03:53:16 AM) [Round: 0142] ...10 clients are selected and updated (with total sample size: 50)!
[INFO](2026/08/20/ 03:53:16 AM) [Round: 0142] Aggregate updated weights of 10 clients...!
[INFO](2026/08/20/ 03:53:17 AM) [Round: 0142] ...updated weights of 10 clients are successfully averaged!
[INFO](2026/08/20/ 03:53:18 AM) [Round: 0142] Evaluate global model's performance...!                
	[Server] ...finished evaluation!                
	=> Loss: 0.7206                
	=> Accuracy: 77.86%

[INFO](2026/08/20/ 03:53:18 AM) [Round: 0143] Select clients...!
[INFO](2026/08/20/ 03:53:19 AM) [Round: 0143] ...successfully transmitted models to 10 selected clients!
[INFO](2026/08/20/ 03:53:19 AM) [Round: 0143] Start updating selected 10 clients...!
[INFO](2026/08/20/ 03:53:54 AM) [Round: 0143] ...10 clients are selected and updated (with total sample size: 25)!
[INFO](2026/08/20/ 03:53:54 AM) [Round: 0143] Aggregate updated weights of 10 clients...!
[INFO](2026/08/20/ 03:53:54 AM) [Round: 0143] ...updated weights of 10 clients are successfully averaged!
[INFO](2026/08/20/ 03:53:56 AM) [Round: 0143] Evaluate global model's performance...!                
	[Server] ...finished evaluation!                
	=> Loss: 0.7881                
	=> Accuracy: 76.19%

[INFO](2026/08/20/ 03:53:57 AM) [Round: 0144] Select clients...!
[INFO](2026/08/20/ 03:53:57 AM) [Round: 0144] ...successfully transmitted models to 10 selected clients!
[INFO](2026/08/20/ 03:53:57 AM) [Round: 0144] Start updating selected 10 clients...!
[INFO](2026/08/20/ 03:54:37 AM) [Round: 0144] ...10 clients are selected and updated (with total sample size: 49)!
[INFO](2026/08/20/ 03:54:37 AM) [Round: 0144] Aggregate updated weights of 10 clients...!
[INFO](2026/08/20/ 03:54:37 AM) [Round: 0144] ...updated weights of 10 clients are successfully averaged!
[INFO](2026/08/20/ 03:54:39 AM) [Round: 0144] Evaluate global model's performance...!                
	[Server] ...finished evaluation!                
	=> Loss: 0.7859                
	=> Accuracy: 74.05%

[INFO](2026/08/20/ 03:54:39 AM) [Round: 0145] Select clients...!
[INFO](2026/08/20/ 03:54:40 AM) [Round: 0145] ...successfully transmitted models to 10 selected clients!
[INFO](2026/08/20/ 03:54:40 AM) [Round: 0145] Start updating selected 10 clients...!
[INFO](2026/08/20/ 03:55:18 AM) [Round: 0145] ...10 clients are selected and updated (with total sample size: 50)!
[INFO](2026/08/20/ 03:55:18 AM) [Round: 0145] Aggregate updated weights of 10 clients...!
[INFO](2026/08/20/ 03:55:18 AM) [Round: 0145] ...updated weights of 10 clients are successfully averaged!
[INFO](2026/08/20/ 03:55:20 AM) [Round: 0145] Evaluate global model's performance...!                
	[Server] ...finished evaluation!                
	=> Loss: 0.8330                
	=> Accuracy: 75.24%

[INFO](2026/08/20/ 03:55:20 AM) [Round: 0146] Select clients...!
[INFO](2026/08/20/ 03:55:20 AM) [Round: 0146] ...successfully transmitted models to 10 selected clients!
[INFO](2026/08/20/ 03:55:21 AM) [Round: 0146] Start updating selected 10 clients...!
[INFO](2026/08/20/ 03:55:59 AM) [Round: 0146] ...10 clients are selected and updated (with total sample size: 42)!
[INFO](2026/08/20/ 03:55:59 AM) [Round: 0146] Aggregate updated weights of 10 clients...!
[INFO](2026/08/20/ 03:55:59 AM) [Round: 0146] ...updated weights of 10 clients are successfully averaged!
[INFO](2026/08/20/ 03:56:00 AM) [Round: 0146] Evaluate global model's performance...!                
	[Server] ...finished evaluation!                
	=> Loss: 0.7397                
	=> Accuracy: 78.57%

[INFO](2026/08/20/ 03:56:01 AM) [Round: 0147] Select clients...!
[INFO](2026/08/20/ 03:56:01 AM) [Round: 0147] ...successfully transmitted models to 10 selected clients!
[INFO](2026/08/20/ 03:56:01 AM) [Round: 0147] Start updating selected 10 clients...!
[INFO](2026/08/20/ 03:56:39 AM) [Round: 0147] ...10 clients are selected and updated (with total sample size: 47)!
[INFO](2026/08/20/ 03:56:39 AM) [Round: 0147] Aggregate updated weights of 10 clients...!
[INFO](2026/08/20/ 03:56:40 AM) [Round: 0147] ...updated weights of 10 clients are successfully averaged!
[INFO](2026/08/20/ 03:56:41 AM) [Round: 0147] Evaluate global model's performance...!                
	[Server] ...finished evaluation!                
	=> Loss: 0.6889                
	=> Accuracy: 75.95%

[INFO](2026/08/20/ 03:56:41 AM) [Round: 0148] Select clients...!
[INFO](2026/08/20/ 03:56:42 AM) [Round: 0148] ...successfully transmitted models to 10 selected clients!
[INFO](2026/08/20/ 03:56:42 AM) [Round: 0148] Start updating selected 10 clients...!
[INFO](2026/08/20/ 03:57:17 AM) [Round: 0148] ...10 clients are selected and updated (with total sample size: 49)!
[INFO](2026/08/20/ 03:57:17 AM) [Round: 0148] Aggregate updated weights of 10 clients...!
[INFO](2026/08/20/ 03:57:17 AM) [Round: 0148] ...updated weights of 10 clients are successfully averaged!
[INFO](2026/08/20/ 03:57:19 AM) [Round: 0148] Evaluate global model's performance...!                
	[Server] ...finished evaluation!                
	=> Loss: 0.6751                
	=> Accuracy: 79.52%

[INFO](2026/08/20/ 03:57:19 AM) [Round: 0149] Select clients...!
[INFO](2026/08/20/ 03:57:19 AM) [Round: 0149] ...successfully transmitted models to 10 selected clients!
[INFO](2026/08/20/ 03:57:19 AM) [Round: 0149] Start updating selected 10 clients...!
[INFO](2026/08/20/ 03:57:55 AM) [Round: 0149] ...10 clients are selected and updated (with total sample size: 47)!
[INFO](2026/08/20/ 03:57:55 AM) [Round: 0149] Aggregate updated weights of 10 clients...!
[INFO](2026/08/20/ 03:57:56 AM) [Round: 0149] ...updated weights of 10 clients are successfully averaged!
[INFO](2026/08/20/ 03:57:57 AM) [Round: 0149] Evaluate global model's performance...!                
	[Server] ...finished evaluation!                
	=> Loss: 0.7521                
	=> Accuracy: 76.90%

[INFO](2026/08/20/ 03:57:57 AM) [Round: 0150] Select clients...!
[INFO](2026/08/20/ 03:57:58 AM) [Round: 0150] ...successfully transmitted models to 10 selected clients!
[INFO](2026/08/20/ 03:57:58 AM) [Round: 0150] Start updating selected 10 clients...!
[INFO](2026/08/20/ 03:58:40 AM) [Round: 0150] ...10 clients are selected and updated (with total sample size: 42)!
[INFO](2026/08/20/ 03:58:40 AM) [Round: 0150] Aggregate updated weights of 10 clients...!
[INFO](2026/08/20/ 03:58:40 AM) [Round: 0150] ...updated weights of 10 clients are successfully averaged!
[INFO](2026/08/20/ 03:58:42 AM) [Round: 0150] Evaluate global model's performance...!                
	[Server] ...finished evaluation!                
	=> Loss: 0.8186                
	=> Accuracy: 73.81%

[INFO](2026/08/20/ 03:58:42 AM) [Round: 0151] Select clients...!
[INFO](2026/08/20/ 03:58:42 AM) [Round: 0151] ...successfully transmitted models to 10 selected clients!
[INFO](2026/08/20/ 03:58:42 AM) [Round: 0151] Start updating selected 10 clients...!
[INFO](2026/08/20/ 03:59:20 AM) [Round: 0151] ...10 clients are selected and updated (with total sample size: 50)!
[INFO](2026/08/20/ 03:59:20 AM) [Round: 0151] Aggregate updated weights of 10 clients...!
[INFO](2026/08/20/ 03:59:20 AM) [Round: 0151] ...updated weights of 10 clients are successfully averaged!
[INFO](2026/08/20/ 03:59:22 AM) [Round: 0151] Evaluate global model's performance...!                
	[Server] ...finished evaluation!                
	=> Loss: 0.7391                
	=> Accuracy: 75.95%

[INFO](2026/08/20/ 03:59:22 AM) [Round: 0152] Select clients...!
[INFO](2026/08/20/ 03:59:22 AM) [Round: 0152] ...successfully transmitted models to 10 selected clients!
[INFO](2026/08/20/ 03:59:22 AM) [Round: 0152] Start updating selected 10 clients...!
[INFO](2026/08/20/ 04:00:00 AM) [Round: 0152] ...10 clients are selected and updated (with total sample size: 36)!
[INFO](2026/08/20/ 04:00:00 AM) [Round: 0152] Aggregate updated weights of 10 clients...!
[INFO](2026/08/20/ 04:00:00 AM) [Round: 0152] ...updated weights of 10 clients are successfully averaged!
[INFO](2026/08/20/ 04:00:02 AM) [Round: 0152] Evaluate global model's performance...!                
	[Server] ...finished evaluation!                
	=> Loss: 0.8917                
	=> Accuracy: 75.95%

[INFO](2026/08/20/ 04:00:02 AM) [Round: 0153] Select clients...!
[INFO](2026/08/20/ 04:00:02 AM) [Round: 0153] ...successfully transmitted models to 10 selected clients!
[INFO](2026/08/20/ 04:00:02 AM) [Round: 0153] Start updating selected 10 clients...!
[INFO](2026/08/20/ 04:00:51 AM) [Round: 0153] ...10 clients are selected and updated (with total sample size: 50)!
[INFO](2026/08/20/ 04:00:51 AM) [Round: 0153] Aggregate updated weights of 10 clients...!
[INFO](2026/08/20/ 04:00:52 AM) [Round: 0153] ...updated weights of 10 clients are successfully averaged!
[INFO](2026/08/20/ 04:00:53 AM) [Round: 0153] Evaluate global model's performance...!                
	[Server] ...finished evaluation!                
	=> Loss: 0.7128                
	=> Accuracy: 76.19%

[INFO](2026/08/20/ 04:00:53 AM) [Round: 0154] Select clients...!
[INFO](2026/08/20/ 04:00:54 AM) [Round: 0154] ...successfully transmitted models to 10 selected clients!
[INFO](2026/08/20/ 04:00:54 AM) [Round: 0154] Start updating selected 10 clients...!
[INFO](2026/08/20/ 04:01:33 AM) [Round: 0154] ...10 clients are selected and updated (with total sample size: 49)!
[INFO](2026/08/20/ 04:01:33 AM) [Round: 0154] Aggregate updated weights of 10 clients...!
[INFO](2026/08/20/ 04:01:34 AM) [Round: 0154] ...updated weights of 10 clients are successfully averaged!
[INFO](2026/08/20/ 04:01:35 AM) [Round: 0154] Evaluate global model's performance...!                
	[Server] ...finished evaluation!                
	=> Loss: 0.6650                
	=> Accuracy: 79.29%

[INFO](2026/08/20/ 04:01:35 AM) [Round: 0155] Select clients...!
[INFO](2026/08/20/ 04:01:35 AM) [Round: 0155] ...successfully transmitted models to 10 selected clients!
[INFO](2026/08/20/ 04:01:36 AM) [Round: 0155] Start updating selected 10 clients...!
[INFO](2026/08/20/ 04:02:14 AM) [Round: 0155] ...10 clients are selected and updated (with total sample size: 42)!
[INFO](2026/08/20/ 04:02:14 AM) [Round: 0155] Aggregate updated weights of 10 clients...!
[INFO](2026/08/20/ 04:02:14 AM) [Round: 0155] ...updated weights of 10 clients are successfully averaged!
[INFO](2026/08/20/ 04:02:16 AM) [Round: 0155] Evaluate global model's performance...!                
	[Server] ...finished evaluation!                
	=> Loss: 0.6831                
	=> Accuracy: 80.00%

[INFO](2026/08/20/ 04:02:16 AM) [Round: 0156] Select clients...!
[INFO](2026/08/20/ 04:02:16 AM) [Round: 0156] ...successfully transmitted models to 10 selected clients!
[INFO](2026/08/20/ 04:02:16 AM) [Round: 0156] Start updating selected 10 clients...!
[INFO](2026/08/20/ 04:02:57 AM) [Round: 0156] ...10 clients are selected and updated (with total sample size: 36)!
[INFO](2026/08/20/ 04:02:57 AM) [Round: 0156] Aggregate updated weights of 10 clients...!
[INFO](2026/08/20/ 04:02:57 AM) [Round: 0156] ...updated weights of 10 clients are successfully averaged!
[INFO](2026/08/20/ 04:02:59 AM) [Round: 0156] Evaluate global model's performance...!                
	[Server] ...finished evaluation!                
	=> Loss: 0.7586                
	=> Accuracy: 77.86%

[INFO](2026/08/20/ 04:02:59 AM) [Round: 0157] Select clients...!
[INFO](2026/08/20/ 04:02:59 AM) [Round: 0157] ...successfully transmitted models to 10 selected clients!
[INFO](2026/08/20/ 04:02:59 AM) [Round: 0157] Start updating selected 10 clients...!
[INFO](2026/08/20/ 04:03:43 AM) [Round: 0157] ...10 clients are selected and updated (with total sample size: 47)!
[INFO](2026/08/20/ 04:03:43 AM) [Round: 0157] Aggregate updated weights of 10 clients...!
[INFO](2026/08/20/ 04:03:43 AM) [Round: 0157] ...updated weights of 10 clients are successfully averaged!
[INFO](2026/08/20/ 04:03:44 AM) [Round: 0157] Evaluate global model's performance...!                
	[Server] ...finished evaluation!                
	=> Loss: 0.7196                
	=> Accuracy: 77.38%

[INFO](2026/08/20/ 04:03:45 AM) [Round: 0158] Select clients...!
[INFO](2026/08/20/ 04:03:45 AM) [Round: 0158] ...successfully transmitted models to 10 selected clients!
[INFO](2026/08/20/ 04:03:45 AM) [Round: 0158] Start updating selected 10 clients...!
[INFO](2026/08/20/ 04:04:26 AM) [Round: 0158] ...10 clients are selected and updated (with total sample size: 49)!
[INFO](2026/08/20/ 04:04:26 AM) [Round: 0158] Aggregate updated weights of 10 clients...!
[INFO](2026/08/20/ 04:04:26 AM) [Round: 0158] ...updated weights of 10 clients are successfully averaged!
[INFO](2026/08/20/ 04:04:28 AM) [Round: 0158] Evaluate global model's performance...!                
	[Server] ...finished evaluation!                
	=> Loss: 0.7480                
	=> Accuracy: 75.95%

[INFO](2026/08/20/ 04:04:28 AM) [Round: 0159] Select clients...!
[INFO](2026/08/20/ 04:04:28 AM) [Round: 0159] ...successfully transmitted models to 10 selected clients!
[INFO](2026/08/20/ 04:04:28 AM) [Round: 0159] Start updating selected 10 clients...!
[INFO](2026/08/20/ 04:05:07 AM) [Round: 0159] ...10 clients are selected and updated (with total sample size: 36)!
[INFO](2026/08/20/ 04:05:07 AM) [Round: 0159] Aggregate updated weights of 10 clients...!
[INFO](2026/08/20/ 04:05:07 AM) [Round: 0159] ...updated weights of 10 clients are successfully averaged!
[INFO](2026/08/20/ 04:05:09 AM) [Round: 0159] Evaluate global model's performance...!                
	[Server] ...finished evaluation!                
	=> Loss: 0.8054                
	=> Accuracy: 76.43%

[INFO](2026/08/20/ 04:05:09 AM) [Round: 0160] Select clients...!
[INFO](2026/08/20/ 04:05:10 AM) [Round: 0160] ...successfully transmitted models to 10 selected clients!
[INFO](2026/08/20/ 04:05:10 AM) [Round: 0160] Start updating selected 10 clients...!
[INFO](2026/08/20/ 04:05:53 AM) [Round: 0160] ...10 clients are selected and updated (with total sample size: 59)!
[INFO](2026/08/20/ 04:05:53 AM) [Round: 0160] Aggregate updated weights of 10 clients...!
[INFO](2026/08/20/ 04:05:53 AM) [Round: 0160] ...updated weights of 10 clients are successfully averaged!
[INFO](2026/08/20/ 04:05:55 AM) [Round: 0160] Evaluate global model's performance...!                
	[Server] ...finished evaluation!                
	=> Loss: 0.7216                
	=> Accuracy: 76.67%

[INFO](2026/08/20/ 04:05:55 AM) [Round: 0161] Select clients...!
[INFO](2026/08/20/ 04:05:55 AM) [Round: 0161] ...successfully transmitted models to 10 selected clients!
[INFO](2026/08/20/ 04:05:55 AM) [Round: 0161] Start updating selected 10 clients...!
[INFO](2026/08/20/ 04:06:36 AM) [Round: 0161] ...10 clients are selected and updated (with total sample size: 47)!
[INFO](2026/08/20/ 04:06:37 AM) [Round: 0161] Aggregate updated weights of 10 clients...!
[INFO](2026/08/20/ 04:06:37 AM) [Round: 0161] ...updated weights of 10 clients are successfully averaged!
[INFO](2026/08/20/ 04:06:39 AM) [Round: 0161] Evaluate global model's performance...!                
	[Server] ...finished evaluation!                
	=> Loss: 0.8493                
	=> Accuracy: 74.05%

[INFO](2026/08/20/ 04:06:39 AM) [Round: 0162] Select clients...!
[INFO](2026/08/20/ 04:06:39 AM) [Round: 0162] ...successfully transmitted models to 10 selected clients!
[INFO](2026/08/20/ 04:06:39 AM) [Round: 0162] Start updating selected 10 clients...!
[INFO](2026/08/20/ 04:07:19 AM) [Round: 0162] ...10 clients are selected and updated (with total sample size: 47)!
[INFO](2026/08/20/ 04:07:19 AM) [Round: 0162] Aggregate updated weights of 10 clients...!
[INFO](2026/08/20/ 04:07:19 AM) [Round: 0162] ...updated weights of 10 clients are successfully averaged!
[INFO](2026/08/20/ 04:07:21 AM) [Round: 0162] Evaluate global model's performance...!                
	[Server] ...finished evaluation!                
	=> Loss: 0.7142                
	=> Accuracy: 76.67%

[INFO](2026/08/20/ 04:07:21 AM) [Round: 0163] Select clients...!
[INFO](2026/08/20/ 04:07:21 AM) [Round: 0163] ...successfully transmitted models to 10 selected clients!
[INFO](2026/08/20/ 04:07:21 AM) [Round: 0163] Start updating selected 10 clients...!
[INFO](2026/08/20/ 04:08:05 AM) [Round: 0163] ...10 clients are selected and updated (with total sample size: 50)!
[INFO](2026/08/20/ 04:08:05 AM) [Round: 0163] Aggregate updated weights of 10 clients...!
[INFO](2026/08/20/ 04:08:05 AM) [Round: 0163] ...updated weights of 10 clients are successfully averaged!
[INFO](2026/08/20/ 04:08:07 AM) [Round: 0163] Evaluate global model's performance...!                
	[Server] ...finished evaluation!                
	=> Loss: 0.6959                
	=> Accuracy: 78.10%

[INFO](2026/08/20/ 04:08:07 AM) [Round: 0164] Select clients...!
[INFO](2026/08/20/ 04:08:07 AM) [Round: 0164] ...successfully transmitted models to 10 selected clients!
[INFO](2026/08/20/ 04:08:07 AM) [Round: 0164] Start updating selected 10 clients...!
[INFO](2026/08/20/ 04:08:49 AM) [Round: 0164] ...10 clients are selected and updated (with total sample size: 47)!
[INFO](2026/08/20/ 04:08:49 AM) [Round: 0164] Aggregate updated weights of 10 clients...!
[INFO](2026/08/20/ 04:08:49 AM) [Round: 0164] ...updated weights of 10 clients are successfully averaged!
[INFO](2026/08/20/ 04:08:51 AM) [Round: 0164] Evaluate global model's performance...!                
	[Server] ...finished evaluation!                
	=> Loss: 0.6628                
	=> Accuracy: 80.71%

[INFO](2026/08/20/ 04:08:51 AM) [Round: 0165] Select clients...!
[INFO](2026/08/20/ 04:08:51 AM) [Round: 0165] ...successfully transmitted models to 10 selected clients!
[INFO](2026/08/20/ 04:08:51 AM) [Round: 0165] Start updating selected 10 clients...!
[INFO](2026/08/20/ 04:09:32 AM) [Round: 0165] ...10 clients are selected and updated (with total sample size: 25)!
[INFO](2026/08/20/ 04:09:32 AM) [Round: 0165] Aggregate updated weights of 10 clients...!
[INFO](2026/08/20/ 04:09:32 AM) [Round: 0165] ...updated weights of 10 clients are successfully averaged!
[INFO](2026/08/20/ 04:09:34 AM) [Round: 0165] Evaluate global model's performance...!                
	[Server] ...finished evaluation!                
	=> Loss: 0.7695                
	=> Accuracy: 78.10%

[INFO](2026/08/20/ 04:09:34 AM) [Round: 0166] Select clients...!
[INFO](2026/08/20/ 04:09:34 AM) [Round: 0166] ...successfully transmitted models to 10 selected clients!
[INFO](2026/08/20/ 04:09:35 AM) [Round: 0166] Start updating selected 10 clients...!
[INFO](2026/08/20/ 04:10:15 AM) [Round: 0166] ...10 clients are selected and updated (with total sample size: 48)!
[INFO](2026/08/20/ 04:10:15 AM) [Round: 0166] Aggregate updated weights of 10 clients...!
[INFO](2026/08/20/ 04:10:16 AM) [Round: 0166] ...updated weights of 10 clients are successfully averaged!
[INFO](2026/08/20/ 04:10:17 AM) [Round: 0166] Evaluate global model's performance...!                
	[Server] ...finished evaluation!                
	=> Loss: 0.6679                
	=> Accuracy: 79.05%

[INFO](2026/08/20/ 04:10:17 AM) [Round: 0167] Select clients...!
[INFO](2026/08/20/ 04:10:18 AM) [Round: 0167] ...successfully transmitted models to 10 selected clients!
[INFO](2026/08/20/ 04:10:18 AM) [Round: 0167] Start updating selected 10 clients...!
[INFO](2026/08/20/ 04:10:56 AM) [Round: 0167] ...10 clients are selected and updated (with total sample size: 25)!
[INFO](2026/08/20/ 04:10:56 AM) [Round: 0167] Aggregate updated weights of 10 clients...!
[INFO](2026/08/20/ 04:10:57 AM) [Round: 0167] ...updated weights of 10 clients are successfully averaged!
[INFO](2026/08/20/ 04:10:58 AM) [Round: 0167] Evaluate global model's performance...!                
	[Server] ...finished evaluation!                
	=> Loss: 0.7459                
	=> Accuracy: 77.62%

[INFO](2026/08/20/ 04:10:58 AM) [Round: 0168] Select clients...!
[INFO](2026/08/20/ 04:10:59 AM) [Round: 0168] ...successfully transmitted models to 10 selected clients!
[INFO](2026/08/20/ 04:10:59 AM) [Round: 0168] Start updating selected 10 clients...!
[INFO](2026/08/20/ 04:11:32 AM) [Round: 0168] ...10 clients are selected and updated (with total sample size: 42)!
[INFO](2026/08/20/ 04:11:32 AM) [Round: 0168] Aggregate updated weights of 10 clients...!
[INFO](2026/08/20/ 04:11:32 AM) [Round: 0168] ...updated weights of 10 clients are successfully averaged!
[INFO](2026/08/20/ 04:11:34 AM) [Round: 0168] Evaluate global model's performance...!                
	[Server] ...finished evaluation!                
	=> Loss: 0.6641                
	=> Accuracy: 77.86%

[INFO](2026/08/20/ 04:11:34 AM) [Round: 0169] Select clients...!
[INFO](2026/08/20/ 04:11:35 AM) [Round: 0169] ...successfully transmitted models to 10 selected clients!
[INFO](2026/08/20/ 04:11:35 AM) [Round: 0169] Start updating selected 10 clients...!
[INFO](2026/08/20/ 04:12:13 AM) [Round: 0169] ...10 clients are selected and updated (with total sample size: 36)!
[INFO](2026/08/20/ 04:12:13 AM) [Round: 0169] Aggregate updated weights of 10 clients...!
[INFO](2026/08/20/ 04:12:14 AM) [Round: 0169] ...updated weights of 10 clients are successfully averaged!
[INFO](2026/08/20/ 04:12:15 AM) [Round: 0169] Evaluate global model's performance...!                
	[Server] ...finished evaluation!                
	=> Loss: 0.7234                
	=> Accuracy: 76.90%

[INFO](2026/08/20/ 04:12:15 AM) [Round: 0170] Select clients...!
[INFO](2026/08/20/ 04:12:16 AM) [Round: 0170] ...successfully transmitted models to 10 selected clients!
[INFO](2026/08/20/ 04:12:16 AM) [Round: 0170] Start updating selected 10 clients...!
[INFO](2026/08/20/ 04:12:55 AM) [Round: 0170] ...10 clients are selected and updated (with total sample size: 25)!
[INFO](2026/08/20/ 04:12:55 AM) [Round: 0170] Aggregate updated weights of 10 clients...!
[INFO](2026/08/20/ 04:12:56 AM) [Round: 0170] ...updated weights of 10 clients are successfully averaged!
[INFO](2026/08/20/ 04:12:58 AM) [Round: 0170] Evaluate global model's performance...!                
	[Server] ...finished evaluation!                
	=> Loss: 0.7248                
	=> Accuracy: 76.67%

[INFO](2026/08/20/ 04:12:58 AM) [Round: 0171] Select clients...!
[INFO](2026/08/20/ 04:12:58 AM) [Round: 0171] ...successfully transmitted models to 10 selected clients!
[INFO](2026/08/20/ 04:12:58 AM) [Round: 0171] Start updating selected 10 clients...!
[INFO](2026/08/20/ 04:13:35 AM) [Round: 0171] ...10 clients are selected and updated (with total sample size: 42)!
[INFO](2026/08/20/ 04:13:35 AM) [Round: 0171] Aggregate updated weights of 10 clients...!
[INFO](2026/08/20/ 04:13:35 AM) [Round: 0171] ...updated weights of 10 clients are successfully averaged!
[INFO](2026/08/20/ 04:13:37 AM) [Round: 0171] Evaluate global model's performance...!                
	[Server] ...finished evaluation!                
	=> Loss: 0.6533                
	=> Accuracy: 79.52%

[INFO](2026/08/20/ 04:13:37 AM) [Round: 0172] Select clients...!
[INFO](2026/08/20/ 04:13:38 AM) [Round: 0172] ...successfully transmitted models to 10 selected clients!
[INFO](2026/08/20/ 04:13:38 AM) [Round: 0172] Start updating selected 10 clients...!
[INFO](2026/08/20/ 04:14:17 AM) [Round: 0172] ...10 clients are selected and updated (with total sample size: 47)!
[INFO](2026/08/20/ 04:14:17 AM) [Round: 0172] Aggregate updated weights of 10 clients...!
[INFO](2026/08/20/ 04:14:18 AM) [Round: 0172] ...updated weights of 10 clients are successfully averaged!
[INFO](2026/08/20/ 04:14:19 AM) [Round: 0172] Evaluate global model's performance...!                
	[Server] ...finished evaluation!                
	=> Loss: 0.7870                
	=> Accuracy: 78.81%

[INFO](2026/08/20/ 04:14:19 AM) [Round: 0173] Select clients...!
[INFO](2026/08/20/ 04:14:19 AM) [Round: 0173] ...successfully transmitted models to 10 selected clients!
[INFO](2026/08/20/ 04:14:20 AM) [Round: 0173] Start updating selected 10 clients...!
[INFO](2026/08/20/ 04:15:01 AM) [Round: 0173] ...10 clients are selected and updated (with total sample size: 50)!
[INFO](2026/08/20/ 04:15:01 AM) [Round: 0173] Aggregate updated weights of 10 clients...!
[INFO](2026/08/20/ 04:15:02 AM) [Round: 0173] ...updated weights of 10 clients are successfully averaged!
[INFO](2026/08/20/ 04:15:03 AM) [Round: 0173] Evaluate global model's performance...!                
	[Server] ...finished evaluation!                
	=> Loss: 0.8974                
	=> Accuracy: 77.14%

[INFO](2026/08/20/ 04:15:03 AM) [Round: 0174] Select clients...!
[INFO](2026/08/20/ 04:15:03 AM) [Round: 0174] ...successfully transmitted models to 10 selected clients!
[INFO](2026/08/20/ 04:15:04 AM) [Round: 0174] Start updating selected 10 clients...!
[INFO](2026/08/20/ 04:15:41 AM) [Round: 0174] ...10 clients are selected and updated (with total sample size: 25)!
[INFO](2026/08/20/ 04:15:41 AM) [Round: 0174] Aggregate updated weights of 10 clients...!
[INFO](2026/08/20/ 04:15:41 AM) [Round: 0174] ...updated weights of 10 clients are successfully averaged!
[INFO](2026/08/20/ 04:15:43 AM) [Round: 0174] Evaluate global model's performance...!                
	[Server] ...finished evaluation!                
	=> Loss: 0.6929                
	=> Accuracy: 79.52%

[INFO](2026/08/20/ 04:15:43 AM) [Round: 0175] Select clients...!
[INFO](2026/08/20/ 04:15:43 AM) [Round: 0175] ...successfully transmitted models to 10 selected clients!
[INFO](2026/08/20/ 04:15:43 AM) [Round: 0175] Start updating selected 10 clients...!
[INFO](2026/08/20/ 04:16:22 AM) [Round: 0175] ...10 clients are selected and updated (with total sample size: 50)!
[INFO](2026/08/20/ 04:16:22 AM) [Round: 0175] Aggregate updated weights of 10 clients...!
[INFO](2026/08/20/ 04:16:22 AM) [Round: 0175] ...updated weights of 10 clients are successfully averaged!
[INFO](2026/08/20/ 04:16:24 AM) [Round: 0175] Evaluate global model's performance...!                
	[Server] ...finished evaluation!                
	=> Loss: 0.7854                
	=> Accuracy: 78.10%

[INFO](2026/08/20/ 04:16:24 AM) [Round: 0176] Select clients...!
[INFO](2026/08/20/ 04:16:24 AM) [Round: 0176] ...successfully transmitted models to 10 selected clients!
[INFO](2026/08/20/ 04:16:24 AM) [Round: 0176] Start updating selected 10 clients...!
[INFO](2026/08/20/ 04:16:58 AM) [Round: 0176] ...10 clients are selected and updated (with total sample size: 25)!
[INFO](2026/08/20/ 04:16:58 AM) [Round: 0176] Aggregate updated weights of 10 clients...!
[INFO](2026/08/20/ 04:16:59 AM) [Round: 0176] ...updated weights of 10 clients are successfully averaged!
[INFO](2026/08/20/ 04:17:00 AM) [Round: 0176] Evaluate global model's performance...!                
	[Server] ...finished evaluation!                
	=> Loss: 0.6624                
	=> Accuracy: 78.81%

[INFO](2026/08/20/ 04:17:00 AM) [Round: 0177] Select clients...!
[INFO](2026/08/20/ 04:17:00 AM) [Round: 0177] ...successfully transmitted models to 10 selected clients!
[INFO](2026/08/20/ 04:17:01 AM) [Round: 0177] Start updating selected 10 clients...!
[INFO](2026/08/20/ 04:17:42 AM) [Round: 0177] ...10 clients are selected and updated (with total sample size: 36)!
[INFO](2026/08/20/ 04:17:43 AM) [Round: 0177] Aggregate updated weights of 10 clients...!
[INFO](2026/08/20/ 04:17:43 AM) [Round: 0177] ...updated weights of 10 clients are successfully averaged!
[INFO](2026/08/20/ 04:17:45 AM) [Round: 0177] Evaluate global model's performance...!                
	[Server] ...finished evaluation!                
	=> Loss: 0.7195                
	=> Accuracy: 76.67%

[INFO](2026/08/20/ 04:17:45 AM) [Round: 0178] Select clients...!
[INFO](2026/08/20/ 04:17:45 AM) [Round: 0178] ...successfully transmitted models to 10 selected clients!
[INFO](2026/08/20/ 04:17:45 AM) [Round: 0178] Start updating selected 10 clients...!
[INFO](2026/08/20/ 04:18:24 AM) [Round: 0178] ...10 clients are selected and updated (with total sample size: 47)!
[INFO](2026/08/20/ 04:18:24 AM) [Round: 0178] Aggregate updated weights of 10 clients...!
[INFO](2026/08/20/ 04:18:24 AM) [Round: 0178] ...updated weights of 10 clients are successfully averaged!
[INFO](2026/08/20/ 04:18:26 AM) [Round: 0178] Evaluate global model's performance...!                
	[Server] ...finished evaluation!                
	=> Loss: 0.7139                
	=> Accuracy: 78.10%

[INFO](2026/08/20/ 04:18:26 AM) [Round: 0179] Select clients...!
[INFO](2026/08/20/ 04:18:27 AM) [Round: 0179] ...successfully transmitted models to 10 selected clients!
[INFO](2026/08/20/ 04:18:27 AM) [Round: 0179] Start updating selected 10 clients...!
[INFO](2026/08/20/ 04:19:03 AM) [Round: 0179] ...10 clients are selected and updated (with total sample size: 36)!
[INFO](2026/08/20/ 04:19:03 AM) [Round: 0179] Aggregate updated weights of 10 clients...!
[INFO](2026/08/20/ 04:19:04 AM) [Round: 0179] ...updated weights of 10 clients are successfully averaged!
[INFO](2026/08/20/ 04:19:06 AM) [Round: 0179] Evaluate global model's performance...!                
	[Server] ...finished evaluation!                
	=> Loss: 0.6348                
	=> Accuracy: 80.95%

[INFO](2026/08/20/ 04:19:06 AM) [Round: 0180] Select clients...!
[INFO](2026/08/20/ 04:19:06 AM) [Round: 0180] ...successfully transmitted models to 10 selected clients!
[INFO](2026/08/20/ 04:19:06 AM) [Round: 0180] Start updating selected 10 clients...!
[INFO](2026/08/20/ 04:19:44 AM) [Round: 0180] ...10 clients are selected and updated (with total sample size: 47)!
[INFO](2026/08/20/ 04:19:44 AM) [Round: 0180] Aggregate updated weights of 10 clients...!
[INFO](2026/08/20/ 04:19:44 AM) [Round: 0180] ...updated weights of 10 clients are successfully averaged!
[INFO](2026/08/20/ 04:19:46 AM) [Round: 0180] Evaluate global model's performance...!                
	[Server] ...finished evaluation!                
	=> Loss: 0.6000                
	=> Accuracy: 81.90%

[INFO](2026/08/20/ 04:19:46 AM) [Round: 0181] Select clients...!
[INFO](2026/08/20/ 04:19:46 AM) [Round: 0181] ...successfully transmitted models to 10 selected clients!
[INFO](2026/08/20/ 04:19:47 AM) [Round: 0181] Start updating selected 10 clients...!
[INFO](2026/08/20/ 04:20:26 AM) [Round: 0181] ...10 clients are selected and updated (with total sample size: 25)!
[INFO](2026/08/20/ 04:20:26 AM) [Round: 0181] Aggregate updated weights of 10 clients...!
[INFO](2026/08/20/ 04:20:26 AM) [Round: 0181] ...updated weights of 10 clients are successfully averaged!
[INFO](2026/08/20/ 04:20:28 AM) [Round: 0181] Evaluate global model's performance...!                
	[Server] ...finished evaluation!                
	=> Loss: 0.7023                
	=> Accuracy: 78.33%

[INFO](2026/08/20/ 04:20:28 AM) [Round: 0182] Select clients...!
[INFO](2026/08/20/ 04:20:29 AM) [Round: 0182] ...successfully transmitted models to 10 selected clients!
[INFO](2026/08/20/ 04:20:29 AM) [Round: 0182] Start updating selected 10 clients...!
[INFO](2026/08/20/ 04:21:08 AM) [Round: 0182] ...10 clients are selected and updated (with total sample size: 36)!
[INFO](2026/08/20/ 04:21:08 AM) [Round: 0182] Aggregate updated weights of 10 clients...!
[INFO](2026/08/20/ 04:21:08 AM) [Round: 0182] ...updated weights of 10 clients are successfully averaged!
[INFO](2026/08/20/ 04:21:10 AM) [Round: 0182] Evaluate global model's performance...!                
	[Server] ...finished evaluation!                
	=> Loss: 0.6215                
	=> Accuracy: 81.19%

[INFO](2026/08/20/ 04:21:10 AM) [Round: 0183] Select clients...!
[INFO](2026/08/20/ 04:21:10 AM) [Round: 0183] ...successfully transmitted models to 10 selected clients!
[INFO](2026/08/20/ 04:21:10 AM) [Round: 0183] Start updating selected 10 clients...!
[INFO](2026/08/20/ 04:21:44 AM) [Round: 0183] ...10 clients are selected and updated (with total sample size: 49)!
[INFO](2026/08/20/ 04:21:44 AM) [Round: 0183] Aggregate updated weights of 10 clients...!
[INFO](2026/08/20/ 04:21:44 AM) [Round: 0183] ...updated weights of 10 clients are successfully averaged!
[INFO](2026/08/20/ 04:21:46 AM) [Round: 0183] Evaluate global model's performance...!                
	[Server] ...finished evaluation!                
	=> Loss: 0.6957                
	=> Accuracy: 79.29%

[INFO](2026/08/20/ 04:21:46 AM) [Round: 0184] Select clients...!
[INFO](2026/08/20/ 04:21:47 AM) [Round: 0184] ...successfully transmitted models to 10 selected clients!
[INFO](2026/08/20/ 04:21:47 AM) [Round: 0184] Start updating selected 10 clients...!
[INFO](2026/08/20/ 04:22:24 AM) [Round: 0184] ...10 clients are selected and updated (with total sample size: 25)!
[INFO](2026/08/20/ 04:22:24 AM) [Round: 0184] Aggregate updated weights of 10 clients...!
[INFO](2026/08/20/ 04:22:24 AM) [Round: 0184] ...updated weights of 10 clients are successfully averaged!
[INFO](2026/08/20/ 04:22:25 AM) [Round: 0184] Evaluate global model's performance...!                
	[Server] ...finished evaluation!                
	=> Loss: 0.6161                
	=> Accuracy: 79.52%

[INFO](2026/08/20/ 04:22:26 AM) [Round: 0185] Select clients...!
[INFO](2026/08/20/ 04:22:26 AM) [Round: 0185] ...successfully transmitted models to 10 selected clients!
[INFO](2026/08/20/ 04:22:26 AM) [Round: 0185] Start updating selected 10 clients...!
[INFO](2026/08/20/ 04:23:06 AM) [Round: 0185] ...10 clients are selected and updated (with total sample size: 50)!
[INFO](2026/08/20/ 04:23:06 AM) [Round: 0185] Aggregate updated weights of 10 clients...!
[INFO](2026/08/20/ 04:23:06 AM) [Round: 0185] ...updated weights of 10 clients are successfully averaged!
[INFO](2026/08/20/ 04:23:08 AM) [Round: 0185] Evaluate global model's performance...!                
	[Server] ...finished evaluation!                
	=> Loss: 0.6873                
	=> Accuracy: 80.24%

[INFO](2026/08/20/ 04:23:08 AM) [Round: 0186] Select clients...!
[INFO](2026/08/20/ 04:23:08 AM) [Round: 0186] ...successfully transmitted models to 10 selected clients!
[INFO](2026/08/20/ 04:23:09 AM) [Round: 0186] Start updating selected 10 clients...!
[INFO](2026/08/20/ 04:23:48 AM) [Round: 0186] ...10 clients are selected and updated (with total sample size: 42)!
[INFO](2026/08/20/ 04:23:48 AM) [Round: 0186] Aggregate updated weights of 10 clients...!
[INFO](2026/08/20/ 04:23:49 AM) [Round: 0186] ...updated weights of 10 clients are successfully averaged!
[INFO](2026/08/20/ 04:23:50 AM) [Round: 0186] Evaluate global model's performance...!                
	[Server] ...finished evaluation!                
	=> Loss: 0.5965                
	=> Accuracy: 80.48%

[INFO](2026/08/20/ 04:23:50 AM) [Round: 0187] Select clients...!
[INFO](2026/08/20/ 04:23:51 AM) [Round: 0187] ...successfully transmitted models to 10 selected clients!
[INFO](2026/08/20/ 04:23:51 AM) [Round: 0187] Start updating selected 10 clients...!
[INFO](2026/08/20/ 04:24:28 AM) [Round: 0187] ...10 clients are selected and updated (with total sample size: 36)!
[INFO](2026/08/20/ 04:24:28 AM) [Round: 0187] Aggregate updated weights of 10 clients...!
[INFO](2026/08/20/ 04:24:29 AM) [Round: 0187] ...updated weights of 10 clients are successfully averaged!
[INFO](2026/08/20/ 04:24:30 AM) [Round: 0187] Evaluate global model's performance...!                
	[Server] ...finished evaluation!                
	=> Loss: 0.7439                
	=> Accuracy: 78.33%

[INFO](2026/08/20/ 04:24:30 AM) [Round: 0188] Select clients...!
[INFO](2026/08/20/ 04:24:31 AM) [Round: 0188] ...successfully transmitted models to 10 selected clients!
[INFO](2026/08/20/ 04:24:31 AM) [Round: 0188] Start updating selected 10 clients...!
[INFO](2026/08/20/ 04:25:10 AM) [Round: 0188] ...10 clients are selected and updated (with total sample size: 50)!
[INFO](2026/08/20/ 04:25:10 AM) [Round: 0188] Aggregate updated weights of 10 clients...!
[INFO](2026/08/20/ 04:25:11 AM) [Round: 0188] ...updated weights of 10 clients are successfully averaged!
[INFO](2026/08/20/ 04:25:12 AM) [Round: 0188] Evaluate global model's performance...!                
	[Server] ...finished evaluation!                
	=> Loss: 0.6034                
	=> Accuracy: 79.05%

[INFO](2026/08/20/ 04:25:13 AM) [Round: 0189] Select clients...!
[INFO](2026/08/20/ 04:25:13 AM) [Round: 0189] ...successfully transmitted models to 10 selected clients!
[INFO](2026/08/20/ 04:25:13 AM) [Round: 0189] Start updating selected 10 clients...!
[INFO](2026/08/20/ 04:25:54 AM) [Round: 0189] ...10 clients are selected and updated (with total sample size: 25)!
[INFO](2026/08/20/ 04:25:54 AM) [Round: 0189] Aggregate updated weights of 10 clients...!
[INFO](2026/08/20/ 04:25:54 AM) [Round: 0189] ...updated weights of 10 clients are successfully averaged!
[INFO](2026/08/20/ 04:25:55 AM) [Round: 0189] Evaluate global model's performance...!                
	[Server] ...finished evaluation!                
	=> Loss: 0.6067                
	=> Accuracy: 80.24%

[INFO](2026/08/20/ 04:25:56 AM) [Round: 0190] Select clients...!
[INFO](2026/08/20/ 04:25:56 AM) [Round: 0190] ...successfully transmitted models to 10 selected clients!
[INFO](2026/08/20/ 04:25:56 AM) [Round: 0190] Start updating selected 10 clients...!
[INFO](2026/08/20/ 04:26:42 AM) [Round: 0190] ...10 clients are selected and updated (with total sample size: 59)!
[INFO](2026/08/20/ 04:26:42 AM) [Round: 0190] Aggregate updated weights of 10 clients...!
[INFO](2026/08/20/ 04:26:43 AM) [Round: 0190] ...updated weights of 10 clients are successfully averaged!
[INFO](2026/08/20/ 04:26:44 AM) [Round: 0190] Evaluate global model's performance...!                
	[Server] ...finished evaluation!                
	=> Loss: 0.7434                
	=> Accuracy: 79.05%

[INFO](2026/08/20/ 04:26:44 AM) [Round: 0191] Select clients...!
[INFO](2026/08/20/ 04:26:44 AM) [Round: 0191] ...successfully transmitted models to 10 selected clients!
[INFO](2026/08/20/ 04:26:45 AM) [Round: 0191] Start updating selected 10 clients...!
[INFO](2026/08/20/ 04:27:31 AM) [Round: 0191] ...10 clients are selected and updated (with total sample size: 47)!
[INFO](2026/08/20/ 04:27:31 AM) [Round: 0191] Aggregate updated weights of 10 clients...!
[INFO](2026/08/20/ 04:27:31 AM) [Round: 0191] ...updated weights of 10 clients are successfully averaged!
[INFO](2026/08/20/ 04:27:33 AM) [Round: 0191] Evaluate global model's performance...!                
	[Server] ...finished evaluation!                
	=> Loss: 0.6797                
	=> Accuracy: 78.33%

[INFO](2026/08/20/ 04:27:33 AM) [Round: 0192] Select clients...!
[INFO](2026/08/20/ 04:27:33 AM) [Round: 0192] ...successfully transmitted models to 10 selected clients!
[INFO](2026/08/20/ 04:27:33 AM) [Round: 0192] Start updating selected 10 clients...!
[INFO](2026/08/20/ 04:28:10 AM) [Round: 0192] ...10 clients are selected and updated (with total sample size: 35)!
[INFO](2026/08/20/ 04:28:10 AM) [Round: 0192] Aggregate updated weights of 10 clients...!
[INFO](2026/08/20/ 04:28:10 AM) [Round: 0192] ...updated weights of 10 clients are successfully averaged!
[INFO](2026/08/20/ 04:28:11 AM) [Round: 0192] Evaluate global model's performance...!                
	[Server] ...finished evaluation!                
	=> Loss: 0.6123                
	=> Accuracy: 83.33%

[INFO](2026/08/20/ 04:28:11 AM) [Round: 0193] Select clients...!
[INFO](2026/08/20/ 04:28:12 AM) [Round: 0193] ...successfully transmitted models to 10 selected clients!
[INFO](2026/08/20/ 04:28:12 AM) [Round: 0193] Start updating selected 10 clients...!
[INFO](2026/08/20/ 04:28:46 AM) [Round: 0193] ...10 clients are selected and updated (with total sample size: 49)!
[INFO](2026/08/20/ 04:28:46 AM) [Round: 0193] Aggregate updated weights of 10 clients...!
[INFO](2026/08/20/ 04:28:46 AM) [Round: 0193] ...updated weights of 10 clients are successfully averaged!
[INFO](2026/08/20/ 04:28:47 AM) [Round: 0193] Evaluate global model's performance...!                
	[Server] ...finished evaluation!                
	=> Loss: 0.7258                
	=> Accuracy: 81.19%

[INFO](2026/08/20/ 04:28:48 AM) [Round: 0194] Select clients...!
[INFO](2026/08/20/ 04:28:48 AM) [Round: 0194] ...successfully transmitted models to 10 selected clients!
[INFO](2026/08/20/ 04:28:48 AM) [Round: 0194] Start updating selected 10 clients...!
[INFO](2026/08/20/ 04:29:30 AM) [Round: 0194] ...10 clients are selected and updated (with total sample size: 49)!
[INFO](2026/08/20/ 04:29:30 AM) [Round: 0194] Aggregate updated weights of 10 clients...!
[INFO](2026/08/20/ 04:29:31 AM) [Round: 0194] ...updated weights of 10 clients are successfully averaged!
[INFO](2026/08/20/ 04:29:32 AM) [Round: 0194] Evaluate global model's performance...!                
	[Server] ...finished evaluation!                
	=> Loss: 0.7262                
	=> Accuracy: 78.81%

[INFO](2026/08/20/ 04:29:32 AM) [Round: 0195] Select clients...!
[INFO](2026/08/20/ 04:29:33 AM) [Round: 0195] ...successfully transmitted models to 10 selected clients!
[INFO](2026/08/20/ 04:29:33 AM) [Round: 0195] Start updating selected 10 clients...!
[INFO](2026/08/20/ 04:30:16 AM) [Round: 0195] ...10 clients are selected and updated (with total sample size: 47)!
[INFO](2026/08/20/ 04:30:16 AM) [Round: 0195] Aggregate updated weights of 10 clients...!
[INFO](2026/08/20/ 04:30:16 AM) [Round: 0195] ...updated weights of 10 clients are successfully averaged!
[INFO](2026/08/20/ 04:30:18 AM) [Round: 0195] Evaluate global model's performance...!                
	[Server] ...finished evaluation!                
	=> Loss: 0.7367                
	=> Accuracy: 80.48%

[INFO](2026/08/20/ 04:30:18 AM) [Round: 0196] Select clients...!
[INFO](2026/08/20/ 04:30:19 AM) [Round: 0196] ...successfully transmitted models to 10 selected clients!
[INFO](2026/08/20/ 04:30:19 AM) [Round: 0196] Start updating selected 10 clients...!
[INFO](2026/08/20/ 04:30:56 AM) [Round: 0196] ...10 clients are selected and updated (with total sample size: 25)!
[INFO](2026/08/20/ 04:30:56 AM) [Round: 0196] Aggregate updated weights of 10 clients...!
[INFO](2026/08/20/ 04:30:56 AM) [Round: 0196] ...updated weights of 10 clients are successfully averaged!
[INFO](2026/08/20/ 04:30:58 AM) [Round: 0196] Evaluate global model's performance...!                
	[Server] ...finished evaluation!                
	=> Loss: 0.7225                
	=> Accuracy: 78.33%

[INFO](2026/08/20/ 04:30:58 AM) [Round: 0197] Select clients...!
[INFO](2026/08/20/ 04:30:59 AM) [Round: 0197] ...successfully transmitted models to 10 selected clients!
[INFO](2026/08/20/ 04:30:59 AM) [Round: 0197] Start updating selected 10 clients...!
[INFO](2026/08/20/ 04:31:40 AM) [Round: 0197] ...10 clients are selected and updated (with total sample size: 47)!
[INFO](2026/08/20/ 04:31:40 AM) [Round: 0197] Aggregate updated weights of 10 clients...!
[INFO](2026/08/20/ 04:31:40 AM) [Round: 0197] ...updated weights of 10 clients are successfully averaged!
[INFO](2026/08/20/ 04:31:41 AM) [Round: 0197] Evaluate global model's performance...!                
	[Server] ...finished evaluation!                
	=> Loss: 0.7831                
	=> Accuracy: 76.90%

[INFO](2026/08/20/ 04:31:42 AM) [Round: 0198] Select clients...!
[INFO](2026/08/20/ 04:31:42 AM) [Round: 0198] ...successfully transmitted models to 10 selected clients!
[INFO](2026/08/20/ 04:31:42 AM) [Round: 0198] Start updating selected 10 clients...!
[INFO](2026/08/20/ 04:32:26 AM) [Round: 0198] ...10 clients are selected and updated (with total sample size: 47)!
[INFO](2026/08/20/ 04:32:26 AM) [Round: 0198] Aggregate updated weights of 10 clients...!
[INFO](2026/08/20/ 04:32:27 AM) [Round: 0198] ...updated weights of 10 clients are successfully averaged!
[INFO](2026/08/20/ 04:32:28 AM) [Round: 0198] Evaluate global model's performance...!                
	[Server] ...finished evaluation!                
	=> Loss: 0.6574                
	=> Accuracy: 78.33%

[INFO](2026/08/20/ 04:32:28 AM) [Round: 0199] Select clients...!
[INFO](2026/08/20/ 04:32:28 AM) [Round: 0199] ...successfully transmitted models to 10 selected clients!
[INFO](2026/08/20/ 04:32:29 AM) [Round: 0199] Start updating selected 10 clients...!
[INFO](2026/08/20/ 04:33:11 AM) [Round: 0199] ...10 clients are selected and updated (with total sample size: 36)!
[INFO](2026/08/20/ 04:33:11 AM) [Round: 0199] Aggregate updated weights of 10 clients...!
[INFO](2026/08/20/ 04:33:12 AM) [Round: 0199] ...updated weights of 10 clients are successfully averaged!
[INFO](2026/08/20/ 04:33:13 AM) [Round: 0199] Evaluate global model's performance...!                
	[Server] ...finished evaluation!                
	=> Loss: 0.9132                
	=> Accuracy: 78.33%

[INFO](2026/08/20/ 04:33:13 AM) [Round: 0200] Select clients...!
[INFO](2026/08/20/ 04:33:14 AM) [Round: 0200] ...successfully transmitted models to 10 selected clients!
[INFO](2026/08/20/ 04:33:14 AM) [Round: 0200] Start updating selected 10 clients...!
[INFO](2026/08/20/ 04:33:51 AM) [Round: 0200] ...10 clients are selected and updated (with total sample size: 47)!
[INFO](2026/08/20/ 04:33:51 AM) [Round: 0200] Aggregate updated weights of 10 clients...!
[INFO](2026/08/20/ 04:33:51 AM) [Round: 0200] ...updated weights of 10 clients are successfully averaged!
[INFO](2026/08/20/ 04:33:53 AM) [Round: 0200] Evaluate global model's performance...!                
	[Server] ...finished evaluation!                
	=> Loss: 0.6024                
	=> Accuracy: 82.62%

[INFO](2026/08/20/ 04:33:53 AM) [Round: 0201] Select clients...!
[INFO](2026/08/20/ 04:33:53 AM) [Round: 0201] ...successfully transmitted models to 10 selected clients!
[INFO](2026/08/20/ 04:33:53 AM) [Round: 0201] Start updating selected 10 clients...!
[INFO](2026/08/20/ 04:34:31 AM) [Round: 0201] ...10 clients are selected and updated (with total sample size: 49)!
[INFO](2026/08/20/ 04:34:31 AM) [Round: 0201] Aggregate updated weights of 10 clients...!
[INFO](2026/08/20/ 04:34:31 AM) [Round: 0201] ...updated weights of 10 clients are successfully averaged!
[INFO](2026/08/20/ 04:34:33 AM) [Round: 0201] Evaluate global model's performance...!                
	[Server] ...finished evaluation!                
	=> Loss: 0.7825                
	=> Accuracy: 79.52%

[INFO](2026/08/20/ 04:34:33 AM) [Round: 0202] Select clients...!
[INFO](2026/08/20/ 04:34:33 AM) [Round: 0202] ...successfully transmitted models to 10 selected clients!
[INFO](2026/08/20/ 04:34:33 AM) [Round: 0202] Start updating selected 10 clients...!
[INFO](2026/08/20/ 04:35:15 AM) [Round: 0202] ...10 clients are selected and updated (with total sample size: 50)!
[INFO](2026/08/20/ 04:35:15 AM) [Round: 0202] Aggregate updated weights of 10 clients...!
[INFO](2026/08/20/ 04:35:15 AM) [Round: 0202] ...updated weights of 10 clients are successfully averaged!
[INFO](2026/08/20/ 04:35:16 AM) [Round: 0202] Evaluate global model's performance...!                
	[Server] ...finished evaluation!                
	=> Loss: 0.6967                
	=> Accuracy: 80.00%

[INFO](2026/08/20/ 04:35:17 AM) [Round: 0203] Select clients...!
[INFO](2026/08/20/ 04:35:17 AM) [Round: 0203] ...successfully transmitted models to 10 selected clients!
[INFO](2026/08/20/ 04:35:17 AM) [Round: 0203] Start updating selected 10 clients...!
[INFO](2026/08/20/ 04:35:51 AM) [Round: 0203] ...10 clients are selected and updated (with total sample size: 47)!
[INFO](2026/08/20/ 04:35:51 AM) [Round: 0203] Aggregate updated weights of 10 clients...!
[INFO](2026/08/20/ 04:35:52 AM) [Round: 0203] ...updated weights of 10 clients are successfully averaged!
[INFO](2026/08/20/ 04:35:53 AM) [Round: 0203] Evaluate global model's performance...!                
	[Server] ...finished evaluation!                
	=> Loss: 0.7179                
	=> Accuracy: 80.24%

[INFO](2026/08/20/ 04:35:53 AM) [Round: 0204] Select clients...!
[INFO](2026/08/20/ 04:35:54 AM) [Round: 0204] ...successfully transmitted models to 10 selected clients!
[INFO](2026/08/20/ 04:35:54 AM) [Round: 0204] Start updating selected 10 clients...!
[INFO](2026/08/20/ 04:36:30 AM) [Round: 0204] ...10 clients are selected and updated (with total sample size: 25)!
[INFO](2026/08/20/ 04:36:30 AM) [Round: 0204] Aggregate updated weights of 10 clients...!
[INFO](2026/08/20/ 04:36:30 AM) [Round: 0204] ...updated weights of 10 clients are successfully averaged!
[INFO](2026/08/20/ 04:36:32 AM) [Round: 0204] Evaluate global model's performance...!                
	[Server] ...finished evaluation!                
	=> Loss: 0.5901                
	=> Accuracy: 81.19%

[INFO](2026/08/20/ 04:36:32 AM) [Round: 0205] Select clients...!
[INFO](2026/08/20/ 04:36:33 AM) [Round: 0205] ...successfully transmitted models to 10 selected clients!
[INFO](2026/08/20/ 04:36:33 AM) [Round: 0205] Start updating selected 10 clients...!
[INFO](2026/08/20/ 04:37:11 AM) [Round: 0205] ...10 clients are selected and updated (with total sample size: 50)!
[INFO](2026/08/20/ 04:37:11 AM) [Round: 0205] Aggregate updated weights of 10 clients...!
[INFO](2026/08/20/ 04:37:11 AM) [Round: 0205] ...updated weights of 10 clients are successfully averaged!
[INFO](2026/08/20/ 04:37:12 AM) [Round: 0205] Evaluate global model's performance...!                
	[Server] ...finished evaluation!                
	=> Loss: 0.7736                
	=> Accuracy: 79.76%

[INFO](2026/08/20/ 04:37:12 AM) [Round: 0206] Select clients...!
[INFO](2026/08/20/ 04:37:13 AM) [Round: 0206] ...successfully transmitted models to 10 selected clients!
[INFO](2026/08/20/ 04:37:13 AM) [Round: 0206] Start updating selected 10 clients...!
[INFO](2026/08/20/ 04:37:54 AM) [Round: 0206] ...10 clients are selected and updated (with total sample size: 47)!
[INFO](2026/08/20/ 04:37:55 AM) [Round: 0206] Aggregate updated weights of 10 clients...!
[INFO](2026/08/20/ 04:37:55 AM) [Round: 0206] ...updated weights of 10 clients are successfully averaged!
[INFO](2026/08/20/ 04:37:56 AM) [Round: 0206] Evaluate global model's performance...!                
	[Server] ...finished evaluation!                
	=> Loss: 0.5834                
	=> Accuracy: 84.29%

[INFO](2026/08/20/ 04:37:56 AM) [Round: 0207] Select clients...!
[INFO](2026/08/20/ 04:37:57 AM) [Round: 0207] ...successfully transmitted models to 10 selected clients!
[INFO](2026/08/20/ 04:37:57 AM) [Round: 0207] Start updating selected 10 clients...!
[INFO](2026/08/20/ 04:38:35 AM) [Round: 0207] ...10 clients are selected and updated (with total sample size: 59)!
[INFO](2026/08/20/ 04:38:35 AM) [Round: 0207] Aggregate updated weights of 10 clients...!
[INFO](2026/08/20/ 04:38:36 AM) [Round: 0207] ...updated weights of 10 clients are successfully averaged!
[INFO](2026/08/20/ 04:38:37 AM) [Round: 0207] Evaluate global model's performance...!                
	[Server] ...finished evaluation!                
	=> Loss: 0.5657                
	=> Accuracy: 82.38%

[INFO](2026/08/20/ 04:38:37 AM) [Round: 0208] Select clients...!
[INFO](2026/08/20/ 04:38:38 AM) [Round: 0208] ...successfully transmitted models to 10 selected clients!
[INFO](2026/08/20/ 04:38:38 AM) [Round: 0208] Start updating selected 10 clients...!
[INFO](2026/08/20/ 04:39:17 AM) [Round: 0208] ...10 clients are selected and updated (with total sample size: 25)!
[INFO](2026/08/20/ 04:39:17 AM) [Round: 0208] Aggregate updated weights of 10 clients...!
[INFO](2026/08/20/ 04:39:18 AM) [Round: 0208] ...updated weights of 10 clients are successfully averaged!
[INFO](2026/08/20/ 04:39:20 AM) [Round: 0208] Evaluate global model's performance...!                
	[Server] ...finished evaluation!                
	=> Loss: 0.7143                
	=> Accuracy: 79.05%

[INFO](2026/08/20/ 04:39:20 AM) [Round: 0209] Select clients...!
[INFO](2026/08/20/ 04:39:20 AM) [Round: 0209] ...successfully transmitted models to 10 selected clients!
[INFO](2026/08/20/ 04:39:20 AM) [Round: 0209] Start updating selected 10 clients...!
[INFO](2026/08/20/ 04:39:59 AM) [Round: 0209] ...10 clients are selected and updated (with total sample size: 25)!
[INFO](2026/08/20/ 04:39:59 AM) [Round: 0209] Aggregate updated weights of 10 clients...!
[INFO](2026/08/20/ 04:39:59 AM) [Round: 0209] ...updated weights of 10 clients are successfully averaged!
[INFO](2026/08/20/ 04:40:01 AM) [Round: 0209] Evaluate global model's performance...!                
	[Server] ...finished evaluation!                
	=> Loss: 0.6987                
	=> Accuracy: 79.05%

[INFO](2026/08/20/ 04:40:01 AM) [Round: 0210] Select clients...!
[INFO](2026/08/20/ 04:40:01 AM) [Round: 0210] ...successfully transmitted models to 10 selected clients!
[INFO](2026/08/20/ 04:40:02 AM) [Round: 0210] Start updating selected 10 clients...!
[INFO](2026/08/20/ 04:40:43 AM) [Round: 0210] ...10 clients are selected and updated (with total sample size: 36)!
[INFO](2026/08/20/ 04:40:43 AM) [Round: 0210] Aggregate updated weights of 10 clients...!
[INFO](2026/08/20/ 04:40:44 AM) [Round: 0210] ...updated weights of 10 clients are successfully averaged!
[INFO](2026/08/20/ 04:40:46 AM) [Round: 0210] Evaluate global model's performance...!                
	[Server] ...finished evaluation!                
	=> Loss: 0.6320                
	=> Accuracy: 81.19%

[INFO](2026/08/20/ 04:40:46 AM) [Round: 0211] Select clients...!
[INFO](2026/08/20/ 04:40:46 AM) [Round: 0211] ...successfully transmitted models to 10 selected clients!
[INFO](2026/08/20/ 04:40:46 AM) [Round: 0211] Start updating selected 10 clients...!
[INFO](2026/08/20/ 04:41:21 AM) [Round: 0211] ...10 clients are selected and updated (with total sample size: 25)!
[INFO](2026/08/20/ 04:41:21 AM) [Round: 0211] Aggregate updated weights of 10 clients...!
[INFO](2026/08/20/ 04:41:22 AM) [Round: 0211] ...updated weights of 10 clients are successfully averaged!
[INFO](2026/08/20/ 04:41:23 AM) [Round: 0211] Evaluate global model's performance...!                
	[Server] ...finished evaluation!                
	=> Loss: 0.6262                
	=> Accuracy: 83.10%

[INFO](2026/08/20/ 04:41:23 AM) [Round: 0212] Select clients...!
[INFO](2026/08/20/ 04:41:24 AM) [Round: 0212] ...successfully transmitted models to 10 selected clients!
[INFO](2026/08/20/ 04:41:24 AM) [Round: 0212] Start updating selected 10 clients...!
[INFO](2026/08/20/ 04:42:02 AM) [Round: 0212] ...10 clients are selected and updated (with total sample size: 47)!
[INFO](2026/08/20/ 04:42:02 AM) [Round: 0212] Aggregate updated weights of 10 clients...!
[INFO](2026/08/20/ 04:42:02 AM) [Round: 0212] ...updated weights of 10 clients are successfully averaged!
[INFO](2026/08/20/ 04:42:04 AM) [Round: 0212] Evaluate global model's performance...!                
	[Server] ...finished evaluation!                
	=> Loss: 0.6695                
	=> Accuracy: 78.81%

[INFO](2026/08/20/ 04:42:04 AM) [Round: 0213] Select clients...!
[INFO](2026/08/20/ 04:42:04 AM) [Round: 0213] ...successfully transmitted models to 10 selected clients!
[INFO](2026/08/20/ 04:42:04 AM) [Round: 0213] Start updating selected 10 clients...!
[INFO](2026/08/20/ 04:42:37 AM) [Round: 0213] ...10 clients are selected and updated (with total sample size: 36)!
[INFO](2026/08/20/ 04:42:37 AM) [Round: 0213] Aggregate updated weights of 10 clients...!
[INFO](2026/08/20/ 04:42:38 AM) [Round: 0213] ...updated weights of 10 clients are successfully averaged!
[INFO](2026/08/20/ 04:42:39 AM) [Round: 0213] Evaluate global model's performance...!                
	[Server] ...finished evaluation!                
	=> Loss: 0.5997                
	=> Accuracy: 81.19%

[INFO](2026/08/20/ 04:42:40 AM) [Round: 0214] Select clients...!
[INFO](2026/08/20/ 04:42:40 AM) [Round: 0214] ...successfully transmitted models to 10 selected clients!
[INFO](2026/08/20/ 04:42:40 AM) [Round: 0214] Start updating selected 10 clients...!
[INFO](2026/08/20/ 04:43:22 AM) [Round: 0214] ...10 clients are selected and updated (with total sample size: 49)!
[INFO](2026/08/20/ 04:43:22 AM) [Round: 0214] Aggregate updated weights of 10 clients...!
[INFO](2026/08/20/ 04:43:22 AM) [Round: 0214] ...updated weights of 10 clients are successfully averaged!
[INFO](2026/08/20/ 04:43:24 AM) [Round: 0214] Evaluate global model's performance...!                
	[Server] ...finished evaluation!                
	=> Loss: 0.6811                
	=> Accuracy: 81.67%

[INFO](2026/08/20/ 04:43:24 AM) [Round: 0215] Select clients...!
[INFO](2026/08/20/ 04:43:24 AM) [Round: 0215] ...successfully transmitted models to 10 selected clients!
[INFO](2026/08/20/ 04:43:24 AM) [Round: 0215] Start updating selected 10 clients...!
[INFO](2026/08/20/ 04:44:04 AM) [Round: 0215] ...10 clients are selected and updated (with total sample size: 50)!
[INFO](2026/08/20/ 04:44:04 AM) [Round: 0215] Aggregate updated weights of 10 clients...!
[INFO](2026/08/20/ 04:44:04 AM) [Round: 0215] ...updated weights of 10 clients are successfully averaged!
[INFO](2026/08/20/ 04:44:05 AM) [Round: 0215] Evaluate global model's performance...!                
	[Server] ...finished evaluation!                
	=> Loss: 0.6226                
	=> Accuracy: 83.57%

[INFO](2026/08/20/ 04:44:06 AM) [Round: 0216] Select clients...!
[INFO](2026/08/20/ 04:44:06 AM) [Round: 0216] ...successfully transmitted models to 10 selected clients!
[INFO](2026/08/20/ 04:44:06 AM) [Round: 0216] Start updating selected 10 clients...!
[INFO](2026/08/20/ 04:44:44 AM) [Round: 0216] ...10 clients are selected and updated (with total sample size: 36)!
[INFO](2026/08/20/ 04:44:44 AM) [Round: 0216] Aggregate updated weights of 10 clients...!
[INFO](2026/08/20/ 04:44:45 AM) [Round: 0216] ...updated weights of 10 clients are successfully averaged!
[INFO](2026/08/20/ 04:44:46 AM) [Round: 0216] Evaluate global model's performance...!                
	[Server] ...finished evaluation!                
	=> Loss: 0.9073                
	=> Accuracy: 81.19%

[INFO](2026/08/20/ 04:44:46 AM) [Round: 0217] Select clients...!
[INFO](2026/08/20/ 04:44:47 AM) [Round: 0217] ...successfully transmitted models to 10 selected clients!
[INFO](2026/08/20/ 04:44:47 AM) [Round: 0217] Start updating selected 10 clients...!
[INFO](2026/08/20/ 04:45:31 AM) [Round: 0217] ...10 clients are selected and updated (with total sample size: 47)!
[INFO](2026/08/20/ 04:45:31 AM) [Round: 0217] Aggregate updated weights of 10 clients...!
[INFO](2026/08/20/ 04:45:31 AM) [Round: 0217] ...updated weights of 10 clients are successfully averaged!
[INFO](2026/08/20/ 04:45:32 AM) [Round: 0217] Evaluate global model's performance...!                
	[Server] ...finished evaluation!                
	=> Loss: 0.5995                
	=> Accuracy: 80.95%

[INFO](2026/08/20/ 04:45:32 AM) [Round: 0218] Select clients...!
[INFO](2026/08/20/ 04:45:33 AM) [Round: 0218] ...successfully transmitted models to 10 selected clients!
[INFO](2026/08/20/ 04:45:33 AM) [Round: 0218] Start updating selected 10 clients...!
[INFO](2026/08/20/ 04:46:14 AM) [Round: 0218] ...10 clients are selected and updated (with total sample size: 25)!
[INFO](2026/08/20/ 04:46:14 AM) [Round: 0218] Aggregate updated weights of 10 clients...!
[INFO](2026/08/20/ 04:46:14 AM) [Round: 0218] ...updated weights of 10 clients are successfully averaged!
[INFO](2026/08/20/ 04:46:16 AM) [Round: 0218] Evaluate global model's performance...!                
	[Server] ...finished evaluation!                
	=> Loss: 0.5714                
	=> Accuracy: 83.33%

[INFO](2026/08/20/ 04:46:16 AM) [Round: 0219] Select clients...!
[INFO](2026/08/20/ 04:46:17 AM) [Round: 0219] ...successfully transmitted models to 10 selected clients!
[INFO](2026/08/20/ 04:46:17 AM) [Round: 0219] Start updating selected 10 clients...!
[INFO](2026/08/20/ 04:46:58 AM) [Round: 0219] ...10 clients are selected and updated (with total sample size: 50)!
[INFO](2026/08/20/ 04:46:58 AM) [Round: 0219] Aggregate updated weights of 10 clients...!
[INFO](2026/08/20/ 04:46:58 AM) [Round: 0219] ...updated weights of 10 clients are successfully averaged!
[INFO](2026/08/20/ 04:47:00 AM) [Round: 0219] Evaluate global model's performance...!                
	[Server] ...finished evaluation!                
	=> Loss: 0.6257                
	=> Accuracy: 80.00%

[INFO](2026/08/20/ 04:47:00 AM) [Round: 0220] Select clients...!
[INFO](2026/08/20/ 04:47:01 AM) [Round: 0220] ...successfully transmitted models to 10 selected clients!
[INFO](2026/08/20/ 04:47:01 AM) [Round: 0220] Start updating selected 10 clients...!
[INFO](2026/08/20/ 04:47:43 AM) [Round: 0220] ...10 clients are selected and updated (with total sample size: 59)!
[INFO](2026/08/20/ 04:47:43 AM) [Round: 0220] Aggregate updated weights of 10 clients...!
[INFO](2026/08/20/ 04:47:43 AM) [Round: 0220] ...updated weights of 10 clients are successfully averaged!
[INFO](2026/08/20/ 04:47:45 AM) [Round: 0220] Evaluate global model's performance...!                
	[Server] ...finished evaluation!                
	=> Loss: 0.7037                
	=> Accuracy: 77.86%

[INFO](2026/08/20/ 04:47:45 AM) [Round: 0221] Select clients...!
[INFO](2026/08/20/ 04:47:45 AM) [Round: 0221] ...successfully transmitted models to 10 selected clients!
[INFO](2026/08/20/ 04:47:45 AM) [Round: 0221] Start updating selected 10 clients...!
[INFO](2026/08/20/ 04:48:26 AM) [Round: 0221] ...10 clients are selected and updated (with total sample size: 49)!
[INFO](2026/08/20/ 04:48:26 AM) [Round: 0221] Aggregate updated weights of 10 clients...!
[INFO](2026/08/20/ 04:48:26 AM) [Round: 0221] ...updated weights of 10 clients are successfully averaged!
[INFO](2026/08/20/ 04:48:27 AM) [Round: 0221] Evaluate global model's performance...!                
	[Server] ...finished evaluation!                
	=> Loss: 0.6061                
	=> Accuracy: 83.33%

[INFO](2026/08/20/ 04:48:27 AM) [Round: 0222] Select clients...!
[INFO](2026/08/20/ 04:48:28 AM) [Round: 0222] ...successfully transmitted models to 10 selected clients!
[INFO](2026/08/20/ 04:48:28 AM) [Round: 0222] Start updating selected 10 clients...!
[INFO](2026/08/20/ 04:49:06 AM) [Round: 0222] ...10 clients are selected and updated (with total sample size: 48)!
[INFO](2026/08/20/ 04:49:06 AM) [Round: 0222] Aggregate updated weights of 10 clients...!
[INFO](2026/08/20/ 04:49:06 AM) [Round: 0222] ...updated weights of 10 clients are successfully averaged!
[INFO](2026/08/20/ 04:49:08 AM) [Round: 0222] Evaluate global model's performance...!                
	[Server] ...finished evaluation!                
	=> Loss: 0.5801                
	=> Accuracy: 82.14%

[INFO](2026/08/20/ 04:49:08 AM) [Round: 0223] Select clients...!
[INFO](2026/08/20/ 04:49:08 AM) [Round: 0223] ...successfully transmitted models to 10 selected clients!
[INFO](2026/08/20/ 04:49:08 AM) [Round: 0223] Start updating selected 10 clients...!
[INFO](2026/08/20/ 04:49:47 AM) [Round: 0223] ...10 clients are selected and updated (with total sample size: 47)!
[INFO](2026/08/20/ 04:49:47 AM) [Round: 0223] Aggregate updated weights of 10 clients...!
[INFO](2026/08/20/ 04:49:47 AM) [Round: 0223] ...updated weights of 10 clients are successfully averaged!
[INFO](2026/08/20/ 04:49:49 AM) [Round: 0223] Evaluate global model's performance...!                
	[Server] ...finished evaluation!                
	=> Loss: 0.7127                
	=> Accuracy: 81.67%

[INFO](2026/08/20/ 04:49:49 AM) [Round: 0224] Select clients...!
[INFO](2026/08/20/ 04:49:49 AM) [Round: 0224] ...successfully transmitted models to 10 selected clients!
[INFO](2026/08/20/ 04:49:49 AM) [Round: 0224] Start updating selected 10 clients...!
[INFO](2026/08/20/ 04:50:28 AM) [Round: 0224] ...10 clients are selected and updated (with total sample size: 35)!
[INFO](2026/08/20/ 04:50:28 AM) [Round: 0224] Aggregate updated weights of 10 clients...!
[INFO](2026/08/20/ 04:50:28 AM) [Round: 0224] ...updated weights of 10 clients are successfully averaged!
[INFO](2026/08/20/ 04:50:30 AM) [Round: 0224] Evaluate global model's performance...!                
	[Server] ...finished evaluation!                
	=> Loss: 0.6302                
	=> Accuracy: 82.14%

[INFO](2026/08/20/ 04:50:30 AM) [Round: 0225] Select clients...!
[INFO](2026/08/20/ 04:50:30 AM) [Round: 0225] ...successfully transmitted models to 10 selected clients!
[INFO](2026/08/20/ 04:50:30 AM) [Round: 0225] Start updating selected 10 clients...!
[INFO](2026/08/20/ 04:51:07 AM) [Round: 0225] ...10 clients are selected and updated (with total sample size: 42)!
[INFO](2026/08/20/ 04:51:07 AM) [Round: 0225] Aggregate updated weights of 10 clients...!
[INFO](2026/08/20/ 04:51:08 AM) [Round: 0225] ...updated weights of 10 clients are successfully averaged!
[INFO](2026/08/20/ 04:51:09 AM) [Round: 0225] Evaluate global model's performance...!                
	[Server] ...finished evaluation!                
	=> Loss: 0.5630                
	=> Accuracy: 82.86%

[INFO](2026/08/20/ 04:51:09 AM) [Round: 0226] Select clients...!
[INFO](2026/08/20/ 04:51:10 AM) [Round: 0226] ...successfully transmitted models to 10 selected clients!
[INFO](2026/08/20/ 04:51:10 AM) [Round: 0226] Start updating selected 10 clients...!
[INFO](2026/08/20/ 04:51:45 AM) [Round: 0226] ...10 clients are selected and updated (with total sample size: 36)!
[INFO](2026/08/20/ 04:51:45 AM) [Round: 0226] Aggregate updated weights of 10 clients...!
[INFO](2026/08/20/ 04:51:45 AM) [Round: 0226] ...updated weights of 10 clients are successfully averaged!
[INFO](2026/08/20/ 04:51:46 AM) [Round: 0226] Evaluate global model's performance...!                
	[Server] ...finished evaluation!                
	=> Loss: 0.7051                
	=> Accuracy: 81.90%

[INFO](2026/08/20/ 04:51:47 AM) [Round: 0227] Select clients...!
[INFO](2026/08/20/ 04:51:47 AM) [Round: 0227] ...successfully transmitted models to 10 selected clients!
[INFO](2026/08/20/ 04:51:47 AM) [Round: 0227] Start updating selected 10 clients...!
[INFO](2026/08/20/ 04:52:25 AM) [Round: 0227] ...10 clients are selected and updated (with total sample size: 25)!
[INFO](2026/08/20/ 04:52:25 AM) [Round: 0227] Aggregate updated weights of 10 clients...!
[INFO](2026/08/20/ 04:52:25 AM) [Round: 0227] ...updated weights of 10 clients are successfully averaged!
[INFO](2026/08/20/ 04:52:26 AM) [Round: 0227] Evaluate global model's performance...!                
	[Server] ...finished evaluation!                
	=> Loss: 0.6595                
	=> Accuracy: 83.33%

[INFO](2026/08/20/ 04:52:27 AM) [Round: 0228] Select clients...!
[INFO](2026/08/20/ 04:52:27 AM) [Round: 0228] ...successfully transmitted models to 10 selected clients!
[INFO](2026/08/20/ 04:52:27 AM) [Round: 0228] Start updating selected 10 clients...!
[INFO](2026/08/20/ 04:53:13 AM) [Round: 0228] ...10 clients are selected and updated (with total sample size: 25)!
[INFO](2026/08/20/ 04:53:13 AM) [Round: 0228] Aggregate updated weights of 10 clients...!
[INFO](2026/08/20/ 04:53:14 AM) [Round: 0228] ...updated weights of 10 clients are successfully averaged!
[INFO](2026/08/20/ 04:53:15 AM) [Round: 0228] Evaluate global model's performance...!                
	[Server] ...finished evaluation!                
	=> Loss: 0.6522                
	=> Accuracy: 79.76%

[INFO](2026/08/20/ 04:53:15 AM) [Round: 0229] Select clients...!
[INFO](2026/08/20/ 04:53:16 AM) [Round: 0229] ...successfully transmitted models to 10 selected clients!
[INFO](2026/08/20/ 04:53:16 AM) [Round: 0229] Start updating selected 10 clients...!
[INFO](2026/08/20/ 04:53:55 AM) [Round: 0229] ...10 clients are selected and updated (with total sample size: 49)!
[INFO](2026/08/20/ 04:53:55 AM) [Round: 0229] Aggregate updated weights of 10 clients...!
[INFO](2026/08/20/ 04:53:55 AM) [Round: 0229] ...updated weights of 10 clients are successfully averaged!
[INFO](2026/08/20/ 04:53:57 AM) [Round: 0229] Evaluate global model's performance...!                
	[Server] ...finished evaluation!                
	=> Loss: 0.6049                
	=> Accuracy: 79.05%

[INFO](2026/08/20/ 04:53:57 AM) [Round: 0230] Select clients...!
[INFO](2026/08/20/ 04:53:57 AM) [Round: 0230] ...successfully transmitted models to 10 selected clients!
[INFO](2026/08/20/ 04:53:57 AM) [Round: 0230] Start updating selected 10 clients...!
[INFO](2026/08/20/ 04:54:35 AM) [Round: 0230] ...10 clients are selected and updated (with total sample size: 47)!
[INFO](2026/08/20/ 04:54:36 AM) [Round: 0230] Aggregate updated weights of 10 clients...!
[INFO](2026/08/20/ 04:54:36 AM) [Round: 0230] ...updated weights of 10 clients are successfully averaged!
[INFO](2026/08/20/ 04:54:37 AM) [Round: 0230] Evaluate global model's performance...!                
	[Server] ...finished evaluation!                
	=> Loss: 0.5853                
	=> Accuracy: 82.62%

[INFO](2026/08/20/ 04:54:37 AM) [Round: 0231] Select clients...!
[INFO](2026/08/20/ 04:54:38 AM) [Round: 0231] ...successfully transmitted models to 10 selected clients!
[INFO](2026/08/20/ 04:54:38 AM) [Round: 0231] Start updating selected 10 clients...!
[INFO](2026/08/20/ 04:55:13 AM) [Round: 0231] ...10 clients are selected and updated (with total sample size: 25)!
[INFO](2026/08/20/ 04:55:13 AM) [Round: 0231] Aggregate updated weights of 10 clients...!
[INFO](2026/08/20/ 04:55:13 AM) [Round: 0231] ...updated weights of 10 clients are successfully averaged!
[INFO](2026/08/20/ 04:55:15 AM) [Round: 0231] Evaluate global model's performance...!                
	[Server] ...finished evaluation!                
	=> Loss: 0.5295                
	=> Accuracy: 82.86%

[INFO](2026/08/20/ 04:55:15 AM) [Round: 0232] Select clients...!
[INFO](2026/08/20/ 04:55:15 AM) [Round: 0232] ...successfully transmitted models to 10 selected clients!
[INFO](2026/08/20/ 04:55:16 AM) [Round: 0232] Start updating selected 10 clients...!
[INFO](2026/08/20/ 04:55:56 AM) [Round: 0232] ...10 clients are selected and updated (with total sample size: 47)!
[INFO](2026/08/20/ 04:55:56 AM) [Round: 0232] Aggregate updated weights of 10 clients...!
[INFO](2026/08/20/ 04:55:57 AM) [Round: 0232] ...updated weights of 10 clients are successfully averaged!
[INFO](2026/08/20/ 04:55:58 AM) [Round: 0232] Evaluate global model's performance...!                
	[Server] ...finished evaluation!                
	=> Loss: 0.5230                
	=> Accuracy: 85.00%

[INFO](2026/08/20/ 04:55:58 AM) [Round: 0233] Select clients...!
[INFO](2026/08/20/ 04:55:59 AM) [Round: 0233] ...successfully transmitted models to 10 selected clients!
[INFO](2026/08/20/ 04:55:59 AM) [Round: 0233] Start updating selected 10 clients...!
[INFO](2026/08/20/ 04:56:33 AM) [Round: 0233] ...10 clients are selected and updated (with total sample size: 25)!
[INFO](2026/08/20/ 04:56:33 AM) [Round: 0233] Aggregate updated weights of 10 clients...!
[INFO](2026/08/20/ 04:56:33 AM) [Round: 0233] ...updated weights of 10 clients are successfully averaged!
[INFO](2026/08/20/ 04:56:35 AM) [Round: 0233] Evaluate global model's performance...!                
	[Server] ...finished evaluation!                
	=> Loss: 0.5405                
	=> Accuracy: 83.81%

[INFO](2026/08/20/ 04:56:35 AM) [Round: 0234] Select clients...!
[INFO](2026/08/20/ 04:56:35 AM) [Round: 0234] ...successfully transmitted models to 10 selected clients!
[INFO](2026/08/20/ 04:56:35 AM) [Round: 0234] Start updating selected 10 clients...!
[INFO](2026/08/20/ 04:57:11 AM) [Round: 0234] ...10 clients are selected and updated (with total sample size: 47)!
[INFO](2026/08/20/ 04:57:12 AM) [Round: 0234] Aggregate updated weights of 10 clients...!
[INFO](2026/08/20/ 04:57:12 AM) [Round: 0234] ...updated weights of 10 clients are successfully averaged!
[INFO](2026/08/20/ 04:57:14 AM) [Round: 0234] Evaluate global model's performance...!                
	[Server] ...finished evaluation!                
	=> Loss: 0.6721                
	=> Accuracy: 81.67%

[INFO](2026/08/20/ 04:57:14 AM) [Round: 0235] Select clients...!
[INFO](2026/08/20/ 04:57:14 AM) [Round: 0235] ...successfully transmitted models to 10 selected clients!
[INFO](2026/08/20/ 04:57:14 AM) [Round: 0235] Start updating selected 10 clients...!
[INFO](2026/08/20/ 04:57:53 AM) [Round: 0235] ...10 clients are selected and updated (with total sample size: 59)!
[INFO](2026/08/20/ 04:57:53 AM) [Round: 0235] Aggregate updated weights of 10 clients...!
[INFO](2026/08/20/ 04:57:53 AM) [Round: 0235] ...updated weights of 10 clients are successfully averaged!
[INFO](2026/08/20/ 04:57:54 AM) [Round: 0235] Evaluate global model's performance...!                
	[Server] ...finished evaluation!                
	=> Loss: 0.5312                
	=> Accuracy: 84.29%

[INFO](2026/08/20/ 04:57:55 AM) [Round: 0236] Select clients...!
[INFO](2026/08/20/ 04:57:55 AM) [Round: 0236] ...successfully transmitted models to 10 selected clients!
[INFO](2026/08/20/ 04:57:55 AM) [Round: 0236] Start updating selected 10 clients...!
[INFO](2026/08/20/ 04:58:38 AM) [Round: 0236] ...10 clients are selected and updated (with total sample size: 25)!
[INFO](2026/08/20/ 04:58:38 AM) [Round: 0236] Aggregate updated weights of 10 clients...!
[INFO](2026/08/20/ 04:58:38 AM) [Round: 0236] ...updated weights of 10 clients are successfully averaged!
[INFO](2026/08/20/ 04:58:40 AM) [Round: 0236] Evaluate global model's performance...!                
	[Server] ...finished evaluation!                
	=> Loss: 0.6078                
	=> Accuracy: 80.71%

[INFO](2026/08/20/ 04:58:40 AM) [Round: 0237] Select clients...!
[INFO](2026/08/20/ 04:58:40 AM) [Round: 0237] ...successfully transmitted models to 10 selected clients!
[INFO](2026/08/20/ 04:58:40 AM) [Round: 0237] Start updating selected 10 clients...!
[INFO](2026/08/20/ 04:59:20 AM) [Round: 0237] ...10 clients are selected and updated (with total sample size: 47)!
[INFO](2026/08/20/ 04:59:20 AM) [Round: 0237] Aggregate updated weights of 10 clients...!
[INFO](2026/08/20/ 04:59:20 AM) [Round: 0237] ...updated weights of 10 clients are successfully averaged!
[INFO](2026/08/20/ 04:59:22 AM) [Round: 0237] Evaluate global model's performance...!                
	[Server] ...finished evaluation!                
	=> Loss: 0.5940                
	=> Accuracy: 81.43%

[INFO](2026/08/20/ 04:59:22 AM) [Round: 0238] Select clients...!
[INFO](2026/08/20/ 04:59:22 AM) [Round: 0238] ...successfully transmitted models to 10 selected clients!
[INFO](2026/08/20/ 04:59:22 AM) [Round: 0238] Start updating selected 10 clients...!
[INFO](2026/08/20/ 04:59:54 AM) [Round: 0238] ...10 clients are selected and updated (with total sample size: 36)!
[INFO](2026/08/20/ 04:59:54 AM) [Round: 0238] Aggregate updated weights of 10 clients...!
[INFO](2026/08/20/ 04:59:54 AM) [Round: 0238] ...updated weights of 10 clients are successfully averaged!
[INFO](2026/08/20/ 04:59:56 AM) [Round: 0238] Evaluate global model's performance...!                
	[Server] ...finished evaluation!                
	=> Loss: 0.5523                
	=> Accuracy: 83.10%

[INFO](2026/08/20/ 04:59:56 AM) [Round: 0239] Select clients...!
[INFO](2026/08/20/ 04:59:56 AM) [Round: 0239] ...successfully transmitted models to 10 selected clients!
[INFO](2026/08/20/ 04:59:56 AM) [Round: 0239] Start updating selected 10 clients...!
[INFO](2026/08/20/ 05:00:32 AM) [Round: 0239] ...10 clients are selected and updated (with total sample size: 35)!
[INFO](2026/08/20/ 05:00:32 AM) [Round: 0239] Aggregate updated weights of 10 clients...!
[INFO](2026/08/20/ 05:00:32 AM) [Round: 0239] ...updated weights of 10 clients are successfully averaged!
[INFO](2026/08/20/ 05:00:33 AM) [Round: 0239] Evaluate global model's performance...!                
	[Server] ...finished evaluation!                
	=> Loss: 0.5915                
	=> Accuracy: 84.05%

[INFO](2026/08/20/ 05:00:34 AM) [Round: 0240] Select clients...!
[INFO](2026/08/20/ 05:00:34 AM) [Round: 0240] ...successfully transmitted models to 10 selected clients!
[INFO](2026/08/20/ 05:00:34 AM) [Round: 0240] Start updating selected 10 clients...!
[INFO](2026/08/20/ 05:01:16 AM) [Round: 0240] ...10 clients are selected and updated (with total sample size: 36)!
[INFO](2026/08/20/ 05:01:16 AM) [Round: 0240] Aggregate updated weights of 10 clients...!
[INFO](2026/08/20/ 05:01:16 AM) [Round: 0240] ...updated weights of 10 clients are successfully averaged!
[INFO](2026/08/20/ 05:01:18 AM) [Round: 0240] Evaluate global model's performance...!                
	[Server] ...finished evaluation!                
	=> Loss: 0.5156                
	=> Accuracy: 83.81%

[INFO](2026/08/20/ 05:01:18 AM) [Round: 0241] Select clients...!
[INFO](2026/08/20/ 05:01:18 AM) [Round: 0241] ...successfully transmitted models to 10 selected clients!
[INFO](2026/08/20/ 05:01:18 AM) [Round: 0241] Start updating selected 10 clients...!
[INFO](2026/08/20/ 05:01:56 AM) [Round: 0241] ...10 clients are selected and updated (with total sample size: 49)!
[INFO](2026/08/20/ 05:01:56 AM) [Round: 0241] Aggregate updated weights of 10 clients...!
[INFO](2026/08/20/ 05:01:56 AM) [Round: 0241] ...updated weights of 10 clients are successfully averaged!
[INFO](2026/08/20/ 05:01:58 AM) [Round: 0241] Evaluate global model's performance...!                
	[Server] ...finished evaluation!                
	=> Loss: 0.7259                
	=> Accuracy: 82.86%

[INFO](2026/08/20/ 05:01:58 AM) [Round: 0242] Select clients...!
[INFO](2026/08/20/ 05:01:58 AM) [Round: 0242] ...successfully transmitted models to 10 selected clients!
[INFO](2026/08/20/ 05:01:59 AM) [Round: 0242] Start updating selected 10 clients...!
[INFO](2026/08/20/ 05:02:39 AM) [Round: 0242] ...10 clients are selected and updated (with total sample size: 49)!
[INFO](2026/08/20/ 05:02:39 AM) [Round: 0242] Aggregate updated weights of 10 clients...!
[INFO](2026/08/20/ 05:02:39 AM) [Round: 0242] ...updated weights of 10 clients are successfully averaged!
[INFO](2026/08/20/ 05:02:40 AM) [Round: 0242] Evaluate global model's performance...!                
	[Server] ...finished evaluation!                
	=> Loss: 0.5553                
	=> Accuracy: 83.33%

[INFO](2026/08/20/ 05:02:40 AM) [Round: 0243] Select clients...!
[INFO](2026/08/20/ 05:02:41 AM) [Round: 0243] ...successfully transmitted models to 10 selected clients!
[INFO](2026/08/20/ 05:02:41 AM) [Round: 0243] Start updating selected 10 clients...!
[INFO](2026/08/20/ 05:03:23 AM) [Round: 0243] ...10 clients are selected and updated (with total sample size: 50)!
[INFO](2026/08/20/ 05:03:23 AM) [Round: 0243] Aggregate updated weights of 10 clients...!
[INFO](2026/08/20/ 05:03:23 AM) [Round: 0243] ...updated weights of 10 clients are successfully averaged!
[INFO](2026/08/20/ 05:03:25 AM) [Round: 0243] Evaluate global model's performance...!                
	[Server] ...finished evaluation!                
	=> Loss: 0.5736                
	=> Accuracy: 79.29%

[INFO](2026/08/20/ 05:03:25 AM) [Round: 0244] Select clients...!
[INFO](2026/08/20/ 05:03:25 AM) [Round: 0244] ...successfully transmitted models to 10 selected clients!
[INFO](2026/08/20/ 05:03:25 AM) [Round: 0244] Start updating selected 10 clients...!
[INFO](2026/08/20/ 05:04:09 AM) [Round: 0244] ...10 clients are selected and updated (with total sample size: 47)!
[INFO](2026/08/20/ 05:04:09 AM) [Round: 0244] Aggregate updated weights of 10 clients...!
[INFO](2026/08/20/ 05:04:10 AM) [Round: 0244] ...updated weights of 10 clients are successfully averaged!
[INFO](2026/08/20/ 05:04:11 AM) [Round: 0244] Evaluate global model's performance...!                
	[Server] ...finished evaluation!                
	=> Loss: 0.6409                
	=> Accuracy: 82.14%

[INFO](2026/08/20/ 05:04:11 AM) [Round: 0245] Select clients...!
[INFO](2026/08/20/ 05:04:12 AM) [Round: 0245] ...successfully transmitted models to 10 selected clients!
[INFO](2026/08/20/ 05:04:12 AM) [Round: 0245] Start updating selected 10 clients...!
[INFO](2026/08/20/ 05:04:54 AM) [Round: 0245] ...10 clients are selected and updated (with total sample size: 49)!
[INFO](2026/08/20/ 05:04:54 AM) [Round: 0245] Aggregate updated weights of 10 clients...!
[INFO](2026/08/20/ 05:04:54 AM) [Round: 0245] ...updated weights of 10 clients are successfully averaged!
[INFO](2026/08/20/ 05:04:56 AM) [Round: 0245] Evaluate global model's performance...!                
	[Server] ...finished evaluation!                
	=> Loss: 0.6488                
	=> Accuracy: 83.10%

[INFO](2026/08/20/ 05:04:56 AM) [Round: 0246] Select clients...!
[INFO](2026/08/20/ 05:04:56 AM) [Round: 0246] ...successfully transmitted models to 10 selected clients!
[INFO](2026/08/20/ 05:04:56 AM) [Round: 0246] Start updating selected 10 clients...!
[INFO](2026/08/20/ 05:05:42 AM) [Round: 0246] ...10 clients are selected and updated (with total sample size: 36)!
[INFO](2026/08/20/ 05:05:42 AM) [Round: 0246] Aggregate updated weights of 10 clients...!
[INFO](2026/08/20/ 05:05:42 AM) [Round: 0246] ...updated weights of 10 clients are successfully averaged!
[INFO](2026/08/20/ 05:05:44 AM) [Round: 0246] Evaluate global model's performance...!                
	[Server] ...finished evaluation!                
	=> Loss: 0.6475                
	=> Accuracy: 81.67%

[INFO](2026/08/20/ 05:05:44 AM) [Round: 0247] Select clients...!
[INFO](2026/08/20/ 05:05:44 AM) [Round: 0247] ...successfully transmitted models to 10 selected clients!
[INFO](2026/08/20/ 05:05:44 AM) [Round: 0247] Start updating selected 10 clients...!
[INFO](2026/08/20/ 05:06:25 AM) [Round: 0247] ...10 clients are selected and updated (with total sample size: 49)!
[INFO](2026/08/20/ 05:06:25 AM) [Round: 0247] Aggregate updated weights of 10 clients...!
[INFO](2026/08/20/ 05:06:25 AM) [Round: 0247] ...updated weights of 10 clients are successfully averaged!
[INFO](2026/08/20/ 05:06:27 AM) [Round: 0247] Evaluate global model's performance...!                
	[Server] ...finished evaluation!                
	=> Loss: 0.5666                
	=> Accuracy: 83.81%

[INFO](2026/08/20/ 05:06:27 AM) [Round: 0248] Select clients...!
[INFO](2026/08/20/ 05:06:27 AM) [Round: 0248] ...successfully transmitted models to 10 selected clients!
[INFO](2026/08/20/ 05:06:27 AM) [Round: 0248] Start updating selected 10 clients...!
[INFO](2026/08/20/ 05:07:09 AM) [Round: 0248] ...10 clients are selected and updated (with total sample size: 42)!
[INFO](2026/08/20/ 05:07:09 AM) [Round: 0248] Aggregate updated weights of 10 clients...!
[INFO](2026/08/20/ 05:07:10 AM) [Round: 0248] ...updated weights of 10 clients are successfully averaged!
[INFO](2026/08/20/ 05:07:11 AM) [Round: 0248] Evaluate global model's performance...!                
	[Server] ...finished evaluation!                
	=> Loss: 0.6589                
	=> Accuracy: 82.38%

[INFO](2026/08/20/ 05:07:12 AM) [Round: 0249] Select clients...!
[INFO](2026/08/20/ 05:07:12 AM) [Round: 0249] ...successfully transmitted models to 10 selected clients!
[INFO](2026/08/20/ 05:07:12 AM) [Round: 0249] Start updating selected 10 clients...!
[INFO](2026/08/20/ 05:07:52 AM) [Round: 0249] ...10 clients are selected and updated (with total sample size: 49)!
[INFO](2026/08/20/ 05:07:52 AM) [Round: 0249] Aggregate updated weights of 10 clients...!
[INFO](2026/08/20/ 05:07:52 AM) [Round: 0249] ...updated weights of 10 clients are successfully averaged!
[INFO](2026/08/20/ 05:07:54 AM) [Round: 0249] Evaluate global model's performance...!                
	[Server] ...finished evaluation!                
	=> Loss: 0.5563                
	=> Accuracy: 85.71%

[INFO](2026/08/20/ 05:07:54 AM) [Round: 0250] Select clients...!
[INFO](2026/08/20/ 05:07:54 AM) [Round: 0250] ...successfully transmitted models to 10 selected clients!
[INFO](2026/08/20/ 05:07:55 AM) [Round: 0250] Start updating selected 10 clients...!
[INFO](2026/08/20/ 05:08:28 AM) [Round: 0250] ...10 clients are selected and updated (with total sample size: 25)!
[INFO](2026/08/20/ 05:08:28 AM) [Round: 0250] Aggregate updated weights of 10 clients...!
[INFO](2026/08/20/ 05:08:29 AM) [Round: 0250] ...updated weights of 10 clients are successfully averaged!
[INFO](2026/08/20/ 05:08:30 AM) [Round: 0250] Evaluate global model's performance...!                
	[Server] ...finished evaluation!                
	=> Loss: 0.6369                
	=> Accuracy: 82.62%

[INFO](2026/08/20/ 05:08:30 AM) [Round: 0251] Select clients...!
[INFO](2026/08/20/ 05:08:31 AM) [Round: 0251] ...successfully transmitted models to 10 selected clients!
[INFO](2026/08/20/ 05:08:31 AM) [Round: 0251] Start updating selected 10 clients...!
[INFO](2026/08/20/ 05:09:11 AM) [Round: 0251] ...10 clients are selected and updated (with total sample size: 47)!
[INFO](2026/08/20/ 05:09:11 AM) [Round: 0251] Aggregate updated weights of 10 clients...!
[INFO](2026/08/20/ 05:09:11 AM) [Round: 0251] ...updated weights of 10 clients are successfully averaged!
[INFO](2026/08/20/ 05:09:12 AM) [Round: 0251] Evaluate global model's performance...!                
	[Server] ...finished evaluation!                
	=> Loss: 0.5342                
	=> Accuracy: 85.00%

[INFO](2026/08/20/ 05:09:12 AM) [Round: 0252] Select clients...!
[INFO](2026/08/20/ 05:09:13 AM) [Round: 0252] ...successfully transmitted models to 10 selected clients!
[INFO](2026/08/20/ 05:09:13 AM) [Round: 0252] Start updating selected 10 clients...!
[INFO](2026/08/20/ 05:09:50 AM) [Round: 0252] ...10 clients are selected and updated (with total sample size: 25)!
[INFO](2026/08/20/ 05:09:50 AM) [Round: 0252] Aggregate updated weights of 10 clients...!
[INFO](2026/08/20/ 05:09:51 AM) [Round: 0252] ...updated weights of 10 clients are successfully averaged!
[INFO](2026/08/20/ 05:09:52 AM) [Round: 0252] Evaluate global model's performance...!                
	[Server] ...finished evaluation!                
	=> Loss: 0.6632                
	=> Accuracy: 82.14%

[INFO](2026/08/20/ 05:09:52 AM) [Round: 0253] Select clients...!
[INFO](2026/08/20/ 05:09:53 AM) [Round: 0253] ...successfully transmitted models to 10 selected clients!
[INFO](2026/08/20/ 05:09:53 AM) [Round: 0253] Start updating selected 10 clients...!
[INFO](2026/08/20/ 05:10:33 AM) [Round: 0253] ...10 clients are selected and updated (with total sample size: 25)!
[INFO](2026/08/20/ 05:10:33 AM) [Round: 0253] Aggregate updated weights of 10 clients...!
[INFO](2026/08/20/ 05:10:33 AM) [Round: 0253] ...updated weights of 10 clients are successfully averaged!
[INFO](2026/08/20/ 05:10:35 AM) [Round: 0253] Evaluate global model's performance...!                
	[Server] ...finished evaluation!                
	=> Loss: 0.5825                
	=> Accuracy: 83.33%

[INFO](2026/08/20/ 05:10:35 AM) [Round: 0254] Select clients...!
[INFO](2026/08/20/ 05:10:36 AM) [Round: 0254] ...successfully transmitted models to 10 selected clients!
[INFO](2026/08/20/ 05:10:36 AM) [Round: 0254] Start updating selected 10 clients...!
[INFO](2026/08/20/ 05:11:14 AM) [Round: 0254] ...10 clients are selected and updated (with total sample size: 42)!
[INFO](2026/08/20/ 05:11:15 AM) [Round: 0254] Aggregate updated weights of 10 clients...!
[INFO](2026/08/20/ 05:11:15 AM) [Round: 0254] ...updated weights of 10 clients are successfully averaged!
[INFO](2026/08/20/ 05:11:16 AM) [Round: 0254] Evaluate global model's performance...!                
	[Server] ...finished evaluation!                
	=> Loss: 0.5966                
	=> Accuracy: 83.33%

[INFO](2026/08/20/ 05:11:17 AM) [Round: 0255] Select clients...!
[INFO](2026/08/20/ 05:11:17 AM) [Round: 0255] ...successfully transmitted models to 10 selected clients!
[INFO](2026/08/20/ 05:11:17 AM) [Round: 0255] Start updating selected 10 clients...!
[INFO](2026/08/20/ 05:11:57 AM) [Round: 0255] ...10 clients are selected and updated (with total sample size: 47)!
[INFO](2026/08/20/ 05:11:57 AM) [Round: 0255] Aggregate updated weights of 10 clients...!
[INFO](2026/08/20/ 05:11:57 AM) [Round: 0255] ...updated weights of 10 clients are successfully averaged!
[INFO](2026/08/20/ 05:11:59 AM) [Round: 0255] Evaluate global model's performance...!                
	[Server] ...finished evaluation!                
	=> Loss: 0.6090                
	=> Accuracy: 84.52%

[INFO](2026/08/20/ 05:11:59 AM) [Round: 0256] Select clients...!
[INFO](2026/08/20/ 05:12:00 AM) [Round: 0256] ...successfully transmitted models to 10 selected clients!
[INFO](2026/08/20/ 05:12:00 AM) [Round: 0256] Start updating selected 10 clients...!
[INFO](2026/08/20/ 05:12:41 AM) [Round: 0256] ...10 clients are selected and updated (with total sample size: 50)!
[INFO](2026/08/20/ 05:12:41 AM) [Round: 0256] Aggregate updated weights of 10 clients...!
[INFO](2026/08/20/ 05:12:41 AM) [Round: 0256] ...updated weights of 10 clients are successfully averaged!
[INFO](2026/08/20/ 05:12:43 AM) [Round: 0256] Evaluate global model's performance...!                
	[Server] ...finished evaluation!                
	=> Loss: 0.5430                
	=> Accuracy: 84.76%

[INFO](2026/08/20/ 05:12:43 AM) [Round: 0257] Select clients...!
[INFO](2026/08/20/ 05:12:44 AM) [Round: 0257] ...successfully transmitted models to 10 selected clients!
[INFO](2026/08/20/ 05:12:44 AM) [Round: 0257] Start updating selected 10 clients...!
[INFO](2026/08/20/ 05:13:27 AM) [Round: 0257] ...10 clients are selected and updated (with total sample size: 36)!
[INFO](2026/08/20/ 05:13:27 AM) [Round: 0257] Aggregate updated weights of 10 clients...!
[INFO](2026/08/20/ 05:13:27 AM) [Round: 0257] ...updated weights of 10 clients are successfully averaged!
[INFO](2026/08/20/ 05:13:28 AM) [Round: 0257] Evaluate global model's performance...!                
	[Server] ...finished evaluation!                
	=> Loss: 0.5130                
	=> Accuracy: 83.81%

[INFO](2026/08/20/ 05:13:29 AM) [Round: 0258] Select clients...!
[INFO](2026/08/20/ 05:13:29 AM) [Round: 0258] ...successfully transmitted models to 10 selected clients!
[INFO](2026/08/20/ 05:13:29 AM) [Round: 0258] Start updating selected 10 clients...!
[INFO](2026/08/20/ 05:14:10 AM) [Round: 0258] ...10 clients are selected and updated (with total sample size: 49)!
[INFO](2026/08/20/ 05:14:10 AM) [Round: 0258] Aggregate updated weights of 10 clients...!
[INFO](2026/08/20/ 05:14:10 AM) [Round: 0258] ...updated weights of 10 clients are successfully averaged!
[INFO](2026/08/20/ 05:14:12 AM) [Round: 0258] Evaluate global model's performance...!                
	[Server] ...finished evaluation!                
	=> Loss: 0.6305                
	=> Accuracy: 85.48%

[INFO](2026/08/20/ 05:14:12 AM) [Round: 0259] Select clients...!
[INFO](2026/08/20/ 05:14:12 AM) [Round: 0259] ...successfully transmitted models to 10 selected clients!
[INFO](2026/08/20/ 05:14:12 AM) [Round: 0259] Start updating selected 10 clients...!
[INFO](2026/08/20/ 05:14:47 AM) [Round: 0259] ...10 clients are selected and updated (with total sample size: 36)!
[INFO](2026/08/20/ 05:14:47 AM) [Round: 0259] Aggregate updated weights of 10 clients...!
[INFO](2026/08/20/ 05:14:47 AM) [Round: 0259] ...updated weights of 10 clients are successfully averaged!
[INFO](2026/08/20/ 05:14:49 AM) [Round: 0259] Evaluate global model's performance...!                
	[Server] ...finished evaluation!                
	=> Loss: 0.6037                
	=> Accuracy: 83.10%

[INFO](2026/08/20/ 05:14:49 AM) [Round: 0260] Select clients...!
[INFO](2026/08/20/ 05:14:49 AM) [Round: 0260] ...successfully transmitted models to 10 selected clients!
[INFO](2026/08/20/ 05:14:49 AM) [Round: 0260] Start updating selected 10 clients...!
[INFO](2026/08/20/ 05:15:30 AM) [Round: 0260] ...10 clients are selected and updated (with total sample size: 42)!
[INFO](2026/08/20/ 05:15:30 AM) [Round: 0260] Aggregate updated weights of 10 clients...!
[INFO](2026/08/20/ 05:15:30 AM) [Round: 0260] ...updated weights of 10 clients are successfully averaged!
[INFO](2026/08/20/ 05:15:32 AM) [Round: 0260] Evaluate global model's performance...!                
	[Server] ...finished evaluation!                
	=> Loss: 0.5433                
	=> Accuracy: 86.19%

[INFO](2026/08/20/ 05:15:32 AM) [Round: 0261] Select clients...!
[INFO](2026/08/20/ 05:15:32 AM) [Round: 0261] ...successfully transmitted models to 10 selected clients!
[INFO](2026/08/20/ 05:15:32 AM) [Round: 0261] Start updating selected 10 clients...!
[INFO](2026/08/20/ 05:16:07 AM) [Round: 0261] ...10 clients are selected and updated (with total sample size: 25)!
[INFO](2026/08/20/ 05:16:08 AM) [Round: 0261] Aggregate updated weights of 10 clients...!
[INFO](2026/08/20/ 05:16:08 AM) [Round: 0261] ...updated weights of 10 clients are successfully averaged!
[INFO](2026/08/20/ 05:16:09 AM) [Round: 0261] Evaluate global model's performance...!                
	[Server] ...finished evaluation!                
	=> Loss: 0.5766                
	=> Accuracy: 82.62%

[INFO](2026/08/20/ 05:16:09 AM) [Round: 0262] Select clients...!
[INFO](2026/08/20/ 05:16:10 AM) [Round: 0262] ...successfully transmitted models to 10 selected clients!
[INFO](2026/08/20/ 05:16:10 AM) [Round: 0262] Start updating selected 10 clients...!
[INFO](2026/08/20/ 05:16:48 AM) [Round: 0262] ...10 clients are selected and updated (with total sample size: 49)!
[INFO](2026/08/20/ 05:16:48 AM) [Round: 0262] Aggregate updated weights of 10 clients...!
[INFO](2026/08/20/ 05:16:49 AM) [Round: 0262] ...updated weights of 10 clients are successfully averaged!
[INFO](2026/08/20/ 05:16:50 AM) [Round: 0262] Evaluate global model's performance...!                
	[Server] ...finished evaluation!                
	=> Loss: 0.6917                
	=> Accuracy: 84.76%

[INFO](2026/08/20/ 05:16:50 AM) [Round: 0263] Select clients...!
[INFO](2026/08/20/ 05:16:51 AM) [Round: 0263] ...successfully transmitted models to 10 selected clients!
[INFO](2026/08/20/ 05:16:51 AM) [Round: 0263] Start updating selected 10 clients...!
[INFO](2026/08/20/ 05:17:36 AM) [Round: 0263] ...10 clients are selected and updated (with total sample size: 47)!
[INFO](2026/08/20/ 05:17:36 AM) [Round: 0263] Aggregate updated weights of 10 clients...!
[INFO](2026/08/20/ 05:17:37 AM) [Round: 0263] ...updated weights of 10 clients are successfully averaged!
[INFO](2026/08/20/ 05:17:38 AM) [Round: 0263] Evaluate global model's performance...!                
	[Server] ...finished evaluation!                
	=> Loss: 0.5361                
	=> Accuracy: 83.81%

[INFO](2026/08/20/ 05:17:39 AM) [Round: 0264] Select clients...!
[INFO](2026/08/20/ 05:17:39 AM) [Round: 0264] ...successfully transmitted models to 10 selected clients!
[INFO](2026/08/20/ 05:17:39 AM) [Round: 0264] Start updating selected 10 clients...!
[INFO](2026/08/20/ 05:18:24 AM) [Round: 0264] ...10 clients are selected and updated (with total sample size: 47)!
[INFO](2026/08/20/ 05:18:24 AM) [Round: 0264] Aggregate updated weights of 10 clients...!
[INFO](2026/08/20/ 05:18:25 AM) [Round: 0264] ...updated weights of 10 clients are successfully averaged!
[INFO](2026/08/20/ 05:18:26 AM) [Round: 0264] Evaluate global model's performance...!                
	[Server] ...finished evaluation!                
	=> Loss: 0.5465                
	=> Accuracy: 83.10%

[INFO](2026/08/20/ 05:18:27 AM) [Round: 0265] Select clients...!
[INFO](2026/08/20/ 05:18:27 AM) [Round: 0265] ...successfully transmitted models to 10 selected clients!
[INFO](2026/08/20/ 05:18:27 AM) [Round: 0265] Start updating selected 10 clients...!
[INFO](2026/08/20/ 05:19:14 AM) [Round: 0265] ...10 clients are selected and updated (with total sample size: 47)!
[INFO](2026/08/20/ 05:19:14 AM) [Round: 0265] Aggregate updated weights of 10 clients...!
[INFO](2026/08/20/ 05:19:14 AM) [Round: 0265] ...updated weights of 10 clients are successfully averaged!
[INFO](2026/08/20/ 05:19:16 AM) [Round: 0265] Evaluate global model's performance...!                
	[Server] ...finished evaluation!                
	=> Loss: 0.9797                
	=> Accuracy: 82.86%

[INFO](2026/08/20/ 05:19:16 AM) [Round: 0266] Select clients...!
[INFO](2026/08/20/ 05:19:17 AM) [Round: 0266] ...successfully transmitted models to 10 selected clients!
[INFO](2026/08/20/ 05:19:17 AM) [Round: 0266] Start updating selected 10 clients...!
[INFO](2026/08/20/ 05:19:57 AM) [Round: 0266] ...10 clients are selected and updated (with total sample size: 25)!
[INFO](2026/08/20/ 05:19:57 AM) [Round: 0266] Aggregate updated weights of 10 clients...!
[INFO](2026/08/20/ 05:19:57 AM) [Round: 0266] ...updated weights of 10 clients are successfully averaged!
[INFO](2026/08/20/ 05:19:59 AM) [Round: 0266] Evaluate global model's performance...!                
	[Server] ...finished evaluation!                
	=> Loss: 0.5411                
	=> Accuracy: 83.81%

[INFO](2026/08/20/ 05:19:59 AM) [Round: 0267] Select clients...!
[INFO](2026/08/20/ 05:19:59 AM) [Round: 0267] ...successfully transmitted models to 10 selected clients!
[INFO](2026/08/20/ 05:20:00 AM) [Round: 0267] Start updating selected 10 clients...!
[INFO](2026/08/20/ 05:20:36 AM) [Round: 0267] ...10 clients are selected and updated (with total sample size: 25)!
[INFO](2026/08/20/ 05:20:36 AM) [Round: 0267] Aggregate updated weights of 10 clients...!
[INFO](2026/08/20/ 05:20:36 AM) [Round: 0267] ...updated weights of 10 clients are successfully averaged!
[INFO](2026/08/20/ 05:20:38 AM) [Round: 0267] Evaluate global model's performance...!                
	[Server] ...finished evaluation!                
	=> Loss: 0.5574                
	=> Accuracy: 83.57%

[INFO](2026/08/20/ 05:20:38 AM) [Round: 0268] Select clients...!
[INFO](2026/08/20/ 05:20:38 AM) [Round: 0268] ...successfully transmitted models to 10 selected clients!
[INFO](2026/08/20/ 05:20:38 AM) [Round: 0268] Start updating selected 10 clients...!
[INFO](2026/08/20/ 05:21:16 AM) [Round: 0268] ...10 clients are selected and updated (with total sample size: 25)!
[INFO](2026/08/20/ 05:21:16 AM) [Round: 0268] Aggregate updated weights of 10 clients...!
[INFO](2026/08/20/ 05:21:16 AM) [Round: 0268] ...updated weights of 10 clients are successfully averaged!
[INFO](2026/08/20/ 05:21:18 AM) [Round: 0268] Evaluate global model's performance...!                
	[Server] ...finished evaluation!                
	=> Loss: 0.5575                
	=> Accuracy: 84.52%

[INFO](2026/08/20/ 05:21:18 AM) [Round: 0269] Select clients...!
[INFO](2026/08/20/ 05:21:18 AM) [Round: 0269] ...successfully transmitted models to 10 selected clients!
[INFO](2026/08/20/ 05:21:18 AM) [Round: 0269] Start updating selected 10 clients...!
[INFO](2026/08/20/ 05:22:00 AM) [Round: 0269] ...10 clients are selected and updated (with total sample size: 47)!
[INFO](2026/08/20/ 05:22:01 AM) [Round: 0269] Aggregate updated weights of 10 clients...!
[INFO](2026/08/20/ 05:22:01 AM) [Round: 0269] ...updated weights of 10 clients are successfully averaged!
[INFO](2026/08/20/ 05:22:02 AM) [Round: 0269] Evaluate global model's performance...!                
	[Server] ...finished evaluation!                
	=> Loss: 0.5057                
	=> Accuracy: 85.00%

[INFO](2026/08/20/ 05:22:02 AM) [Round: 0270] Select clients...!
[INFO](2026/08/20/ 05:22:03 AM) [Round: 0270] ...successfully transmitted models to 10 selected clients!
[INFO](2026/08/20/ 05:22:03 AM) [Round: 0270] Start updating selected 10 clients...!
[INFO](2026/08/20/ 05:22:43 AM) [Round: 0270] ...10 clients are selected and updated (with total sample size: 36)!
[INFO](2026/08/20/ 05:22:43 AM) [Round: 0270] Aggregate updated weights of 10 clients...!
[INFO](2026/08/20/ 05:22:43 AM) [Round: 0270] ...updated weights of 10 clients are successfully averaged!
[INFO](2026/08/20/ 05:22:45 AM) [Round: 0270] Evaluate global model's performance...!                
	[Server] ...finished evaluation!                
	=> Loss: 0.6495                
	=> Accuracy: 85.71%

[INFO](2026/08/20/ 05:22:45 AM) [Round: 0271] Select clients...!
[INFO](2026/08/20/ 05:22:46 AM) [Round: 0271] ...successfully transmitted models to 10 selected clients!
[INFO](2026/08/20/ 05:22:46 AM) [Round: 0271] Start updating selected 10 clients...!
[INFO](2026/08/20/ 05:23:27 AM) [Round: 0271] ...10 clients are selected and updated (with total sample size: 25)!
[INFO](2026/08/20/ 05:23:27 AM) [Round: 0271] Aggregate updated weights of 10 clients...!
[INFO](2026/08/20/ 05:23:28 AM) [Round: 0271] ...updated weights of 10 clients are successfully averaged!
[INFO](2026/08/20/ 05:23:30 AM) [Round: 0271] Evaluate global model's performance...!                
	[Server] ...finished evaluation!                
	=> Loss: 0.5098                
	=> Accuracy: 86.19%

[INFO](2026/08/20/ 05:23:30 AM) [Round: 0272] Select clients...!
[INFO](2026/08/20/ 05:23:30 AM) [Round: 0272] ...successfully transmitted models to 10 selected clients!
[INFO](2026/08/20/ 05:23:30 AM) [Round: 0272] Start updating selected 10 clients...!
[INFO](2026/08/20/ 05:24:09 AM) [Round: 0272] ...10 clients are selected and updated (with total sample size: 47)!
[INFO](2026/08/20/ 05:24:09 AM) [Round: 0272] Aggregate updated weights of 10 clients...!
[INFO](2026/08/20/ 05:24:10 AM) [Round: 0272] ...updated weights of 10 clients are successfully averaged!
[INFO](2026/08/20/ 05:24:11 AM) [Round: 0272] Evaluate global model's performance...!                
	[Server] ...finished evaluation!                
	=> Loss: 0.6509                
	=> Accuracy: 82.86%

[INFO](2026/08/20/ 05:24:11 AM) [Round: 0273] Select clients...!
[INFO](2026/08/20/ 05:24:12 AM) [Round: 0273] ...successfully transmitted models to 10 selected clients!
[INFO](2026/08/20/ 05:24:12 AM) [Round: 0273] Start updating selected 10 clients...!
[INFO](2026/08/20/ 05:24:47 AM) [Round: 0273] ...10 clients are selected and updated (with total sample size: 42)!
[INFO](2026/08/20/ 05:24:47 AM) [Round: 0273] Aggregate updated weights of 10 clients...!
[INFO](2026/08/20/ 05:24:47 AM) [Round: 0273] ...updated weights of 10 clients are successfully averaged!
[INFO](2026/08/20/ 05:24:49 AM) [Round: 0273] Evaluate global model's performance...!                
	[Server] ...finished evaluation!                
	=> Loss: 0.7537                
	=> Accuracy: 84.76%

[INFO](2026/08/20/ 05:24:49 AM) [Round: 0274] Select clients...!
[INFO](2026/08/20/ 05:24:50 AM) [Round: 0274] ...successfully transmitted models to 10 selected clients!
[INFO](2026/08/20/ 05:24:50 AM) [Round: 0274] Start updating selected 10 clients...!
[INFO](2026/08/20/ 05:25:31 AM) [Round: 0274] ...10 clients are selected and updated (with total sample size: 47)!
[INFO](2026/08/20/ 05:25:31 AM) [Round: 0274] Aggregate updated weights of 10 clients...!
[INFO](2026/08/20/ 05:25:31 AM) [Round: 0274] ...updated weights of 10 clients are successfully averaged!
[INFO](2026/08/20/ 05:25:32 AM) [Round: 0274] Evaluate global model's performance...!                
	[Server] ...finished evaluation!                
	=> Loss: 0.6861                
	=> Accuracy: 83.33%

[INFO](2026/08/20/ 05:25:32 AM) [Round: 0275] Select clients...!
[INFO](2026/08/20/ 05:25:33 AM) [Round: 0275] ...successfully transmitted models to 10 selected clients!
[INFO](2026/08/20/ 05:25:33 AM) [Round: 0275] Start updating selected 10 clients...!
[INFO](2026/08/20/ 05:26:13 AM) [Round: 0275] ...10 clients are selected and updated (with total sample size: 50)!
[INFO](2026/08/20/ 05:26:13 AM) [Round: 0275] Aggregate updated weights of 10 clients...!
[INFO](2026/08/20/ 05:26:13 AM) [Round: 0275] ...updated weights of 10 clients are successfully averaged!
[INFO](2026/08/20/ 05:26:15 AM) [Round: 0275] Evaluate global model's performance...!                
	[Server] ...finished evaluation!                
	=> Loss: 0.5719                
	=> Accuracy: 84.05%

[INFO](2026/08/20/ 05:26:15 AM) [Round: 0276] Select clients...!
[INFO](2026/08/20/ 05:26:16 AM) [Round: 0276] ...successfully transmitted models to 10 selected clients!
[INFO](2026/08/20/ 05:26:16 AM) [Round: 0276] Start updating selected 10 clients...!
[INFO](2026/08/20/ 05:26:51 AM) [Round: 0276] ...10 clients are selected and updated (with total sample size: 25)!
[INFO](2026/08/20/ 05:26:51 AM) [Round: 0276] Aggregate updated weights of 10 clients...!
[INFO](2026/08/20/ 05:26:52 AM) [Round: 0276] ...updated weights of 10 clients are successfully averaged!
[INFO](2026/08/20/ 05:26:53 AM) [Round: 0276] Evaluate global model's performance...!                
	[Server] ...finished evaluation!                
	=> Loss: 0.5044                
	=> Accuracy: 85.48%

[INFO](2026/08/20/ 05:26:53 AM) [Round: 0277] Select clients...!
[INFO](2026/08/20/ 05:26:54 AM) [Round: 0277] ...successfully transmitted models to 10 selected clients!
[INFO](2026/08/20/ 05:26:54 AM) [Round: 0277] Start updating selected 10 clients...!
[INFO](2026/08/20/ 05:27:37 AM) [Round: 0277] ...10 clients are selected and updated (with total sample size: 47)!
[INFO](2026/08/20/ 05:27:37 AM) [Round: 0277] Aggregate updated weights of 10 clients...!
[INFO](2026/08/20/ 05:27:37 AM) [Round: 0277] ...updated weights of 10 clients are successfully averaged!
[INFO](2026/08/20/ 05:27:39 AM) [Round: 0277] Evaluate global model's performance...!                
	[Server] ...finished evaluation!                
	=> Loss: 0.5612                
	=> Accuracy: 83.81%

[INFO](2026/08/20/ 05:27:39 AM) [Round: 0278] Select clients...!
[INFO](2026/08/20/ 05:27:40 AM) [Round: 0278] ...successfully transmitted models to 10 selected clients!
[INFO](2026/08/20/ 05:27:40 AM) [Round: 0278] Start updating selected 10 clients...!
[INFO](2026/08/20/ 05:28:20 AM) [Round: 0278] ...10 clients are selected and updated (with total sample size: 47)!
[INFO](2026/08/20/ 05:28:20 AM) [Round: 0278] Aggregate updated weights of 10 clients...!
[INFO](2026/08/20/ 05:28:20 AM) [Round: 0278] ...updated weights of 10 clients are successfully averaged!
[INFO](2026/08/20/ 05:28:22 AM) [Round: 0278] Evaluate global model's performance...!                
	[Server] ...finished evaluation!                
	=> Loss: 0.5801                
	=> Accuracy: 84.76%

[INFO](2026/08/20/ 05:28:22 AM) [Round: 0279] Select clients...!
[INFO](2026/08/20/ 05:28:23 AM) [Round: 0279] ...successfully transmitted models to 10 selected clients!
[INFO](2026/08/20/ 05:28:23 AM) [Round: 0279] Start updating selected 10 clients...!
[INFO](2026/08/20/ 05:29:02 AM) [Round: 0279] ...10 clients are selected and updated (with total sample size: 47)!
[INFO](2026/08/20/ 05:29:02 AM) [Round: 0279] Aggregate updated weights of 10 clients...!
[INFO](2026/08/20/ 05:29:02 AM) [Round: 0279] ...updated weights of 10 clients are successfully averaged!
[INFO](2026/08/20/ 05:29:04 AM) [Round: 0279] Evaluate global model's performance...!                
	[Server] ...finished evaluation!                
	=> Loss: 0.5357                
	=> Accuracy: 84.76%

[INFO](2026/08/20/ 05:29:04 AM) [Round: 0280] Select clients...!
[INFO](2026/08/20/ 05:29:04 AM) [Round: 0280] ...successfully transmitted models to 10 selected clients!
[INFO](2026/08/20/ 05:29:04 AM) [Round: 0280] Start updating selected 10 clients...!
[INFO](2026/08/20/ 05:29:43 AM) [Round: 0280] ...10 clients are selected and updated (with total sample size: 49)!
[INFO](2026/08/20/ 05:29:43 AM) [Round: 0280] Aggregate updated weights of 10 clients...!
[INFO](2026/08/20/ 05:29:44 AM) [Round: 0280] ...updated weights of 10 clients are successfully averaged!
[INFO](2026/08/20/ 05:29:45 AM) [Round: 0280] Evaluate global model's performance...!                
	[Server] ...finished evaluation!                
	=> Loss: 0.5181                
	=> Accuracy: 85.24%

[INFO](2026/08/20/ 05:29:45 AM) [Round: 0281] Select clients...!
[INFO](2026/08/20/ 05:29:46 AM) [Round: 0281] ...successfully transmitted models to 10 selected clients!
[INFO](2026/08/20/ 05:29:46 AM) [Round: 0281] Start updating selected 10 clients...!
[INFO](2026/08/20/ 05:30:25 AM) [Round: 0281] ...10 clients are selected and updated (with total sample size: 25)!
[INFO](2026/08/20/ 05:30:25 AM) [Round: 0281] Aggregate updated weights of 10 clients...!
[INFO](2026/08/20/ 05:30:26 AM) [Round: 0281] ...updated weights of 10 clients are successfully averaged!
[INFO](2026/08/20/ 05:30:27 AM) [Round: 0281] Evaluate global model's performance...!                
	[Server] ...finished evaluation!                
	=> Loss: 0.6414                
	=> Accuracy: 85.00%

[INFO](2026/08/20/ 05:30:27 AM) [Round: 0282] Select clients...!
[INFO](2026/08/20/ 05:30:28 AM) [Round: 0282] ...successfully transmitted models to 10 selected clients!
[INFO](2026/08/20/ 05:30:28 AM) [Round: 0282] Start updating selected 10 clients...!
[INFO](2026/08/20/ 05:31:03 AM) [Round: 0282] ...10 clients are selected and updated (with total sample size: 36)!
[INFO](2026/08/20/ 05:31:03 AM) [Round: 0282] Aggregate updated weights of 10 clients...!
[INFO](2026/08/20/ 05:31:04 AM) [Round: 0282] ...updated weights of 10 clients are successfully averaged!
[INFO](2026/08/20/ 05:31:05 AM) [Round: 0282] Evaluate global model's performance...!                
	[Server] ...finished evaluation!                
	=> Loss: 0.4995                
	=> Accuracy: 85.71%

[INFO](2026/08/20/ 05:31:05 AM) [Round: 0283] Select clients...!
[INFO](2026/08/20/ 05:31:06 AM) [Round: 0283] ...successfully transmitted models to 10 selected clients!
[INFO](2026/08/20/ 05:31:06 AM) [Round: 0283] Start updating selected 10 clients...!
[INFO](2026/08/20/ 05:31:47 AM) [Round: 0283] ...10 clients are selected and updated (with total sample size: 36)!
[INFO](2026/08/20/ 05:31:47 AM) [Round: 0283] Aggregate updated weights of 10 clients...!
[INFO](2026/08/20/ 05:31:47 AM) [Round: 0283] ...updated weights of 10 clients are successfully averaged!
[INFO](2026/08/20/ 05:31:49 AM) [Round: 0283] Evaluate global model's performance...!                
	[Server] ...finished evaluation!                
	=> Loss: 0.5307                
	=> Accuracy: 84.05%

[INFO](2026/08/20/ 05:31:49 AM) [Round: 0284] Select clients...!
[INFO](2026/08/20/ 05:31:49 AM) [Round: 0284] ...successfully transmitted models to 10 selected clients!
[INFO](2026/08/20/ 05:31:50 AM) [Round: 0284] Start updating selected 10 clients...!
[INFO](2026/08/20/ 05:32:32 AM) [Round: 0284] ...10 clients are selected and updated (with total sample size: 49)!
[INFO](2026/08/20/ 05:32:32 AM) [Round: 0284] Aggregate updated weights of 10 clients...!
[INFO](2026/08/20/ 05:32:32 AM) [Round: 0284] ...updated weights of 10 clients are successfully averaged!
[INFO](2026/08/20/ 05:32:34 AM) [Round: 0284] Evaluate global model's performance...!                
	[Server] ...finished evaluation!                
	=> Loss: 0.4975                
	=> Accuracy: 83.57%

[INFO](2026/08/20/ 05:32:34 AM) [Round: 0285] Select clients...!
[INFO](2026/08/20/ 05:32:35 AM) [Round: 0285] ...successfully transmitted models to 10 selected clients!
[INFO](2026/08/20/ 05:32:35 AM) [Round: 0285] Start updating selected 10 clients...!
[INFO](2026/08/20/ 05:33:20 AM) [Round: 0285] ...10 clients are selected and updated (with total sample size: 50)!
[INFO](2026/08/20/ 05:33:20 AM) [Round: 0285] Aggregate updated weights of 10 clients...!
[INFO](2026/08/20/ 05:33:21 AM) [Round: 0285] ...updated weights of 10 clients are successfully averaged!
[INFO](2026/08/20/ 05:33:22 AM) [Round: 0285] Evaluate global model's performance...!                
	[Server] ...finished evaluation!                
	=> Loss: 0.5504                
	=> Accuracy: 85.48%

[INFO](2026/08/20/ 05:33:22 AM) [Round: 0286] Select clients...!
[INFO](2026/08/20/ 05:33:23 AM) [Round: 0286] ...successfully transmitted models to 10 selected clients!
[INFO](2026/08/20/ 05:33:23 AM) [Round: 0286] Start updating selected 10 clients...!
[INFO](2026/08/20/ 05:33:59 AM) [Round: 0286] ...10 clients are selected and updated (with total sample size: 47)!
[INFO](2026/08/20/ 05:33:59 AM) [Round: 0286] Aggregate updated weights of 10 clients...!
[INFO](2026/08/20/ 05:34:00 AM) [Round: 0286] ...updated weights of 10 clients are successfully averaged!
[INFO](2026/08/20/ 05:34:01 AM) [Round: 0286] Evaluate global model's performance...!                
	[Server] ...finished evaluation!                
	=> Loss: 0.4837                
	=> Accuracy: 86.43%

[INFO](2026/08/20/ 05:34:01 AM) [Round: 0287] Select clients...!
[INFO](2026/08/20/ 05:34:02 AM) [Round: 0287] ...successfully transmitted models to 10 selected clients!
[INFO](2026/08/20/ 05:34:02 AM) [Round: 0287] Start updating selected 10 clients...!
[INFO](2026/08/20/ 05:34:42 AM) [Round: 0287] ...10 clients are selected and updated (with total sample size: 42)!
[INFO](2026/08/20/ 05:34:42 AM) [Round: 0287] Aggregate updated weights of 10 clients...!
[INFO](2026/08/20/ 05:34:42 AM) [Round: 0287] ...updated weights of 10 clients are successfully averaged!
[INFO](2026/08/20/ 05:34:44 AM) [Round: 0287] Evaluate global model's performance...!                
	[Server] ...finished evaluation!                
	=> Loss: 0.5167                
	=> Accuracy: 85.48%

[INFO](2026/08/20/ 05:34:44 AM) [Round: 0288] Select clients...!
[INFO](2026/08/20/ 05:34:44 AM) [Round: 0288] ...successfully transmitted models to 10 selected clients!
[INFO](2026/08/20/ 05:34:44 AM) [Round: 0288] Start updating selected 10 clients...!
[INFO](2026/08/20/ 05:35:21 AM) [Round: 0288] ...10 clients are selected and updated (with total sample size: 50)!
[INFO](2026/08/20/ 05:35:21 AM) [Round: 0288] Aggregate updated weights of 10 clients...!
[INFO](2026/08/20/ 05:35:21 AM) [Round: 0288] ...updated weights of 10 clients are successfully averaged!
[INFO](2026/08/20/ 05:35:23 AM) [Round: 0288] Evaluate global model's performance...!                
	[Server] ...finished evaluation!                
	=> Loss: 0.6649                
	=> Accuracy: 84.05%

[INFO](2026/08/20/ 05:35:23 AM) [Round: 0289] Select clients...!
[INFO](2026/08/20/ 05:35:24 AM) [Round: 0289] ...successfully transmitted models to 10 selected clients!
[INFO](2026/08/20/ 05:35:24 AM) [Round: 0289] Start updating selected 10 clients...!
[INFO](2026/08/20/ 05:36:03 AM) [Round: 0289] ...10 clients are selected and updated (with total sample size: 47)!
[INFO](2026/08/20/ 05:36:03 AM) [Round: 0289] Aggregate updated weights of 10 clients...!
[INFO](2026/08/20/ 05:36:03 AM) [Round: 0289] ...updated weights of 10 clients are successfully averaged!
[INFO](2026/08/20/ 05:36:05 AM) [Round: 0289] Evaluate global model's performance...!                
	[Server] ...finished evaluation!                
	=> Loss: 0.5514                
	=> Accuracy: 84.05%

[INFO](2026/08/20/ 05:36:05 AM) [Round: 0290] Select clients...!
[INFO](2026/08/20/ 05:36:05 AM) [Round: 0290] ...successfully transmitted models to 10 selected clients!
[INFO](2026/08/20/ 05:36:06 AM) [Round: 0290] Start updating selected 10 clients...!
[INFO](2026/08/20/ 05:36:46 AM) [Round: 0290] ...10 clients are selected and updated (with total sample size: 25)!
[INFO](2026/08/20/ 05:36:46 AM) [Round: 0290] Aggregate updated weights of 10 clients...!
[INFO](2026/08/20/ 05:36:46 AM) [Round: 0290] ...updated weights of 10 clients are successfully averaged!
[INFO](2026/08/20/ 05:36:48 AM) [Round: 0290] Evaluate global model's performance...!                
	[Server] ...finished evaluation!                
	=> Loss: 0.5033                
	=> Accuracy: 85.48%

[INFO](2026/08/20/ 05:36:48 AM) [Round: 0291] Select clients...!
[INFO](2026/08/20/ 05:36:48 AM) [Round: 0291] ...successfully transmitted models to 10 selected clients!
[INFO](2026/08/20/ 05:36:49 AM) [Round: 0291] Start updating selected 10 clients...!
[INFO](2026/08/20/ 05:37:31 AM) [Round: 0291] ...10 clients are selected and updated (with total sample size: 50)!
[INFO](2026/08/20/ 05:37:31 AM) [Round: 0291] Aggregate updated weights of 10 clients...!
[INFO](2026/08/20/ 05:37:31 AM) [Round: 0291] ...updated weights of 10 clients are successfully averaged!
[INFO](2026/08/20/ 05:37:33 AM) [Round: 0291] Evaluate global model's performance...!                
	[Server] ...finished evaluation!                
	=> Loss: 0.5677                
	=> Accuracy: 85.95%

[INFO](2026/08/20/ 05:37:33 AM) [Round: 0292] Select clients...!
[INFO](2026/08/20/ 05:37:33 AM) [Round: 0292] ...successfully transmitted models to 10 selected clients!
[INFO](2026/08/20/ 05:37:33 AM) [Round: 0292] Start updating selected 10 clients...!
[INFO](2026/08/20/ 05:38:14 AM) [Round: 0292] ...10 clients are selected and updated (with total sample size: 47)!
[INFO](2026/08/20/ 05:38:14 AM) [Round: 0292] Aggregate updated weights of 10 clients...!
[INFO](2026/08/20/ 05:38:14 AM) [Round: 0292] ...updated weights of 10 clients are successfully averaged!
[INFO](2026/08/20/ 05:38:16 AM) [Round: 0292] Evaluate global model's performance...!                
	[Server] ...finished evaluation!                
	=> Loss: 0.6495                
	=> Accuracy: 84.52%

[INFO](2026/08/20/ 05:38:16 AM) [Round: 0293] Select clients...!
[INFO](2026/08/20/ 05:38:16 AM) [Round: 0293] ...successfully transmitted models to 10 selected clients!
[INFO](2026/08/20/ 05:38:17 AM) [Round: 0293] Start updating selected 10 clients...!
[INFO](2026/08/20/ 05:38:56 AM) [Round: 0293] ...10 clients are selected and updated (with total sample size: 36)!
[INFO](2026/08/20/ 05:38:56 AM) [Round: 0293] Aggregate updated weights of 10 clients...!
[INFO](2026/08/20/ 05:38:56 AM) [Round: 0293] ...updated weights of 10 clients are successfully averaged!
[INFO](2026/08/20/ 05:38:58 AM) [Round: 0293] Evaluate global model's performance...!                
	[Server] ...finished evaluation!                
	=> Loss: 0.5332                
	=> Accuracy: 85.71%

[INFO](2026/08/20/ 05:38:58 AM) [Round: 0294] Select clients...!
[INFO](2026/08/20/ 05:38:58 AM) [Round: 0294] ...successfully transmitted models to 10 selected clients!
[INFO](2026/08/20/ 05:38:58 AM) [Round: 0294] Start updating selected 10 clients...!
[INFO](2026/08/20/ 05:39:41 AM) [Round: 0294] ...10 clients are selected and updated (with total sample size: 47)!
[INFO](2026/08/20/ 05:39:41 AM) [Round: 0294] Aggregate updated weights of 10 clients...!
[INFO](2026/08/20/ 05:39:42 AM) [Round: 0294] ...updated weights of 10 clients are successfully averaged!
[INFO](2026/08/20/ 05:39:43 AM) [Round: 0294] Evaluate global model's performance...!                
	[Server] ...finished evaluation!                
	=> Loss: 0.6847                
	=> Accuracy: 84.05%

[INFO](2026/08/20/ 05:39:43 AM) [Round: 0295] Select clients...!
[INFO](2026/08/20/ 05:39:44 AM) [Round: 0295] ...successfully transmitted models to 10 selected clients!
[INFO](2026/08/20/ 05:39:44 AM) [Round: 0295] Start updating selected 10 clients...!
[INFO](2026/08/20/ 05:40:31 AM) [Round: 0295] ...10 clients are selected and updated (with total sample size: 25)!
[INFO](2026/08/20/ 05:40:31 AM) [Round: 0295] Aggregate updated weights of 10 clients...!
[INFO](2026/08/20/ 05:40:31 AM) [Round: 0295] ...updated weights of 10 clients are successfully averaged!
[INFO](2026/08/20/ 05:40:32 AM) [Round: 0295] Evaluate global model's performance...!                
	[Server] ...finished evaluation!                
	=> Loss: 0.6449                
	=> Accuracy: 84.76%

[INFO](2026/08/20/ 05:40:32 AM) [Round: 0296] Select clients...!
[INFO](2026/08/20/ 05:40:33 AM) [Round: 0296] ...successfully transmitted models to 10 selected clients!
[INFO](2026/08/20/ 05:40:33 AM) [Round: 0296] Start updating selected 10 clients...!
[INFO](2026/08/20/ 05:41:18 AM) [Round: 0296] ...10 clients are selected and updated (with total sample size: 50)!
[INFO](2026/08/20/ 05:41:19 AM) [Round: 0296] Aggregate updated weights of 10 clients...!
[INFO](2026/08/20/ 05:41:19 AM) [Round: 0296] ...updated weights of 10 clients are successfully averaged!
[INFO](2026/08/20/ 05:41:21 AM) [Round: 0296] Evaluate global model's performance...!                
	[Server] ...finished evaluation!                
	=> Loss: 0.6040                
	=> Accuracy: 83.33%

[INFO](2026/08/20/ 05:41:21 AM) [Round: 0297] Select clients...!
[INFO](2026/08/20/ 05:41:21 AM) [Round: 0297] ...successfully transmitted models to 10 selected clients!
[INFO](2026/08/20/ 05:41:22 AM) [Round: 0297] Start updating selected 10 clients...!
[INFO](2026/08/20/ 05:42:00 AM) [Round: 0297] ...10 clients are selected and updated (with total sample size: 42)!
[INFO](2026/08/20/ 05:42:00 AM) [Round: 0297] Aggregate updated weights of 10 clients...!
[INFO](2026/08/20/ 05:42:00 AM) [Round: 0297] ...updated weights of 10 clients are successfully averaged!
[INFO](2026/08/20/ 05:42:02 AM) [Round: 0297] Evaluate global model's performance...!                
	[Server] ...finished evaluation!                
	=> Loss: 0.6137                
	=> Accuracy: 85.24%

[INFO](2026/08/20/ 05:42:02 AM) [Round: 0298] Select clients...!
[INFO](2026/08/20/ 05:42:02 AM) [Round: 0298] ...successfully transmitted models to 10 selected clients!
[INFO](2026/08/20/ 05:42:03 AM) [Round: 0298] Start updating selected 10 clients...!
[INFO](2026/08/20/ 05:42:44 AM) [Round: 0298] ...10 clients are selected and updated (with total sample size: 47)!
[INFO](2026/08/20/ 05:42:45 AM) [Round: 0298] Aggregate updated weights of 10 clients...!
[INFO](2026/08/20/ 05:42:45 AM) [Round: 0298] ...updated weights of 10 clients are successfully averaged!
[INFO](2026/08/20/ 05:42:47 AM) [Round: 0298] Evaluate global model's performance...!                
	[Server] ...finished evaluation!                
	=> Loss: 0.6252                
	=> Accuracy: 84.29%

[INFO](2026/08/20/ 05:42:47 AM) [Round: 0299] Select clients...!
[INFO](2026/08/20/ 05:42:47 AM) [Round: 0299] ...successfully transmitted models to 10 selected clients!
[INFO](2026/08/20/ 05:42:47 AM) [Round: 0299] Start updating selected 10 clients...!
[INFO](2026/08/20/ 05:43:26 AM) [Round: 0299] ...10 clients are selected and updated (with total sample size: 47)!
[INFO](2026/08/20/ 05:43:26 AM) [Round: 0299] Aggregate updated weights of 10 clients...!
[INFO](2026/08/20/ 05:43:27 AM) [Round: 0299] ...updated weights of 10 clients are successfully averaged!
[INFO](2026/08/20/ 05:43:28 AM) [Round: 0299] Evaluate global model's performance...!                
	[Server] ...finished evaluation!                
	=> Loss: 0.5528                
	=> Accuracy: 85.24%

[INFO](2026/08/20/ 05:43:28 AM) [Round: 0300] Select clients...!
[INFO](2026/08/20/ 05:43:29 AM) [Round: 0300] ...successfully transmitted models to 10 selected clients!
[INFO](2026/08/20/ 05:43:29 AM) [Round: 0300] Start updating selected 10 clients...!
[INFO](2026/08/20/ 05:44:11 AM) [Round: 0300] ...10 clients are selected and updated (with total sample size: 42)!
[INFO](2026/08/20/ 05:44:11 AM) [Round: 0300] Aggregate updated weights of 10 clients...!
[INFO](2026/08/20/ 05:44:11 AM) [Round: 0300] ...updated weights of 10 clients are successfully averaged!
[INFO](2026/08/20/ 05:44:12 AM) [Round: 0300] Evaluate global model's performance...!                
	[Server] ...finished evaluation!                
	=> Loss: 0.6598                
	=> Accuracy: 84.05%

[INFO](2026/08/20/ 05:44:12 AM) [Round: 0301] Select clients...!
[INFO](2026/08/20/ 05:44:13 AM) [Round: 0301] ...successfully transmitted models to 10 selected clients!
[INFO](2026/08/20/ 05:44:13 AM) [Round: 0301] Start updating selected 10 clients...!
[INFO](2026/08/20/ 05:44:53 AM) [Round: 0301] ...10 clients are selected and updated (with total sample size: 25)!
[INFO](2026/08/20/ 05:44:53 AM) [Round: 0301] Aggregate updated weights of 10 clients...!
[INFO](2026/08/20/ 05:44:53 AM) [Round: 0301] ...updated weights of 10 clients are successfully averaged!
[INFO](2026/08/20/ 05:44:55 AM) [Round: 0301] Evaluate global model's performance...!                
	[Server] ...finished evaluation!                
	=> Loss: 0.7062                
	=> Accuracy: 83.33%

[INFO](2026/08/20/ 05:44:55 AM) [Round: 0302] Select clients...!
[INFO](2026/08/20/ 05:44:55 AM) [Round: 0302] ...successfully transmitted models to 10 selected clients!
[INFO](2026/08/20/ 05:44:55 AM) [Round: 0302] Start updating selected 10 clients...!
[INFO](2026/08/20/ 05:45:33 AM) [Round: 0302] ...10 clients are selected and updated (with total sample size: 25)!
[INFO](2026/08/20/ 05:45:34 AM) [Round: 0302] Aggregate updated weights of 10 clients...!
[INFO](2026/08/20/ 05:45:34 AM) [Round: 0302] ...updated weights of 10 clients are successfully averaged!
[INFO](2026/08/20/ 05:45:35 AM) [Round: 0302] Evaluate global model's performance...!                
	[Server] ...finished evaluation!                
	=> Loss: 0.5489                
	=> Accuracy: 83.57%

[INFO](2026/08/20/ 05:45:35 AM) [Round: 0303] Select clients...!
[INFO](2026/08/20/ 05:45:36 AM) [Round: 0303] ...successfully transmitted models to 10 selected clients!
[INFO](2026/08/20/ 05:45:36 AM) [Round: 0303] Start updating selected 10 clients...!
[INFO](2026/08/20/ 05:46:16 AM) [Round: 0303] ...10 clients are selected and updated (with total sample size: 50)!
[INFO](2026/08/20/ 05:46:16 AM) [Round: 0303] Aggregate updated weights of 10 clients...!
[INFO](2026/08/20/ 05:46:16 AM) [Round: 0303] ...updated weights of 10 clients are successfully averaged!
[INFO](2026/08/20/ 05:46:18 AM) [Round: 0303] Evaluate global model's performance...!                
	[Server] ...finished evaluation!                
	=> Loss: 0.6755                
	=> Accuracy: 81.90%

[INFO](2026/08/20/ 05:46:18 AM) [Round: 0304] Select clients...!
[INFO](2026/08/20/ 05:46:19 AM) [Round: 0304] ...successfully transmitted models to 10 selected clients!
[INFO](2026/08/20/ 05:46:19 AM) [Round: 0304] Start updating selected 10 clients...!
[INFO](2026/08/20/ 05:47:00 AM) [Round: 0304] ...10 clients are selected and updated (with total sample size: 25)!
[INFO](2026/08/20/ 05:47:00 AM) [Round: 0304] Aggregate updated weights of 10 clients...!
[INFO](2026/08/20/ 05:47:00 AM) [Round: 0304] ...updated weights of 10 clients are successfully averaged!
[INFO](2026/08/20/ 05:47:02 AM) [Round: 0304] Evaluate global model's performance...!                
	[Server] ...finished evaluation!                
	=> Loss: 0.5028                
	=> Accuracy: 85.71%

[INFO](2026/08/20/ 05:47:02 AM) [Round: 0305] Select clients...!
[INFO](2026/08/20/ 05:47:03 AM) [Round: 0305] ...successfully transmitted models to 10 selected clients!
[INFO](2026/08/20/ 05:47:03 AM) [Round: 0305] Start updating selected 10 clients...!
[INFO](2026/08/20/ 05:47:46 AM) [Round: 0305] ...10 clients are selected and updated (with total sample size: 47)!
[INFO](2026/08/20/ 05:47:46 AM) [Round: 0305] Aggregate updated weights of 10 clients...!
[INFO](2026/08/20/ 05:47:47 AM) [Round: 0305] ...updated weights of 10 clients are successfully averaged!
[INFO](2026/08/20/ 05:47:48 AM) [Round: 0305] Evaluate global model's performance...!                
	[Server] ...finished evaluation!                
	=> Loss: 0.4820                
	=> Accuracy: 85.24%

[INFO](2026/08/20/ 05:47:48 AM) [Round: 0306] Select clients...!
[INFO](2026/08/20/ 05:47:49 AM) [Round: 0306] ...successfully transmitted models to 10 selected clients!
[INFO](2026/08/20/ 05:47:49 AM) [Round: 0306] Start updating selected 10 clients...!
[INFO](2026/08/20/ 05:48:32 AM) [Round: 0306] ...10 clients are selected and updated (with total sample size: 49)!
[INFO](2026/08/20/ 05:48:32 AM) [Round: 0306] Aggregate updated weights of 10 clients...!
[INFO](2026/08/20/ 05:48:33 AM) [Round: 0306] ...updated weights of 10 clients are successfully averaged!
[INFO](2026/08/20/ 05:48:34 AM) [Round: 0306] Evaluate global model's performance...!                
	[Server] ...finished evaluation!                
	=> Loss: 0.5706                
	=> Accuracy: 83.10%

[INFO](2026/08/20/ 05:48:34 AM) [Round: 0307] Select clients...!
[INFO](2026/08/20/ 05:48:35 AM) [Round: 0307] ...successfully transmitted models to 10 selected clients!
[INFO](2026/08/20/ 05:48:35 AM) [Round: 0307] Start updating selected 10 clients...!
[INFO](2026/08/20/ 05:49:15 AM) [Round: 0307] ...10 clients are selected and updated (with total sample size: 50)!
[INFO](2026/08/20/ 05:49:15 AM) [Round: 0307] Aggregate updated weights of 10 clients...!
[INFO](2026/08/20/ 05:49:15 AM) [Round: 0307] ...updated weights of 10 clients are successfully averaged!
[INFO](2026/08/20/ 05:49:17 AM) [Round: 0307] Evaluate global model's performance...!                
	[Server] ...finished evaluation!                
	=> Loss: 0.4879                
	=> Accuracy: 85.95%

[INFO](2026/08/20/ 05:49:17 AM) [Round: 0308] Select clients...!
[INFO](2026/08/20/ 05:49:17 AM) [Round: 0308] ...successfully transmitted models to 10 selected clients!
[INFO](2026/08/20/ 05:49:17 AM) [Round: 0308] Start updating selected 10 clients...!
[INFO](2026/08/20/ 05:49:54 AM) [Round: 0308] ...10 clients are selected and updated (with total sample size: 49)!
[INFO](2026/08/20/ 05:49:54 AM) [Round: 0308] Aggregate updated weights of 10 clients...!
[INFO](2026/08/20/ 05:49:54 AM) [Round: 0308] ...updated weights of 10 clients are successfully averaged!
[INFO](2026/08/20/ 05:49:56 AM) [Round: 0308] Evaluate global model's performance...!                
	[Server] ...finished evaluation!                
	=> Loss: 0.6628                
	=> Accuracy: 82.62%

[INFO](2026/08/20/ 05:49:56 AM) [Round: 0309] Select clients...!
[INFO](2026/08/20/ 05:49:57 AM) [Round: 0309] ...successfully transmitted models to 10 selected clients!
[INFO](2026/08/20/ 05:49:57 AM) [Round: 0309] Start updating selected 10 clients...!
[INFO](2026/08/20/ 05:50:36 AM) [Round: 0309] ...10 clients are selected and updated (with total sample size: 50)!
[INFO](2026/08/20/ 05:50:36 AM) [Round: 0309] Aggregate updated weights of 10 clients...!
[INFO](2026/08/20/ 05:50:37 AM) [Round: 0309] ...updated weights of 10 clients are successfully averaged!
[INFO](2026/08/20/ 05:50:38 AM) [Round: 0309] Evaluate global model's performance...!                
	[Server] ...finished evaluation!                
	=> Loss: 0.5580                
	=> Accuracy: 84.29%

[INFO](2026/08/20/ 05:50:38 AM) [Round: 0310] Select clients...!
[INFO](2026/08/20/ 05:50:39 AM) [Round: 0310] ...successfully transmitted models to 10 selected clients!
[INFO](2026/08/20/ 05:50:39 AM) [Round: 0310] Start updating selected 10 clients...!
[INFO](2026/08/20/ 05:51:18 AM) [Round: 0310] ...10 clients are selected and updated (with total sample size: 50)!
[INFO](2026/08/20/ 05:51:19 AM) [Round: 0310] Aggregate updated weights of 10 clients...!
[INFO](2026/08/20/ 05:51:19 AM) [Round: 0310] ...updated weights of 10 clients are successfully averaged!
[INFO](2026/08/20/ 05:51:20 AM) [Round: 0310] Evaluate global model's performance...!                
	[Server] ...finished evaluation!                
	=> Loss: 0.7439                
	=> Accuracy: 83.57%

[INFO](2026/08/20/ 05:51:21 AM) [Round: 0311] Select clients...!
[INFO](2026/08/20/ 05:51:21 AM) [Round: 0311] ...successfully transmitted models to 10 selected clients!
[INFO](2026/08/20/ 05:51:21 AM) [Round: 0311] Start updating selected 10 clients...!
[INFO](2026/08/20/ 05:51:59 AM) [Round: 0311] ...10 clients are selected and updated (with total sample size: 25)!
[INFO](2026/08/20/ 05:51:59 AM) [Round: 0311] Aggregate updated weights of 10 clients...!
[INFO](2026/08/20/ 05:51:59 AM) [Round: 0311] ...updated weights of 10 clients are successfully averaged!
[INFO](2026/08/20/ 05:52:01 AM) [Round: 0311] Evaluate global model's performance...!                
	[Server] ...finished evaluation!                
	=> Loss: 0.6342                
	=> Accuracy: 84.05%

[INFO](2026/08/20/ 05:52:01 AM) [Round: 0312] Select clients...!
[INFO](2026/08/20/ 05:52:01 AM) [Round: 0312] ...successfully transmitted models to 10 selected clients!
[INFO](2026/08/20/ 05:52:01 AM) [Round: 0312] Start updating selected 10 clients...!
[INFO](2026/08/20/ 05:52:43 AM) [Round: 0312] ...10 clients are selected and updated (with total sample size: 35)!
[INFO](2026/08/20/ 05:52:43 AM) [Round: 0312] Aggregate updated weights of 10 clients...!
[INFO](2026/08/20/ 05:52:43 AM) [Round: 0312] ...updated weights of 10 clients are successfully averaged!
[INFO](2026/08/20/ 05:52:45 AM) [Round: 0312] Evaluate global model's performance...!                
	[Server] ...finished evaluation!                
	=> Loss: 0.5124                
	=> Accuracy: 86.19%

[INFO](2026/08/20/ 05:52:45 AM) [Round: 0313] Select clients...!
[INFO](2026/08/20/ 05:52:45 AM) [Round: 0313] ...successfully transmitted models to 10 selected clients!
[INFO](2026/08/20/ 05:52:45 AM) [Round: 0313] Start updating selected 10 clients...!
[INFO](2026/08/20/ 05:53:24 AM) [Round: 0313] ...10 clients are selected and updated (with total sample size: 36)!
[INFO](2026/08/20/ 05:53:24 AM) [Round: 0313] Aggregate updated weights of 10 clients...!
[INFO](2026/08/20/ 05:53:24 AM) [Round: 0313] ...updated weights of 10 clients are successfully averaged!
[INFO](2026/08/20/ 05:53:26 AM) [Round: 0313] Evaluate global model's performance...!                
	[Server] ...finished evaluation!                
	=> Loss: 0.6412                
	=> Accuracy: 80.95%

[INFO](2026/08/20/ 05:53:26 AM) [Round: 0314] Select clients...!
[INFO](2026/08/20/ 05:53:26 AM) [Round: 0314] ...successfully transmitted models to 10 selected clients!
[INFO](2026/08/20/ 05:53:26 AM) [Round: 0314] Start updating selected 10 clients...!
[INFO](2026/08/20/ 05:54:05 AM) [Round: 0314] ...10 clients are selected and updated (with total sample size: 25)!
[INFO](2026/08/20/ 05:54:05 AM) [Round: 0314] Aggregate updated weights of 10 clients...!
[INFO](2026/08/20/ 05:54:05 AM) [Round: 0314] ...updated weights of 10 clients are successfully averaged!
[INFO](2026/08/20/ 05:54:07 AM) [Round: 0314] Evaluate global model's performance...!                
	[Server] ...finished evaluation!                
	=> Loss: 0.5331                
	=> Accuracy: 85.24%

[INFO](2026/08/20/ 05:54:07 AM) [Round: 0315] Select clients...!
[INFO](2026/08/20/ 05:54:08 AM) [Round: 0315] ...successfully transmitted models to 10 selected clients!
[INFO](2026/08/20/ 05:54:08 AM) [Round: 0315] Start updating selected 10 clients...!
[INFO](2026/08/20/ 05:54:44 AM) [Round: 0315] ...10 clients are selected and updated (with total sample size: 47)!
[INFO](2026/08/20/ 05:54:44 AM) [Round: 0315] Aggregate updated weights of 10 clients...!
[INFO](2026/08/20/ 05:54:44 AM) [Round: 0315] ...updated weights of 10 clients are successfully averaged!
[INFO](2026/08/20/ 05:54:46 AM) [Round: 0315] Evaluate global model's performance...!                
	[Server] ...finished evaluation!                
	=> Loss: 0.5633                
	=> Accuracy: 83.81%

[INFO](2026/08/20/ 05:54:46 AM) [Round: 0316] Select clients...!
[INFO](2026/08/20/ 05:54:46 AM) [Round: 0316] ...successfully transmitted models to 10 selected clients!
[INFO](2026/08/20/ 05:54:47 AM) [Round: 0316] Start updating selected 10 clients...!
[INFO](2026/08/20/ 05:55:22 AM) [Round: 0316] ...10 clients are selected and updated (with total sample size: 35)!
[INFO](2026/08/20/ 05:55:22 AM) [Round: 0316] Aggregate updated weights of 10 clients...!
[INFO](2026/08/20/ 05:55:22 AM) [Round: 0316] ...updated weights of 10 clients are successfully averaged!
[INFO](2026/08/20/ 05:55:23 AM) [Round: 0316] Evaluate global model's performance...!                
	[Server] ...finished evaluation!                
	=> Loss: 0.5980                
	=> Accuracy: 81.43%

[INFO](2026/08/20/ 05:55:24 AM) [Round: 0317] Select clients...!
[INFO](2026/08/20/ 05:55:24 AM) [Round: 0317] ...successfully transmitted models to 10 selected clients!
[INFO](2026/08/20/ 05:55:24 AM) [Round: 0317] Start updating selected 10 clients...!
[INFO](2026/08/20/ 05:56:04 AM) [Round: 0317] ...10 clients are selected and updated (with total sample size: 59)!
[INFO](2026/08/20/ 05:56:04 AM) [Round: 0317] Aggregate updated weights of 10 clients...!
[INFO](2026/08/20/ 05:56:04 AM) [Round: 0317] ...updated weights of 10 clients are successfully averaged!
[INFO](2026/08/20/ 05:56:05 AM) [Round: 0317] Evaluate global model's performance...!                
	[Server] ...finished evaluation!                
	=> Loss: 0.6530                
	=> Accuracy: 83.10%

[INFO](2026/08/20/ 05:56:05 AM) [Round: 0318] Select clients...!
[INFO](2026/08/20/ 05:56:06 AM) [Round: 0318] ...successfully transmitted models to 10 selected clients!
[INFO](2026/08/20/ 05:56:06 AM) [Round: 0318] Start updating selected 10 clients...!
[INFO](2026/08/20/ 05:56:43 AM) [Round: 0318] ...10 clients are selected and updated (with total sample size: 25)!
[INFO](2026/08/20/ 05:56:44 AM) [Round: 0318] Aggregate updated weights of 10 clients...!
[INFO](2026/08/20/ 05:56:44 AM) [Round: 0318] ...updated weights of 10 clients are successfully averaged!
[INFO](2026/08/20/ 05:56:45 AM) [Round: 0318] Evaluate global model's performance...!                
	[Server] ...finished evaluation!                
	=> Loss: 0.6105                
	=> Accuracy: 83.10%

[INFO](2026/08/20/ 05:56:45 AM) [Round: 0319] Select clients...!
[INFO](2026/08/20/ 05:56:46 AM) [Round: 0319] ...successfully transmitted models to 10 selected clients!
[INFO](2026/08/20/ 05:56:46 AM) [Round: 0319] Start updating selected 10 clients...!
[INFO](2026/08/20/ 05:57:30 AM) [Round: 0319] ...10 clients are selected and updated (with total sample size: 49)!
[INFO](2026/08/20/ 05:57:30 AM) [Round: 0319] Aggregate updated weights of 10 clients...!
[INFO](2026/08/20/ 05:57:31 AM) [Round: 0319] ...updated weights of 10 clients are successfully averaged!
[INFO](2026/08/20/ 05:57:32 AM) [Round: 0319] Evaluate global model's performance...!                
	[Server] ...finished evaluation!                
	=> Loss: 0.5056                
	=> Accuracy: 86.43%

[INFO](2026/08/20/ 05:57:32 AM) [Round: 0320] Select clients...!
[INFO](2026/08/20/ 05:57:33 AM) [Round: 0320] ...successfully transmitted models to 10 selected clients!
[INFO](2026/08/20/ 05:57:33 AM) [Round: 0320] Start updating selected 10 clients...!
[INFO](2026/08/20/ 05:58:13 AM) [Round: 0320] ...10 clients are selected and updated (with total sample size: 42)!
[INFO](2026/08/20/ 05:58:13 AM) [Round: 0320] Aggregate updated weights of 10 clients...!
[INFO](2026/08/20/ 05:58:13 AM) [Round: 0320] ...updated weights of 10 clients are successfully averaged!
[INFO](2026/08/20/ 05:58:14 AM) [Round: 0320] Evaluate global model's performance...!                
	[Server] ...finished evaluation!                
	=> Loss: 0.5070                
	=> Accuracy: 87.14%

[INFO](2026/08/20/ 05:58:15 AM) [Round: 0321] Select clients...!
[INFO](2026/08/20/ 05:58:15 AM) [Round: 0321] ...successfully transmitted models to 10 selected clients!
[INFO](2026/08/20/ 05:58:15 AM) [Round: 0321] Start updating selected 10 clients...!
[INFO](2026/08/20/ 05:58:55 AM) [Round: 0321] ...10 clients are selected and updated (with total sample size: 44)!
[INFO](2026/08/20/ 05:58:55 AM) [Round: 0321] Aggregate updated weights of 10 clients...!
[INFO](2026/08/20/ 05:58:56 AM) [Round: 0321] ...updated weights of 10 clients are successfully averaged!
[INFO](2026/08/20/ 05:58:57 AM) [Round: 0321] Evaluate global model's performance...!                
	[Server] ...finished evaluation!                
	=> Loss: 0.5483                
	=> Accuracy: 84.52%

[INFO](2026/08/20/ 05:58:57 AM) [Round: 0322] Select clients...!
[INFO](2026/08/20/ 05:58:58 AM) [Round: 0322] ...successfully transmitted models to 10 selected clients!
[INFO](2026/08/20/ 05:58:58 AM) [Round: 0322] Start updating selected 10 clients...!
[INFO](2026/08/20/ 05:59:32 AM) [Round: 0322] ...10 clients are selected and updated (with total sample size: 35)!
[INFO](2026/08/20/ 05:59:32 AM) [Round: 0322] Aggregate updated weights of 10 clients...!
[INFO](2026/08/20/ 05:59:32 AM) [Round: 0322] ...updated weights of 10 clients are successfully averaged!
[INFO](2026/08/20/ 05:59:34 AM) [Round: 0322] Evaluate global model's performance...!                
	[Server] ...finished evaluation!                
	=> Loss: 0.5983                
	=> Accuracy: 84.29%

[INFO](2026/08/20/ 05:59:34 AM) [Round: 0323] Select clients...!
[INFO](2026/08/20/ 05:59:34 AM) [Round: 0323] ...successfully transmitted models to 10 selected clients!
[INFO](2026/08/20/ 05:59:34 AM) [Round: 0323] Start updating selected 10 clients...!
[INFO](2026/08/20/ 06:00:14 AM) [Round: 0323] ...10 clients are selected and updated (with total sample size: 49)!
[INFO](2026/08/20/ 06:00:14 AM) [Round: 0323] Aggregate updated weights of 10 clients...!
[INFO](2026/08/20/ 06:00:14 AM) [Round: 0323] ...updated weights of 10 clients are successfully averaged!
[INFO](2026/08/20/ 06:00:16 AM) [Round: 0323] Evaluate global model's performance...!                
	[Server] ...finished evaluation!                
	=> Loss: 0.6239                
	=> Accuracy: 85.24%

[INFO](2026/08/20/ 06:00:16 AM) [Round: 0324] Select clients...!
[INFO](2026/08/20/ 06:00:16 AM) [Round: 0324] ...successfully transmitted models to 10 selected clients!
[INFO](2026/08/20/ 06:00:17 AM) [Round: 0324] Start updating selected 10 clients...!
[INFO](2026/08/20/ 06:00:53 AM) [Round: 0324] ...10 clients are selected and updated (with total sample size: 25)!
[INFO](2026/08/20/ 06:00:53 AM) [Round: 0324] Aggregate updated weights of 10 clients...!
[INFO](2026/08/20/ 06:00:54 AM) [Round: 0324] ...updated weights of 10 clients are successfully averaged!
[INFO](2026/08/20/ 06:00:56 AM) [Round: 0324] Evaluate global model's performance...!                
	[Server] ...finished evaluation!                
	=> Loss: 0.5500                
	=> Accuracy: 85.71%

[INFO](2026/08/20/ 06:00:56 AM) [Round: 0325] Select clients...!
[INFO](2026/08/20/ 06:00:56 AM) [Round: 0325] ...successfully transmitted models to 10 selected clients!
[INFO](2026/08/20/ 06:00:56 AM) [Round: 0325] Start updating selected 10 clients...!
[INFO](2026/08/20/ 06:01:38 AM) [Round: 0325] ...10 clients are selected and updated (with total sample size: 50)!
[INFO](2026/08/20/ 06:01:38 AM) [Round: 0325] Aggregate updated weights of 10 clients...!
[INFO](2026/08/20/ 06:01:39 AM) [Round: 0325] ...updated weights of 10 clients are successfully averaged!
[INFO](2026/08/20/ 06:01:40 AM) [Round: 0325] Evaluate global model's performance...!                
	[Server] ...finished evaluation!                
	=> Loss: 0.4605                
	=> Accuracy: 86.19%

[INFO](2026/08/20/ 06:01:40 AM) [Round: 0326] Select clients...!
[INFO](2026/08/20/ 06:01:41 AM) [Round: 0326] ...successfully transmitted models to 10 selected clients!
[INFO](2026/08/20/ 06:01:41 AM) [Round: 0326] Start updating selected 10 clients...!
[INFO](2026/08/20/ 06:02:21 AM) [Round: 0326] ...10 clients are selected and updated (with total sample size: 42)!
[INFO](2026/08/20/ 06:02:21 AM) [Round: 0326] Aggregate updated weights of 10 clients...!
[INFO](2026/08/20/ 06:02:21 AM) [Round: 0326] ...updated weights of 10 clients are successfully averaged!
[INFO](2026/08/20/ 06:02:22 AM) [Round: 0326] Evaluate global model's performance...!                
	[Server] ...finished evaluation!                
	=> Loss: 0.5725                
	=> Accuracy: 85.00%

[INFO](2026/08/20/ 06:02:22 AM) [Round: 0327] Select clients...!
[INFO](2026/08/20/ 06:02:23 AM) [Round: 0327] ...successfully transmitted models to 10 selected clients!
[INFO](2026/08/20/ 06:02:23 AM) [Round: 0327] Start updating selected 10 clients...!
[INFO](2026/08/20/ 06:02:59 AM) [Round: 0327] ...10 clients are selected and updated (with total sample size: 25)!
[INFO](2026/08/20/ 06:02:59 AM) [Round: 0327] Aggregate updated weights of 10 clients...!
[INFO](2026/08/20/ 06:03:00 AM) [Round: 0327] ...updated weights of 10 clients are successfully averaged!
[INFO](2026/08/20/ 06:03:01 AM) [Round: 0327] Evaluate global model's performance...!                
	[Server] ...finished evaluation!                
	=> Loss: 0.4949                
	=> Accuracy: 86.90%

[INFO](2026/08/20/ 06:03:01 AM) [Round: 0328] Select clients...!
[INFO](2026/08/20/ 06:03:02 AM) [Round: 0328] ...successfully transmitted models to 10 selected clients!
[INFO](2026/08/20/ 06:03:02 AM) [Round: 0328] Start updating selected 10 clients...!
[INFO](2026/08/20/ 06:03:40 AM) [Round: 0328] ...10 clients are selected and updated (with total sample size: 42)!
[INFO](2026/08/20/ 06:03:40 AM) [Round: 0328] Aggregate updated weights of 10 clients...!
[INFO](2026/08/20/ 06:03:40 AM) [Round: 0328] ...updated weights of 10 clients are successfully averaged!
[INFO](2026/08/20/ 06:03:42 AM) [Round: 0328] Evaluate global model's performance...!                
	[Server] ...finished evaluation!                
	=> Loss: 0.5606                
	=> Accuracy: 86.19%

[INFO](2026/08/20/ 06:03:42 AM) [Round: 0329] Select clients...!
[INFO](2026/08/20/ 06:03:42 AM) [Round: 0329] ...successfully transmitted models to 10 selected clients!
[INFO](2026/08/20/ 06:03:43 AM) [Round: 0329] Start updating selected 10 clients...!
[INFO](2026/08/20/ 06:04:20 AM) [Round: 0329] ...10 clients are selected and updated (with total sample size: 49)!
[INFO](2026/08/20/ 06:04:21 AM) [Round: 0329] Aggregate updated weights of 10 clients...!
[INFO](2026/08/20/ 06:04:21 AM) [Round: 0329] ...updated weights of 10 clients are successfully averaged!
[INFO](2026/08/20/ 06:04:23 AM) [Round: 0329] Evaluate global model's performance...!                
	[Server] ...finished evaluation!                
	=> Loss: 0.5832                
	=> Accuracy: 85.95%

[INFO](2026/08/20/ 06:04:23 AM) [Round: 0330] Select clients...!
[INFO](2026/08/20/ 06:04:23 AM) [Round: 0330] ...successfully transmitted models to 10 selected clients!
[INFO](2026/08/20/ 06:04:23 AM) [Round: 0330] Start updating selected 10 clients...!
[INFO](2026/08/20/ 06:05:03 AM) [Round: 0330] ...10 clients are selected and updated (with total sample size: 42)!
[INFO](2026/08/20/ 06:05:03 AM) [Round: 0330] Aggregate updated weights of 10 clients...!
[INFO](2026/08/20/ 06:05:03 AM) [Round: 0330] ...updated weights of 10 clients are successfully averaged!
[INFO](2026/08/20/ 06:05:05 AM) [Round: 0330] Evaluate global model's performance...!                
	[Server] ...finished evaluation!                
	=> Loss: 0.6010                
	=> Accuracy: 84.29%

[INFO](2026/08/20/ 06:05:05 AM) [Round: 0331] Select clients...!
[INFO](2026/08/20/ 06:05:05 AM) [Round: 0331] ...successfully transmitted models to 10 selected clients!
[INFO](2026/08/20/ 06:05:06 AM) [Round: 0331] Start updating selected 10 clients...!
[INFO](2026/08/20/ 06:05:45 AM) [Round: 0331] ...10 clients are selected and updated (with total sample size: 49)!
[INFO](2026/08/20/ 06:05:45 AM) [Round: 0331] Aggregate updated weights of 10 clients...!
[INFO](2026/08/20/ 06:05:45 AM) [Round: 0331] ...updated weights of 10 clients are successfully averaged!
[INFO](2026/08/20/ 06:05:46 AM) [Round: 0331] Evaluate global model's performance...!                
	[Server] ...finished evaluation!                
	=> Loss: 0.4696                
	=> Accuracy: 85.95%

[INFO](2026/08/20/ 06:05:46 AM) [Round: 0332] Select clients...!
[INFO](2026/08/20/ 06:05:47 AM) [Round: 0332] ...successfully transmitted models to 10 selected clients!
[INFO](2026/08/20/ 06:05:47 AM) [Round: 0332] Start updating selected 10 clients...!
[INFO](2026/08/20/ 06:06:28 AM) [Round: 0332] ...10 clients are selected and updated (with total sample size: 50)!
[INFO](2026/08/20/ 06:06:28 AM) [Round: 0332] Aggregate updated weights of 10 clients...!
[INFO](2026/08/20/ 06:06:28 AM) [Round: 0332] ...updated weights of 10 clients are successfully averaged!
[INFO](2026/08/20/ 06:06:30 AM) [Round: 0332] Evaluate global model's performance...!                
	[Server] ...finished evaluation!                
	=> Loss: 0.5730                
	=> Accuracy: 83.57%

[INFO](2026/08/20/ 06:06:30 AM) [Round: 0333] Select clients...!
[INFO](2026/08/20/ 06:06:31 AM) [Round: 0333] ...successfully transmitted models to 10 selected clients!
[INFO](2026/08/20/ 06:06:31 AM) [Round: 0333] Start updating selected 10 clients...!
[INFO](2026/08/20/ 06:07:16 AM) [Round: 0333] ...10 clients are selected and updated (with total sample size: 47)!
[INFO](2026/08/20/ 06:07:16 AM) [Round: 0333] Aggregate updated weights of 10 clients...!
[INFO](2026/08/20/ 06:07:16 AM) [Round: 0333] ...updated weights of 10 clients are successfully averaged!
[INFO](2026/08/20/ 06:07:18 AM) [Round: 0333] Evaluate global model's performance...!                
	[Server] ...finished evaluation!                
	=> Loss: 0.5557                
	=> Accuracy: 85.48%

[INFO](2026/08/20/ 06:07:18 AM) [Round: 0334] Select clients...!
[INFO](2026/08/20/ 06:07:18 AM) [Round: 0334] ...successfully transmitted models to 10 selected clients!
[INFO](2026/08/20/ 06:07:18 AM) [Round: 0334] Start updating selected 10 clients...!
[INFO](2026/08/20/ 06:08:00 AM) [Round: 0334] ...10 clients are selected and updated (with total sample size: 25)!
[INFO](2026/08/20/ 06:08:00 AM) [Round: 0334] Aggregate updated weights of 10 clients...!
[INFO](2026/08/20/ 06:08:00 AM) [Round: 0334] ...updated weights of 10 clients are successfully averaged!
[INFO](2026/08/20/ 06:08:02 AM) [Round: 0334] Evaluate global model's performance...!                
	[Server] ...finished evaluation!                
	=> Loss: 0.4666                
	=> Accuracy: 86.19%

[INFO](2026/08/20/ 06:08:02 AM) [Round: 0335] Select clients...!
[INFO](2026/08/20/ 06:08:02 AM) [Round: 0335] ...successfully transmitted models to 10 selected clients!
[INFO](2026/08/20/ 06:08:02 AM) [Round: 0335] Start updating selected 10 clients...!
[INFO](2026/08/20/ 06:08:37 AM) [Round: 0335] ...10 clients are selected and updated (with total sample size: 36)!
[INFO](2026/08/20/ 06:08:38 AM) [Round: 0335] Aggregate updated weights of 10 clients...!
[INFO](2026/08/20/ 06:08:38 AM) [Round: 0335] ...updated weights of 10 clients are successfully averaged!
[INFO](2026/08/20/ 06:08:39 AM) [Round: 0335] Evaluate global model's performance...!                
	[Server] ...finished evaluation!                
	=> Loss: 0.5919                
	=> Accuracy: 84.29%

[INFO](2026/08/20/ 06:08:39 AM) [Round: 0336] Select clients...!
[INFO](2026/08/20/ 06:08:40 AM) [Round: 0336] ...successfully transmitted models to 10 selected clients!
[INFO](2026/08/20/ 06:08:40 AM) [Round: 0336] Start updating selected 10 clients...!
[INFO](2026/08/20/ 06:09:11 AM) [Round: 0336] ...10 clients are selected and updated (with total sample size: 25)!
[INFO](2026/08/20/ 06:09:11 AM) [Round: 0336] Aggregate updated weights of 10 clients...!
[INFO](2026/08/20/ 06:09:11 AM) [Round: 0336] ...updated weights of 10 clients are successfully averaged!
[INFO](2026/08/20/ 06:09:13 AM) [Round: 0336] Evaluate global model's performance...!                
	[Server] ...finished evaluation!                
	=> Loss: 0.6083                
	=> Accuracy: 85.95%

[INFO](2026/08/20/ 06:09:13 AM) [Round: 0337] Select clients...!
[INFO](2026/08/20/ 06:09:13 AM) [Round: 0337] ...successfully transmitted models to 10 selected clients!
[INFO](2026/08/20/ 06:09:13 AM) [Round: 0337] Start updating selected 10 clients...!
[INFO](2026/08/20/ 06:09:51 AM) [Round: 0337] ...10 clients are selected and updated (with total sample size: 25)!
[INFO](2026/08/20/ 06:09:51 AM) [Round: 0337] Aggregate updated weights of 10 clients...!
[INFO](2026/08/20/ 06:09:51 AM) [Round: 0337] ...updated weights of 10 clients are successfully averaged!
[INFO](2026/08/20/ 06:09:52 AM) [Round: 0337] Evaluate global model's performance...!                
	[Server] ...finished evaluation!                
	=> Loss: 0.6081                
	=> Accuracy: 85.24%

[INFO](2026/08/20/ 06:09:53 AM) [Round: 0338] Select clients...!
[INFO](2026/08/20/ 06:09:53 AM) [Round: 0338] ...successfully transmitted models to 10 selected clients!
[INFO](2026/08/20/ 06:09:53 AM) [Round: 0338] Start updating selected 10 clients...!
[INFO](2026/08/20/ 06:10:29 AM) [Round: 0338] ...10 clients are selected and updated (with total sample size: 49)!
[INFO](2026/08/20/ 06:10:29 AM) [Round: 0338] Aggregate updated weights of 10 clients...!
[INFO](2026/08/20/ 06:10:29 AM) [Round: 0338] ...updated weights of 10 clients are successfully averaged!
[INFO](2026/08/20/ 06:10:30 AM) [Round: 0338] Evaluate global model's performance...!                
	[Server] ...finished evaluation!                
	=> Loss: 0.5081                
	=> Accuracy: 88.10%

[INFO](2026/08/20/ 06:10:31 AM) [Round: 0339] Select clients...!
[INFO](2026/08/20/ 06:10:31 AM) [Round: 0339] ...successfully transmitted models to 10 selected clients!
[INFO](2026/08/20/ 06:10:31 AM) [Round: 0339] Start updating selected 10 clients...!
[INFO](2026/08/20/ 06:11:15 AM) [Round: 0339] ...10 clients are selected and updated (with total sample size: 36)!
[INFO](2026/08/20/ 06:11:15 AM) [Round: 0339] Aggregate updated weights of 10 clients...!
[INFO](2026/08/20/ 06:11:15 AM) [Round: 0339] ...updated weights of 10 clients are successfully averaged!
[INFO](2026/08/20/ 06:11:17 AM) [Round: 0339] Evaluate global model's performance...!                
	[Server] ...finished evaluation!                
	=> Loss: 0.6598                
	=> Accuracy: 83.33%

[INFO](2026/08/20/ 06:11:17 AM) [Round: 0340] Select clients...!
[INFO](2026/08/20/ 06:11:18 AM) [Round: 0340] ...successfully transmitted models to 10 selected clients!
[INFO](2026/08/20/ 06:11:18 AM) [Round: 0340] Start updating selected 10 clients...!
[INFO](2026/08/20/ 06:12:07 AM) [Round: 0340] ...10 clients are selected and updated (with total sample size: 47)!
[INFO](2026/08/20/ 06:12:07 AM) [Round: 0340] Aggregate updated weights of 10 clients...!
[INFO](2026/08/20/ 06:12:07 AM) [Round: 0340] ...updated weights of 10 clients are successfully averaged!
[INFO](2026/08/20/ 06:12:09 AM) [Round: 0340] Evaluate global model's performance...!                
	[Server] ...finished evaluation!                
	=> Loss: 0.5131                
	=> Accuracy: 85.71%

[INFO](2026/08/20/ 06:12:09 AM) [Round: 0341] Select clients...!
[INFO](2026/08/20/ 06:12:10 AM) [Round: 0341] ...successfully transmitted models to 10 selected clients!
[INFO](2026/08/20/ 06:12:10 AM) [Round: 0341] Start updating selected 10 clients...!
[INFO](2026/08/20/ 06:12:49 AM) [Round: 0341] ...10 clients are selected and updated (with total sample size: 25)!
[INFO](2026/08/20/ 06:12:49 AM) [Round: 0341] Aggregate updated weights of 10 clients...!
[INFO](2026/08/20/ 06:12:49 AM) [Round: 0341] ...updated weights of 10 clients are successfully averaged!
[INFO](2026/08/20/ 06:12:51 AM) [Round: 0341] Evaluate global model's performance...!                
	[Server] ...finished evaluation!                
	=> Loss: 0.4485                
	=> Accuracy: 86.90%

[INFO](2026/08/20/ 06:12:51 AM) [Round: 0342] Select clients...!
[INFO](2026/08/20/ 06:12:51 AM) [Round: 0342] ...successfully transmitted models to 10 selected clients!
[INFO](2026/08/20/ 06:12:52 AM) [Round: 0342] Start updating selected 10 clients...!
[INFO](2026/08/20/ 06:13:28 AM) [Round: 0342] ...10 clients are selected and updated (with total sample size: 25)!
[INFO](2026/08/20/ 06:13:28 AM) [Round: 0342] Aggregate updated weights of 10 clients...!
[INFO](2026/08/20/ 06:13:28 AM) [Round: 0342] ...updated weights of 10 clients are successfully averaged!
[INFO](2026/08/20/ 06:13:30 AM) [Round: 0342] Evaluate global model's performance...!                
	[Server] ...finished evaluation!                
	=> Loss: 0.7701                
	=> Accuracy: 84.52%

[INFO](2026/08/20/ 06:13:30 AM) [Round: 0343] Select clients...!
[INFO](2026/08/20/ 06:13:30 AM) [Round: 0343] ...successfully transmitted models to 10 selected clients!
[INFO](2026/08/20/ 06:13:30 AM) [Round: 0343] Start updating selected 10 clients...!
[INFO](2026/08/20/ 06:14:12 AM) [Round: 0343] ...10 clients are selected and updated (with total sample size: 42)!
[INFO](2026/08/20/ 06:14:12 AM) [Round: 0343] Aggregate updated weights of 10 clients...!
[INFO](2026/08/20/ 06:14:12 AM) [Round: 0343] ...updated weights of 10 clients are successfully averaged!
[INFO](2026/08/20/ 06:14:14 AM) [Round: 0343] Evaluate global model's performance...!                
	[Server] ...finished evaluation!                
	=> Loss: 0.6233                
	=> Accuracy: 84.52%

[INFO](2026/08/20/ 06:14:14 AM) [Round: 0344] Select clients...!
[INFO](2026/08/20/ 06:14:14 AM) [Round: 0344] ...successfully transmitted models to 10 selected clients!
[INFO](2026/08/20/ 06:14:14 AM) [Round: 0344] Start updating selected 10 clients...!
[INFO](2026/08/20/ 06:14:55 AM) [Round: 0344] ...10 clients are selected and updated (with total sample size: 25)!
[INFO](2026/08/20/ 06:14:55 AM) [Round: 0344] Aggregate updated weights of 10 clients...!
[INFO](2026/08/20/ 06:14:55 AM) [Round: 0344] ...updated weights of 10 clients are successfully averaged!
[INFO](2026/08/20/ 06:14:57 AM) [Round: 0344] Evaluate global model's performance...!                
	[Server] ...finished evaluation!                
	=> Loss: 0.6949                
	=> Accuracy: 85.48%

[INFO](2026/08/20/ 06:14:57 AM) [Round: 0345] Select clients...!
[INFO](2026/08/20/ 06:14:57 AM) [Round: 0345] ...successfully transmitted models to 10 selected clients!
[INFO](2026/08/20/ 06:14:58 AM) [Round: 0345] Start updating selected 10 clients...!
[INFO](2026/08/20/ 06:15:37 AM) [Round: 0345] ...10 clients are selected and updated (with total sample size: 25)!
[INFO](2026/08/20/ 06:15:37 AM) [Round: 0345] Aggregate updated weights of 10 clients...!
[INFO](2026/08/20/ 06:15:37 AM) [Round: 0345] ...updated weights of 10 clients are successfully averaged!
[INFO](2026/08/20/ 06:15:38 AM) [Round: 0345] Evaluate global model's performance...!                
	[Server] ...finished evaluation!                
	=> Loss: 0.5853                
	=> Accuracy: 84.29%

[INFO](2026/08/20/ 06:15:38 AM) [Round: 0346] Select clients...!
[INFO](2026/08/20/ 06:15:39 AM) [Round: 0346] ...successfully transmitted models to 10 selected clients!
[INFO](2026/08/20/ 06:15:39 AM) [Round: 0346] Start updating selected 10 clients...!
[INFO](2026/08/20/ 06:16:21 AM) [Round: 0346] ...10 clients are selected and updated (with total sample size: 47)!
[INFO](2026/08/20/ 06:16:21 AM) [Round: 0346] Aggregate updated weights of 10 clients...!
[INFO](2026/08/20/ 06:16:22 AM) [Round: 0346] ...updated weights of 10 clients are successfully averaged!
[INFO](2026/08/20/ 06:16:23 AM) [Round: 0346] Evaluate global model's performance...!                
	[Server] ...finished evaluation!                
	=> Loss: 0.5380                
	=> Accuracy: 85.24%

[INFO](2026/08/20/ 06:16:23 AM) [Round: 0347] Select clients...!
[INFO](2026/08/20/ 06:16:24 AM) [Round: 0347] ...successfully transmitted models to 10 selected clients!
[INFO](2026/08/20/ 06:16:24 AM) [Round: 0347] Start updating selected 10 clients...!
[INFO](2026/08/20/ 06:17:04 AM) [Round: 0347] ...10 clients are selected and updated (with total sample size: 42)!
[INFO](2026/08/20/ 06:17:04 AM) [Round: 0347] Aggregate updated weights of 10 clients...!
[INFO](2026/08/20/ 06:17:05 AM) [Round: 0347] ...updated weights of 10 clients are successfully averaged!
[INFO](2026/08/20/ 06:17:06 AM) [Round: 0347] Evaluate global model's performance...!                
	[Server] ...finished evaluation!                
	=> Loss: 0.9596                
	=> Accuracy: 84.05%

[INFO](2026/08/20/ 06:17:06 AM) [Round: 0348] Select clients...!
[INFO](2026/08/20/ 06:17:07 AM) [Round: 0348] ...successfully transmitted models to 10 selected clients!
[INFO](2026/08/20/ 06:17:07 AM) [Round: 0348] Start updating selected 10 clients...!
[INFO](2026/08/20/ 06:17:41 AM) [Round: 0348] ...10 clients are selected and updated (with total sample size: 59)!
[INFO](2026/08/20/ 06:17:41 AM) [Round: 0348] Aggregate updated weights of 10 clients...!
[INFO](2026/08/20/ 06:17:42 AM) [Round: 0348] ...updated weights of 10 clients are successfully averaged!
[INFO](2026/08/20/ 06:17:43 AM) [Round: 0348] Evaluate global model's performance...!                
	[Server] ...finished evaluation!                
	=> Loss: 0.6635                
	=> Accuracy: 84.05%

[INFO](2026/08/20/ 06:17:43 AM) [Round: 0349] Select clients...!
[INFO](2026/08/20/ 06:17:44 AM) [Round: 0349] ...successfully transmitted models to 10 selected clients!
[INFO](2026/08/20/ 06:17:44 AM) [Round: 0349] Start updating selected 10 clients...!
[INFO](2026/08/20/ 06:18:26 AM) [Round: 0349] ...10 clients are selected and updated (with total sample size: 47)!
[INFO](2026/08/20/ 06:18:26 AM) [Round: 0349] Aggregate updated weights of 10 clients...!
[INFO](2026/08/20/ 06:18:27 AM) [Round: 0349] ...updated weights of 10 clients are successfully averaged!
[INFO](2026/08/20/ 06:18:28 AM) [Round: 0349] Evaluate global model's performance...!                
	[Server] ...finished evaluation!                
	=> Loss: 0.7119                
	=> Accuracy: 86.43%

[INFO](2026/08/20/ 06:18:28 AM) [Round: 0350] Select clients...!
[INFO](2026/08/20/ 06:18:29 AM) [Round: 0350] ...successfully transmitted models to 10 selected clients!
[INFO](2026/08/20/ 06:18:29 AM) [Round: 0350] Start updating selected 10 clients...!
[INFO](2026/08/20/ 06:19:07 AM) [Round: 0350] ...10 clients are selected and updated (with total sample size: 47)!
[INFO](2026/08/20/ 06:19:07 AM) [Round: 0350] Aggregate updated weights of 10 clients...!
[INFO](2026/08/20/ 06:19:08 AM) [Round: 0350] ...updated weights of 10 clients are successfully averaged!
[INFO](2026/08/20/ 06:19:09 AM) [Round: 0350] Evaluate global model's performance...!                
	[Server] ...finished evaluation!                
	=> Loss: 0.4999                
	=> Accuracy: 85.00%

[INFO](2026/08/20/ 06:19:09 AM) [Round: 0351] Select clients...!
[INFO](2026/08/20/ 06:19:10 AM) [Round: 0351] ...successfully transmitted models to 10 selected clients!
[INFO](2026/08/20/ 06:19:10 AM) [Round: 0351] Start updating selected 10 clients...!
[INFO](2026/08/20/ 06:19:49 AM) [Round: 0351] ...10 clients are selected and updated (with total sample size: 47)!
[INFO](2026/08/20/ 06:19:49 AM) [Round: 0351] Aggregate updated weights of 10 clients...!
[INFO](2026/08/20/ 06:19:49 AM) [Round: 0351] ...updated weights of 10 clients are successfully averaged!
[INFO](2026/08/20/ 06:19:51 AM) [Round: 0351] Evaluate global model's performance...!                
	[Server] ...finished evaluation!                
	=> Loss: 0.5744                
	=> Accuracy: 84.29%

[INFO](2026/08/20/ 06:19:51 AM) [Round: 0352] Select clients...!
[INFO](2026/08/20/ 06:19:51 AM) [Round: 0352] ...successfully transmitted models to 10 selected clients!
[INFO](2026/08/20/ 06:19:51 AM) [Round: 0352] Start updating selected 10 clients...!
[INFO](2026/08/20/ 06:20:32 AM) [Round: 0352] ...10 clients are selected and updated (with total sample size: 47)!
[INFO](2026/08/20/ 06:20:32 AM) [Round: 0352] Aggregate updated weights of 10 clients...!
[INFO](2026/08/20/ 06:20:32 AM) [Round: 0352] ...updated weights of 10 clients are successfully averaged!
[INFO](2026/08/20/ 06:20:33 AM) [Round: 0352] Evaluate global model's performance...!                
	[Server] ...finished evaluation!                
	=> Loss: 0.6005                
	=> Accuracy: 87.38%

[INFO](2026/08/20/ 06:20:33 AM) [Round: 0353] Select clients...!
[INFO](2026/08/20/ 06:20:34 AM) [Round: 0353] ...successfully transmitted models to 10 selected clients!
[INFO](2026/08/20/ 06:20:34 AM) [Round: 0353] Start updating selected 10 clients...!
[INFO](2026/08/20/ 06:21:13 AM) [Round: 0353] ...10 clients are selected and updated (with total sample size: 36)!
[INFO](2026/08/20/ 06:21:13 AM) [Round: 0353] Aggregate updated weights of 10 clients...!
[INFO](2026/08/20/ 06:21:13 AM) [Round: 0353] ...updated weights of 10 clients are successfully averaged!
[INFO](2026/08/20/ 06:21:15 AM) [Round: 0353] Evaluate global model's performance...!                
	[Server] ...finished evaluation!                
	=> Loss: 0.6042                
	=> Accuracy: 85.00%

[INFO](2026/08/20/ 06:21:15 AM) [Round: 0354] Select clients...!
[INFO](2026/08/20/ 06:21:15 AM) [Round: 0354] ...successfully transmitted models to 10 selected clients!
[INFO](2026/08/20/ 06:21:15 AM) [Round: 0354] Start updating selected 10 clients...!
[INFO](2026/08/20/ 06:21:55 AM) [Round: 0354] ...10 clients are selected and updated (with total sample size: 36)!
[INFO](2026/08/20/ 06:21:56 AM) [Round: 0354] Aggregate updated weights of 10 clients...!
[INFO](2026/08/20/ 06:21:56 AM) [Round: 0354] ...updated weights of 10 clients are successfully averaged!
[INFO](2026/08/20/ 06:21:57 AM) [Round: 0354] Evaluate global model's performance...!                
	[Server] ...finished evaluation!                
	=> Loss: 0.4969                
	=> Accuracy: 86.90%

[INFO](2026/08/20/ 06:21:57 AM) [Round: 0355] Select clients...!
[INFO](2026/08/20/ 06:21:58 AM) [Round: 0355] ...successfully transmitted models to 10 selected clients!
[INFO](2026/08/20/ 06:21:58 AM) [Round: 0355] Start updating selected 10 clients...!
[INFO](2026/08/20/ 06:22:35 AM) [Round: 0355] ...10 clients are selected and updated (with total sample size: 49)!
[INFO](2026/08/20/ 06:22:35 AM) [Round: 0355] Aggregate updated weights of 10 clients...!
[INFO](2026/08/20/ 06:22:35 AM) [Round: 0355] ...updated weights of 10 clients are successfully averaged!
[INFO](2026/08/20/ 06:22:36 AM) [Round: 0355] Evaluate global model's performance...!                
	[Server] ...finished evaluation!                
	=> Loss: 0.5863                
	=> Accuracy: 85.00%

[INFO](2026/08/20/ 06:22:36 AM) [Round: 0356] Select clients...!
[INFO](2026/08/20/ 06:22:37 AM) [Round: 0356] ...successfully transmitted models to 10 selected clients!
[INFO](2026/08/20/ 06:22:37 AM) [Round: 0356] Start updating selected 10 clients...!
[INFO](2026/08/20/ 06:23:16 AM) [Round: 0356] ...10 clients are selected and updated (with total sample size: 59)!
[INFO](2026/08/20/ 06:23:16 AM) [Round: 0356] Aggregate updated weights of 10 clients...!
[INFO](2026/08/20/ 06:23:17 AM) [Round: 0356] ...updated weights of 10 clients are successfully averaged!
[INFO](2026/08/20/ 06:23:18 AM) [Round: 0356] Evaluate global model's performance...!                
	[Server] ...finished evaluation!                
	=> Loss: 0.4439                
	=> Accuracy: 86.90%

[INFO](2026/08/20/ 06:23:19 AM) [Round: 0357] Select clients...!
[INFO](2026/08/20/ 06:23:19 AM) [Round: 0357] ...successfully transmitted models to 10 selected clients!
[INFO](2026/08/20/ 06:23:19 AM) [Round: 0357] Start updating selected 10 clients...!
[INFO](2026/08/20/ 06:23:57 AM) [Round: 0357] ...10 clients are selected and updated (with total sample size: 47)!
[INFO](2026/08/20/ 06:23:57 AM) [Round: 0357] Aggregate updated weights of 10 clients...!
[INFO](2026/08/20/ 06:23:57 AM) [Round: 0357] ...updated weights of 10 clients are successfully averaged!
[INFO](2026/08/20/ 06:23:59 AM) [Round: 0357] Evaluate global model's performance...!                
	[Server] ...finished evaluation!                
	=> Loss: 0.5366                
	=> Accuracy: 87.38%

[INFO](2026/08/20/ 06:23:59 AM) [Round: 0358] Select clients...!
[INFO](2026/08/20/ 06:23:59 AM) [Round: 0358] ...successfully transmitted models to 10 selected clients!
[INFO](2026/08/20/ 06:24:00 AM) [Round: 0358] Start updating selected 10 clients...!
[INFO](2026/08/20/ 06:24:41 AM) [Round: 0358] ...10 clients are selected and updated (with total sample size: 42)!
[INFO](2026/08/20/ 06:24:41 AM) [Round: 0358] Aggregate updated weights of 10 clients...!
[INFO](2026/08/20/ 06:24:41 AM) [Round: 0358] ...updated weights of 10 clients are successfully averaged!
[INFO](2026/08/20/ 06:24:42 AM) [Round: 0358] Evaluate global model's performance...!                
	[Server] ...finished evaluation!                
	=> Loss: 0.3694                
	=> Accuracy: 89.05%

[INFO](2026/08/20/ 06:24:42 AM) [Round: 0359] Select clients...!
[INFO](2026/08/20/ 06:24:43 AM) [Round: 0359] ...successfully transmitted models to 10 selected clients!
[INFO](2026/08/20/ 06:24:43 AM) [Round: 0359] Start updating selected 10 clients...!
[INFO](2026/08/20/ 06:25:17 AM) [Round: 0359] ...10 clients are selected and updated (with total sample size: 36)!
[INFO](2026/08/20/ 06:25:17 AM) [Round: 0359] Aggregate updated weights of 10 clients...!
[INFO](2026/08/20/ 06:25:18 AM) [Round: 0359] ...updated weights of 10 clients are successfully averaged!
[INFO](2026/08/20/ 06:25:19 AM) [Round: 0359] Evaluate global model's performance...!                
	[Server] ...finished evaluation!                
	=> Loss: 0.5908                
	=> Accuracy: 86.90%

[INFO](2026/08/20/ 06:25:19 AM) [Round: 0360] Select clients...!
[INFO](2026/08/20/ 06:25:20 AM) [Round: 0360] ...successfully transmitted models to 10 selected clients!
[INFO](2026/08/20/ 06:25:20 AM) [Round: 0360] Start updating selected 10 clients...!
[INFO](2026/08/20/ 06:25:59 AM) [Round: 0360] ...10 clients are selected and updated (with total sample size: 36)!
[INFO](2026/08/20/ 06:25:59 AM) [Round: 0360] Aggregate updated weights of 10 clients...!
[INFO](2026/08/20/ 06:25:59 AM) [Round: 0360] ...updated weights of 10 clients are successfully averaged!
[INFO](2026/08/20/ 06:26:00 AM) [Round: 0360] Evaluate global model's performance...!                
	[Server] ...finished evaluation!                
	=> Loss: 0.6258                
	=> Accuracy: 85.00%

[INFO](2026/08/20/ 06:26:00 AM) [Round: 0361] Select clients...!
[INFO](2026/08/20/ 06:26:01 AM) [Round: 0361] ...successfully transmitted models to 10 selected clients!
[INFO](2026/08/20/ 06:26:01 AM) [Round: 0361] Start updating selected 10 clients...!
[INFO](2026/08/20/ 06:26:41 AM) [Round: 0361] ...10 clients are selected and updated (with total sample size: 25)!
[INFO](2026/08/20/ 06:26:41 AM) [Round: 0361] Aggregate updated weights of 10 clients...!
[INFO](2026/08/20/ 06:26:41 AM) [Round: 0361] ...updated weights of 10 clients are successfully averaged!
[INFO](2026/08/20/ 06:26:43 AM) [Round: 0361] Evaluate global model's performance...!                
	[Server] ...finished evaluation!                
	=> Loss: 0.4963                
	=> Accuracy: 87.62%

[INFO](2026/08/20/ 06:26:43 AM) [Round: 0362] Select clients...!
[INFO](2026/08/20/ 06:26:43 AM) [Round: 0362] ...successfully transmitted models to 10 selected clients!
[INFO](2026/08/20/ 06:26:43 AM) [Round: 0362] Start updating selected 10 clients...!
[INFO](2026/08/20/ 06:27:25 AM) [Round: 0362] ...10 clients are selected and updated (with total sample size: 25)!
[INFO](2026/08/20/ 06:27:26 AM) [Round: 0362] Aggregate updated weights of 10 clients...!
[INFO](2026/08/20/ 06:27:26 AM) [Round: 0362] ...updated weights of 10 clients are successfully averaged!
[INFO](2026/08/20/ 06:27:27 AM) [Round: 0362] Evaluate global model's performance...!                
	[Server] ...finished evaluation!                
	=> Loss: 0.4477                
	=> Accuracy: 86.67%

[INFO](2026/08/20/ 06:27:27 AM) [Round: 0363] Select clients...!
[INFO](2026/08/20/ 06:27:28 AM) [Round: 0363] ...successfully transmitted models to 10 selected clients!
[INFO](2026/08/20/ 06:27:28 AM) [Round: 0363] Start updating selected 10 clients...!
[INFO](2026/08/20/ 06:28:08 AM) [Round: 0363] ...10 clients are selected and updated (with total sample size: 50)!
[INFO](2026/08/20/ 06:28:08 AM) [Round: 0363] Aggregate updated weights of 10 clients...!
[INFO](2026/08/20/ 06:28:08 AM) [Round: 0363] ...updated weights of 10 clients are successfully averaged!
[INFO](2026/08/20/ 06:28:09 AM) [Round: 0363] Evaluate global model's performance...!                
	[Server] ...finished evaluation!                
	=> Loss: 0.6335                
	=> Accuracy: 85.24%

[INFO](2026/08/20/ 06:28:10 AM) [Round: 0364] Select clients...!
[INFO](2026/08/20/ 06:28:10 AM) [Round: 0364] ...successfully transmitted models to 10 selected clients!
[INFO](2026/08/20/ 06:28:10 AM) [Round: 0364] Start updating selected 10 clients...!
[INFO](2026/08/20/ 06:28:51 AM) [Round: 0364] ...10 clients are selected and updated (with total sample size: 47)!
[INFO](2026/08/20/ 06:28:51 AM) [Round: 0364] Aggregate updated weights of 10 clients...!
[INFO](2026/08/20/ 06:28:52 AM) [Round: 0364] ...updated weights of 10 clients are successfully averaged!
[INFO](2026/08/20/ 06:28:53 AM) [Round: 0364] Evaluate global model's performance...!                
	[Server] ...finished evaluation!                
	=> Loss: 0.6442                
	=> Accuracy: 87.38%

[INFO](2026/08/20/ 06:28:53 AM) [Round: 0365] Select clients...!
[INFO](2026/08/20/ 06:28:54 AM) [Round: 0365] ...successfully transmitted models to 10 selected clients!
[INFO](2026/08/20/ 06:28:54 AM) [Round: 0365] Start updating selected 10 clients...!
[INFO](2026/08/20/ 06:29:31 AM) [Round: 0365] ...10 clients are selected and updated (with total sample size: 36)!
[INFO](2026/08/20/ 06:29:31 AM) [Round: 0365] Aggregate updated weights of 10 clients...!
[INFO](2026/08/20/ 06:29:31 AM) [Round: 0365] ...updated weights of 10 clients are successfully averaged!
[INFO](2026/08/20/ 06:29:33 AM) [Round: 0365] Evaluate global model's performance...!                
	[Server] ...finished evaluation!                
	=> Loss: 0.7196                
	=> Accuracy: 84.52%

[INFO](2026/08/20/ 06:29:33 AM) [Round: 0366] Select clients...!
[INFO](2026/08/20/ 06:29:33 AM) [Round: 0366] ...successfully transmitted models to 10 selected clients!
[INFO](2026/08/20/ 06:29:34 AM) [Round: 0366] Start updating selected 10 clients...!
[INFO](2026/08/20/ 06:30:18 AM) [Round: 0366] ...10 clients are selected and updated (with total sample size: 42)!
[INFO](2026/08/20/ 06:30:18 AM) [Round: 0366] Aggregate updated weights of 10 clients...!
[INFO](2026/08/20/ 06:30:19 AM) [Round: 0366] ...updated weights of 10 clients are successfully averaged!
[INFO](2026/08/20/ 06:30:20 AM) [Round: 0366] Evaluate global model's performance...!                
	[Server] ...finished evaluation!                
	=> Loss: 0.5109                
	=> Accuracy: 88.10%

[INFO](2026/08/20/ 06:30:20 AM) [Round: 0367] Select clients...!
[INFO](2026/08/20/ 06:30:21 AM) [Round: 0367] ...successfully transmitted models to 10 selected clients!
[INFO](2026/08/20/ 06:30:21 AM) [Round: 0367] Start updating selected 10 clients...!
[INFO](2026/08/20/ 06:31:09 AM) [Round: 0367] ...10 clients are selected and updated (with total sample size: 42)!
[INFO](2026/08/20/ 06:31:09 AM) [Round: 0367] Aggregate updated weights of 10 clients...!
[INFO](2026/08/20/ 06:31:09 AM) [Round: 0367] ...updated weights of 10 clients are successfully averaged!
[INFO](2026/08/20/ 06:31:10 AM) [Round: 0367] Evaluate global model's performance...!                
	[Server] ...finished evaluation!                
	=> Loss: 0.5692                
	=> Accuracy: 87.86%

[INFO](2026/08/20/ 06:31:10 AM) [Round: 0368] Select clients...!
[INFO](2026/08/20/ 06:31:11 AM) [Round: 0368] ...successfully transmitted models to 10 selected clients!
[INFO](2026/08/20/ 06:31:11 AM) [Round: 0368] Start updating selected 10 clients...!
[INFO](2026/08/20/ 06:31:52 AM) [Round: 0368] ...10 clients are selected and updated (with total sample size: 49)!
[INFO](2026/08/20/ 06:31:52 AM) [Round: 0368] Aggregate updated weights of 10 clients...!
[INFO](2026/08/20/ 06:31:52 AM) [Round: 0368] ...updated weights of 10 clients are successfully averaged!
[INFO](2026/08/20/ 06:31:54 AM) [Round: 0368] Evaluate global model's performance...!                
	[Server] ...finished evaluation!                
	=> Loss: 0.4841                
	=> Accuracy: 86.90%

[INFO](2026/08/20/ 06:31:54 AM) [Round: 0369] Select clients...!
[INFO](2026/08/20/ 06:31:54 AM) [Round: 0369] ...successfully transmitted models to 10 selected clients!
[INFO](2026/08/20/ 06:31:55 AM) [Round: 0369] Start updating selected 10 clients...!
[INFO](2026/08/20/ 06:32:32 AM) [Round: 0369] ...10 clients are selected and updated (with total sample size: 25)!
[INFO](2026/08/20/ 06:32:32 AM) [Round: 0369] Aggregate updated weights of 10 clients...!
[INFO](2026/08/20/ 06:32:32 AM) [Round: 0369] ...updated weights of 10 clients are successfully averaged!
[INFO](2026/08/20/ 06:32:34 AM) [Round: 0369] Evaluate global model's performance...!                
	[Server] ...finished evaluation!                
	=> Loss: 0.6305                
	=> Accuracy: 86.67%

[INFO](2026/08/20/ 06:32:34 AM) [Round: 0370] Select clients...!
[INFO](2026/08/20/ 06:32:35 AM) [Round: 0370] ...successfully transmitted models to 10 selected clients!
[INFO](2026/08/20/ 06:32:35 AM) [Round: 0370] Start updating selected 10 clients...!
[INFO](2026/08/20/ 06:33:14 AM) [Round: 0370] ...10 clients are selected and updated (with total sample size: 36)!
[INFO](2026/08/20/ 06:33:14 AM) [Round: 0370] Aggregate updated weights of 10 clients...!
[INFO](2026/08/20/ 06:33:15 AM) [Round: 0370] ...updated weights of 10 clients are successfully averaged!
[INFO](2026/08/20/ 06:33:16 AM) [Round: 0370] Evaluate global model's performance...!                
	[Server] ...finished evaluation!                
	=> Loss: 0.5223                
	=> Accuracy: 88.57%

[INFO](2026/08/20/ 06:33:16 AM) [Round: 0371] Select clients...!
[INFO](2026/08/20/ 06:33:17 AM) [Round: 0371] ...successfully transmitted models to 10 selected clients!
[INFO](2026/08/20/ 06:33:17 AM) [Round: 0371] Start updating selected 10 clients...!
[INFO](2026/08/20/ 06:33:53 AM) [Round: 0371] ...10 clients are selected and updated (with total sample size: 49)!
[INFO](2026/08/20/ 06:33:53 AM) [Round: 0371] Aggregate updated weights of 10 clients...!
[INFO](2026/08/20/ 06:33:54 AM) [Round: 0371] ...updated weights of 10 clients are successfully averaged!
[INFO](2026/08/20/ 06:33:55 AM) [Round: 0371] Evaluate global model's performance...!                
	[Server] ...finished evaluation!                
	=> Loss: 0.4682                
	=> Accuracy: 88.10%

[INFO](2026/08/20/ 06:33:55 AM) [Round: 0372] Select clients...!
[INFO](2026/08/20/ 06:33:56 AM) [Round: 0372] ...successfully transmitted models to 10 selected clients!
[INFO](2026/08/20/ 06:33:56 AM) [Round: 0372] Start updating selected 10 clients...!
[INFO](2026/08/20/ 06:34:35 AM) [Round: 0372] ...10 clients are selected and updated (with total sample size: 25)!
[INFO](2026/08/20/ 06:34:35 AM) [Round: 0372] Aggregate updated weights of 10 clients...!
[INFO](2026/08/20/ 06:34:36 AM) [Round: 0372] ...updated weights of 10 clients are successfully averaged!
[INFO](2026/08/20/ 06:34:37 AM) [Round: 0372] Evaluate global model's performance...!                
	[Server] ...finished evaluation!                
	=> Loss: 0.5310                
	=> Accuracy: 88.33%

[INFO](2026/08/20/ 06:34:38 AM) [Round: 0373] Select clients...!
[INFO](2026/08/20/ 06:34:38 AM) [Round: 0373] ...successfully transmitted models to 10 selected clients!
[INFO](2026/08/20/ 06:34:38 AM) [Round: 0373] Start updating selected 10 clients...!
[INFO](2026/08/20/ 06:35:18 AM) [Round: 0373] ...10 clients are selected and updated (with total sample size: 49)!
[INFO](2026/08/20/ 06:35:19 AM) [Round: 0373] Aggregate updated weights of 10 clients...!
[INFO](2026/08/20/ 06:35:19 AM) [Round: 0373] ...updated weights of 10 clients are successfully averaged!
[INFO](2026/08/20/ 06:35:20 AM) [Round: 0373] Evaluate global model's performance...!                
	[Server] ...finished evaluation!                
	=> Loss: 0.5940                
	=> Accuracy: 85.24%

[INFO](2026/08/20/ 06:35:20 AM) [Round: 0374] Select clients...!
[INFO](2026/08/20/ 06:35:21 AM) [Round: 0374] ...successfully transmitted models to 10 selected clients!
[INFO](2026/08/20/ 06:35:21 AM) [Round: 0374] Start updating selected 10 clients...!
[INFO](2026/08/20/ 06:36:00 AM) [Round: 0374] ...10 clients are selected and updated (with total sample size: 49)!
[INFO](2026/08/20/ 06:36:00 AM) [Round: 0374] Aggregate updated weights of 10 clients...!
[INFO](2026/08/20/ 06:36:01 AM) [Round: 0374] ...updated weights of 10 clients are successfully averaged!
[INFO](2026/08/20/ 06:36:02 AM) [Round: 0374] Evaluate global model's performance...!                
	[Server] ...finished evaluation!                
	=> Loss: 0.7794                
	=> Accuracy: 85.00%

[INFO](2026/08/20/ 06:36:03 AM) [Round: 0375] Select clients...!
[INFO](2026/08/20/ 06:36:03 AM) [Round: 0375] ...successfully transmitted models to 10 selected clients!
[INFO](2026/08/20/ 06:36:03 AM) [Round: 0375] Start updating selected 10 clients...!
[INFO](2026/08/20/ 06:36:42 AM) [Round: 0375] ...10 clients are selected and updated (with total sample size: 49)!
[INFO](2026/08/20/ 06:36:42 AM) [Round: 0375] Aggregate updated weights of 10 clients...!
[INFO](2026/08/20/ 06:36:43 AM) [Round: 0375] ...updated weights of 10 clients are successfully averaged!
[INFO](2026/08/20/ 06:36:44 AM) [Round: 0375] Evaluate global model's performance...!                
	[Server] ...finished evaluation!                
	=> Loss: 0.5850                
	=> Accuracy: 86.19%

[INFO](2026/08/20/ 06:36:44 AM) [Round: 0376] Select clients...!
[INFO](2026/08/20/ 06:36:45 AM) [Round: 0376] ...successfully transmitted models to 10 selected clients!
[INFO](2026/08/20/ 06:36:45 AM) [Round: 0376] Start updating selected 10 clients...!
[INFO](2026/08/20/ 06:37:26 AM) [Round: 0376] ...10 clients are selected and updated (with total sample size: 36)!
[INFO](2026/08/20/ 06:37:26 AM) [Round: 0376] Aggregate updated weights of 10 clients...!
[INFO](2026/08/20/ 06:37:26 AM) [Round: 0376] ...updated weights of 10 clients are successfully averaged!
[INFO](2026/08/20/ 06:37:28 AM) [Round: 0376] Evaluate global model's performance...!                
	[Server] ...finished evaluation!                
	=> Loss: 0.8074                
	=> Accuracy: 85.48%

[INFO](2026/08/20/ 06:37:28 AM) [Round: 0377] Select clients...!
[INFO](2026/08/20/ 06:37:28 AM) [Round: 0377] ...successfully transmitted models to 10 selected clients!
[INFO](2026/08/20/ 06:37:28 AM) [Round: 0377] Start updating selected 10 clients...!
[INFO](2026/08/20/ 06:38:09 AM) [Round: 0377] ...10 clients are selected and updated (with total sample size: 47)!
[INFO](2026/08/20/ 06:38:09 AM) [Round: 0377] Aggregate updated weights of 10 clients...!
[INFO](2026/08/20/ 06:38:10 AM) [Round: 0377] ...updated weights of 10 clients are successfully averaged!
[INFO](2026/08/20/ 06:38:11 AM) [Round: 0377] Evaluate global model's performance...!                
	[Server] ...finished evaluation!                
	=> Loss: 0.5609                
	=> Accuracy: 87.62%

[INFO](2026/08/20/ 06:38:11 AM) [Round: 0378] Select clients...!
[INFO](2026/08/20/ 06:38:12 AM) [Round: 0378] ...successfully transmitted models to 10 selected clients!
[INFO](2026/08/20/ 06:38:12 AM) [Round: 0378] Start updating selected 10 clients...!
[INFO](2026/08/20/ 06:38:52 AM) [Round: 0378] ...10 clients are selected and updated (with total sample size: 49)!
[INFO](2026/08/20/ 06:38:52 AM) [Round: 0378] Aggregate updated weights of 10 clients...!
[INFO](2026/08/20/ 06:38:52 AM) [Round: 0378] ...updated weights of 10 clients are successfully averaged!
[INFO](2026/08/20/ 06:38:54 AM) [Round: 0378] Evaluate global model's performance...!                
	[Server] ...finished evaluation!                
	=> Loss: 0.7392                
	=> Accuracy: 83.10%

[INFO](2026/08/20/ 06:38:54 AM) [Round: 0379] Select clients...!
[INFO](2026/08/20/ 06:38:54 AM) [Round: 0379] ...successfully transmitted models to 10 selected clients!
[INFO](2026/08/20/ 06:38:54 AM) [Round: 0379] Start updating selected 10 clients...!
[INFO](2026/08/20/ 06:39:32 AM) [Round: 0379] ...10 clients are selected and updated (with total sample size: 35)!
[INFO](2026/08/20/ 06:39:32 AM) [Round: 0379] Aggregate updated weights of 10 clients...!
[INFO](2026/08/20/ 06:39:32 AM) [Round: 0379] ...updated weights of 10 clients are successfully averaged!
[INFO](2026/08/20/ 06:39:34 AM) [Round: 0379] Evaluate global model's performance...!                
	[Server] ...finished evaluation!                
	=> Loss: 0.5322                
	=> Accuracy: 86.19%

[INFO](2026/08/20/ 06:39:34 AM) [Round: 0380] Select clients...!
[INFO](2026/08/20/ 06:39:34 AM) [Round: 0380] ...successfully transmitted models to 10 selected clients!
[INFO](2026/08/20/ 06:39:34 AM) [Round: 0380] Start updating selected 10 clients...!
[INFO](2026/08/20/ 06:40:19 AM) [Round: 0380] ...10 clients are selected and updated (with total sample size: 36)!
[INFO](2026/08/20/ 06:40:19 AM) [Round: 0380] Aggregate updated weights of 10 clients...!
[INFO](2026/08/20/ 06:40:19 AM) [Round: 0380] ...updated weights of 10 clients are successfully averaged!
[INFO](2026/08/20/ 06:40:21 AM) [Round: 0380] Evaluate global model's performance...!                
	[Server] ...finished evaluation!                
	=> Loss: 0.5203                
	=> Accuracy: 86.43%

[INFO](2026/08/20/ 06:40:21 AM) [Round: 0381] Select clients...!
[INFO](2026/08/20/ 06:40:22 AM) [Round: 0381] ...successfully transmitted models to 10 selected clients!
[INFO](2026/08/20/ 06:40:22 AM) [Round: 0381] Start updating selected 10 clients...!
[INFO](2026/08/20/ 06:41:06 AM) [Round: 0381] ...10 clients are selected and updated (with total sample size: 47)!
[INFO](2026/08/20/ 06:41:06 AM) [Round: 0381] Aggregate updated weights of 10 clients...!
[INFO](2026/08/20/ 06:41:06 AM) [Round: 0381] ...updated weights of 10 clients are successfully averaged!
[INFO](2026/08/20/ 06:41:08 AM) [Round: 0381] Evaluate global model's performance...!                
	[Server] ...finished evaluation!                
	=> Loss: 0.7222                
	=> Accuracy: 85.24%

[INFO](2026/08/20/ 06:41:08 AM) [Round: 0382] Select clients...!
[INFO](2026/08/20/ 06:41:09 AM) [Round: 0382] ...successfully transmitted models to 10 selected clients!
[INFO](2026/08/20/ 06:41:09 AM) [Round: 0382] Start updating selected 10 clients...!
[INFO](2026/08/20/ 06:41:50 AM) [Round: 0382] ...10 clients are selected and updated (with total sample size: 49)!
[INFO](2026/08/20/ 06:41:50 AM) [Round: 0382] Aggregate updated weights of 10 clients...!
[INFO](2026/08/20/ 06:41:50 AM) [Round: 0382] ...updated weights of 10 clients are successfully averaged!
[INFO](2026/08/20/ 06:41:51 AM) [Round: 0382] Evaluate global model's performance...!                
	[Server] ...finished evaluation!                
	=> Loss: 0.5621                
	=> Accuracy: 86.90%

[INFO](2026/08/20/ 06:41:52 AM) [Round: 0383] Select clients...!
[INFO](2026/08/20/ 06:41:52 AM) [Round: 0383] ...successfully transmitted models to 10 selected clients!
[INFO](2026/08/20/ 06:41:52 AM) [Round: 0383] Start updating selected 10 clients...!
[INFO](2026/08/20/ 06:42:31 AM) [Round: 0383] ...10 clients are selected and updated (with total sample size: 36)!
[INFO](2026/08/20/ 06:42:31 AM) [Round: 0383] Aggregate updated weights of 10 clients...!
[INFO](2026/08/20/ 06:42:31 AM) [Round: 0383] ...updated weights of 10 clients are successfully averaged!
[INFO](2026/08/20/ 06:42:33 AM) [Round: 0383] Evaluate global model's performance...!                
	[Server] ...finished evaluation!                
	=> Loss: 0.5263                
	=> Accuracy: 86.90%

[INFO](2026/08/20/ 06:42:33 AM) [Round: 0384] Select clients...!
[INFO](2026/08/20/ 06:42:33 AM) [Round: 0384] ...successfully transmitted models to 10 selected clients!
[INFO](2026/08/20/ 06:42:33 AM) [Round: 0384] Start updating selected 10 clients...!
[INFO](2026/08/20/ 06:43:12 AM) [Round: 0384] ...10 clients are selected and updated (with total sample size: 25)!
[INFO](2026/08/20/ 06:43:12 AM) [Round: 0384] Aggregate updated weights of 10 clients...!
[INFO](2026/08/20/ 06:43:12 AM) [Round: 0384] ...updated weights of 10 clients are successfully averaged!
[INFO](2026/08/20/ 06:43:14 AM) [Round: 0384] Evaluate global model's performance...!                
	[Server] ...finished evaluation!                
	=> Loss: 0.4798                
	=> Accuracy: 88.10%

[INFO](2026/08/20/ 06:43:14 AM) [Round: 0385] Select clients...!
[INFO](2026/08/20/ 06:43:14 AM) [Round: 0385] ...successfully transmitted models to 10 selected clients!
[INFO](2026/08/20/ 06:43:14 AM) [Round: 0385] Start updating selected 10 clients...!
[INFO](2026/08/20/ 06:43:56 AM) [Round: 0385] ...10 clients are selected and updated (with total sample size: 49)!
[INFO](2026/08/20/ 06:43:56 AM) [Round: 0385] Aggregate updated weights of 10 clients...!
[INFO](2026/08/20/ 06:43:56 AM) [Round: 0385] ...updated weights of 10 clients are successfully averaged!
[INFO](2026/08/20/ 06:43:58 AM) [Round: 0385] Evaluate global model's performance...!                
	[Server] ...finished evaluation!                
	=> Loss: 0.5383                
	=> Accuracy: 88.10%

[INFO](2026/08/20/ 06:43:58 AM) [Round: 0386] Select clients...!
[INFO](2026/08/20/ 06:43:58 AM) [Round: 0386] ...successfully transmitted models to 10 selected clients!
[INFO](2026/08/20/ 06:43:58 AM) [Round: 0386] Start updating selected 10 clients...!
[INFO](2026/08/20/ 06:44:39 AM) [Round: 0386] ...10 clients are selected and updated (with total sample size: 47)!
[INFO](2026/08/20/ 06:44:39 AM) [Round: 0386] Aggregate updated weights of 10 clients...!
[INFO](2026/08/20/ 06:44:40 AM) [Round: 0386] ...updated weights of 10 clients are successfully averaged!
[INFO](2026/08/20/ 06:44:41 AM) [Round: 0386] Evaluate global model's performance...!                
	[Server] ...finished evaluation!                
	=> Loss: 0.5063                
	=> Accuracy: 85.48%

[INFO](2026/08/20/ 06:44:41 AM) [Round: 0387] Select clients...!
[INFO](2026/08/20/ 06:44:42 AM) [Round: 0387] ...successfully transmitted models to 10 selected clients!
[INFO](2026/08/20/ 06:44:42 AM) [Round: 0387] Start updating selected 10 clients...!
[INFO](2026/08/20/ 06:45:18 AM) [Round: 0387] ...10 clients are selected and updated (with total sample size: 49)!
[INFO](2026/08/20/ 06:45:19 AM) [Round: 0387] Aggregate updated weights of 10 clients...!
[INFO](2026/08/20/ 06:45:19 AM) [Round: 0387] ...updated weights of 10 clients are successfully averaged!
[INFO](2026/08/20/ 06:45:20 AM) [Round: 0387] Evaluate global model's performance...!                
	[Server] ...finished evaluation!                
	=> Loss: 0.5426                
	=> Accuracy: 88.33%

[INFO](2026/08/20/ 06:45:20 AM) [Round: 0388] Select clients...!
[INFO](2026/08/20/ 06:45:21 AM) [Round: 0388] ...successfully transmitted models to 10 selected clients!
[INFO](2026/08/20/ 06:45:21 AM) [Round: 0388] Start updating selected 10 clients...!
[INFO](2026/08/20/ 06:45:59 AM) [Round: 0388] ...10 clients are selected and updated (with total sample size: 50)!
[INFO](2026/08/20/ 06:45:59 AM) [Round: 0388] Aggregate updated weights of 10 clients...!
[INFO](2026/08/20/ 06:45:59 AM) [Round: 0388] ...updated weights of 10 clients are successfully averaged!
[INFO](2026/08/20/ 06:46:01 AM) [Round: 0388] Evaluate global model's performance...!                
	[Server] ...finished evaluation!                
	=> Loss: 0.6283                
	=> Accuracy: 85.95%

[INFO](2026/08/20/ 06:46:01 AM) [Round: 0389] Select clients...!
[INFO](2026/08/20/ 06:46:02 AM) [Round: 0389] ...successfully transmitted models to 10 selected clients!
[INFO](2026/08/20/ 06:46:02 AM) [Round: 0389] Start updating selected 10 clients...!
[INFO](2026/08/20/ 06:46:46 AM) [Round: 0389] ...10 clients are selected and updated (with total sample size: 47)!
[INFO](2026/08/20/ 06:46:46 AM) [Round: 0389] Aggregate updated weights of 10 clients...!
[INFO](2026/08/20/ 06:46:46 AM) [Round: 0389] ...updated weights of 10 clients are successfully averaged!
[INFO](2026/08/20/ 06:46:47 AM) [Round: 0389] Evaluate global model's performance...!                
	[Server] ...finished evaluation!                
	=> Loss: 0.6234                
	=> Accuracy: 85.48%

[INFO](2026/08/20/ 06:46:48 AM) [Round: 0390] Select clients...!
[INFO](2026/08/20/ 06:46:48 AM) [Round: 0390] ...successfully transmitted models to 10 selected clients!
[INFO](2026/08/20/ 06:46:48 AM) [Round: 0390] Start updating selected 10 clients...!
[INFO](2026/08/20/ 06:47:27 AM) [Round: 0390] ...10 clients are selected and updated (with total sample size: 36)!
[INFO](2026/08/20/ 06:47:27 AM) [Round: 0390] Aggregate updated weights of 10 clients...!
[INFO](2026/08/20/ 06:47:27 AM) [Round: 0390] ...updated weights of 10 clients are successfully averaged!
[INFO](2026/08/20/ 06:47:29 AM) [Round: 0390] Evaluate global model's performance...!                
	[Server] ...finished evaluation!                
	=> Loss: 0.4634                
	=> Accuracy: 86.90%

[INFO](2026/08/20/ 06:47:29 AM) [Round: 0391] Select clients...!
[INFO](2026/08/20/ 06:47:29 AM) [Round: 0391] ...successfully transmitted models to 10 selected clients!
[INFO](2026/08/20/ 06:47:29 AM) [Round: 0391] Start updating selected 10 clients...!
[INFO](2026/08/20/ 06:48:08 AM) [Round: 0391] ...10 clients are selected and updated (with total sample size: 59)!
[INFO](2026/08/20/ 06:48:08 AM) [Round: 0391] Aggregate updated weights of 10 clients...!
[INFO](2026/08/20/ 06:48:08 AM) [Round: 0391] ...updated weights of 10 clients are successfully averaged!
[INFO](2026/08/20/ 06:48:10 AM) [Round: 0391] Evaluate global model's performance...!                
	[Server] ...finished evaluation!                
	=> Loss: 0.4492                
	=> Accuracy: 88.10%

[INFO](2026/08/20/ 06:48:10 AM) [Round: 0392] Select clients...!
[INFO](2026/08/20/ 06:48:11 AM) [Round: 0392] ...successfully transmitted models to 10 selected clients!
[INFO](2026/08/20/ 06:48:11 AM) [Round: 0392] Start updating selected 10 clients...!
[INFO](2026/08/20/ 06:48:48 AM) [Round: 0392] ...10 clients are selected and updated (with total sample size: 49)!
[INFO](2026/08/20/ 06:48:48 AM) [Round: 0392] Aggregate updated weights of 10 clients...!
[INFO](2026/08/20/ 06:48:48 AM) [Round: 0392] ...updated weights of 10 clients are successfully averaged!
[INFO](2026/08/20/ 06:48:50 AM) [Round: 0392] Evaluate global model's performance...!                
	[Server] ...finished evaluation!                
	=> Loss: 0.5432                
	=> Accuracy: 86.19%

[INFO](2026/08/20/ 06:48:50 AM) [Round: 0393] Select clients...!
[INFO](2026/08/20/ 06:48:50 AM) [Round: 0393] ...successfully transmitted models to 10 selected clients!
[INFO](2026/08/20/ 06:48:50 AM) [Round: 0393] Start updating selected 10 clients...!
[INFO](2026/08/20/ 06:49:28 AM) [Round: 0393] ...10 clients are selected and updated (with total sample size: 47)!
[INFO](2026/08/20/ 06:49:28 AM) [Round: 0393] Aggregate updated weights of 10 clients...!
[INFO](2026/08/20/ 06:49:29 AM) [Round: 0393] ...updated weights of 10 clients are successfully averaged!
[INFO](2026/08/20/ 06:49:30 AM) [Round: 0393] Evaluate global model's performance...!                
	[Server] ...finished evaluation!                
	=> Loss: 0.5488                
	=> Accuracy: 86.19%

[INFO](2026/08/20/ 06:49:30 AM) [Round: 0394] Select clients...!
[INFO](2026/08/20/ 06:49:31 AM) [Round: 0394] ...successfully transmitted models to 10 selected clients!
[INFO](2026/08/20/ 06:49:31 AM) [Round: 0394] Start updating selected 10 clients...!
[INFO](2026/08/20/ 06:50:10 AM) [Round: 0394] ...10 clients are selected and updated (with total sample size: 42)!
[INFO](2026/08/20/ 06:50:10 AM) [Round: 0394] Aggregate updated weights of 10 clients...!
[INFO](2026/08/20/ 06:50:10 AM) [Round: 0394] ...updated weights of 10 clients are successfully averaged!
[INFO](2026/08/20/ 06:50:12 AM) [Round: 0394] Evaluate global model's performance...!                
	[Server] ...finished evaluation!                
	=> Loss: 0.4736                
	=> Accuracy: 87.86%

[INFO](2026/08/20/ 06:50:12 AM) [Round: 0395] Select clients...!
[INFO](2026/08/20/ 06:50:13 AM) [Round: 0395] ...successfully transmitted models to 10 selected clients!
[INFO](2026/08/20/ 06:50:13 AM) [Round: 0395] Start updating selected 10 clients...!
[INFO](2026/08/20/ 06:50:53 AM) [Round: 0395] ...10 clients are selected and updated (with total sample size: 42)!
[INFO](2026/08/20/ 06:50:53 AM) [Round: 0395] Aggregate updated weights of 10 clients...!
[INFO](2026/08/20/ 06:50:53 AM) [Round: 0395] ...updated weights of 10 clients are successfully averaged!
[INFO](2026/08/20/ 06:50:55 AM) [Round: 0395] Evaluate global model's performance...!                
	[Server] ...finished evaluation!                
	=> Loss: 0.4671                
	=> Accuracy: 87.86%

[INFO](2026/08/20/ 06:50:55 AM) [Round: 0396] Select clients...!
[INFO](2026/08/20/ 06:50:55 AM) [Round: 0396] ...successfully transmitted models to 10 selected clients!
[INFO](2026/08/20/ 06:50:55 AM) [Round: 0396] Start updating selected 10 clients...!
[INFO](2026/08/20/ 06:51:38 AM) [Round: 0396] ...10 clients are selected and updated (with total sample size: 42)!
[INFO](2026/08/20/ 06:51:38 AM) [Round: 0396] Aggregate updated weights of 10 clients...!
[INFO](2026/08/20/ 06:51:38 AM) [Round: 0396] ...updated weights of 10 clients are successfully averaged!
[INFO](2026/08/20/ 06:51:40 AM) [Round: 0396] Evaluate global model's performance...!                
	[Server] ...finished evaluation!                
	=> Loss: 0.5873                
	=> Accuracy: 86.19%

[INFO](2026/08/20/ 06:51:40 AM) [Round: 0397] Select clients...!
[INFO](2026/08/20/ 06:51:40 AM) [Round: 0397] ...successfully transmitted models to 10 selected clients!
[INFO](2026/08/20/ 06:51:40 AM) [Round: 0397] Start updating selected 10 clients...!
[INFO](2026/08/20/ 06:52:21 AM) [Round: 0397] ...10 clients are selected and updated (with total sample size: 49)!
[INFO](2026/08/20/ 06:52:21 AM) [Round: 0397] Aggregate updated weights of 10 clients...!
[INFO](2026/08/20/ 06:52:22 AM) [Round: 0397] ...updated weights of 10 clients are successfully averaged!
[INFO](2026/08/20/ 06:52:23 AM) [Round: 0397] Evaluate global model's performance...!                
	[Server] ...finished evaluation!                
	=> Loss: 0.4886                
	=> Accuracy: 88.81%

[INFO](2026/08/20/ 06:52:23 AM) [Round: 0398] Select clients...!
[INFO](2026/08/20/ 06:52:24 AM) [Round: 0398] ...successfully transmitted models to 10 selected clients!
[INFO](2026/08/20/ 06:52:24 AM) [Round: 0398] Start updating selected 10 clients...!
[INFO](2026/08/20/ 06:53:04 AM) [Round: 0398] ...10 clients are selected and updated (with total sample size: 47)!
[INFO](2026/08/20/ 06:53:04 AM) [Round: 0398] Aggregate updated weights of 10 clients...!
[INFO](2026/08/20/ 06:53:05 AM) [Round: 0398] ...updated weights of 10 clients are successfully averaged!
[INFO](2026/08/20/ 06:53:06 AM) [Round: 0398] Evaluate global model's performance...!                
	[Server] ...finished evaluation!                
	=> Loss: 0.5960                
	=> Accuracy: 87.38%

[INFO](2026/08/20/ 06:53:06 AM) [Round: 0399] Select clients...!
[INFO](2026/08/20/ 06:53:07 AM) [Round: 0399] ...successfully transmitted models to 10 selected clients!
[INFO](2026/08/20/ 06:53:07 AM) [Round: 0399] Start updating selected 10 clients...!
[INFO](2026/08/20/ 06:53:48 AM) [Round: 0399] ...10 clients are selected and updated (with total sample size: 36)!
[INFO](2026/08/20/ 06:53:48 AM) [Round: 0399] Aggregate updated weights of 10 clients...!
[INFO](2026/08/20/ 06:53:48 AM) [Round: 0399] ...updated weights of 10 clients are successfully averaged!
[INFO](2026/08/20/ 06:53:50 AM) [Round: 0399] Evaluate global model's performance...!                
	[Server] ...finished evaluation!                
	=> Loss: 0.7326                
	=> Accuracy: 83.81%

[INFO](2026/08/20/ 06:53:50 AM) [Round: 0400] Select clients...!
[INFO](2026/08/20/ 06:53:50 AM) [Round: 0400] ...successfully transmitted models to 10 selected clients!
[INFO](2026/08/20/ 06:53:50 AM) [Round: 0400] Start updating selected 10 clients...!
[INFO](2026/08/20/ 06:54:29 AM) [Round: 0400] ...10 clients are selected and updated (with total sample size: 42)!
[INFO](2026/08/20/ 06:54:29 AM) [Round: 0400] Aggregate updated weights of 10 clients...!
[INFO](2026/08/20/ 06:54:29 AM) [Round: 0400] ...updated weights of 10 clients are successfully averaged!
[INFO](2026/08/20/ 06:54:31 AM) [Round: 0400] Evaluate global model's performance...!                
	[Server] ...finished evaluation!                
	=> Loss: 0.6998                
	=> Accuracy: 85.24%

[INFO](2026/08/20/ 06:54:31 AM) [Round: 0401] Select clients...!
[INFO](2026/08/20/ 06:54:31 AM) [Round: 0401] ...successfully transmitted models to 10 selected clients!
[INFO](2026/08/20/ 06:54:32 AM) [Round: 0401] Start updating selected 10 clients...!
[INFO](2026/08/20/ 06:55:18 AM) [Round: 0401] ...10 clients are selected and updated (with total sample size: 42)!
[INFO](2026/08/20/ 06:55:18 AM) [Round: 0401] Aggregate updated weights of 10 clients...!
[INFO](2026/08/20/ 06:55:18 AM) [Round: 0401] ...updated weights of 10 clients are successfully averaged!
[INFO](2026/08/20/ 06:55:20 AM) [Round: 0401] Evaluate global model's performance...!                
	[Server] ...finished evaluation!                
	=> Loss: 0.6054                
	=> Accuracy: 87.62%

[INFO](2026/08/20/ 06:55:20 AM) [Round: 0402] Select clients...!
[INFO](2026/08/20/ 06:55:21 AM) [Round: 0402] ...successfully transmitted models to 10 selected clients!
[INFO](2026/08/20/ 06:55:21 AM) [Round: 0402] Start updating selected 10 clients...!
[INFO](2026/08/20/ 06:56:04 AM) [Round: 0402] ...10 clients are selected and updated (with total sample size: 42)!
[INFO](2026/08/20/ 06:56:04 AM) [Round: 0402] Aggregate updated weights of 10 clients...!
[INFO](2026/08/20/ 06:56:04 AM) [Round: 0402] ...updated weights of 10 clients are successfully averaged!
[INFO](2026/08/20/ 06:56:06 AM) [Round: 0402] Evaluate global model's performance...!                
	[Server] ...finished evaluation!                
	=> Loss: 0.5523                
	=> Accuracy: 88.10%

[INFO](2026/08/20/ 06:56:06 AM) [Round: 0403] Select clients...!
[INFO](2026/08/20/ 06:56:06 AM) [Round: 0403] ...successfully transmitted models to 10 selected clients!
[INFO](2026/08/20/ 06:56:07 AM) [Round: 0403] Start updating selected 10 clients...!
[INFO](2026/08/20/ 06:56:42 AM) [Round: 0403] ...10 clients are selected and updated (with total sample size: 25)!
[INFO](2026/08/20/ 06:56:42 AM) [Round: 0403] Aggregate updated weights of 10 clients...!
[INFO](2026/08/20/ 06:56:42 AM) [Round: 0403] ...updated weights of 10 clients are successfully averaged!
[INFO](2026/08/20/ 06:56:44 AM) [Round: 0403] Evaluate global model's performance...!                
	[Server] ...finished evaluation!                
	=> Loss: 0.6961                
	=> Accuracy: 86.90%

[INFO](2026/08/20/ 06:56:44 AM) [Round: 0404] Select clients...!
[INFO](2026/08/20/ 06:56:44 AM) [Round: 0404] ...successfully transmitted models to 10 selected clients!
[INFO](2026/08/20/ 06:56:45 AM) [Round: 0404] Start updating selected 10 clients...!
[INFO](2026/08/20/ 06:57:21 AM) [Round: 0404] ...10 clients are selected and updated (with total sample size: 25)!
[INFO](2026/08/20/ 06:57:21 AM) [Round: 0404] Aggregate updated weights of 10 clients...!
[INFO](2026/08/20/ 06:57:22 AM) [Round: 0404] ...updated weights of 10 clients are successfully averaged!
[INFO](2026/08/20/ 06:57:23 AM) [Round: 0404] Evaluate global model's performance...!                
	[Server] ...finished evaluation!                
	=> Loss: 0.5160                
	=> Accuracy: 88.57%

[INFO](2026/08/20/ 06:57:23 AM) [Round: 0405] Select clients...!
[INFO](2026/08/20/ 06:57:24 AM) [Round: 0405] ...successfully transmitted models to 10 selected clients!
[INFO](2026/08/20/ 06:57:24 AM) [Round: 0405] Start updating selected 10 clients...!
[INFO](2026/08/20/ 06:58:00 AM) [Round: 0405] ...10 clients are selected and updated (with total sample size: 49)!
[INFO](2026/08/20/ 06:58:01 AM) [Round: 0405] Aggregate updated weights of 10 clients...!
[INFO](2026/08/20/ 06:58:01 AM) [Round: 0405] ...updated weights of 10 clients are successfully averaged!
[INFO](2026/08/20/ 06:58:03 AM) [Round: 0405] Evaluate global model's performance...!                
	[Server] ...finished evaluation!                
	=> Loss: 0.5281                
	=> Accuracy: 86.67%

[INFO](2026/08/20/ 06:58:03 AM) [Round: 0406] Select clients...!
[INFO](2026/08/20/ 06:58:03 AM) [Round: 0406] ...successfully transmitted models to 10 selected clients!
[INFO](2026/08/20/ 06:58:03 AM) [Round: 0406] Start updating selected 10 clients...!
[INFO](2026/08/20/ 06:58:40 AM) [Round: 0406] ...10 clients are selected and updated (with total sample size: 47)!
[INFO](2026/08/20/ 06:58:40 AM) [Round: 0406] Aggregate updated weights of 10 clients...!
[INFO](2026/08/20/ 06:58:41 AM) [Round: 0406] ...updated weights of 10 clients are successfully averaged!
[INFO](2026/08/20/ 06:58:42 AM) [Round: 0406] Evaluate global model's performance...!                
	[Server] ...finished evaluation!                
	=> Loss: 0.5442                
	=> Accuracy: 86.19%

[INFO](2026/08/20/ 06:58:42 AM) [Round: 0407] Select clients...!
[INFO](2026/08/20/ 06:58:43 AM) [Round: 0407] ...successfully transmitted models to 10 selected clients!
[INFO](2026/08/20/ 06:58:43 AM) [Round: 0407] Start updating selected 10 clients...!
[INFO](2026/08/20/ 06:59:22 AM) [Round: 0407] ...10 clients are selected and updated (with total sample size: 47)!
[INFO](2026/08/20/ 06:59:22 AM) [Round: 0407] Aggregate updated weights of 10 clients...!
[INFO](2026/08/20/ 06:59:22 AM) [Round: 0407] ...updated weights of 10 clients are successfully averaged!
[INFO](2026/08/20/ 06:59:24 AM) [Round: 0407] Evaluate global model's performance...!                
	[Server] ...finished evaluation!                
	=> Loss: 0.5709                
	=> Accuracy: 88.10%

[INFO](2026/08/20/ 06:59:24 AM) [Round: 0408] Select clients...!
[INFO](2026/08/20/ 06:59:25 AM) [Round: 0408] ...successfully transmitted models to 10 selected clients!
[INFO](2026/08/20/ 06:59:25 AM) [Round: 0408] Start updating selected 10 clients...!
[INFO](2026/08/20/ 07:00:08 AM) [Round: 0408] ...10 clients are selected and updated (with total sample size: 36)!
[INFO](2026/08/20/ 07:00:09 AM) [Round: 0408] Aggregate updated weights of 10 clients...!
[INFO](2026/08/20/ 07:00:09 AM) [Round: 0408] ...updated weights of 10 clients are successfully averaged!
[INFO](2026/08/20/ 07:00:10 AM) [Round: 0408] Evaluate global model's performance...!                
	[Server] ...finished evaluation!                
	=> Loss: 0.5201                
	=> Accuracy: 87.86%

[INFO](2026/08/20/ 07:00:10 AM) [Round: 0409] Select clients...!
[INFO](2026/08/20/ 07:00:11 AM) [Round: 0409] ...successfully transmitted models to 10 selected clients!
[INFO](2026/08/20/ 07:00:11 AM) [Round: 0409] Start updating selected 10 clients...!
[INFO](2026/08/20/ 07:00:51 AM) [Round: 0409] ...10 clients are selected and updated (with total sample size: 47)!
[INFO](2026/08/20/ 07:00:51 AM) [Round: 0409] Aggregate updated weights of 10 clients...!
[INFO](2026/08/20/ 07:00:51 AM) [Round: 0409] ...updated weights of 10 clients are successfully averaged!
[INFO](2026/08/20/ 07:00:53 AM) [Round: 0409] Evaluate global model's performance...!                
	[Server] ...finished evaluation!                
	=> Loss: 0.4342                
	=> Accuracy: 88.33%

[INFO](2026/08/20/ 07:00:53 AM) [Round: 0410] Select clients...!
[INFO](2026/08/20/ 07:00:53 AM) [Round: 0410] ...successfully transmitted models to 10 selected clients!
[INFO](2026/08/20/ 07:00:54 AM) [Round: 0410] Start updating selected 10 clients...!
[INFO](2026/08/20/ 07:01:28 AM) [Round: 0410] ...10 clients are selected and updated (with total sample size: 36)!
[INFO](2026/08/20/ 07:01:28 AM) [Round: 0410] Aggregate updated weights of 10 clients...!
[INFO](2026/08/20/ 07:01:28 AM) [Round: 0410] ...updated weights of 10 clients are successfully averaged!
[INFO](2026/08/20/ 07:01:30 AM) [Round: 0410] Evaluate global model's performance...!                
	[Server] ...finished evaluation!                
	=> Loss: 0.5551                
	=> Accuracy: 87.14%

[INFO](2026/08/20/ 07:01:30 AM) [Round: 0411] Select clients...!
[INFO](2026/08/20/ 07:01:30 AM) [Round: 0411] ...successfully transmitted models to 10 selected clients!
[INFO](2026/08/20/ 07:01:30 AM) [Round: 0411] Start updating selected 10 clients...!
[INFO](2026/08/20/ 07:02:09 AM) [Round: 0411] ...10 clients are selected and updated (with total sample size: 25)!
[INFO](2026/08/20/ 07:02:09 AM) [Round: 0411] Aggregate updated weights of 10 clients...!
[INFO](2026/08/20/ 07:02:09 AM) [Round: 0411] ...updated weights of 10 clients are successfully averaged!
[INFO](2026/08/20/ 07:02:11 AM) [Round: 0411] Evaluate global model's performance...!                
	[Server] ...finished evaluation!                
	=> Loss: 0.5457                
	=> Accuracy: 86.43%

[INFO](2026/08/20/ 07:02:11 AM) [Round: 0412] Select clients...!
[INFO](2026/08/20/ 07:02:11 AM) [Round: 0412] ...successfully transmitted models to 10 selected clients!
[INFO](2026/08/20/ 07:02:11 AM) [Round: 0412] Start updating selected 10 clients...!
[INFO](2026/08/20/ 07:02:55 AM) [Round: 0412] ...10 clients are selected and updated (with total sample size: 50)!
[INFO](2026/08/20/ 07:02:56 AM) [Round: 0412] Aggregate updated weights of 10 clients...!
[INFO](2026/08/20/ 07:02:56 AM) [Round: 0412] ...updated weights of 10 clients are successfully averaged!
[INFO](2026/08/20/ 07:02:57 AM) [Round: 0412] Evaluate global model's performance...!                
	[Server] ...finished evaluation!                
	=> Loss: 0.6454                
	=> Accuracy: 85.71%

[INFO](2026/08/20/ 07:02:57 AM) [Round: 0413] Select clients...!
[INFO](2026/08/20/ 07:02:58 AM) [Round: 0413] ...successfully transmitted models to 10 selected clients!
[INFO](2026/08/20/ 07:02:58 AM) [Round: 0413] Start updating selected 10 clients...!
[INFO](2026/08/20/ 07:03:41 AM) [Round: 0413] ...10 clients are selected and updated (with total sample size: 50)!
[INFO](2026/08/20/ 07:03:41 AM) [Round: 0413] Aggregate updated weights of 10 clients...!
[INFO](2026/08/20/ 07:03:41 AM) [Round: 0413] ...updated weights of 10 clients are successfully averaged!
[INFO](2026/08/20/ 07:03:43 AM) [Round: 0413] Evaluate global model's performance...!                
	[Server] ...finished evaluation!                
	=> Loss: 0.6371                
	=> Accuracy: 85.95%

[INFO](2026/08/20/ 07:03:43 AM) [Round: 0414] Select clients...!
[INFO](2026/08/20/ 07:03:43 AM) [Round: 0414] ...successfully transmitted models to 10 selected clients!
[INFO](2026/08/20/ 07:03:43 AM) [Round: 0414] Start updating selected 10 clients...!
[INFO](2026/08/20/ 07:04:23 AM) [Round: 0414] ...10 clients are selected and updated (with total sample size: 25)!
[INFO](2026/08/20/ 07:04:23 AM) [Round: 0414] Aggregate updated weights of 10 clients...!
[INFO](2026/08/20/ 07:04:24 AM) [Round: 0414] ...updated weights of 10 clients are successfully averaged!
[INFO](2026/08/20/ 07:04:25 AM) [Round: 0414] Evaluate global model's performance...!                
	[Server] ...finished evaluation!                
	=> Loss: 0.6709                
	=> Accuracy: 85.48%

[INFO](2026/08/20/ 07:04:25 AM) [Round: 0415] Select clients...!
[INFO](2026/08/20/ 07:04:26 AM) [Round: 0415] ...successfully transmitted models to 10 selected clients!
[INFO](2026/08/20/ 07:04:26 AM) [Round: 0415] Start updating selected 10 clients...!
[INFO](2026/08/20/ 07:05:08 AM) [Round: 0415] ...10 clients are selected and updated (with total sample size: 47)!
[INFO](2026/08/20/ 07:05:08 AM) [Round: 0415] Aggregate updated weights of 10 clients...!
[INFO](2026/08/20/ 07:05:08 AM) [Round: 0415] ...updated weights of 10 clients are successfully averaged!
[INFO](2026/08/20/ 07:05:10 AM) [Round: 0415] Evaluate global model's performance...!                
	[Server] ...finished evaluation!                
	=> Loss: 0.5880                
	=> Accuracy: 85.71%

[INFO](2026/08/20/ 07:05:10 AM) [Round: 0416] Select clients...!
[INFO](2026/08/20/ 07:05:10 AM) [Round: 0416] ...successfully transmitted models to 10 selected clients!
[INFO](2026/08/20/ 07:05:10 AM) [Round: 0416] Start updating selected 10 clients...!
[INFO](2026/08/20/ 07:05:51 AM) [Round: 0416] ...10 clients are selected and updated (with total sample size: 47)!
[INFO](2026/08/20/ 07:05:51 AM) [Round: 0416] Aggregate updated weights of 10 clients...!
[INFO](2026/08/20/ 07:05:51 AM) [Round: 0416] ...updated weights of 10 clients are successfully averaged!
[INFO](2026/08/20/ 07:05:53 AM) [Round: 0416] Evaluate global model's performance...!                
	[Server] ...finished evaluation!                
	=> Loss: 0.4921                
	=> Accuracy: 86.67%

[INFO](2026/08/20/ 07:05:53 AM) [Round: 0417] Select clients...!
[INFO](2026/08/20/ 07:05:53 AM) [Round: 0417] ...successfully transmitted models to 10 selected clients!
[INFO](2026/08/20/ 07:05:53 AM) [Round: 0417] Start updating selected 10 clients...!
[INFO](2026/08/20/ 07:06:32 AM) [Round: 0417] ...10 clients are selected and updated (with total sample size: 47)!
[INFO](2026/08/20/ 07:06:32 AM) [Round: 0417] Aggregate updated weights of 10 clients...!
[INFO](2026/08/20/ 07:06:32 AM) [Round: 0417] ...updated weights of 10 clients are successfully averaged!
[INFO](2026/08/20/ 07:06:34 AM) [Round: 0417] Evaluate global model's performance...!                
	[Server] ...finished evaluation!                
	=> Loss: 0.5087                
	=> Accuracy: 86.19%

[INFO](2026/08/20/ 07:06:34 AM) [Round: 0418] Select clients...!
[INFO](2026/08/20/ 07:06:34 AM) [Round: 0418] ...successfully transmitted models to 10 selected clients!
[INFO](2026/08/20/ 07:06:34 AM) [Round: 0418] Start updating selected 10 clients...!
[INFO](2026/08/20/ 07:07:14 AM) [Round: 0418] ...10 clients are selected and updated (with total sample size: 47)!
[INFO](2026/08/20/ 07:07:14 AM) [Round: 0418] Aggregate updated weights of 10 clients...!
[INFO](2026/08/20/ 07:07:14 AM) [Round: 0418] ...updated weights of 10 clients are successfully averaged!
[INFO](2026/08/20/ 07:07:16 AM) [Round: 0418] Evaluate global model's performance...!                
	[Server] ...finished evaluation!                
	=> Loss: 0.4913                
	=> Accuracy: 86.90%

[INFO](2026/08/20/ 07:07:16 AM) [Round: 0419] Select clients...!
[INFO](2026/08/20/ 07:07:16 AM) [Round: 0419] ...successfully transmitted models to 10 selected clients!
[INFO](2026/08/20/ 07:07:16 AM) [Round: 0419] Start updating selected 10 clients...!
[INFO](2026/08/20/ 07:07:56 AM) [Round: 0419] ...10 clients are selected and updated (with total sample size: 47)!
[INFO](2026/08/20/ 07:07:56 AM) [Round: 0419] Aggregate updated weights of 10 clients...!
[INFO](2026/08/20/ 07:07:56 AM) [Round: 0419] ...updated weights of 10 clients are successfully averaged!
[INFO](2026/08/20/ 07:07:58 AM) [Round: 0419] Evaluate global model's performance...!                
	[Server] ...finished evaluation!                
	=> Loss: 0.4990                
	=> Accuracy: 87.14%

[INFO](2026/08/20/ 07:07:58 AM) [Round: 0420] Select clients...!
[INFO](2026/08/20/ 07:07:58 AM) [Round: 0420] ...successfully transmitted models to 10 selected clients!
[INFO](2026/08/20/ 07:07:59 AM) [Round: 0420] Start updating selected 10 clients...!
[INFO](2026/08/20/ 07:08:38 AM) [Round: 0420] ...10 clients are selected and updated (with total sample size: 47)!
[INFO](2026/08/20/ 07:08:38 AM) [Round: 0420] Aggregate updated weights of 10 clients...!
[INFO](2026/08/20/ 07:08:38 AM) [Round: 0420] ...updated weights of 10 clients are successfully averaged!
[INFO](2026/08/20/ 07:08:40 AM) [Round: 0420] Evaluate global model's performance...!                
	[Server] ...finished evaluation!                
	=> Loss: 0.4929                
	=> Accuracy: 87.38%

[INFO](2026/08/20/ 07:08:40 AM) [Round: 0421] Select clients...!
[INFO](2026/08/20/ 07:08:40 AM) [Round: 0421] ...successfully transmitted models to 10 selected clients!
[INFO](2026/08/20/ 07:08:40 AM) [Round: 0421] Start updating selected 10 clients...!
[INFO](2026/08/20/ 07:09:23 AM) [Round: 0421] ...10 clients are selected and updated (with total sample size: 42)!
[INFO](2026/08/20/ 07:09:24 AM) [Round: 0421] Aggregate updated weights of 10 clients...!
[INFO](2026/08/20/ 07:09:24 AM) [Round: 0421] ...updated weights of 10 clients are successfully averaged!
[INFO](2026/08/20/ 07:09:25 AM) [Round: 0421] Evaluate global model's performance...!                
	[Server] ...finished evaluation!                
	=> Loss: 0.4396                
	=> Accuracy: 89.05%

[INFO](2026/08/20/ 07:09:26 AM) [Round: 0422] Select clients...!
[INFO](2026/08/20/ 07:09:26 AM) [Round: 0422] ...successfully transmitted models to 10 selected clients!
[INFO](2026/08/20/ 07:09:26 AM) [Round: 0422] Start updating selected 10 clients...!
[INFO](2026/08/20/ 07:10:08 AM) [Round: 0422] ...10 clients are selected and updated (with total sample size: 49)!
[INFO](2026/08/20/ 07:10:08 AM) [Round: 0422] Aggregate updated weights of 10 clients...!
[INFO](2026/08/20/ 07:10:09 AM) [Round: 0422] ...updated weights of 10 clients are successfully averaged!
[INFO](2026/08/20/ 07:10:10 AM) [Round: 0422] Evaluate global model's performance...!                
	[Server] ...finished evaluation!                
	=> Loss: 0.5101                
	=> Accuracy: 87.62%

[INFO](2026/08/20/ 07:10:11 AM) [Round: 0423] Select clients...!
[INFO](2026/08/20/ 07:10:11 AM) [Round: 0423] ...successfully transmitted models to 10 selected clients!
[INFO](2026/08/20/ 07:10:11 AM) [Round: 0423] Start updating selected 10 clients...!
[INFO](2026/08/20/ 07:10:45 AM) [Round: 0423] ...10 clients are selected and updated (with total sample size: 47)!
[INFO](2026/08/20/ 07:10:45 AM) [Round: 0423] Aggregate updated weights of 10 clients...!
[INFO](2026/08/20/ 07:10:46 AM) [Round: 0423] ...updated weights of 10 clients are successfully averaged!
[INFO](2026/08/20/ 07:10:47 AM) [Round: 0423] Evaluate global model's performance...!                
	[Server] ...finished evaluation!                
	=> Loss: 0.5182                
	=> Accuracy: 86.90%

[INFO](2026/08/20/ 07:10:47 AM) [Round: 0424] Select clients...!
[INFO](2026/08/20/ 07:10:48 AM) [Round: 0424] ...successfully transmitted models to 10 selected clients!
[INFO](2026/08/20/ 07:10:48 AM) [Round: 0424] Start updating selected 10 clients...!
[INFO](2026/08/20/ 07:11:24 AM) [Round: 0424] ...10 clients are selected and updated (with total sample size: 49)!
[INFO](2026/08/20/ 07:11:24 AM) [Round: 0424] Aggregate updated weights of 10 clients...!
[INFO](2026/08/20/ 07:11:25 AM) [Round: 0424] ...updated weights of 10 clients are successfully averaged!
[INFO](2026/08/20/ 07:11:26 AM) [Round: 0424] Evaluate global model's performance...!                
	[Server] ...finished evaluation!                
	=> Loss: 0.5327                
	=> Accuracy: 88.81%

[INFO](2026/08/20/ 07:11:26 AM) [Round: 0425] Select clients...!
[INFO](2026/08/20/ 07:11:27 AM) [Round: 0425] ...successfully transmitted models to 10 selected clients!
[INFO](2026/08/20/ 07:11:27 AM) [Round: 0425] Start updating selected 10 clients...!
[INFO](2026/08/20/ 07:12:13 AM) [Round: 0425] ...10 clients are selected and updated (with total sample size: 42)!
[INFO](2026/08/20/ 07:12:13 AM) [Round: 0425] Aggregate updated weights of 10 clients...!
[INFO](2026/08/20/ 07:12:13 AM) [Round: 0425] ...updated weights of 10 clients are successfully averaged!
[INFO](2026/08/20/ 07:12:15 AM) [Round: 0425] Evaluate global model's performance...!                
	[Server] ...finished evaluation!                
	=> Loss: 0.4569                
	=> Accuracy: 88.33%

[INFO](2026/08/20/ 07:12:15 AM) [Round: 0426] Select clients...!
[INFO](2026/08/20/ 07:12:16 AM) [Round: 0426] ...successfully transmitted models to 10 selected clients!
[INFO](2026/08/20/ 07:12:16 AM) [Round: 0426] Start updating selected 10 clients...!
[INFO](2026/08/20/ 07:13:07 AM) [Round: 0426] ...10 clients are selected and updated (with total sample size: 47)!
[INFO](2026/08/20/ 07:13:07 AM) [Round: 0426] Aggregate updated weights of 10 clients...!
[INFO](2026/08/20/ 07:13:07 AM) [Round: 0426] ...updated weights of 10 clients are successfully averaged!
[INFO](2026/08/20/ 07:13:38 AM) [Round: 0426] Evaluate global model's performance...!                
	[Server] ...finished evaluation!                
	=> Loss: 0.6000                
	=> Accuracy: 86.43%

[INFO](2026/08/20/ 07:13:38 AM) [Round: 0427] Select clients...!
[INFO](2026/08/20/ 07:13:38 AM) [Round: 0427] ...successfully transmitted models to 10 selected clients!
[INFO](2026/08/20/ 07:13:38 AM) [Round: 0427] Start updating selected 10 clients...!
[INFO](2026/08/20/ 07:14:50 AM) [Round: 0427] ...10 clients are selected and updated (with total sample size: 42)!
[INFO](2026/08/20/ 07:14:50 AM) [Round: 0427] Aggregate updated weights of 10 clients...!
[INFO](2026/08/20/ 07:14:51 AM) [Round: 0427] ...updated weights of 10 clients are successfully averaged!
[INFO](2026/08/20/ 07:14:52 AM) [Round: 0427] Evaluate global model's performance...!                
	[Server] ...finished evaluation!                
	=> Loss: 0.8391                
	=> Accuracy: 85.00%

[INFO](2026/08/20/ 07:14:52 AM) [Round: 0428] Select clients...!
[INFO](2026/08/20/ 07:14:53 AM) [Round: 0428] ...successfully transmitted models to 10 selected clients!
[INFO](2026/08/20/ 07:14:53 AM) [Round: 0428] Start updating selected 10 clients...!
[INFO](2026/08/20/ 07:15:44 AM) [Round: 0428] ...10 clients are selected and updated (with total sample size: 42)!
[INFO](2026/08/20/ 07:15:44 AM) [Round: 0428] Aggregate updated weights of 10 clients...!
[INFO](2026/08/20/ 07:15:44 AM) [Round: 0428] ...updated weights of 10 clients are successfully averaged!
[INFO](2026/08/20/ 07:15:46 AM) [Round: 0428] Evaluate global model's performance...!                
	[Server] ...finished evaluation!                
	=> Loss: 0.5691                
	=> Accuracy: 87.62%

[INFO](2026/08/20/ 07:15:46 AM) [Round: 0429] Select clients...!
[INFO](2026/08/20/ 07:15:46 AM) [Round: 0429] ...successfully transmitted models to 10 selected clients!
[INFO](2026/08/20/ 07:15:46 AM) [Round: 0429] Start updating selected 10 clients...!
[INFO](2026/08/20/ 07:16:37 AM) [Round: 0429] ...10 clients are selected and updated (with total sample size: 36)!
[INFO](2026/08/20/ 07:16:37 AM) [Round: 0429] Aggregate updated weights of 10 clients...!
[INFO](2026/08/20/ 07:16:37 AM) [Round: 0429] ...updated weights of 10 clients are successfully averaged!
[INFO](2026/08/20/ 07:16:38 AM) [Round: 0429] Evaluate global model's performance...!                
	[Server] ...finished evaluation!                
	=> Loss: 0.5369                
	=> Accuracy: 88.33%

[INFO](2026/08/20/ 07:16:39 AM) [Round: 0430] Select clients...!
[INFO](2026/08/20/ 07:16:39 AM) [Round: 0430] ...successfully transmitted models to 10 selected clients!
[INFO](2026/08/20/ 07:16:39 AM) [Round: 0430] Start updating selected 10 clients...!
[INFO](2026/08/20/ 07:17:19 AM) [Round: 0430] ...10 clients are selected and updated (with total sample size: 42)!
[INFO](2026/08/20/ 07:17:19 AM) [Round: 0430] Aggregate updated weights of 10 clients...!
[INFO](2026/08/20/ 07:17:19 AM) [Round: 0430] ...updated weights of 10 clients are successfully averaged!
[INFO](2026/08/20/ 07:17:21 AM) [Round: 0430] Evaluate global model's performance...!                
	[Server] ...finished evaluation!                
	=> Loss: 0.7080                
	=> Accuracy: 85.48%

[INFO](2026/08/20/ 07:17:21 AM) [Round: 0431] Select clients...!
[INFO](2026/08/20/ 07:17:21 AM) [Round: 0431] ...successfully transmitted models to 10 selected clients!
[INFO](2026/08/20/ 07:17:21 AM) [Round: 0431] Start updating selected 10 clients...!
[INFO](2026/08/20/ 07:18:01 AM) [Round: 0431] ...10 clients are selected and updated (with total sample size: 25)!
[INFO](2026/08/20/ 07:18:01 AM) [Round: 0431] Aggregate updated weights of 10 clients...!
[INFO](2026/08/20/ 07:18:02 AM) [Round: 0431] ...updated weights of 10 clients are successfully averaged!
[INFO](2026/08/20/ 07:18:03 AM) [Round: 0431] Evaluate global model's performance...!                
	[Server] ...finished evaluation!                
	=> Loss: 0.4928                
	=> Accuracy: 88.33%

[INFO](2026/08/20/ 07:18:03 AM) [Round: 0432] Select clients...!
[INFO](2026/08/20/ 07:18:04 AM) [Round: 0432] ...successfully transmitted models to 10 selected clients!
[INFO](2026/08/20/ 07:18:04 AM) [Round: 0432] Start updating selected 10 clients...!
[INFO](2026/08/20/ 07:18:52 AM) [Round: 0432] ...10 clients are selected and updated (with total sample size: 49)!
[INFO](2026/08/20/ 07:18:52 AM) [Round: 0432] Aggregate updated weights of 10 clients...!
[INFO](2026/08/20/ 07:18:52 AM) [Round: 0432] ...updated weights of 10 clients are successfully averaged!
[INFO](2026/08/20/ 07:18:53 AM) [Round: 0432] Evaluate global model's performance...!                
	[Server] ...finished evaluation!                
	=> Loss: 0.4920                
	=> Accuracy: 89.05%

[INFO](2026/08/20/ 07:18:53 AM) [Round: 0433] Select clients...!
[INFO](2026/08/20/ 07:18:54 AM) [Round: 0433] ...successfully transmitted models to 10 selected clients!
[INFO](2026/08/20/ 07:18:54 AM) [Round: 0433] Start updating selected 10 clients...!
[INFO](2026/08/20/ 07:19:34 AM) [Round: 0433] ...10 clients are selected and updated (with total sample size: 42)!
[INFO](2026/08/20/ 07:19:34 AM) [Round: 0433] Aggregate updated weights of 10 clients...!
[INFO](2026/08/20/ 07:19:35 AM) [Round: 0433] ...updated weights of 10 clients are successfully averaged!
[INFO](2026/08/20/ 07:19:36 AM) [Round: 0433] Evaluate global model's performance...!                
	[Server] ...finished evaluation!                
	=> Loss: 0.4609                
	=> Accuracy: 88.81%

[INFO](2026/08/20/ 07:19:36 AM) [Round: 0434] Select clients...!
[INFO](2026/08/20/ 07:19:36 AM) [Round: 0434] ...successfully transmitted models to 10 selected clients!
[INFO](2026/08/20/ 07:19:37 AM) [Round: 0434] Start updating selected 10 clients...!
[INFO](2026/08/20/ 07:20:24 AM) [Round: 0434] ...10 clients are selected and updated (with total sample size: 42)!
[INFO](2026/08/20/ 07:20:24 AM) [Round: 0434] Aggregate updated weights of 10 clients...!
[INFO](2026/08/20/ 07:20:24 AM) [Round: 0434] ...updated weights of 10 clients are successfully averaged!
[INFO](2026/08/20/ 07:20:26 AM) [Round: 0434] Evaluate global model's performance...!                
	[Server] ...finished evaluation!                
	=> Loss: 0.5168                
	=> Accuracy: 88.81%

[INFO](2026/08/20/ 07:20:26 AM) [Round: 0435] Select clients...!
[INFO](2026/08/20/ 07:20:26 AM) [Round: 0435] ...successfully transmitted models to 10 selected clients!
[INFO](2026/08/20/ 07:20:27 AM) [Round: 0435] Start updating selected 10 clients...!
[INFO](2026/08/20/ 07:21:10 AM) [Round: 0435] ...10 clients are selected and updated (with total sample size: 47)!
[INFO](2026/08/20/ 07:21:10 AM) [Round: 0435] Aggregate updated weights of 10 clients...!
[INFO](2026/08/20/ 07:21:10 AM) [Round: 0435] ...updated weights of 10 clients are successfully averaged!
[INFO](2026/08/20/ 07:21:12 AM) [Round: 0435] Evaluate global model's performance...!                
	[Server] ...finished evaluation!                
	=> Loss: 0.5403                
	=> Accuracy: 88.33%

[INFO](2026/08/20/ 07:21:12 AM) [Round: 0436] Select clients...!
[INFO](2026/08/20/ 07:21:12 AM) [Round: 0436] ...successfully transmitted models to 10 selected clients!
[INFO](2026/08/20/ 07:21:13 AM) [Round: 0436] Start updating selected 10 clients...!
[INFO](2026/08/20/ 07:21:48 AM) [Round: 0436] ...10 clients are selected and updated (with total sample size: 47)!
[INFO](2026/08/20/ 07:21:48 AM) [Round: 0436] Aggregate updated weights of 10 clients...!
[INFO](2026/08/20/ 07:21:48 AM) [Round: 0436] ...updated weights of 10 clients are successfully averaged!
[INFO](2026/08/20/ 07:21:50 AM) [Round: 0436] Evaluate global model's performance...!                
	[Server] ...finished evaluation!                
	=> Loss: 0.4674                
	=> Accuracy: 87.38%

[INFO](2026/08/20/ 07:21:50 AM) [Round: 0437] Select clients...!
[INFO](2026/08/20/ 07:21:51 AM) [Round: 0437] ...successfully transmitted models to 10 selected clients!
[INFO](2026/08/20/ 07:21:51 AM) [Round: 0437] Start updating selected 10 clients...!
[INFO](2026/08/20/ 07:22:31 AM) [Round: 0437] ...10 clients are selected and updated (with total sample size: 47)!
[INFO](2026/08/20/ 07:22:31 AM) [Round: 0437] Aggregate updated weights of 10 clients...!
[INFO](2026/08/20/ 07:22:31 AM) [Round: 0437] ...updated weights of 10 clients are successfully averaged!
[INFO](2026/08/20/ 07:22:33 AM) [Round: 0437] Evaluate global model's performance...!                
	[Server] ...finished evaluation!                
	=> Loss: 0.5026                
	=> Accuracy: 89.29%

[INFO](2026/08/20/ 07:22:33 AM) [Round: 0438] Select clients...!
[INFO](2026/08/20/ 07:22:33 AM) [Round: 0438] ...successfully transmitted models to 10 selected clients!
[INFO](2026/08/20/ 07:22:33 AM) [Round: 0438] Start updating selected 10 clients...!
[INFO](2026/08/20/ 07:23:19 AM) [Round: 0438] ...10 clients are selected and updated (with total sample size: 50)!
[INFO](2026/08/20/ 07:23:19 AM) [Round: 0438] Aggregate updated weights of 10 clients...!
[INFO](2026/08/20/ 07:23:19 AM) [Round: 0438] ...updated weights of 10 clients are successfully averaged!
[INFO](2026/08/20/ 07:23:21 AM) [Round: 0438] Evaluate global model's performance...!                
	[Server] ...finished evaluation!                
	=> Loss: 0.7614                
	=> Accuracy: 84.05%

[INFO](2026/08/20/ 07:23:21 AM) [Round: 0439] Select clients...!
[INFO](2026/08/20/ 07:23:22 AM) [Round: 0439] ...successfully transmitted models to 10 selected clients!
[INFO](2026/08/20/ 07:23:22 AM) [Round: 0439] Start updating selected 10 clients...!
[INFO](2026/08/20/ 07:24:05 AM) [Round: 0439] ...10 clients are selected and updated (with total sample size: 36)!
[INFO](2026/08/20/ 07:24:05 AM) [Round: 0439] Aggregate updated weights of 10 clients...!
[INFO](2026/08/20/ 07:24:05 AM) [Round: 0439] ...updated weights of 10 clients are successfully averaged!
[INFO](2026/08/20/ 07:24:07 AM) [Round: 0439] Evaluate global model's performance...!                
	[Server] ...finished evaluation!                
	=> Loss: 0.4088                
	=> Accuracy: 88.10%

[INFO](2026/08/20/ 07:24:07 AM) [Round: 0440] Select clients...!
[INFO](2026/08/20/ 07:24:07 AM) [Round: 0440] ...successfully transmitted models to 10 selected clients!
[INFO](2026/08/20/ 07:24:07 AM) [Round: 0440] Start updating selected 10 clients...!
[INFO](2026/08/20/ 07:24:48 AM) [Round: 0440] ...10 clients are selected and updated (with total sample size: 50)!
[INFO](2026/08/20/ 07:24:48 AM) [Round: 0440] Aggregate updated weights of 10 clients...!
[INFO](2026/08/20/ 07:24:48 AM) [Round: 0440] ...updated weights of 10 clients are successfully averaged!
[INFO](2026/08/20/ 07:24:50 AM) [Round: 0440] Evaluate global model's performance...!                
	[Server] ...finished evaluation!                
	=> Loss: 0.4430                
	=> Accuracy: 88.81%

[INFO](2026/08/20/ 07:24:50 AM) [Round: 0441] Select clients...!
[INFO](2026/08/20/ 07:24:50 AM) [Round: 0441] ...successfully transmitted models to 10 selected clients!
[INFO](2026/08/20/ 07:24:50 AM) [Round: 0441] Start updating selected 10 clients...!
[INFO](2026/08/20/ 07:25:29 AM) [Round: 0441] ...10 clients are selected and updated (with total sample size: 42)!
[INFO](2026/08/20/ 07:25:29 AM) [Round: 0441] Aggregate updated weights of 10 clients...!
[INFO](2026/08/20/ 07:25:29 AM) [Round: 0441] ...updated weights of 10 clients are successfully averaged!
[INFO](2026/08/20/ 07:25:31 AM) [Round: 0441] Evaluate global model's performance...!                
	[Server] ...finished evaluation!                
	=> Loss: 0.4961                
	=> Accuracy: 87.86%

[INFO](2026/08/20/ 07:25:31 AM) [Round: 0442] Select clients...!
[INFO](2026/08/20/ 07:25:31 AM) [Round: 0442] ...successfully transmitted models to 10 selected clients!
[INFO](2026/08/20/ 07:25:31 AM) [Round: 0442] Start updating selected 10 clients...!
[INFO](2026/08/20/ 07:26:08 AM) [Round: 0442] ...10 clients are selected and updated (with total sample size: 36)!
[INFO](2026/08/20/ 07:26:08 AM) [Round: 0442] Aggregate updated weights of 10 clients...!
[INFO](2026/08/20/ 07:26:08 AM) [Round: 0442] ...updated weights of 10 clients are successfully averaged!
[INFO](2026/08/20/ 07:26:10 AM) [Round: 0442] Evaluate global model's performance...!                
	[Server] ...finished evaluation!                
	=> Loss: 0.6833                
	=> Accuracy: 85.95%

[INFO](2026/08/20/ 07:26:10 AM) [Round: 0443] Select clients...!
[INFO](2026/08/20/ 07:26:10 AM) [Round: 0443] ...successfully transmitted models to 10 selected clients!
[INFO](2026/08/20/ 07:26:11 AM) [Round: 0443] Start updating selected 10 clients...!
[INFO](2026/08/20/ 07:26:50 AM) [Round: 0443] ...10 clients are selected and updated (with total sample size: 42)!
[INFO](2026/08/20/ 07:26:50 AM) [Round: 0443] Aggregate updated weights of 10 clients...!
[INFO](2026/08/20/ 07:26:50 AM) [Round: 0443] ...updated weights of 10 clients are successfully averaged!
[INFO](2026/08/20/ 07:26:51 AM) [Round: 0443] Evaluate global model's performance...!                
	[Server] ...finished evaluation!                
	=> Loss: 0.4625                
	=> Accuracy: 87.86%

[INFO](2026/08/20/ 07:26:51 AM) [Round: 0444] Select clients...!
[INFO](2026/08/20/ 07:26:52 AM) [Round: 0444] ...successfully transmitted models to 10 selected clients!
[INFO](2026/08/20/ 07:26:52 AM) [Round: 0444] Start updating selected 10 clients...!
[INFO](2026/08/20/ 07:27:31 AM) [Round: 0444] ...10 clients are selected and updated (with total sample size: 25)!
[INFO](2026/08/20/ 07:27:32 AM) [Round: 0444] Aggregate updated weights of 10 clients...!
[INFO](2026/08/20/ 07:27:32 AM) [Round: 0444] ...updated weights of 10 clients are successfully averaged!
[INFO](2026/08/20/ 07:27:33 AM) [Round: 0444] Evaluate global model's performance...!                
	[Server] ...finished evaluation!                
	=> Loss: 0.4397                
	=> Accuracy: 88.10%

[INFO](2026/08/20/ 07:27:34 AM) [Round: 0445] Select clients...!
[INFO](2026/08/20/ 07:27:34 AM) [Round: 0445] ...successfully transmitted models to 10 selected clients!
[INFO](2026/08/20/ 07:27:34 AM) [Round: 0445] Start updating selected 10 clients...!
[INFO](2026/08/20/ 07:28:13 AM) [Round: 0445] ...10 clients are selected and updated (with total sample size: 47)!
[INFO](2026/08/20/ 07:28:13 AM) [Round: 0445] Aggregate updated weights of 10 clients...!
[INFO](2026/08/20/ 07:28:14 AM) [Round: 0445] ...updated weights of 10 clients are successfully averaged!
[INFO](2026/08/20/ 07:28:16 AM) [Round: 0445] Evaluate global model's performance...!                
	[Server] ...finished evaluation!                
	=> Loss: 0.5516                
	=> Accuracy: 86.90%

[INFO](2026/08/20/ 07:28:16 AM) [Round: 0446] Select clients...!
[INFO](2026/08/20/ 07:28:16 AM) [Round: 0446] ...successfully transmitted models to 10 selected clients!
[INFO](2026/08/20/ 07:28:17 AM) [Round: 0446] Start updating selected 10 clients...!
[INFO](2026/08/20/ 07:28:56 AM) [Round: 0446] ...10 clients are selected and updated (with total sample size: 47)!
[INFO](2026/08/20/ 07:28:57 AM) [Round: 0446] Aggregate updated weights of 10 clients...!
[INFO](2026/08/20/ 07:28:57 AM) [Round: 0446] ...updated weights of 10 clients are successfully averaged!
[INFO](2026/08/20/ 07:28:59 AM) [Round: 0446] Evaluate global model's performance...!                
	[Server] ...finished evaluation!                
	=> Loss: 0.4245                
	=> Accuracy: 89.29%

[INFO](2026/08/20/ 07:28:59 AM) [Round: 0447] Select clients...!
[INFO](2026/08/20/ 07:28:59 AM) [Round: 0447] ...successfully transmitted models to 10 selected clients!
[INFO](2026/08/20/ 07:28:59 AM) [Round: 0447] Start updating selected 10 clients...!
[INFO](2026/08/20/ 07:29:39 AM) [Round: 0447] ...10 clients are selected and updated (with total sample size: 47)!
[INFO](2026/08/20/ 07:29:39 AM) [Round: 0447] Aggregate updated weights of 10 clients...!
[INFO](2026/08/20/ 07:29:39 AM) [Round: 0447] ...updated weights of 10 clients are successfully averaged!
[INFO](2026/08/20/ 07:29:41 AM) [Round: 0447] Evaluate global model's performance...!                
	[Server] ...finished evaluation!                
	=> Loss: 0.4579                
	=> Accuracy: 88.57%

[INFO](2026/08/20/ 07:29:41 AM) [Round: 0448] Select clients...!
[INFO](2026/08/20/ 07:29:41 AM) [Round: 0448] ...successfully transmitted models to 10 selected clients!
[INFO](2026/08/20/ 07:29:41 AM) [Round: 0448] Start updating selected 10 clients...!
[INFO](2026/08/20/ 07:30:22 AM) [Round: 0448] ...10 clients are selected and updated (with total sample size: 47)!
[INFO](2026/08/20/ 07:30:22 AM) [Round: 0448] Aggregate updated weights of 10 clients...!
[INFO](2026/08/20/ 07:30:23 AM) [Round: 0448] ...updated weights of 10 clients are successfully averaged!
[INFO](2026/08/20/ 07:30:24 AM) [Round: 0448] Evaluate global model's performance...!                
	[Server] ...finished evaluation!                
	=> Loss: 0.4936                
	=> Accuracy: 89.05%

[INFO](2026/08/20/ 07:30:24 AM) [Round: 0449] Select clients...!
[INFO](2026/08/20/ 07:30:25 AM) [Round: 0449] ...successfully transmitted models to 10 selected clients!
[INFO](2026/08/20/ 07:30:25 AM) [Round: 0449] Start updating selected 10 clients...!
[INFO](2026/08/20/ 07:31:05 AM) [Round: 0449] ...10 clients are selected and updated (with total sample size: 42)!
[INFO](2026/08/20/ 07:31:05 AM) [Round: 0449] Aggregate updated weights of 10 clients...!
[INFO](2026/08/20/ 07:31:05 AM) [Round: 0449] ...updated weights of 10 clients are successfully averaged!
[INFO](2026/08/20/ 07:31:07 AM) [Round: 0449] Evaluate global model's performance...!                
	[Server] ...finished evaluation!                
	=> Loss: 0.4613                
	=> Accuracy: 87.38%

[INFO](2026/08/20/ 07:31:07 AM) [Round: 0450] Select clients...!
[INFO](2026/08/20/ 07:31:07 AM) [Round: 0450] ...successfully transmitted models to 10 selected clients!
[INFO](2026/08/20/ 07:31:08 AM) [Round: 0450] Start updating selected 10 clients...!
[INFO](2026/08/20/ 07:31:51 AM) [Round: 0450] ...10 clients are selected and updated (with total sample size: 49)!
[INFO](2026/08/20/ 07:31:51 AM) [Round: 0450] Aggregate updated weights of 10 clients...!
[INFO](2026/08/20/ 07:31:51 AM) [Round: 0450] ...updated weights of 10 clients are successfully averaged!
[INFO](2026/08/20/ 07:31:53 AM) [Round: 0450] Evaluate global model's performance...!                
	[Server] ...finished evaluation!                
	=> Loss: 0.4202                
	=> Accuracy: 87.62%

[INFO](2026/08/20/ 07:31:53 AM) [Round: 0451] Select clients...!
[INFO](2026/08/20/ 07:31:53 AM) [Round: 0451] ...successfully transmitted models to 10 selected clients!
[INFO](2026/08/20/ 07:31:53 AM) [Round: 0451] Start updating selected 10 clients...!
[INFO](2026/08/20/ 07:32:35 AM) [Round: 0451] ...10 clients are selected and updated (with total sample size: 50)!
[INFO](2026/08/20/ 07:32:35 AM) [Round: 0451] Aggregate updated weights of 10 clients...!
[INFO](2026/08/20/ 07:32:35 AM) [Round: 0451] ...updated weights of 10 clients are successfully averaged!
[INFO](2026/08/20/ 07:32:36 AM) [Round: 0451] Evaluate global model's performance...!                
	[Server] ...finished evaluation!                
	=> Loss: 0.5343                
	=> Accuracy: 86.19%

[INFO](2026/08/20/ 07:32:36 AM) [Round: 0452] Select clients...!
[INFO](2026/08/20/ 07:32:37 AM) [Round: 0452] ...successfully transmitted models to 10 selected clients!
[INFO](2026/08/20/ 07:32:37 AM) [Round: 0452] Start updating selected 10 clients...!
[INFO](2026/08/20/ 07:33:11 AM) [Round: 0452] ...10 clients are selected and updated (with total sample size: 25)!
[INFO](2026/08/20/ 07:33:11 AM) [Round: 0452] Aggregate updated weights of 10 clients...!
[INFO](2026/08/20/ 07:33:11 AM) [Round: 0452] ...updated weights of 10 clients are successfully averaged!
[INFO](2026/08/20/ 07:33:13 AM) [Round: 0452] Evaluate global model's performance...!                
	[Server] ...finished evaluation!                
	=> Loss: 0.5540                
	=> Accuracy: 87.62%

[INFO](2026/08/20/ 07:33:13 AM) [Round: 0453] Select clients...!
[INFO](2026/08/20/ 07:33:14 AM) [Round: 0453] ...successfully transmitted models to 10 selected clients!
[INFO](2026/08/20/ 07:33:14 AM) [Round: 0453] Start updating selected 10 clients...!
[INFO](2026/08/20/ 07:33:58 AM) [Round: 0453] ...10 clients are selected and updated (with total sample size: 42)!
[INFO](2026/08/20/ 07:33:58 AM) [Round: 0453] Aggregate updated weights of 10 clients...!
[INFO](2026/08/20/ 07:33:58 AM) [Round: 0453] ...updated weights of 10 clients are successfully averaged!
[INFO](2026/08/20/ 07:34:00 AM) [Round: 0453] Evaluate global model's performance...!                
	[Server] ...finished evaluation!                
	=> Loss: 0.4493                
	=> Accuracy: 88.81%

[INFO](2026/08/20/ 07:34:00 AM) [Round: 0454] Select clients...!
[INFO](2026/08/20/ 07:34:01 AM) [Round: 0454] ...successfully transmitted models to 10 selected clients!
[INFO](2026/08/20/ 07:34:01 AM) [Round: 0454] Start updating selected 10 clients...!
[INFO](2026/08/20/ 07:34:39 AM) [Round: 0454] ...10 clients are selected and updated (with total sample size: 25)!
[INFO](2026/08/20/ 07:34:39 AM) [Round: 0454] Aggregate updated weights of 10 clients...!
[INFO](2026/08/20/ 07:34:39 AM) [Round: 0454] ...updated weights of 10 clients are successfully averaged!
[INFO](2026/08/20/ 07:34:41 AM) [Round: 0454] Evaluate global model's performance...!                
	[Server] ...finished evaluation!                
	=> Loss: 0.4397                
	=> Accuracy: 88.10%

[INFO](2026/08/20/ 07:34:41 AM) [Round: 0455] Select clients...!
[INFO](2026/08/20/ 07:34:41 AM) [Round: 0455] ...successfully transmitted models to 10 selected clients!
[INFO](2026/08/20/ 07:34:42 AM) [Round: 0455] Start updating selected 10 clients...!
[INFO](2026/08/20/ 07:35:22 AM) [Round: 0455] ...10 clients are selected and updated (with total sample size: 50)!
[INFO](2026/08/20/ 07:35:22 AM) [Round: 0455] Aggregate updated weights of 10 clients...!
[INFO](2026/08/20/ 07:35:23 AM) [Round: 0455] ...updated weights of 10 clients are successfully averaged!
[INFO](2026/08/20/ 07:35:24 AM) [Round: 0455] Evaluate global model's performance...!                
	[Server] ...finished evaluation!                
	=> Loss: 0.7448                
	=> Accuracy: 85.00%

[INFO](2026/08/20/ 07:35:24 AM) [Round: 0456] Select clients...!
[INFO](2026/08/20/ 07:35:25 AM) [Round: 0456] ...successfully transmitted models to 10 selected clients!
[INFO](2026/08/20/ 07:35:25 AM) [Round: 0456] Start updating selected 10 clients...!
[INFO](2026/08/20/ 07:36:06 AM) [Round: 0456] ...10 clients are selected and updated (with total sample size: 42)!
[INFO](2026/08/20/ 07:36:06 AM) [Round: 0456] Aggregate updated weights of 10 clients...!
[INFO](2026/08/20/ 07:36:06 AM) [Round: 0456] ...updated weights of 10 clients are successfully averaged!
[INFO](2026/08/20/ 07:36:08 AM) [Round: 0456] Evaluate global model's performance...!                
	[Server] ...finished evaluation!                
	=> Loss: 0.5057                
	=> Accuracy: 89.05%

[INFO](2026/08/20/ 07:36:08 AM) [Round: 0457] Select clients...!
[INFO](2026/08/20/ 07:36:08 AM) [Round: 0457] ...successfully transmitted models to 10 selected clients!
[INFO](2026/08/20/ 07:36:09 AM) [Round: 0457] Start updating selected 10 clients...!
[INFO](2026/08/20/ 07:36:53 AM) [Round: 0457] ...10 clients are selected and updated (with total sample size: 42)!
[INFO](2026/08/20/ 07:36:53 AM) [Round: 0457] Aggregate updated weights of 10 clients...!
[INFO](2026/08/20/ 07:36:53 AM) [Round: 0457] ...updated weights of 10 clients are successfully averaged!
[INFO](2026/08/20/ 07:36:55 AM) [Round: 0457] Evaluate global model's performance...!                
	[Server] ...finished evaluation!                
	=> Loss: 0.5201                
	=> Accuracy: 88.33%

[INFO](2026/08/20/ 07:36:55 AM) [Round: 0458] Select clients...!
[INFO](2026/08/20/ 07:36:56 AM) [Round: 0458] ...successfully transmitted models to 10 selected clients!
[INFO](2026/08/20/ 07:36:56 AM) [Round: 0458] Start updating selected 10 clients...!
[INFO](2026/08/20/ 07:37:37 AM) [Round: 0458] ...10 clients are selected and updated (with total sample size: 47)!
[INFO](2026/08/20/ 07:37:37 AM) [Round: 0458] Aggregate updated weights of 10 clients...!
[INFO](2026/08/20/ 07:37:37 AM) [Round: 0458] ...updated weights of 10 clients are successfully averaged!
[INFO](2026/08/20/ 07:37:39 AM) [Round: 0458] Evaluate global model's performance...!                
	[Server] ...finished evaluation!                
	=> Loss: 0.4663                
	=> Accuracy: 89.52%

[INFO](2026/08/20/ 07:37:39 AM) [Round: 0459] Select clients...!
[INFO](2026/08/20/ 07:37:39 AM) [Round: 0459] ...successfully transmitted models to 10 selected clients!
[INFO](2026/08/20/ 07:37:39 AM) [Round: 0459] Start updating selected 10 clients...!
[INFO](2026/08/20/ 07:38:22 AM) [Round: 0459] ...10 clients are selected and updated (with total sample size: 36)!
[INFO](2026/08/20/ 07:38:22 AM) [Round: 0459] Aggregate updated weights of 10 clients...!
[INFO](2026/08/20/ 07:38:23 AM) [Round: 0459] ...updated weights of 10 clients are successfully averaged!
[INFO](2026/08/20/ 07:38:24 AM) [Round: 0459] Evaluate global model's performance...!                
	[Server] ...finished evaluation!                
	=> Loss: 0.5642                
	=> Accuracy: 86.43%

[INFO](2026/08/20/ 07:38:25 AM) [Round: 0460] Select clients...!
[INFO](2026/08/20/ 07:38:25 AM) [Round: 0460] ...successfully transmitted models to 10 selected clients!
[INFO](2026/08/20/ 07:38:25 AM) [Round: 0460] Start updating selected 10 clients...!
[INFO](2026/08/20/ 07:39:02 AM) [Round: 0460] ...10 clients are selected and updated (with total sample size: 36)!
[INFO](2026/08/20/ 07:39:02 AM) [Round: 0460] Aggregate updated weights of 10 clients...!
[INFO](2026/08/20/ 07:39:02 AM) [Round: 0460] ...updated weights of 10 clients are successfully averaged!
[INFO](2026/08/20/ 07:39:04 AM) [Round: 0460] Evaluate global model's performance...!                
	[Server] ...finished evaluation!                
	=> Loss: 0.4230                
	=> Accuracy: 88.57%

[INFO](2026/08/20/ 07:39:04 AM) [Round: 0461] Select clients...!
[INFO](2026/08/20/ 07:39:04 AM) [Round: 0461] ...successfully transmitted models to 10 selected clients!
[INFO](2026/08/20/ 07:39:04 AM) [Round: 0461] Start updating selected 10 clients...!
[INFO](2026/08/20/ 07:39:47 AM) [Round: 0461] ...10 clients are selected and updated (with total sample size: 42)!
[INFO](2026/08/20/ 07:39:47 AM) [Round: 0461] Aggregate updated weights of 10 clients...!
[INFO](2026/08/20/ 07:39:47 AM) [Round: 0461] ...updated weights of 10 clients are successfully averaged!
[INFO](2026/08/20/ 07:39:48 AM) [Round: 0461] Evaluate global model's performance...!                
	[Server] ...finished evaluation!                
	=> Loss: 0.3887                
	=> Accuracy: 87.86%

[INFO](2026/08/20/ 07:39:48 AM) [Round: 0462] Select clients...!
[INFO](2026/08/20/ 07:39:49 AM) [Round: 0462] ...successfully transmitted models to 10 selected clients!
[INFO](2026/08/20/ 07:39:49 AM) [Round: 0462] Start updating selected 10 clients...!
[INFO](2026/08/20/ 07:40:31 AM) [Round: 0462] ...10 clients are selected and updated (with total sample size: 49)!
[INFO](2026/08/20/ 07:40:31 AM) [Round: 0462] Aggregate updated weights of 10 clients...!
[INFO](2026/08/20/ 07:40:31 AM) [Round: 0462] ...updated weights of 10 clients are successfully averaged!
[INFO](2026/08/20/ 07:40:33 AM) [Round: 0462] Evaluate global model's performance...!                
	[Server] ...finished evaluation!                
	=> Loss: 0.5966                
	=> Accuracy: 86.90%

[INFO](2026/08/20/ 07:40:33 AM) [Round: 0463] Select clients...!
[INFO](2026/08/20/ 07:40:34 AM) [Round: 0463] ...successfully transmitted models to 10 selected clients!
[INFO](2026/08/20/ 07:40:34 AM) [Round: 0463] Start updating selected 10 clients...!
[INFO](2026/08/20/ 07:41:13 AM) [Round: 0463] ...10 clients are selected and updated (with total sample size: 49)!
[INFO](2026/08/20/ 07:41:13 AM) [Round: 0463] Aggregate updated weights of 10 clients...!
[INFO](2026/08/20/ 07:41:14 AM) [Round: 0463] ...updated weights of 10 clients are successfully averaged!
[INFO](2026/08/20/ 07:41:15 AM) [Round: 0463] Evaluate global model's performance...!                
	[Server] ...finished evaluation!                
	=> Loss: 0.4548                
	=> Accuracy: 89.05%

[INFO](2026/08/20/ 07:41:15 AM) [Round: 0464] Select clients...!
[INFO](2026/08/20/ 07:41:16 AM) [Round: 0464] ...successfully transmitted models to 10 selected clients!
[INFO](2026/08/20/ 07:41:16 AM) [Round: 0464] Start updating selected 10 clients...!
[INFO](2026/08/20/ 07:41:50 AM) [Round: 0464] ...10 clients are selected and updated (with total sample size: 36)!
[INFO](2026/08/20/ 07:41:51 AM) [Round: 0464] Aggregate updated weights of 10 clients...!
[INFO](2026/08/20/ 07:41:51 AM) [Round: 0464] ...updated weights of 10 clients are successfully averaged!
[INFO](2026/08/20/ 07:41:52 AM) [Round: 0464] Evaluate global model's performance...!                
	[Server] ...finished evaluation!                
	=> Loss: 0.6094                
	=> Accuracy: 86.43%

[INFO](2026/08/20/ 07:41:52 AM) [Round: 0465] Select clients...!
[INFO](2026/08/20/ 07:41:53 AM) [Round: 0465] ...successfully transmitted models to 10 selected clients!
[INFO](2026/08/20/ 07:41:53 AM) [Round: 0465] Start updating selected 10 clients...!
[INFO](2026/08/20/ 07:42:35 AM) [Round: 0465] ...10 clients are selected and updated (with total sample size: 36)!
[INFO](2026/08/20/ 07:42:35 AM) [Round: 0465] Aggregate updated weights of 10 clients...!
[INFO](2026/08/20/ 07:42:36 AM) [Round: 0465] ...updated weights of 10 clients are successfully averaged!
[INFO](2026/08/20/ 07:42:37 AM) [Round: 0465] Evaluate global model's performance...!                
	[Server] ...finished evaluation!                
	=> Loss: 0.7049                
	=> Accuracy: 85.00%

[INFO](2026/08/20/ 07:42:37 AM) [Round: 0466] Select clients...!
[INFO](2026/08/20/ 07:42:38 AM) [Round: 0466] ...successfully transmitted models to 10 selected clients!
[INFO](2026/08/20/ 07:42:38 AM) [Round: 0466] Start updating selected 10 clients...!
[INFO](2026/08/20/ 07:43:23 AM) [Round: 0466] ...10 clients are selected and updated (with total sample size: 49)!
[INFO](2026/08/20/ 07:43:23 AM) [Round: 0466] Aggregate updated weights of 10 clients...!
[INFO](2026/08/20/ 07:43:23 AM) [Round: 0466] ...updated weights of 10 clients are successfully averaged!
[INFO](2026/08/20/ 07:43:25 AM) [Round: 0466] Evaluate global model's performance...!                
	[Server] ...finished evaluation!                
	=> Loss: 0.7025                
	=> Accuracy: 85.71%

[INFO](2026/08/20/ 07:43:25 AM) [Round: 0467] Select clients...!
[INFO](2026/08/20/ 07:43:26 AM) [Round: 0467] ...successfully transmitted models to 10 selected clients!
[INFO](2026/08/20/ 07:43:26 AM) [Round: 0467] Start updating selected 10 clients...!
[INFO](2026/08/20/ 07:44:04 AM) [Round: 0467] ...10 clients are selected and updated (with total sample size: 36)!
[INFO](2026/08/20/ 07:44:04 AM) [Round: 0467] Aggregate updated weights of 10 clients...!
[INFO](2026/08/20/ 07:44:04 AM) [Round: 0467] ...updated weights of 10 clients are successfully averaged!
[INFO](2026/08/20/ 07:44:05 AM) [Round: 0467] Evaluate global model's performance...!                
	[Server] ...finished evaluation!                
	=> Loss: 0.6822                
	=> Accuracy: 85.95%

[INFO](2026/08/20/ 07:44:05 AM) [Round: 0468] Select clients...!
[INFO](2026/08/20/ 07:44:06 AM) [Round: 0468] ...successfully transmitted models to 10 selected clients!
[INFO](2026/08/20/ 07:44:06 AM) [Round: 0468] Start updating selected 10 clients...!
[INFO](2026/08/20/ 07:44:46 AM) [Round: 0468] ...10 clients are selected and updated (with total sample size: 42)!
[INFO](2026/08/20/ 07:44:46 AM) [Round: 0468] Aggregate updated weights of 10 clients...!
[INFO](2026/08/20/ 07:44:46 AM) [Round: 0468] ...updated weights of 10 clients are successfully averaged!
[INFO](2026/08/20/ 07:44:48 AM) [Round: 0468] Evaluate global model's performance...!                
	[Server] ...finished evaluation!                
	=> Loss: 0.4947                
	=> Accuracy: 89.05%

[INFO](2026/08/20/ 07:44:48 AM) [Round: 0469] Select clients...!
[INFO](2026/08/20/ 07:44:48 AM) [Round: 0469] ...successfully transmitted models to 10 selected clients!
[INFO](2026/08/20/ 07:44:49 AM) [Round: 0469] Start updating selected 10 clients...!
[INFO](2026/08/20/ 07:45:24 AM) [Round: 0469] ...10 clients are selected and updated (with total sample size: 25)!
[INFO](2026/08/20/ 07:45:24 AM) [Round: 0469] Aggregate updated weights of 10 clients...!
[INFO](2026/08/20/ 07:45:24 AM) [Round: 0469] ...updated weights of 10 clients are successfully averaged!
[INFO](2026/08/20/ 07:45:26 AM) [Round: 0469] Evaluate global model's performance...!                
	[Server] ...finished evaluation!                
	=> Loss: 0.6258                
	=> Accuracy: 86.43%

[INFO](2026/08/20/ 07:45:26 AM) [Round: 0470] Select clients...!
[INFO](2026/08/20/ 07:45:26 AM) [Round: 0470] ...successfully transmitted models to 10 selected clients!
[INFO](2026/08/20/ 07:45:26 AM) [Round: 0470] Start updating selected 10 clients...!
[INFO](2026/08/20/ 07:46:12 AM) [Round: 0470] ...10 clients are selected and updated (with total sample size: 47)!
[INFO](2026/08/20/ 07:46:12 AM) [Round: 0470] Aggregate updated weights of 10 clients...!
[INFO](2026/08/20/ 07:46:13 AM) [Round: 0470] ...updated weights of 10 clients are successfully averaged!
[INFO](2026/08/20/ 07:46:14 AM) [Round: 0470] Evaluate global model's performance...!                
	[Server] ...finished evaluation!                
	=> Loss: 0.6289                
	=> Accuracy: 88.33%

[INFO](2026/08/20/ 07:46:14 AM) [Round: 0471] Select clients...!
[INFO](2026/08/20/ 07:46:15 AM) [Round: 0471] ...successfully transmitted models to 10 selected clients!
[INFO](2026/08/20/ 07:46:15 AM) [Round: 0471] Start updating selected 10 clients...!
[INFO](2026/08/20/ 07:46:59 AM) [Round: 0471] ...10 clients are selected and updated (with total sample size: 47)!
[INFO](2026/08/20/ 07:46:59 AM) [Round: 0471] Aggregate updated weights of 10 clients...!
[INFO](2026/08/20/ 07:46:59 AM) [Round: 0471] ...updated weights of 10 clients are successfully averaged!
[INFO](2026/08/20/ 07:47:00 AM) [Round: 0471] Evaluate global model's performance...!                
	[Server] ...finished evaluation!                
	=> Loss: 0.3639                
	=> Accuracy: 89.05%

[INFO](2026/08/20/ 07:47:01 AM) [Round: 0472] Select clients...!
[INFO](2026/08/20/ 07:47:01 AM) [Round: 0472] ...successfully transmitted models to 10 selected clients!
[INFO](2026/08/20/ 07:47:01 AM) [Round: 0472] Start updating selected 10 clients...!
[INFO](2026/08/20/ 07:47:42 AM) [Round: 0472] ...10 clients are selected and updated (with total sample size: 49)!
[INFO](2026/08/20/ 07:47:42 AM) [Round: 0472] Aggregate updated weights of 10 clients...!
[INFO](2026/08/20/ 07:47:42 AM) [Round: 0472] ...updated weights of 10 clients are successfully averaged!
[INFO](2026/08/20/ 07:47:44 AM) [Round: 0472] Evaluate global model's performance...!                
	[Server] ...finished evaluation!                
	=> Loss: 0.4822                
	=> Accuracy: 88.33%

[INFO](2026/08/20/ 07:47:44 AM) [Round: 0473] Select clients...!
[INFO](2026/08/20/ 07:47:44 AM) [Round: 0473] ...successfully transmitted models to 10 selected clients!
[INFO](2026/08/20/ 07:47:44 AM) [Round: 0473] Start updating selected 10 clients...!
[INFO](2026/08/20/ 07:48:21 AM) [Round: 0473] ...10 clients are selected and updated (with total sample size: 47)!
[INFO](2026/08/20/ 07:48:21 AM) [Round: 0473] Aggregate updated weights of 10 clients...!
[INFO](2026/08/20/ 07:48:21 AM) [Round: 0473] ...updated weights of 10 clients are successfully averaged!
[INFO](2026/08/20/ 07:48:23 AM) [Round: 0473] Evaluate global model's performance...!                
	[Server] ...finished evaluation!                
	=> Loss: 0.5853                
	=> Accuracy: 89.05%

[INFO](2026/08/20/ 07:48:23 AM) [Round: 0474] Select clients...!
[INFO](2026/08/20/ 07:48:24 AM) [Round: 0474] ...successfully transmitted models to 10 selected clients!
[INFO](2026/08/20/ 07:48:24 AM) [Round: 0474] Start updating selected 10 clients...!
[INFO](2026/08/20/ 07:49:07 AM) [Round: 0474] ...10 clients are selected and updated (with total sample size: 47)!
[INFO](2026/08/20/ 07:49:07 AM) [Round: 0474] Aggregate updated weights of 10 clients...!
[INFO](2026/08/20/ 07:49:07 AM) [Round: 0474] ...updated weights of 10 clients are successfully averaged!
[INFO](2026/08/20/ 07:49:09 AM) [Round: 0474] Evaluate global model's performance...!                
	[Server] ...finished evaluation!                
	=> Loss: 0.4669                
	=> Accuracy: 89.52%

[INFO](2026/08/20/ 07:49:09 AM) [Round: 0475] Select clients...!
[INFO](2026/08/20/ 07:49:09 AM) [Round: 0475] ...successfully transmitted models to 10 selected clients!
[INFO](2026/08/20/ 07:49:10 AM) [Round: 0475] Start updating selected 10 clients...!
[INFO](2026/08/20/ 07:49:43 AM) [Round: 0475] ...10 clients are selected and updated (with total sample size: 47)!
[INFO](2026/08/20/ 07:49:43 AM) [Round: 0475] Aggregate updated weights of 10 clients...!
[INFO](2026/08/20/ 07:49:43 AM) [Round: 0475] ...updated weights of 10 clients are successfully averaged!
[INFO](2026/08/20/ 07:49:44 AM) [Round: 0475] Evaluate global model's performance...!                
	[Server] ...finished evaluation!                
	=> Loss: 0.6156                
	=> Accuracy: 86.43%

[INFO](2026/08/20/ 07:49:45 AM) [Round: 0476] Select clients...!
[INFO](2026/08/20/ 07:49:45 AM) [Round: 0476] ...successfully transmitted models to 10 selected clients!
[INFO](2026/08/20/ 07:49:45 AM) [Round: 0476] Start updating selected 10 clients...!
[INFO](2026/08/20/ 07:50:24 AM) [Round: 0476] ...10 clients are selected and updated (with total sample size: 47)!
[INFO](2026/08/20/ 07:50:24 AM) [Round: 0476] Aggregate updated weights of 10 clients...!
[INFO](2026/08/20/ 07:50:24 AM) [Round: 0476] ...updated weights of 10 clients are successfully averaged!
[INFO](2026/08/20/ 07:50:26 AM) [Round: 0476] Evaluate global model's performance...!                
	[Server] ...finished evaluation!                
	=> Loss: 0.4995                
	=> Accuracy: 88.81%

[INFO](2026/08/20/ 07:50:26 AM) [Round: 0477] Select clients...!
[INFO](2026/08/20/ 07:50:27 AM) [Round: 0477] ...successfully transmitted models to 10 selected clients!
[INFO](2026/08/20/ 07:50:27 AM) [Round: 0477] Start updating selected 10 clients...!
[INFO](2026/08/20/ 07:51:09 AM) [Round: 0477] ...10 clients are selected and updated (with total sample size: 42)!
[INFO](2026/08/20/ 07:51:09 AM) [Round: 0477] Aggregate updated weights of 10 clients...!
[INFO](2026/08/20/ 07:51:09 AM) [Round: 0477] ...updated weights of 10 clients are successfully averaged!
[INFO](2026/08/20/ 07:51:11 AM) [Round: 0477] Evaluate global model's performance...!                
	[Server] ...finished evaluation!                
	=> Loss: 0.6487                
	=> Accuracy: 85.95%

[INFO](2026/08/20/ 07:51:11 AM) [Round: 0478] Select clients...!
[INFO](2026/08/20/ 07:51:11 AM) [Round: 0478] ...successfully transmitted models to 10 selected clients!
[INFO](2026/08/20/ 07:51:11 AM) [Round: 0478] Start updating selected 10 clients...!
[INFO](2026/08/20/ 07:51:50 AM) [Round: 0478] ...10 clients are selected and updated (with total sample size: 47)!
[INFO](2026/08/20/ 07:51:50 AM) [Round: 0478] Aggregate updated weights of 10 clients...!
[INFO](2026/08/20/ 07:51:51 AM) [Round: 0478] ...updated weights of 10 clients are successfully averaged!
[INFO](2026/08/20/ 07:51:52 AM) [Round: 0478] Evaluate global model's performance...!                
	[Server] ...finished evaluation!                
	=> Loss: 0.5016                
	=> Accuracy: 87.38%

[INFO](2026/08/20/ 07:51:52 AM) [Round: 0479] Select clients...!
[INFO](2026/08/20/ 07:51:53 AM) [Round: 0479] ...successfully transmitted models to 10 selected clients!
[INFO](2026/08/20/ 07:51:53 AM) [Round: 0479] Start updating selected 10 clients...!
[INFO](2026/08/20/ 07:52:32 AM) [Round: 0479] ...10 clients are selected and updated (with total sample size: 25)!
[INFO](2026/08/20/ 07:52:32 AM) [Round: 0479] Aggregate updated weights of 10 clients...!
[INFO](2026/08/20/ 07:52:32 AM) [Round: 0479] ...updated weights of 10 clients are successfully averaged!
[INFO](2026/08/20/ 07:52:34 AM) [Round: 0479] Evaluate global model's performance...!                
	[Server] ...finished evaluation!                
	=> Loss: 0.4089                
	=> Accuracy: 88.33%

[INFO](2026/08/20/ 07:52:34 AM) [Round: 0480] Select clients...!
[INFO](2026/08/20/ 07:52:35 AM) [Round: 0480] ...successfully transmitted models to 10 selected clients!
[INFO](2026/08/20/ 07:52:35 AM) [Round: 0480] Start updating selected 10 clients...!
[INFO](2026/08/20/ 07:53:18 AM) [Round: 0480] ...10 clients are selected and updated (with total sample size: 50)!
[INFO](2026/08/20/ 07:53:18 AM) [Round: 0480] Aggregate updated weights of 10 clients...!
[INFO](2026/08/20/ 07:53:18 AM) [Round: 0480] ...updated weights of 10 clients are successfully averaged!
[INFO](2026/08/20/ 07:53:19 AM) [Round: 0480] Evaluate global model's performance...!                
	[Server] ...finished evaluation!                
	=> Loss: 0.5683                
	=> Accuracy: 87.38%

[INFO](2026/08/20/ 07:53:20 AM) [Round: 0481] Select clients...!
[INFO](2026/08/20/ 07:53:20 AM) [Round: 0481] ...successfully transmitted models to 10 selected clients!
[INFO](2026/08/20/ 07:53:20 AM) [Round: 0481] Start updating selected 10 clients...!
[INFO](2026/08/20/ 07:53:58 AM) [Round: 0481] ...10 clients are selected and updated (with total sample size: 49)!
[INFO](2026/08/20/ 07:53:59 AM) [Round: 0481] Aggregate updated weights of 10 clients...!
[INFO](2026/08/20/ 07:53:59 AM) [Round: 0481] ...updated weights of 10 clients are successfully averaged!
[INFO](2026/08/20/ 07:54:00 AM) [Round: 0481] Evaluate global model's performance...!                
	[Server] ...finished evaluation!                
	=> Loss: 0.4492                
	=> Accuracy: 88.33%

[INFO](2026/08/20/ 07:54:01 AM) [Round: 0482] Select clients...!
[INFO](2026/08/20/ 07:54:01 AM) [Round: 0482] ...successfully transmitted models to 10 selected clients!
[INFO](2026/08/20/ 07:54:01 AM) [Round: 0482] Start updating selected 10 clients...!
[INFO](2026/08/20/ 07:54:46 AM) [Round: 0482] ...10 clients are selected and updated (with total sample size: 47)!
[INFO](2026/08/20/ 07:54:46 AM) [Round: 0482] Aggregate updated weights of 10 clients...!
[INFO](2026/08/20/ 07:54:46 AM) [Round: 0482] ...updated weights of 10 clients are successfully averaged!
[INFO](2026/08/20/ 07:54:47 AM) [Round: 0482] Evaluate global model's performance...!                
	[Server] ...finished evaluation!                
	=> Loss: 0.4907                
	=> Accuracy: 86.90%

[INFO](2026/08/20/ 07:54:47 AM) [Round: 0483] Select clients...!
[INFO](2026/08/20/ 07:54:48 AM) [Round: 0483] ...successfully transmitted models to 10 selected clients!
[INFO](2026/08/20/ 07:54:48 AM) [Round: 0483] Start updating selected 10 clients...!
[INFO](2026/08/20/ 07:55:33 AM) [Round: 0483] ...10 clients are selected and updated (with total sample size: 47)!
[INFO](2026/08/20/ 07:55:33 AM) [Round: 0483] Aggregate updated weights of 10 clients...!
[INFO](2026/08/20/ 07:55:34 AM) [Round: 0483] ...updated weights of 10 clients are successfully averaged!
[INFO](2026/08/20/ 07:55:35 AM) [Round: 0483] Evaluate global model's performance...!                
	[Server] ...finished evaluation!                
	=> Loss: 0.6042                
	=> Accuracy: 89.05%

[INFO](2026/08/20/ 07:55:35 AM) [Round: 0484] Select clients...!
[INFO](2026/08/20/ 07:55:36 AM) [Round: 0484] ...successfully transmitted models to 10 selected clients!
[INFO](2026/08/20/ 07:55:36 AM) [Round: 0484] Start updating selected 10 clients...!
[INFO](2026/08/20/ 07:56:13 AM) [Round: 0484] ...10 clients are selected and updated (with total sample size: 35)!
[INFO](2026/08/20/ 07:56:13 AM) [Round: 0484] Aggregate updated weights of 10 clients...!
[INFO](2026/08/20/ 07:56:14 AM) [Round: 0484] ...updated weights of 10 clients are successfully averaged!
[INFO](2026/08/20/ 07:56:15 AM) [Round: 0484] Evaluate global model's performance...!                
	[Server] ...finished evaluation!                
	=> Loss: 0.4715                
	=> Accuracy: 88.10%

[INFO](2026/08/20/ 07:56:15 AM) [Round: 0485] Select clients...!
[INFO](2026/08/20/ 07:56:16 AM) [Round: 0485] ...successfully transmitted models to 10 selected clients!
[INFO](2026/08/20/ 07:56:16 AM) [Round: 0485] Start updating selected 10 clients...!
[INFO](2026/08/20/ 07:56:54 AM) [Round: 0485] ...10 clients are selected and updated (with total sample size: 25)!
[INFO](2026/08/20/ 07:56:54 AM) [Round: 0485] Aggregate updated weights of 10 clients...!
[INFO](2026/08/20/ 07:56:55 AM) [Round: 0485] ...updated weights of 10 clients are successfully averaged!
[INFO](2026/08/20/ 07:56:56 AM) [Round: 0485] Evaluate global model's performance...!                
	[Server] ...finished evaluation!                
	=> Loss: 0.4239                
	=> Accuracy: 88.81%

[INFO](2026/08/20/ 07:56:56 AM) [Round: 0486] Select clients...!
[INFO](2026/08/20/ 07:56:57 AM) [Round: 0486] ...successfully transmitted models to 10 selected clients!
[INFO](2026/08/20/ 07:56:57 AM) [Round: 0486] Start updating selected 10 clients...!
[INFO](2026/08/20/ 07:57:37 AM) [Round: 0486] ...10 clients are selected and updated (with total sample size: 35)!
[INFO](2026/08/20/ 07:57:37 AM) [Round: 0486] Aggregate updated weights of 10 clients...!
[INFO](2026/08/20/ 07:57:37 AM) [Round: 0486] ...updated weights of 10 clients are successfully averaged!
[INFO](2026/08/20/ 07:57:38 AM) [Round: 0486] Evaluate global model's performance...!                
	[Server] ...finished evaluation!                
	=> Loss: 0.6706                
	=> Accuracy: 86.67%

[INFO](2026/08/20/ 07:57:38 AM) [Round: 0487] Select clients...!
[INFO](2026/08/20/ 07:57:39 AM) [Round: 0487] ...successfully transmitted models to 10 selected clients!
[INFO](2026/08/20/ 07:57:39 AM) [Round: 0487] Start updating selected 10 clients...!
[INFO](2026/08/20/ 07:58:22 AM) [Round: 0487] ...10 clients are selected and updated (with total sample size: 47)!
[INFO](2026/08/20/ 07:58:22 AM) [Round: 0487] Aggregate updated weights of 10 clients...!
[INFO](2026/08/20/ 07:58:22 AM) [Round: 0487] ...updated weights of 10 clients are successfully averaged!
[INFO](2026/08/20/ 07:58:24 AM) [Round: 0487] Evaluate global model's performance...!                
	[Server] ...finished evaluation!                
	=> Loss: 0.9245                
	=> Accuracy: 85.71%

[INFO](2026/08/20/ 07:58:24 AM) [Round: 0488] Select clients...!
[INFO](2026/08/20/ 07:58:25 AM) [Round: 0488] ...successfully transmitted models to 10 selected clients!
[INFO](2026/08/20/ 07:58:25 AM) [Round: 0488] Start updating selected 10 clients...!
[INFO](2026/08/20/ 07:59:03 AM) [Round: 0488] ...10 clients are selected and updated (with total sample size: 36)!
[INFO](2026/08/20/ 07:59:03 AM) [Round: 0488] Aggregate updated weights of 10 clients...!
[INFO](2026/08/20/ 07:59:03 AM) [Round: 0488] ...updated weights of 10 clients are successfully averaged!
[INFO](2026/08/20/ 07:59:05 AM) [Round: 0488] Evaluate global model's performance...!                
	[Server] ...finished evaluation!                
	=> Loss: 0.6521                
	=> Accuracy: 87.86%

[INFO](2026/08/20/ 07:59:05 AM) [Round: 0489] Select clients...!
[INFO](2026/08/20/ 07:59:06 AM) [Round: 0489] ...successfully transmitted models to 10 selected clients!
[INFO](2026/08/20/ 07:59:06 AM) [Round: 0489] Start updating selected 10 clients...!
[INFO](2026/08/20/ 07:59:45 AM) [Round: 0489] ...10 clients are selected and updated (with total sample size: 47)!
[INFO](2026/08/20/ 07:59:45 AM) [Round: 0489] Aggregate updated weights of 10 clients...!
[INFO](2026/08/20/ 07:59:45 AM) [Round: 0489] ...updated weights of 10 clients are successfully averaged!
[INFO](2026/08/20/ 07:59:47 AM) [Round: 0489] Evaluate global model's performance...!                
	[Server] ...finished evaluation!                
	=> Loss: 0.9405                
	=> Accuracy: 83.81%

[INFO](2026/08/20/ 07:59:47 AM) [Round: 0490] Select clients...!
[INFO](2026/08/20/ 07:59:47 AM) [Round: 0490] ...successfully transmitted models to 10 selected clients!
[INFO](2026/08/20/ 07:59:47 AM) [Round: 0490] Start updating selected 10 clients...!
[INFO](2026/08/20/ 08:00:25 AM) [Round: 0490] ...10 clients are selected and updated (with total sample size: 49)!
[INFO](2026/08/20/ 08:00:25 AM) [Round: 0490] Aggregate updated weights of 10 clients...!
[INFO](2026/08/20/ 08:00:26 AM) [Round: 0490] ...updated weights of 10 clients are successfully averaged!
[INFO](2026/08/20/ 08:00:27 AM) [Round: 0490] Evaluate global model's performance...!                
	[Server] ...finished evaluation!                
	=> Loss: 0.5477                
	=> Accuracy: 88.33%

[INFO](2026/08/20/ 08:00:27 AM) [Round: 0491] Select clients...!
[INFO](2026/08/20/ 08:00:28 AM) [Round: 0491] ...successfully transmitted models to 10 selected clients!
[INFO](2026/08/20/ 08:00:28 AM) [Round: 0491] Start updating selected 10 clients...!
[INFO](2026/08/20/ 08:01:12 AM) [Round: 0491] ...10 clients are selected and updated (with total sample size: 49)!
[INFO](2026/08/20/ 08:01:13 AM) [Round: 0491] Aggregate updated weights of 10 clients...!
[INFO](2026/08/20/ 08:01:13 AM) [Round: 0491] ...updated weights of 10 clients are successfully averaged!
[INFO](2026/08/20/ 08:01:14 AM) [Round: 0491] Evaluate global model's performance...!                
	[Server] ...finished evaluation!                
	=> Loss: 0.5233                
	=> Accuracy: 86.90%

[INFO](2026/08/20/ 08:01:14 AM) [Round: 0492] Select clients...!
[INFO](2026/08/20/ 08:01:15 AM) [Round: 0492] ...successfully transmitted models to 10 selected clients!
[INFO](2026/08/20/ 08:01:15 AM) [Round: 0492] Start updating selected 10 clients...!
[INFO](2026/08/20/ 08:01:56 AM) [Round: 0492] ...10 clients are selected and updated (with total sample size: 25)!
[INFO](2026/08/20/ 08:01:56 AM) [Round: 0492] Aggregate updated weights of 10 clients...!
[INFO](2026/08/20/ 08:01:56 AM) [Round: 0492] ...updated weights of 10 clients are successfully averaged!
[INFO](2026/08/20/ 08:01:58 AM) [Round: 0492] Evaluate global model's performance...!                
	[Server] ...finished evaluation!                
	=> Loss: 0.6389                
	=> Accuracy: 86.67%

[INFO](2026/08/20/ 08:01:58 AM) [Round: 0493] Select clients...!
[INFO](2026/08/20/ 08:01:58 AM) [Round: 0493] ...successfully transmitted models to 10 selected clients!
[INFO](2026/08/20/ 08:01:58 AM) [Round: 0493] Start updating selected 10 clients...!
[INFO](2026/08/20/ 08:02:36 AM) [Round: 0493] ...10 clients are selected and updated (with total sample size: 49)!
[INFO](2026/08/20/ 08:02:36 AM) [Round: 0493] Aggregate updated weights of 10 clients...!
[INFO](2026/08/20/ 08:02:36 AM) [Round: 0493] ...updated weights of 10 clients are successfully averaged!
[INFO](2026/08/20/ 08:02:38 AM) [Round: 0493] Evaluate global model's performance...!                
	[Server] ...finished evaluation!                
	=> Loss: 0.7305                
	=> Accuracy: 85.48%

[INFO](2026/08/20/ 08:02:38 AM) [Round: 0494] Select clients...!
[INFO](2026/08/20/ 08:02:38 AM) [Round: 0494] ...successfully transmitted models to 10 selected clients!
[INFO](2026/08/20/ 08:02:38 AM) [Round: 0494] Start updating selected 10 clients...!
[INFO](2026/08/20/ 08:03:17 AM) [Round: 0494] ...10 clients are selected and updated (with total sample size: 47)!
[INFO](2026/08/20/ 08:03:17 AM) [Round: 0494] Aggregate updated weights of 10 clients...!
[INFO](2026/08/20/ 08:03:17 AM) [Round: 0494] ...updated weights of 10 clients are successfully averaged!
[INFO](2026/08/20/ 08:03:19 AM) [Round: 0494] Evaluate global model's performance...!                
	[Server] ...finished evaluation!                
	=> Loss: 0.7574                
	=> Accuracy: 86.43%

[INFO](2026/08/20/ 08:03:19 AM) [Round: 0495] Select clients...!
[INFO](2026/08/20/ 08:03:19 AM) [Round: 0495] ...successfully transmitted models to 10 selected clients!
[INFO](2026/08/20/ 08:03:19 AM) [Round: 0495] Start updating selected 10 clients...!
[INFO](2026/08/20/ 08:03:56 AM) [Round: 0495] ...10 clients are selected and updated (with total sample size: 42)!
[INFO](2026/08/20/ 08:03:56 AM) [Round: 0495] Aggregate updated weights of 10 clients...!
[INFO](2026/08/20/ 08:03:57 AM) [Round: 0495] ...updated weights of 10 clients are successfully averaged!
[INFO](2026/08/20/ 08:03:58 AM) [Round: 0495] Evaluate global model's performance...!                
	[Server] ...finished evaluation!                
	=> Loss: 0.9148                
	=> Accuracy: 85.71%

[INFO](2026/08/20/ 08:03:58 AM) [Round: 0496] Select clients...!
[INFO](2026/08/20/ 08:03:59 AM) [Round: 0496] ...successfully transmitted models to 10 selected clients!
[INFO](2026/08/20/ 08:03:59 AM) [Round: 0496] Start updating selected 10 clients...!
[INFO](2026/08/20/ 08:04:32 AM) [Round: 0496] ...10 clients are selected and updated (with total sample size: 42)!
[INFO](2026/08/20/ 08:04:33 AM) [Round: 0496] Aggregate updated weights of 10 clients...!
[INFO](2026/08/20/ 08:04:33 AM) [Round: 0496] ...updated weights of 10 clients are successfully averaged!
[INFO](2026/08/20/ 08:04:34 AM) [Round: 0496] Evaluate global model's performance...!                
	[Server] ...finished evaluation!                
	=> Loss: 0.6526                
	=> Accuracy: 87.86%

[INFO](2026/08/20/ 08:04:34 AM) [Round: 0497] Select clients...!
[INFO](2026/08/20/ 08:04:35 AM) [Round: 0497] ...successfully transmitted models to 10 selected clients!
[INFO](2026/08/20/ 08:04:35 AM) [Round: 0497] Start updating selected 10 clients...!
[INFO](2026/08/20/ 08:05:19 AM) [Round: 0497] ...10 clients are selected and updated (with total sample size: 35)!
[INFO](2026/08/20/ 08:05:19 AM) [Round: 0497] Aggregate updated weights of 10 clients...!
[INFO](2026/08/20/ 08:05:19 AM) [Round: 0497] ...updated weights of 10 clients are successfully averaged!
[INFO](2026/08/20/ 08:05:21 AM) [Round: 0497] Evaluate global model's performance...!                
	[Server] ...finished evaluation!                
	=> Loss: 0.8300                
	=> Accuracy: 87.62%

[INFO](2026/08/20/ 08:05:21 AM) [Round: 0498] Select clients...!
[INFO](2026/08/20/ 08:05:21 AM) [Round: 0498] ...successfully transmitted models to 10 selected clients!
[INFO](2026/08/20/ 08:05:21 AM) [Round: 0498] Start updating selected 10 clients...!
[INFO](2026/08/20/ 08:05:57 AM) [Round: 0498] ...10 clients are selected and updated (with total sample size: 25)!
[INFO](2026/08/20/ 08:05:57 AM) [Round: 0498] Aggregate updated weights of 10 clients...!
[INFO](2026/08/20/ 08:05:57 AM) [Round: 0498] ...updated weights of 10 clients are successfully averaged!
[INFO](2026/08/20/ 08:05:59 AM) [Round: 0498] Evaluate global model's performance...!                
	[Server] ...finished evaluation!                
	=> Loss: 0.7870                
	=> Accuracy: 86.43%

[INFO](2026/08/20/ 08:05:59 AM) [Round: 0499] Select clients...!
[INFO](2026/08/20/ 08:06:00 AM) [Round: 0499] ...successfully transmitted models to 10 selected clients!
[INFO](2026/08/20/ 08:06:00 AM) [Round: 0499] Start updating selected 10 clients...!
[INFO](2026/08/20/ 08:06:39 AM) [Round: 0499] ...10 clients are selected and updated (with total sample size: 47)!
[INFO](2026/08/20/ 08:06:39 AM) [Round: 0499] Aggregate updated weights of 10 clients...!
[INFO](2026/08/20/ 08:06:40 AM) [Round: 0499] ...updated weights of 10 clients are successfully averaged!
[INFO](2026/08/20/ 08:06:41 AM) [Round: 0499] Evaluate global model's performance...!                
	[Server] ...finished evaluation!                
	=> Loss: 0.6244                
	=> Accuracy: 86.90%

[INFO](2026/08/20/ 08:06:41 AM) [Round: 0500] Select clients...!
[INFO](2026/08/20/ 08:06:42 AM) [Round: 0500] ...successfully transmitted models to 10 selected clients!
[INFO](2026/08/20/ 08:06:42 AM) [Round: 0500] Start updating selected 10 clients...!
[INFO](2026/08/20/ 08:07:21 AM) [Round: 0500] ...10 clients are selected and updated (with total sample size: 47)!
[INFO](2026/08/20/ 08:07:21 AM) [Round: 0500] Aggregate updated weights of 10 clients...!
[INFO](2026/08/20/ 08:07:21 AM) [Round: 0500] ...updated weights of 10 clients are successfully averaged!
[INFO](2026/08/20/ 08:07:23 AM) [Round: 0500] Evaluate global model's performance...!                
	[Server] ...finished evaluation!                
	=> Loss: 0.4344                
	=> Accuracy: 88.81%

[INFO](2026/08/20/ 08:07:23 AM) [Round: 0501] Select clients...!
[INFO](2026/08/20/ 08:07:24 AM) [Round: 0501] ...successfully transmitted models to 10 selected clients!
[INFO](2026/08/20/ 08:07:24 AM) [Round: 0501] Start updating selected 10 clients...!
[INFO](2026/08/20/ 08:07:59 AM) [Round: 0501] ...10 clients are selected and updated (with total sample size: 25)!
[INFO](2026/08/20/ 08:08:00 AM) [Round: 0501] Aggregate updated weights of 10 clients...!
[INFO](2026/08/20/ 08:08:00 AM) [Round: 0501] ...updated weights of 10 clients are successfully averaged!
[INFO](2026/08/20/ 08:08:02 AM) [Round: 0501] Evaluate global model's performance...!                
	[Server] ...finished evaluation!                
	=> Loss: 1.2128                
	=> Accuracy: 86.67%

[INFO](2026/08/20/ 08:08:02 AM) [Round: 0502] Select clients...!
[INFO](2026/08/20/ 08:08:02 AM) [Round: 0502] ...successfully transmitted models to 10 selected clients!
[INFO](2026/08/20/ 08:08:02 AM) [Round: 0502] Start updating selected 10 clients...!
[INFO](2026/08/20/ 08:08:40 AM) [Round: 0502] ...10 clients are selected and updated (with total sample size: 42)!
[INFO](2026/08/20/ 08:08:40 AM) [Round: 0502] Aggregate updated weights of 10 clients...!
[INFO](2026/08/20/ 08:08:40 AM) [Round: 0502] ...updated weights of 10 clients are successfully averaged!
[INFO](2026/08/20/ 08:08:42 AM) [Round: 0502] Evaluate global model's performance...!                
	[Server] ...finished evaluation!                
	=> Loss: 0.6510                
	=> Accuracy: 87.14%

[INFO](2026/08/20/ 08:08:42 AM) [Round: 0503] Select clients...!
[INFO](2026/08/20/ 08:08:42 AM) [Round: 0503] ...successfully transmitted models to 10 selected clients!
[INFO](2026/08/20/ 08:08:43 AM) [Round: 0503] Start updating selected 10 clients...!
[INFO](2026/08/20/ 08:09:23 AM) [Round: 0503] ...10 clients are selected and updated (with total sample size: 49)!
[INFO](2026/08/20/ 08:09:23 AM) [Round: 0503] Aggregate updated weights of 10 clients...!
[INFO](2026/08/20/ 08:09:23 AM) [Round: 0503] ...updated weights of 10 clients are successfully averaged!
[INFO](2026/08/20/ 08:09:25 AM) [Round: 0503] Evaluate global model's performance...!                
	[Server] ...finished evaluation!                
	=> Loss: 0.8957                
	=> Accuracy: 86.43%

[INFO](2026/08/20/ 08:09:25 AM) [Round: 0504] Select clients...!
[INFO](2026/08/20/ 08:09:26 AM) [Round: 0504] ...successfully transmitted models to 10 selected clients!
[INFO](2026/08/20/ 08:09:26 AM) [Round: 0504] Start updating selected 10 clients...!
[INFO](2026/08/20/ 08:10:05 AM) [Round: 0504] ...10 clients are selected and updated (with total sample size: 47)!
[INFO](2026/08/20/ 08:10:06 AM) [Round: 0504] Aggregate updated weights of 10 clients...!
[INFO](2026/08/20/ 08:10:06 AM) [Round: 0504] ...updated weights of 10 clients are successfully averaged!
[INFO](2026/08/20/ 08:10:07 AM) [Round: 0504] Evaluate global model's performance...!                
	[Server] ...finished evaluation!                
	=> Loss: 0.6634                
	=> Accuracy: 87.38%

[INFO](2026/08/20/ 08:10:07 AM) [Round: 0505] Select clients...!
[INFO](2026/08/20/ 08:10:08 AM) [Round: 0505] ...successfully transmitted models to 10 selected clients!
[INFO](2026/08/20/ 08:10:08 AM) [Round: 0505] Start updating selected 10 clients...!
[INFO](2026/08/20/ 08:10:47 AM) [Round: 0505] ...10 clients are selected and updated (with total sample size: 25)!
[INFO](2026/08/20/ 08:10:47 AM) [Round: 0505] Aggregate updated weights of 10 clients...!
[INFO](2026/08/20/ 08:10:47 AM) [Round: 0505] ...updated weights of 10 clients are successfully averaged!
[INFO](2026/08/20/ 08:10:49 AM) [Round: 0505] Evaluate global model's performance...!                
	[Server] ...finished evaluation!                
	=> Loss: 0.5263                
	=> Accuracy: 89.05%

[INFO](2026/08/20/ 08:10:49 AM) [Round: 0506] Select clients...!
[INFO](2026/08/20/ 08:10:49 AM) [Round: 0506] ...successfully transmitted models to 10 selected clients!
[INFO](2026/08/20/ 08:10:49 AM) [Round: 0506] Start updating selected 10 clients...!
[INFO](2026/08/20/ 08:11:26 AM) [Round: 0506] ...10 clients are selected and updated (with total sample size: 35)!
[INFO](2026/08/20/ 08:11:26 AM) [Round: 0506] Aggregate updated weights of 10 clients...!
[INFO](2026/08/20/ 08:11:26 AM) [Round: 0506] ...updated weights of 10 clients are successfully averaged!
[INFO](2026/08/20/ 08:11:28 AM) [Round: 0506] Evaluate global model's performance...!                
	[Server] ...finished evaluation!                
	=> Loss: 0.4562                
	=> Accuracy: 89.29%

[INFO](2026/08/20/ 08:11:28 AM) [Round: 0507] Select clients...!
[INFO](2026/08/20/ 08:11:28 AM) [Round: 0507] ...successfully transmitted models to 10 selected clients!
[INFO](2026/08/20/ 08:11:28 AM) [Round: 0507] Start updating selected 10 clients...!
[INFO](2026/08/20/ 08:12:06 AM) [Round: 0507] ...10 clients are selected and updated (with total sample size: 42)!
[INFO](2026/08/20/ 08:12:06 AM) [Round: 0507] Aggregate updated weights of 10 clients...!
[INFO](2026/08/20/ 08:12:06 AM) [Round: 0507] ...updated weights of 10 clients are successfully averaged!
[INFO](2026/08/20/ 08:12:08 AM) [Round: 0507] Evaluate global model's performance...!                
	[Server] ...finished evaluation!                
	=> Loss: 0.6113                
	=> Accuracy: 89.05%

[INFO](2026/08/20/ 08:12:08 AM) [Round: 0508] Select clients...!
[INFO](2026/08/20/ 08:12:09 AM) [Round: 0508] ...successfully transmitted models to 10 selected clients!
[INFO](2026/08/20/ 08:12:09 AM) [Round: 0508] Start updating selected 10 clients...!
[INFO](2026/08/20/ 08:12:52 AM) [Round: 0508] ...10 clients are selected and updated (with total sample size: 47)!
[INFO](2026/08/20/ 08:12:52 AM) [Round: 0508] Aggregate updated weights of 10 clients...!
[INFO](2026/08/20/ 08:12:52 AM) [Round: 0508] ...updated weights of 10 clients are successfully averaged!
[INFO](2026/08/20/ 08:12:54 AM) [Round: 0508] Evaluate global model's performance...!                
	[Server] ...finished evaluation!                
	=> Loss: 0.6462                
	=> Accuracy: 87.62%

[INFO](2026/08/20/ 08:12:54 AM) [Round: 0509] Select clients...!
[INFO](2026/08/20/ 08:12:55 AM) [Round: 0509] ...successfully transmitted models to 10 selected clients!
[INFO](2026/08/20/ 08:12:55 AM) [Round: 0509] Start updating selected 10 clients...!
[INFO](2026/08/20/ 08:13:34 AM) [Round: 0509] ...10 clients are selected and updated (with total sample size: 49)!
[INFO](2026/08/20/ 08:13:34 AM) [Round: 0509] Aggregate updated weights of 10 clients...!
[INFO](2026/08/20/ 08:13:34 AM) [Round: 0509] ...updated weights of 10 clients are successfully averaged!
[INFO](2026/08/20/ 08:13:36 AM) [Round: 0509] Evaluate global model's performance...!                
	[Server] ...finished evaluation!                
	=> Loss: 0.7755                
	=> Accuracy: 87.62%

[INFO](2026/08/20/ 08:13:36 AM) [Round: 0510] Select clients...!
[INFO](2026/08/20/ 08:13:37 AM) [Round: 0510] ...successfully transmitted models to 10 selected clients!
[INFO](2026/08/20/ 08:13:37 AM) [Round: 0510] Start updating selected 10 clients...!
[INFO](2026/08/20/ 08:14:17 AM) [Round: 0510] ...10 clients are selected and updated (with total sample size: 49)!
[INFO](2026/08/20/ 08:14:17 AM) [Round: 0510] Aggregate updated weights of 10 clients...!
[INFO](2026/08/20/ 08:14:17 AM) [Round: 0510] ...updated weights of 10 clients are successfully averaged!
[INFO](2026/08/20/ 08:14:19 AM) [Round: 0510] Evaluate global model's performance...!                
	[Server] ...finished evaluation!                
	=> Loss: 0.8531                
	=> Accuracy: 86.43%

[INFO](2026/08/20/ 08:14:19 AM) [Round: 0511] Select clients...!
[INFO](2026/08/20/ 08:14:20 AM) [Round: 0511] ...successfully transmitted models to 10 selected clients!
[INFO](2026/08/20/ 08:14:20 AM) [Round: 0511] Start updating selected 10 clients...!
[INFO](2026/08/20/ 08:14:51 AM) [Round: 0511] ...10 clients are selected and updated (with total sample size: 36)!
[INFO](2026/08/20/ 08:14:51 AM) [Round: 0511] Aggregate updated weights of 10 clients...!
[INFO](2026/08/20/ 08:14:51 AM) [Round: 0511] ...updated weights of 10 clients are successfully averaged!
[INFO](2026/08/20/ 08:14:52 AM) [Round: 0511] Evaluate global model's performance...!                
	[Server] ...finished evaluation!                
	=> Loss: 0.6329                
	=> Accuracy: 87.86%

[INFO](2026/08/20/ 08:14:52 AM) [Round: 0512] Select clients...!
[INFO](2026/08/20/ 08:14:53 AM) [Round: 0512] ...successfully transmitted models to 10 selected clients!
[INFO](2026/08/20/ 08:14:53 AM) [Round: 0512] Start updating selected 10 clients...!
[INFO](2026/08/20/ 08:15:34 AM) [Round: 0512] ...10 clients are selected and updated (with total sample size: 49)!
[INFO](2026/08/20/ 08:15:34 AM) [Round: 0512] Aggregate updated weights of 10 clients...!
[INFO](2026/08/20/ 08:15:35 AM) [Round: 0512] ...updated weights of 10 clients are successfully averaged!
[INFO](2026/08/20/ 08:15:36 AM) [Round: 0512] Evaluate global model's performance...!                
	[Server] ...finished evaluation!                
	=> Loss: 1.0140                
	=> Accuracy: 85.71%

[INFO](2026/08/20/ 08:15:36 AM) [Round: 0513] Select clients...!
[INFO](2026/08/20/ 08:15:36 AM) [Round: 0513] ...successfully transmitted models to 10 selected clients!
[INFO](2026/08/20/ 08:15:37 AM) [Round: 0513] Start updating selected 10 clients...!
[INFO](2026/08/20/ 08:16:23 AM) [Round: 0513] ...10 clients are selected and updated (with total sample size: 50)!
[INFO](2026/08/20/ 08:16:23 AM) [Round: 0513] Aggregate updated weights of 10 clients...!
[INFO](2026/08/20/ 08:16:24 AM) [Round: 0513] ...updated weights of 10 clients are successfully averaged!
[INFO](2026/08/20/ 08:16:25 AM) [Round: 0513] Evaluate global model's performance...!                
	[Server] ...finished evaluation!                
	=> Loss: 0.5967                
	=> Accuracy: 87.38%

[INFO](2026/08/20/ 08:16:25 AM) [Round: 0514] Select clients...!
[INFO](2026/08/20/ 08:16:26 AM) [Round: 0514] ...successfully transmitted models to 10 selected clients!
[INFO](2026/08/20/ 08:16:26 AM) [Round: 0514] Start updating selected 10 clients...!
[INFO](2026/08/20/ 08:17:09 AM) [Round: 0514] ...10 clients are selected and updated (with total sample size: 47)!
[INFO](2026/08/20/ 08:17:09 AM) [Round: 0514] Aggregate updated weights of 10 clients...!
[INFO](2026/08/20/ 08:17:09 AM) [Round: 0514] ...updated weights of 10 clients are successfully averaged!
[INFO](2026/08/20/ 08:17:11 AM) [Round: 0514] Evaluate global model's performance...!                
	[Server] ...finished evaluation!                
	=> Loss: 0.6090                
	=> Accuracy: 86.67%

[INFO](2026/08/20/ 08:17:11 AM) [Round: 0515] Select clients...!
[INFO](2026/08/20/ 08:17:12 AM) [Round: 0515] ...successfully transmitted models to 10 selected clients!
[INFO](2026/08/20/ 08:17:12 AM) [Round: 0515] Start updating selected 10 clients...!
[INFO](2026/08/20/ 08:17:49 AM) [Round: 0515] ...10 clients are selected and updated (with total sample size: 47)!
[INFO](2026/08/20/ 08:17:49 AM) [Round: 0515] Aggregate updated weights of 10 clients...!
[INFO](2026/08/20/ 08:17:49 AM) [Round: 0515] ...updated weights of 10 clients are successfully averaged!
[INFO](2026/08/20/ 08:17:51 AM) [Round: 0515] Evaluate global model's performance...!                
	[Server] ...finished evaluation!                
	=> Loss: 0.5368                
	=> Accuracy: 87.38%

[INFO](2026/08/20/ 08:17:51 AM) [Round: 0516] Select clients...!
[INFO](2026/08/20/ 08:17:51 AM) [Round: 0516] ...successfully transmitted models to 10 selected clients!
[INFO](2026/08/20/ 08:17:51 AM) [Round: 0516] Start updating selected 10 clients...!
[INFO](2026/08/20/ 08:18:31 AM) [Round: 0516] ...10 clients are selected and updated (with total sample size: 36)!
[INFO](2026/08/20/ 08:18:31 AM) [Round: 0516] Aggregate updated weights of 10 clients...!
[INFO](2026/08/20/ 08:18:31 AM) [Round: 0516] ...updated weights of 10 clients are successfully averaged!
[INFO](2026/08/20/ 08:18:33 AM) [Round: 0516] Evaluate global model's performance...!                
	[Server] ...finished evaluation!                
	=> Loss: 0.5393                
	=> Accuracy: 87.86%

[INFO](2026/08/20/ 08:18:33 AM) [Round: 0517] Select clients...!
[INFO](2026/08/20/ 08:18:33 AM) [Round: 0517] ...successfully transmitted models to 10 selected clients!
[INFO](2026/08/20/ 08:18:34 AM) [Round: 0517] Start updating selected 10 clients...!
[INFO](2026/08/20/ 08:19:13 AM) [Round: 0517] ...10 clients are selected and updated (with total sample size: 39)!
[INFO](2026/08/20/ 08:19:13 AM) [Round: 0517] Aggregate updated weights of 10 clients...!
[INFO](2026/08/20/ 08:19:13 AM) [Round: 0517] ...updated weights of 10 clients are successfully averaged!
[INFO](2026/08/20/ 08:19:15 AM) [Round: 0517] Evaluate global model's performance...!                
	[Server] ...finished evaluation!                
	=> Loss: 0.4591                
	=> Accuracy: 88.81%

[INFO](2026/08/20/ 08:19:15 AM) [Round: 0518] Select clients...!
[INFO](2026/08/20/ 08:19:15 AM) [Round: 0518] ...successfully transmitted models to 10 selected clients!
[INFO](2026/08/20/ 08:19:15 AM) [Round: 0518] Start updating selected 10 clients...!
[INFO](2026/08/20/ 08:19:55 AM) [Round: 0518] ...10 clients are selected and updated (with total sample size: 25)!
[INFO](2026/08/20/ 08:19:55 AM) [Round: 0518] Aggregate updated weights of 10 clients...!
[INFO](2026/08/20/ 08:19:55 AM) [Round: 0518] ...updated weights of 10 clients are successfully averaged!
[INFO](2026/08/20/ 08:19:57 AM) [Round: 0518] Evaluate global model's performance...!                
	[Server] ...finished evaluation!                
	=> Loss: 0.7005                
	=> Accuracy: 86.67%

[INFO](2026/08/20/ 08:19:57 AM) [Round: 0519] Select clients...!
[INFO](2026/08/20/ 08:19:58 AM) [Round: 0519] ...successfully transmitted models to 10 selected clients!
[INFO](2026/08/20/ 08:19:58 AM) [Round: 0519] Start updating selected 10 clients...!
[INFO](2026/08/20/ 08:20:39 AM) [Round: 0519] ...10 clients are selected and updated (with total sample size: 47)!
[INFO](2026/08/20/ 08:20:39 AM) [Round: 0519] Aggregate updated weights of 10 clients...!
[INFO](2026/08/20/ 08:20:40 AM) [Round: 0519] ...updated weights of 10 clients are successfully averaged!
[INFO](2026/08/20/ 08:20:41 AM) [Round: 0519] Evaluate global model's performance...!                
	[Server] ...finished evaluation!                
	=> Loss: 0.8185                
	=> Accuracy: 86.43%

[INFO](2026/08/20/ 08:20:41 AM) [Round: 0520] Select clients...!
[INFO](2026/08/20/ 08:20:42 AM) [Round: 0520] ...successfully transmitted models to 10 selected clients!
[INFO](2026/08/20/ 08:20:42 AM) [Round: 0520] Start updating selected 10 clients...!
[INFO](2026/08/20/ 08:21:17 AM) [Round: 0520] ...10 clients are selected and updated (with total sample size: 36)!
[INFO](2026/08/20/ 08:21:17 AM) [Round: 0520] Aggregate updated weights of 10 clients...!
[INFO](2026/08/20/ 08:21:17 AM) [Round: 0520] ...updated weights of 10 clients are successfully averaged!
[INFO](2026/08/20/ 08:21:19 AM) [Round: 0520] Evaluate global model's performance...!                
	[Server] ...finished evaluation!                
	=> Loss: 0.4979                
	=> Accuracy: 88.57%

[INFO](2026/08/20/ 08:21:19 AM) [Round: 0521] Select clients...!
[INFO](2026/08/20/ 08:21:19 AM) [Round: 0521] ...successfully transmitted models to 10 selected clients!
[INFO](2026/08/20/ 08:21:19 AM) [Round: 0521] Start updating selected 10 clients...!
[INFO](2026/08/20/ 08:22:05 AM) [Round: 0521] ...10 clients are selected and updated (with total sample size: 42)!
[INFO](2026/08/20/ 08:22:05 AM) [Round: 0521] Aggregate updated weights of 10 clients...!
[INFO](2026/08/20/ 08:22:05 AM) [Round: 0521] ...updated weights of 10 clients are successfully averaged!
[INFO](2026/08/20/ 08:22:06 AM) [Round: 0521] Evaluate global model's performance...!                
	[Server] ...finished evaluation!                
	=> Loss: 0.5459                
	=> Accuracy: 86.90%

[INFO](2026/08/20/ 08:22:06 AM) [Round: 0522] Select clients...!
[INFO](2026/08/20/ 08:22:07 AM) [Round: 0522] ...successfully transmitted models to 10 selected clients!
[INFO](2026/08/20/ 08:22:07 AM) [Round: 0522] Start updating selected 10 clients...!
[INFO](2026/08/20/ 08:22:45 AM) [Round: 0522] ...10 clients are selected and updated (with total sample size: 59)!
[INFO](2026/08/20/ 08:22:45 AM) [Round: 0522] Aggregate updated weights of 10 clients...!
[INFO](2026/08/20/ 08:22:45 AM) [Round: 0522] ...updated weights of 10 clients are successfully averaged!
[INFO](2026/08/20/ 08:22:47 AM) [Round: 0522] Evaluate global model's performance...!                
	[Server] ...finished evaluation!                
	=> Loss: 0.8100                
	=> Accuracy: 86.67%

[INFO](2026/08/20/ 08:22:47 AM) [Round: 0523] Select clients...!
[INFO](2026/08/20/ 08:22:47 AM) [Round: 0523] ...successfully transmitted models to 10 selected clients!
[INFO](2026/08/20/ 08:22:47 AM) [Round: 0523] Start updating selected 10 clients...!
[INFO](2026/08/20/ 08:23:23 AM) [Round: 0523] ...10 clients are selected and updated (with total sample size: 42)!
[INFO](2026/08/20/ 08:23:23 AM) [Round: 0523] Aggregate updated weights of 10 clients...!
[INFO](2026/08/20/ 08:23:23 AM) [Round: 0523] ...updated weights of 10 clients are successfully averaged!
[INFO](2026/08/20/ 08:23:25 AM) [Round: 0523] Evaluate global model's performance...!                
	[Server] ...finished evaluation!                
	=> Loss: 1.3725                
	=> Accuracy: 85.71%

[INFO](2026/08/20/ 08:23:25 AM) [Round: 0524] Select clients...!
[INFO](2026/08/20/ 08:23:26 AM) [Round: 0524] ...successfully transmitted models to 10 selected clients!
[INFO](2026/08/20/ 08:23:26 AM) [Round: 0524] Start updating selected 10 clients...!
[INFO](2026/08/20/ 08:24:05 AM) [Round: 0524] ...10 clients are selected and updated (with total sample size: 50)!
[INFO](2026/08/20/ 08:24:05 AM) [Round: 0524] Aggregate updated weights of 10 clients...!
[INFO](2026/08/20/ 08:24:05 AM) [Round: 0524] ...updated weights of 10 clients are successfully averaged!
[INFO](2026/08/20/ 08:24:07 AM) [Round: 0524] Evaluate global model's performance...!                
	[Server] ...finished evaluation!                
	=> Loss: 0.3770                
	=> Accuracy: 90.00%

[INFO](2026/08/20/ 08:24:07 AM) [Round: 0525] Select clients...!
[INFO](2026/08/20/ 08:24:07 AM) [Round: 0525] ...successfully transmitted models to 10 selected clients!
[INFO](2026/08/20/ 08:24:07 AM) [Round: 0525] Start updating selected 10 clients...!
[INFO](2026/08/20/ 08:24:50 AM) [Round: 0525] ...10 clients are selected and updated (with total sample size: 25)!
[INFO](2026/08/20/ 08:24:50 AM) [Round: 0525] Aggregate updated weights of 10 clients...!
[INFO](2026/08/20/ 08:24:50 AM) [Round: 0525] ...updated weights of 10 clients are successfully averaged!
[INFO](2026/08/20/ 08:24:52 AM) [Round: 0525] Evaluate global model's performance...!                
	[Server] ...finished evaluation!                
	=> Loss: 0.5197                
	=> Accuracy: 87.38%

[INFO](2026/08/20/ 08:24:52 AM) [Round: 0526] Select clients...!
[INFO](2026/08/20/ 08:24:53 AM) [Round: 0526] ...successfully transmitted models to 10 selected clients!
[INFO](2026/08/20/ 08:24:53 AM) [Round: 0526] Start updating selected 10 clients...!
[INFO](2026/08/20/ 08:25:33 AM) [Round: 0526] ...10 clients are selected and updated (with total sample size: 49)!
[INFO](2026/08/20/ 08:25:33 AM) [Round: 0526] Aggregate updated weights of 10 clients...!
[INFO](2026/08/20/ 08:25:33 AM) [Round: 0526] ...updated weights of 10 clients are successfully averaged!
[INFO](2026/08/20/ 08:25:35 AM) [Round: 0526] Evaluate global model's performance...!                
	[Server] ...finished evaluation!                
	=> Loss: 0.8049                
	=> Accuracy: 85.71%

[INFO](2026/08/20/ 08:25:35 AM) [Round: 0527] Select clients...!
[INFO](2026/08/20/ 08:25:35 AM) [Round: 0527] ...successfully transmitted models to 10 selected clients!
[INFO](2026/08/20/ 08:25:36 AM) [Round: 0527] Start updating selected 10 clients...!
[INFO](2026/08/20/ 08:26:14 AM) [Round: 0527] ...10 clients are selected and updated (with total sample size: 36)!
[INFO](2026/08/20/ 08:26:14 AM) [Round: 0527] Aggregate updated weights of 10 clients...!
[INFO](2026/08/20/ 08:26:14 AM) [Round: 0527] ...updated weights of 10 clients are successfully averaged!
[INFO](2026/08/20/ 08:26:16 AM) [Round: 0527] Evaluate global model's performance...!                
	[Server] ...finished evaluation!                
	=> Loss: 0.8568                
	=> Accuracy: 87.38%

[INFO](2026/08/20/ 08:26:16 AM) [Round: 0528] Select clients...!
[INFO](2026/08/20/ 08:26:17 AM) [Round: 0528] ...successfully transmitted models to 10 selected clients!
[INFO](2026/08/20/ 08:26:17 AM) [Round: 0528] Start updating selected 10 clients...!
[INFO](2026/08/20/ 08:26:51 AM) [Round: 0528] ...10 clients are selected and updated (with total sample size: 25)!
[INFO](2026/08/20/ 08:26:51 AM) [Round: 0528] Aggregate updated weights of 10 clients...!
[INFO](2026/08/20/ 08:26:51 AM) [Round: 0528] ...updated weights of 10 clients are successfully averaged!
[INFO](2026/08/20/ 08:26:53 AM) [Round: 0528] Evaluate global model's performance...!                
	[Server] ...finished evaluation!                
	=> Loss: 0.5435                
	=> Accuracy: 88.10%

[INFO](2026/08/20/ 08:26:53 AM) [Round: 0529] Select clients...!
[INFO](2026/08/20/ 08:26:53 AM) [Round: 0529] ...successfully transmitted models to 10 selected clients!
[INFO](2026/08/20/ 08:26:53 AM) [Round: 0529] Start updating selected 10 clients...!
[INFO](2026/08/20/ 08:27:33 AM) [Round: 0529] ...10 clients are selected and updated (with total sample size: 47)!
[INFO](2026/08/20/ 08:27:33 AM) [Round: 0529] Aggregate updated weights of 10 clients...!
[INFO](2026/08/20/ 08:27:33 AM) [Round: 0529] ...updated weights of 10 clients are successfully averaged!
[INFO](2026/08/20/ 08:27:35 AM) [Round: 0529] Evaluate global model's performance...!                
	[Server] ...finished evaluation!                
	=> Loss: 0.4030                
	=> Accuracy: 89.52%

[INFO](2026/08/20/ 08:27:35 AM) [Round: 0530] Select clients...!
[INFO](2026/08/20/ 08:27:35 AM) [Round: 0530] ...successfully transmitted models to 10 selected clients!
[INFO](2026/08/20/ 08:27:35 AM) [Round: 0530] Start updating selected 10 clients...!
[INFO](2026/08/20/ 08:28:16 AM) [Round: 0530] ...10 clients are selected and updated (with total sample size: 47)!
[INFO](2026/08/20/ 08:28:16 AM) [Round: 0530] Aggregate updated weights of 10 clients...!
[INFO](2026/08/20/ 08:28:17 AM) [Round: 0530] ...updated weights of 10 clients are successfully averaged!
[INFO](2026/08/20/ 08:28:18 AM) [Round: 0530] Evaluate global model's performance...!                
	[Server] ...finished evaluation!                
	=> Loss: 0.6991                
	=> Accuracy: 87.86%

[INFO](2026/08/20/ 08:28:18 AM) [Round: 0531] Select clients...!
[INFO](2026/08/20/ 08:28:19 AM) [Round: 0531] ...successfully transmitted models to 10 selected clients!
[INFO](2026/08/20/ 08:28:19 AM) [Round: 0531] Start updating selected 10 clients...!
[INFO](2026/08/20/ 08:29:00 AM) [Round: 0531] ...10 clients are selected and updated (with total sample size: 42)!
[INFO](2026/08/20/ 08:29:00 AM) [Round: 0531] Aggregate updated weights of 10 clients...!
[INFO](2026/08/20/ 08:29:00 AM) [Round: 0531] ...updated weights of 10 clients are successfully averaged!
[INFO](2026/08/20/ 08:29:02 AM) [Round: 0531] Evaluate global model's performance...!                
	[Server] ...finished evaluation!                
	=> Loss: 0.5042                
	=> Accuracy: 89.76%

[INFO](2026/08/20/ 08:29:02 AM) [Round: 0532] Select clients...!
[INFO](2026/08/20/ 08:29:03 AM) [Round: 0532] ...successfully transmitted models to 10 selected clients!
[INFO](2026/08/20/ 08:29:03 AM) [Round: 0532] Start updating selected 10 clients...!
[INFO](2026/08/20/ 08:29:41 AM) [Round: 0532] ...10 clients are selected and updated (with total sample size: 49)!
[INFO](2026/08/20/ 08:29:41 AM) [Round: 0532] Aggregate updated weights of 10 clients...!
[INFO](2026/08/20/ 08:29:41 AM) [Round: 0532] ...updated weights of 10 clients are successfully averaged!
[INFO](2026/08/20/ 08:29:42 AM) [Round: 0532] Evaluate global model's performance...!                
	[Server] ...finished evaluation!                
	=> Loss: 0.6987                
	=> Accuracy: 86.19%

[INFO](2026/08/20/ 08:29:43 AM) [Round: 0533] Select clients...!
[INFO](2026/08/20/ 08:29:43 AM) [Round: 0533] ...successfully transmitted models to 10 selected clients!
[INFO](2026/08/20/ 08:29:43 AM) [Round: 0533] Start updating selected 10 clients...!
[INFO](2026/08/20/ 08:30:27 AM) [Round: 0533] ...10 clients are selected and updated (with total sample size: 49)!
[INFO](2026/08/20/ 08:30:27 AM) [Round: 0533] Aggregate updated weights of 10 clients...!
[INFO](2026/08/20/ 08:30:27 AM) [Round: 0533] ...updated weights of 10 clients are successfully averaged!
[INFO](2026/08/20/ 08:30:29 AM) [Round: 0533] Evaluate global model's performance...!                
	[Server] ...finished evaluation!                
	=> Loss: 0.6144                
	=> Accuracy: 86.90%

[INFO](2026/08/20/ 08:30:29 AM) [Round: 0534] Select clients...!
[INFO](2026/08/20/ 08:30:30 AM) [Round: 0534] ...successfully transmitted models to 10 selected clients!
[INFO](2026/08/20/ 08:30:30 AM) [Round: 0534] Start updating selected 10 clients...!
[INFO](2026/08/20/ 08:31:08 AM) [Round: 0534] ...10 clients are selected and updated (with total sample size: 42)!
[INFO](2026/08/20/ 08:31:09 AM) [Round: 0534] Aggregate updated weights of 10 clients...!
[INFO](2026/08/20/ 08:31:09 AM) [Round: 0534] ...updated weights of 10 clients are successfully averaged!
[INFO](2026/08/20/ 08:31:10 AM) [Round: 0534] Evaluate global model's performance...!                
	[Server] ...finished evaluation!                
	=> Loss: 0.5723                
	=> Accuracy: 88.10%

[INFO](2026/08/20/ 08:31:10 AM) [Round: 0535] Select clients...!
[INFO](2026/08/20/ 08:31:11 AM) [Round: 0535] ...successfully transmitted models to 10 selected clients!
[INFO](2026/08/20/ 08:31:11 AM) [Round: 0535] Start updating selected 10 clients...!
[INFO](2026/08/20/ 08:31:52 AM) [Round: 0535] ...10 clients are selected and updated (with total sample size: 47)!
[INFO](2026/08/20/ 08:31:52 AM) [Round: 0535] Aggregate updated weights of 10 clients...!
[INFO](2026/08/20/ 08:31:52 AM) [Round: 0535] ...updated weights of 10 clients are successfully averaged!
[INFO](2026/08/20/ 08:31:53 AM) [Round: 0535] Evaluate global model's performance...!                
	[Server] ...finished evaluation!                
	=> Loss: 0.6085                
	=> Accuracy: 87.86%

[INFO](2026/08/20/ 08:31:53 AM) [Round: 0536] Select clients...!
[INFO](2026/08/20/ 08:31:54 AM) [Round: 0536] ...successfully transmitted models to 10 selected clients!
[INFO](2026/08/20/ 08:31:54 AM) [Round: 0536] Start updating selected 10 clients...!
[INFO](2026/08/20/ 08:32:38 AM) [Round: 0536] ...10 clients are selected and updated (with total sample size: 25)!
[INFO](2026/08/20/ 08:32:38 AM) [Round: 0536] Aggregate updated weights of 10 clients...!
[INFO](2026/08/20/ 08:32:39 AM) [Round: 0536] ...updated weights of 10 clients are successfully averaged!
[INFO](2026/08/20/ 08:32:40 AM) [Round: 0536] Evaluate global model's performance...!                
	[Server] ...finished evaluation!                
	=> Loss: 1.4370                
	=> Accuracy: 86.67%

[INFO](2026/08/20/ 08:32:40 AM) [Round: 0537] Select clients...!
[INFO](2026/08/20/ 08:32:41 AM) [Round: 0537] ...successfully transmitted models to 10 selected clients!
[INFO](2026/08/20/ 08:32:41 AM) [Round: 0537] Start updating selected 10 clients...!
[INFO](2026/08/20/ 08:33:22 AM) [Round: 0537] ...10 clients are selected and updated (with total sample size: 25)!
[INFO](2026/08/20/ 08:33:22 AM) [Round: 0537] Aggregate updated weights of 10 clients...!
[INFO](2026/08/20/ 08:33:22 AM) [Round: 0537] ...updated weights of 10 clients are successfully averaged!
[INFO](2026/08/20/ 08:33:24 AM) [Round: 0537] Evaluate global model's performance...!                
	[Server] ...finished evaluation!                
	=> Loss: 0.8636                
	=> Accuracy: 86.19%

[INFO](2026/08/20/ 08:33:24 AM) [Round: 0538] Select clients...!
[INFO](2026/08/20/ 08:33:24 AM) [Round: 0538] ...successfully transmitted models to 10 selected clients!
[INFO](2026/08/20/ 08:33:24 AM) [Round: 0538] Start updating selected 10 clients...!
[INFO](2026/08/20/ 08:34:02 AM) [Round: 0538] ...10 clients are selected and updated (with total sample size: 47)!
[INFO](2026/08/20/ 08:34:02 AM) [Round: 0538] Aggregate updated weights of 10 clients...!
[INFO](2026/08/20/ 08:34:02 AM) [Round: 0538] ...updated weights of 10 clients are successfully averaged!
[INFO](2026/08/20/ 08:34:03 AM) [Round: 0538] Evaluate global model's performance...!                
	[Server] ...finished evaluation!                
	=> Loss: 0.4601                
	=> Accuracy: 90.95%

[INFO](2026/08/20/ 08:34:03 AM) [Round: 0539] Select clients...!
[INFO](2026/08/20/ 08:34:04 AM) [Round: 0539] ...successfully transmitted models to 10 selected clients!
[INFO](2026/08/20/ 08:34:04 AM) [Round: 0539] Start updating selected 10 clients...!
[INFO](2026/08/20/ 08:34:45 AM) [Round: 0539] ...10 clients are selected and updated (with total sample size: 25)!
[INFO](2026/08/20/ 08:34:45 AM) [Round: 0539] Aggregate updated weights of 10 clients...!
[INFO](2026/08/20/ 08:34:45 AM) [Round: 0539] ...updated weights of 10 clients are successfully averaged!
[INFO](2026/08/20/ 08:34:47 AM) [Round: 0539] Evaluate global model's performance...!                
	[Server] ...finished evaluation!                
	=> Loss: 0.7225                
	=> Accuracy: 88.57%

[INFO](2026/08/20/ 08:34:47 AM) [Round: 0540] Select clients...!
[INFO](2026/08/20/ 08:34:48 AM) [Round: 0540] ...successfully transmitted models to 10 selected clients!
[INFO](2026/08/20/ 08:34:48 AM) [Round: 0540] Start updating selected 10 clients...!
[INFO](2026/08/20/ 08:35:27 AM) [Round: 0540] ...10 clients are selected and updated (with total sample size: 36)!
[INFO](2026/08/20/ 08:35:28 AM) [Round: 0540] Aggregate updated weights of 10 clients...!
[INFO](2026/08/20/ 08:35:28 AM) [Round: 0540] ...updated weights of 10 clients are successfully averaged!
[INFO](2026/08/20/ 08:35:29 AM) [Round: 0540] Evaluate global model's performance...!                
	[Server] ...finished evaluation!                
	=> Loss: 0.6208                
	=> Accuracy: 87.86%

[INFO](2026/08/20/ 08:35:29 AM) [Round: 0541] Select clients...!
[INFO](2026/08/20/ 08:35:30 AM) [Round: 0541] ...successfully transmitted models to 10 selected clients!
[INFO](2026/08/20/ 08:35:30 AM) [Round: 0541] Start updating selected 10 clients...!
[INFO](2026/08/20/ 08:36:11 AM) [Round: 0541] ...10 clients are selected and updated (with total sample size: 25)!
[INFO](2026/08/20/ 08:36:11 AM) [Round: 0541] Aggregate updated weights of 10 clients...!
[INFO](2026/08/20/ 08:36:11 AM) [Round: 0541] ...updated weights of 10 clients are successfully averaged!
[INFO](2026/08/20/ 08:36:13 AM) [Round: 0541] Evaluate global model's performance...!                
	[Server] ...finished evaluation!                
	=> Loss: 0.6665                
	=> Accuracy: 87.62%

[INFO](2026/08/20/ 08:36:13 AM) [Round: 0542] Select clients...!
[INFO](2026/08/20/ 08:36:14 AM) [Round: 0542] ...successfully transmitted models to 10 selected clients!
[INFO](2026/08/20/ 08:36:14 AM) [Round: 0542] Start updating selected 10 clients...!
[INFO](2026/08/20/ 08:36:54 AM) [Round: 0542] ...10 clients are selected and updated (with total sample size: 49)!
[INFO](2026/08/20/ 08:36:54 AM) [Round: 0542] Aggregate updated weights of 10 clients...!
[INFO](2026/08/20/ 08:36:54 AM) [Round: 0542] ...updated weights of 10 clients are successfully averaged!
[INFO](2026/08/20/ 08:36:56 AM) [Round: 0542] Evaluate global model's performance...!                
	[Server] ...finished evaluation!                
	=> Loss: 0.6105                
	=> Accuracy: 87.62%

[INFO](2026/08/20/ 08:36:56 AM) [Round: 0543] Select clients...!
[INFO](2026/08/20/ 08:36:57 AM) [Round: 0543] ...successfully transmitted models to 10 selected clients!
[INFO](2026/08/20/ 08:36:57 AM) [Round: 0543] Start updating selected 10 clients...!
[INFO](2026/08/20/ 08:37:40 AM) [Round: 0543] ...10 clients are selected and updated (with total sample size: 25)!
[INFO](2026/08/20/ 08:37:40 AM) [Round: 0543] Aggregate updated weights of 10 clients...!
[INFO](2026/08/20/ 08:37:40 AM) [Round: 0543] ...updated weights of 10 clients are successfully averaged!
[INFO](2026/08/20/ 08:37:42 AM) [Round: 0543] Evaluate global model's performance...!                
	[Server] ...finished evaluation!                
	=> Loss: 0.6101                
	=> Accuracy: 87.62%

[INFO](2026/08/20/ 08:37:42 AM) [Round: 0544] Select clients...!
[INFO](2026/08/20/ 08:37:43 AM) [Round: 0544] ...successfully transmitted models to 10 selected clients!
[INFO](2026/08/20/ 08:37:43 AM) [Round: 0544] Start updating selected 10 clients...!
[INFO](2026/08/20/ 08:38:24 AM) [Round: 0544] ...10 clients are selected and updated (with total sample size: 49)!
[INFO](2026/08/20/ 08:38:24 AM) [Round: 0544] Aggregate updated weights of 10 clients...!
[INFO](2026/08/20/ 08:38:24 AM) [Round: 0544] ...updated weights of 10 clients are successfully averaged!
[INFO](2026/08/20/ 08:38:26 AM) [Round: 0544] Evaluate global model's performance...!                
	[Server] ...finished evaluation!                
	=> Loss: 0.6127                
	=> Accuracy: 88.10%

[INFO](2026/08/20/ 08:38:26 AM) [Round: 0545] Select clients...!
[INFO](2026/08/20/ 08:38:26 AM) [Round: 0545] ...successfully transmitted models to 10 selected clients!
[INFO](2026/08/20/ 08:38:27 AM) [Round: 0545] Start updating selected 10 clients...!
[INFO](2026/08/20/ 08:39:10 AM) [Round: 0545] ...10 clients are selected and updated (with total sample size: 49)!
[INFO](2026/08/20/ 08:39:10 AM) [Round: 0545] Aggregate updated weights of 10 clients...!
[INFO](2026/08/20/ 08:39:10 AM) [Round: 0545] ...updated weights of 10 clients are successfully averaged!
[INFO](2026/08/20/ 08:39:12 AM) [Round: 0545] Evaluate global model's performance...!                
	[Server] ...finished evaluation!                
	=> Loss: 0.8400                
	=> Accuracy: 85.24%

[INFO](2026/08/20/ 08:39:12 AM) [Round: 0546] Select clients...!
[INFO](2026/08/20/ 08:39:12 AM) [Round: 0546] ...successfully transmitted models to 10 selected clients!
[INFO](2026/08/20/ 08:39:13 AM) [Round: 0546] Start updating selected 10 clients...!
[INFO](2026/08/20/ 08:39:49 AM) [Round: 0546] ...10 clients are selected and updated (with total sample size: 49)!
[INFO](2026/08/20/ 08:39:49 AM) [Round: 0546] Aggregate updated weights of 10 clients...!
[INFO](2026/08/20/ 08:39:50 AM) [Round: 0546] ...updated weights of 10 clients are successfully averaged!
[INFO](2026/08/20/ 08:39:51 AM) [Round: 0546] Evaluate global model's performance...!                
	[Server] ...finished evaluation!                
	=> Loss: 0.8410                
	=> Accuracy: 87.38%

[INFO](2026/08/20/ 08:39:51 AM) [Round: 0547] Select clients...!
[INFO](2026/08/20/ 08:39:52 AM) [Round: 0547] ...successfully transmitted models to 10 selected clients!
[INFO](2026/08/20/ 08:39:52 AM) [Round: 0547] Start updating selected 10 clients...!
[INFO](2026/08/20/ 08:40:35 AM) [Round: 0547] ...10 clients are selected and updated (with total sample size: 42)!
[INFO](2026/08/20/ 08:40:35 AM) [Round: 0547] Aggregate updated weights of 10 clients...!
[INFO](2026/08/20/ 08:40:35 AM) [Round: 0547] ...updated weights of 10 clients are successfully averaged!
[INFO](2026/08/20/ 08:40:36 AM) [Round: 0547] Evaluate global model's performance...!                
	[Server] ...finished evaluation!                
	=> Loss: 0.6501                
	=> Accuracy: 86.67%

[INFO](2026/08/20/ 08:40:36 AM) [Round: 0548] Select clients...!
[INFO](2026/08/20/ 08:40:37 AM) [Round: 0548] ...successfully transmitted models to 10 selected clients!
[INFO](2026/08/20/ 08:40:37 AM) [Round: 0548] Start updating selected 10 clients...!
[INFO](2026/08/20/ 08:41:19 AM) [Round: 0548] ...10 clients are selected and updated (with total sample size: 25)!
[INFO](2026/08/20/ 08:41:19 AM) [Round: 0548] Aggregate updated weights of 10 clients...!
[INFO](2026/08/20/ 08:41:20 AM) [Round: 0548] ...updated weights of 10 clients are successfully averaged!
[INFO](2026/08/20/ 08:41:21 AM) [Round: 0548] Evaluate global model's performance...!                
	[Server] ...finished evaluation!                
	=> Loss: 0.5663                
	=> Accuracy: 88.33%

[INFO](2026/08/20/ 08:41:21 AM) [Round: 0549] Select clients...!
[INFO](2026/08/20/ 08:41:22 AM) [Round: 0549] ...successfully transmitted models to 10 selected clients!
[INFO](2026/08/20/ 08:41:22 AM) [Round: 0549] Start updating selected 10 clients...!
[INFO](2026/08/20/ 08:42:03 AM) [Round: 0549] ...10 clients are selected and updated (with total sample size: 47)!
[INFO](2026/08/20/ 08:42:03 AM) [Round: 0549] Aggregate updated weights of 10 clients...!
[INFO](2026/08/20/ 08:42:03 AM) [Round: 0549] ...updated weights of 10 clients are successfully averaged!
[INFO](2026/08/20/ 08:42:05 AM) [Round: 0549] Evaluate global model's performance...!                
	[Server] ...finished evaluation!                
	=> Loss: 0.6451                
	=> Accuracy: 87.14%

[INFO](2026/08/20/ 08:42:05 AM) [Round: 0550] Select clients...!
[INFO](2026/08/20/ 08:42:06 AM) [Round: 0550] ...successfully transmitted models to 10 selected clients!
[INFO](2026/08/20/ 08:42:06 AM) [Round: 0550] Start updating selected 10 clients...!
[INFO](2026/08/20/ 08:42:49 AM) [Round: 0550] ...10 clients are selected and updated (with total sample size: 42)!
[INFO](2026/08/20/ 08:42:50 AM) [Round: 0550] Aggregate updated weights of 10 clients...!
[INFO](2026/08/20/ 08:42:50 AM) [Round: 0550] ...updated weights of 10 clients are successfully averaged!
[INFO](2026/08/20/ 08:42:52 AM) [Round: 0550] Evaluate global model's performance...!                
	[Server] ...finished evaluation!                
	=> Loss: 0.4873                
	=> Accuracy: 90.24%

[INFO](2026/08/20/ 08:42:52 AM) [Round: 0551] Select clients...!
[INFO](2026/08/20/ 08:42:52 AM) [Round: 0551] ...successfully transmitted models to 10 selected clients!
[INFO](2026/08/20/ 08:42:52 AM) [Round: 0551] Start updating selected 10 clients...!
[INFO](2026/08/20/ 08:43:30 AM) [Round: 0551] ...10 clients are selected and updated (with total sample size: 48)!
[INFO](2026/08/20/ 08:43:30 AM) [Round: 0551] Aggregate updated weights of 10 clients...!
[INFO](2026/08/20/ 08:43:30 AM) [Round: 0551] ...updated weights of 10 clients are successfully averaged!
[INFO](2026/08/20/ 08:43:32 AM) [Round: 0551] Evaluate global model's performance...!                
	[Server] ...finished evaluation!                
	=> Loss: 0.8830                
	=> Accuracy: 88.81%

[INFO](2026/08/20/ 08:43:32 AM) [Round: 0552] Select clients...!
[INFO](2026/08/20/ 08:43:33 AM) [Round: 0552] ...successfully transmitted models to 10 selected clients!
[INFO](2026/08/20/ 08:43:33 AM) [Round: 0552] Start updating selected 10 clients...!
[INFO](2026/08/20/ 08:44:10 AM) [Round: 0552] ...10 clients are selected and updated (with total sample size: 25)!
[INFO](2026/08/20/ 08:44:10 AM) [Round: 0552] Aggregate updated weights of 10 clients...!
[INFO](2026/08/20/ 08:44:10 AM) [Round: 0552] ...updated weights of 10 clients are successfully averaged!
[INFO](2026/08/20/ 08:44:12 AM) [Round: 0552] Evaluate global model's performance...!                
	[Server] ...finished evaluation!                
	=> Loss: 0.8090                
	=> Accuracy: 87.14%

[INFO](2026/08/20/ 08:44:12 AM) [Round: 0553] Select clients...!
[INFO](2026/08/20/ 08:44:12 AM) [Round: 0553] ...successfully transmitted models to 10 selected clients!
[INFO](2026/08/20/ 08:44:12 AM) [Round: 0553] Start updating selected 10 clients...!
[INFO](2026/08/20/ 08:44:51 AM) [Round: 0553] ...10 clients are selected and updated (with total sample size: 36)!
[INFO](2026/08/20/ 08:44:51 AM) [Round: 0553] Aggregate updated weights of 10 clients...!
[INFO](2026/08/20/ 08:44:51 AM) [Round: 0553] ...updated weights of 10 clients are successfully averaged!
[INFO](2026/08/20/ 08:44:53 AM) [Round: 0553] Evaluate global model's performance...!                
	[Server] ...finished evaluation!                
	=> Loss: 0.7022                
	=> Accuracy: 88.57%

[INFO](2026/08/20/ 08:44:53 AM) [Round: 0554] Select clients...!
[INFO](2026/08/20/ 08:44:53 AM) [Round: 0554] ...successfully transmitted models to 10 selected clients!
[INFO](2026/08/20/ 08:44:53 AM) [Round: 0554] Start updating selected 10 clients...!
[INFO](2026/08/20/ 08:45:27 AM) [Round: 0554] ...10 clients are selected and updated (with total sample size: 36)!
[INFO](2026/08/20/ 08:45:28 AM) [Round: 0554] Aggregate updated weights of 10 clients...!
[INFO](2026/08/20/ 08:45:28 AM) [Round: 0554] ...updated weights of 10 clients are successfully averaged!
[INFO](2026/08/20/ 08:45:29 AM) [Round: 0554] Evaluate global model's performance...!                
	[Server] ...finished evaluation!                
	=> Loss: 0.9512                
	=> Accuracy: 87.86%

[INFO](2026/08/20/ 08:45:29 AM) [Round: 0555] Select clients...!
[INFO](2026/08/20/ 08:45:30 AM) [Round: 0555] ...successfully transmitted models to 10 selected clients!
[INFO](2026/08/20/ 08:45:30 AM) [Round: 0555] Start updating selected 10 clients...!
[INFO](2026/08/20/ 08:46:12 AM) [Round: 0555] ...10 clients are selected and updated (with total sample size: 47)!
[INFO](2026/08/20/ 08:46:12 AM) [Round: 0555] Aggregate updated weights of 10 clients...!
[INFO](2026/08/20/ 08:46:12 AM) [Round: 0555] ...updated weights of 10 clients are successfully averaged!
[INFO](2026/08/20/ 08:46:13 AM) [Round: 0555] Evaluate global model's performance...!                
	[Server] ...finished evaluation!                
	=> Loss: 0.5307                
	=> Accuracy: 89.76%

[INFO](2026/08/20/ 08:46:13 AM) [Round: 0556] Select clients...!
[INFO](2026/08/20/ 08:46:14 AM) [Round: 0556] ...successfully transmitted models to 10 selected clients!
[INFO](2026/08/20/ 08:46:14 AM) [Round: 0556] Start updating selected 10 clients...!
[INFO](2026/08/20/ 08:46:51 AM) [Round: 0556] ...10 clients are selected and updated (with total sample size: 36)!
[INFO](2026/08/20/ 08:46:51 AM) [Round: 0556] Aggregate updated weights of 10 clients...!
[INFO](2026/08/20/ 08:46:51 AM) [Round: 0556] ...updated weights of 10 clients are successfully averaged!
[INFO](2026/08/20/ 08:46:53 AM) [Round: 0556] Evaluate global model's performance...!                
	[Server] ...finished evaluation!                
	=> Loss: 1.2078                
	=> Accuracy: 86.67%

[INFO](2026/08/20/ 08:46:53 AM) [Round: 0557] Select clients...!
[INFO](2026/08/20/ 08:46:53 AM) [Round: 0557] ...successfully transmitted models to 10 selected clients!
[INFO](2026/08/20/ 08:46:53 AM) [Round: 0557] Start updating selected 10 clients...!
[INFO](2026/08/20/ 08:47:36 AM) [Round: 0557] ...10 clients are selected and updated (with total sample size: 50)!
[INFO](2026/08/20/ 08:47:36 AM) [Round: 0557] Aggregate updated weights of 10 clients...!
[INFO](2026/08/20/ 08:47:36 AM) [Round: 0557] ...updated weights of 10 clients are successfully averaged!
[INFO](2026/08/20/ 08:47:38 AM) [Round: 0557] Evaluate global model's performance...!                
	[Server] ...finished evaluation!                
	=> Loss: 0.5254                
	=> Accuracy: 88.33%

[INFO](2026/08/20/ 08:47:38 AM) [Round: 0558] Select clients...!
[INFO](2026/08/20/ 08:47:38 AM) [Round: 0558] ...successfully transmitted models to 10 selected clients!
[INFO](2026/08/20/ 08:47:39 AM) [Round: 0558] Start updating selected 10 clients...!
[INFO](2026/08/20/ 08:48:16 AM) [Round: 0558] ...10 clients are selected and updated (with total sample size: 36)!
[INFO](2026/08/20/ 08:48:16 AM) [Round: 0558] Aggregate updated weights of 10 clients...!
[INFO](2026/08/20/ 08:48:17 AM) [Round: 0558] ...updated weights of 10 clients are successfully averaged!
[INFO](2026/08/20/ 08:48:18 AM) [Round: 0558] Evaluate global model's performance...!                
	[Server] ...finished evaluation!                
	=> Loss: 0.5909                
	=> Accuracy: 88.33%

[INFO](2026/08/20/ 08:48:18 AM) [Round: 0559] Select clients...!
[INFO](2026/08/20/ 08:48:19 AM) [Round: 0559] ...successfully transmitted models to 10 selected clients!
[INFO](2026/08/20/ 08:48:19 AM) [Round: 0559] Start updating selected 10 clients...!
[INFO](2026/08/20/ 08:48:55 AM) [Round: 0559] ...10 clients are selected and updated (with total sample size: 25)!
[INFO](2026/08/20/ 08:48:55 AM) [Round: 0559] Aggregate updated weights of 10 clients...!
[INFO](2026/08/20/ 08:48:55 AM) [Round: 0559] ...updated weights of 10 clients are successfully averaged!
[INFO](2026/08/20/ 08:48:57 AM) [Round: 0559] Evaluate global model's performance...!                
	[Server] ...finished evaluation!                
	=> Loss: 0.7232                
	=> Accuracy: 86.90%

[INFO](2026/08/20/ 08:48:57 AM) [Round: 0560] Select clients...!
[INFO](2026/08/20/ 08:48:57 AM) [Round: 0560] ...successfully transmitted models to 10 selected clients!
[INFO](2026/08/20/ 08:48:57 AM) [Round: 0560] Start updating selected 10 clients...!
[INFO](2026/08/20/ 08:49:38 AM) [Round: 0560] ...10 clients are selected and updated (with total sample size: 25)!
[INFO](2026/08/20/ 08:49:39 AM) [Round: 0560] Aggregate updated weights of 10 clients...!
[INFO](2026/08/20/ 08:49:39 AM) [Round: 0560] ...updated weights of 10 clients are successfully averaged!
[INFO](2026/08/20/ 08:49:40 AM) [Round: 0560] Evaluate global model's performance...!                
	[Server] ...finished evaluation!                
	=> Loss: 0.5051                
	=> Accuracy: 88.57%

[INFO](2026/08/20/ 08:49:40 AM) [Round: 0561] Select clients...!
[INFO](2026/08/20/ 08:49:41 AM) [Round: 0561] ...successfully transmitted models to 10 selected clients!
[INFO](2026/08/20/ 08:49:41 AM) [Round: 0561] Start updating selected 10 clients...!
[INFO](2026/08/20/ 08:50:16 AM) [Round: 0561] ...10 clients are selected and updated (with total sample size: 36)!
[INFO](2026/08/20/ 08:50:16 AM) [Round: 0561] Aggregate updated weights of 10 clients...!
[INFO](2026/08/20/ 08:50:16 AM) [Round: 0561] ...updated weights of 10 clients are successfully averaged!
[INFO](2026/08/20/ 08:50:18 AM) [Round: 0561] Evaluate global model's performance...!                
	[Server] ...finished evaluation!                
	=> Loss: 0.5974                
	=> Accuracy: 87.38%

[INFO](2026/08/20/ 08:50:18 AM) [Round: 0562] Select clients...!
[INFO](2026/08/20/ 08:50:19 AM) [Round: 0562] ...successfully transmitted models to 10 selected clients!
[INFO](2026/08/20/ 08:50:19 AM) [Round: 0562] Start updating selected 10 clients...!
[INFO](2026/08/20/ 08:51:01 AM) [Round: 0562] ...10 clients are selected and updated (with total sample size: 42)!
[INFO](2026/08/20/ 08:51:01 AM) [Round: 0562] Aggregate updated weights of 10 clients...!
[INFO](2026/08/20/ 08:51:01 AM) [Round: 0562] ...updated weights of 10 clients are successfully averaged!
[INFO](2026/08/20/ 08:51:02 AM) [Round: 0562] Evaluate global model's performance...!                
	[Server] ...finished evaluation!                
	=> Loss: 0.6024                
	=> Accuracy: 87.86%

[INFO](2026/08/20/ 08:51:03 AM) [Round: 0563] Select clients...!
[INFO](2026/08/20/ 08:51:03 AM) [Round: 0563] ...successfully transmitted models to 10 selected clients!
[INFO](2026/08/20/ 08:51:03 AM) [Round: 0563] Start updating selected 10 clients...!
[INFO](2026/08/20/ 08:51:44 AM) [Round: 0563] ...10 clients are selected and updated (with total sample size: 47)!
[INFO](2026/08/20/ 08:51:44 AM) [Round: 0563] Aggregate updated weights of 10 clients...!
[INFO](2026/08/20/ 08:51:45 AM) [Round: 0563] ...updated weights of 10 clients are successfully averaged!
[INFO](2026/08/20/ 08:51:46 AM) [Round: 0563] Evaluate global model's performance...!                
	[Server] ...finished evaluation!                
	=> Loss: 0.5222                
	=> Accuracy: 88.10%

[INFO](2026/08/20/ 08:51:46 AM) [Round: 0564] Select clients...!
[INFO](2026/08/20/ 08:51:47 AM) [Round: 0564] ...successfully transmitted models to 10 selected clients!
[INFO](2026/08/20/ 08:51:47 AM) [Round: 0564] Start updating selected 10 clients...!
[INFO](2026/08/20/ 08:52:31 AM) [Round: 0564] ...10 clients are selected and updated (with total sample size: 47)!
[INFO](2026/08/20/ 08:52:31 AM) [Round: 0564] Aggregate updated weights of 10 clients...!
[INFO](2026/08/20/ 08:52:31 AM) [Round: 0564] ...updated weights of 10 clients are successfully averaged!
[INFO](2026/08/20/ 08:52:33 AM) [Round: 0564] Evaluate global model's performance...!                
	[Server] ...finished evaluation!                
	=> Loss: 0.5635                
	=> Accuracy: 87.86%

[INFO](2026/08/20/ 08:52:33 AM) [Round: 0565] Select clients...!
[INFO](2026/08/20/ 08:52:34 AM) [Round: 0565] ...successfully transmitted models to 10 selected clients!
[INFO](2026/08/20/ 08:52:34 AM) [Round: 0565] Start updating selected 10 clients...!
[INFO](2026/08/20/ 08:53:15 AM) [Round: 0565] ...10 clients are selected and updated (with total sample size: 25)!
[INFO](2026/08/20/ 08:53:15 AM) [Round: 0565] Aggregate updated weights of 10 clients...!
[INFO](2026/08/20/ 08:53:16 AM) [Round: 0565] ...updated weights of 10 clients are successfully averaged!
[INFO](2026/08/20/ 08:53:17 AM) [Round: 0565] Evaluate global model's performance...!                
	[Server] ...finished evaluation!                
	=> Loss: 0.4948                
	=> Accuracy: 88.10%

[INFO](2026/08/20/ 08:53:17 AM) [Round: 0566] Select clients...!
[INFO](2026/08/20/ 08:53:18 AM) [Round: 0566] ...successfully transmitted models to 10 selected clients!
[INFO](2026/08/20/ 08:53:18 AM) [Round: 0566] Start updating selected 10 clients...!
[INFO](2026/08/20/ 08:53:58 AM) [Round: 0566] ...10 clients are selected and updated (with total sample size: 49)!
[INFO](2026/08/20/ 08:53:58 AM) [Round: 0566] Aggregate updated weights of 10 clients...!
[INFO](2026/08/20/ 08:53:58 AM) [Round: 0566] ...updated weights of 10 clients are successfully averaged!
[INFO](2026/08/20/ 08:54:00 AM) [Round: 0566] Evaluate global model's performance...!                
	[Server] ...finished evaluation!                
	=> Loss: 0.4982                
	=> Accuracy: 90.24%

[INFO](2026/08/20/ 08:54:00 AM) [Round: 0567] Select clients...!
[INFO](2026/08/20/ 08:54:00 AM) [Round: 0567] ...successfully transmitted models to 10 selected clients!
[INFO](2026/08/20/ 08:54:00 AM) [Round: 0567] Start updating selected 10 clients...!
[INFO](2026/08/20/ 08:54:37 AM) [Round: 0567] ...10 clients are selected and updated (with total sample size: 47)!
[INFO](2026/08/20/ 08:54:38 AM) [Round: 0567] Aggregate updated weights of 10 clients...!
[INFO](2026/08/20/ 08:54:38 AM) [Round: 0567] ...updated weights of 10 clients are successfully averaged!
[INFO](2026/08/20/ 08:54:39 AM) [Round: 0567] Evaluate global model's performance...!                
	[Server] ...finished evaluation!                
	=> Loss: 0.4855                
	=> Accuracy: 88.81%

[INFO](2026/08/20/ 08:54:39 AM) [Round: 0568] Select clients...!
[INFO](2026/08/20/ 08:54:40 AM) [Round: 0568] ...successfully transmitted models to 10 selected clients!
[INFO](2026/08/20/ 08:54:40 AM) [Round: 0568] Start updating selected 10 clients...!
[INFO](2026/08/20/ 08:55:21 AM) [Round: 0568] ...10 clients are selected and updated (with total sample size: 44)!
[INFO](2026/08/20/ 08:55:21 AM) [Round: 0568] Aggregate updated weights of 10 clients...!
[INFO](2026/08/20/ 08:55:21 AM) [Round: 0568] ...updated weights of 10 clients are successfully averaged!
[INFO](2026/08/20/ 08:55:23 AM) [Round: 0568] Evaluate global model's performance...!                
	[Server] ...finished evaluation!                
	=> Loss: 0.7652                
	=> Accuracy: 88.10%

[INFO](2026/08/20/ 08:55:23 AM) [Round: 0569] Select clients...!
[INFO](2026/08/20/ 08:55:23 AM) [Round: 0569] ...successfully transmitted models to 10 selected clients!
[INFO](2026/08/20/ 08:55:23 AM) [Round: 0569] Start updating selected 10 clients...!
[INFO](2026/08/20/ 08:56:02 AM) [Round: 0569] ...10 clients are selected and updated (with total sample size: 48)!
[INFO](2026/08/20/ 08:56:02 AM) [Round: 0569] Aggregate updated weights of 10 clients...!
[INFO](2026/08/20/ 08:56:02 AM) [Round: 0569] ...updated weights of 10 clients are successfully averaged!
[INFO](2026/08/20/ 08:56:04 AM) [Round: 0569] Evaluate global model's performance...!                
	[Server] ...finished evaluation!                
	=> Loss: 0.7609                
	=> Accuracy: 88.33%

[INFO](2026/08/20/ 08:56:04 AM) [Round: 0570] Select clients...!
[INFO](2026/08/20/ 08:56:04 AM) [Round: 0570] ...successfully transmitted models to 10 selected clients!
[INFO](2026/08/20/ 08:56:05 AM) [Round: 0570] Start updating selected 10 clients...!
[INFO](2026/08/20/ 08:56:44 AM) [Round: 0570] ...10 clients are selected and updated (with total sample size: 36)!
[INFO](2026/08/20/ 08:56:44 AM) [Round: 0570] Aggregate updated weights of 10 clients...!
[INFO](2026/08/20/ 08:56:45 AM) [Round: 0570] ...updated weights of 10 clients are successfully averaged!
[INFO](2026/08/20/ 08:56:46 AM) [Round: 0570] Evaluate global model's performance...!                
	[Server] ...finished evaluation!                
	=> Loss: 0.8500                
	=> Accuracy: 88.10%

[INFO](2026/08/20/ 08:56:46 AM) [Round: 0571] Select clients...!
[INFO](2026/08/20/ 08:56:47 AM) [Round: 0571] ...successfully transmitted models to 10 selected clients!
[INFO](2026/08/20/ 08:56:47 AM) [Round: 0571] Start updating selected 10 clients...!
[INFO](2026/08/20/ 08:57:28 AM) [Round: 0571] ...10 clients are selected and updated (with total sample size: 42)!
[INFO](2026/08/20/ 08:57:28 AM) [Round: 0571] Aggregate updated weights of 10 clients...!
[INFO](2026/08/20/ 08:57:28 AM) [Round: 0571] ...updated weights of 10 clients are successfully averaged!
[INFO](2026/08/20/ 08:57:29 AM) [Round: 0571] Evaluate global model's performance...!                
	[Server] ...finished evaluation!                
	=> Loss: 0.8052                
	=> Accuracy: 86.67%

[INFO](2026/08/20/ 08:57:29 AM) [Round: 0572] Select clients...!
[INFO](2026/08/20/ 08:57:30 AM) [Round: 0572] ...successfully transmitted models to 10 selected clients!
[INFO](2026/08/20/ 08:57:30 AM) [Round: 0572] Start updating selected 10 clients...!
[INFO](2026/08/20/ 08:58:15 AM) [Round: 0572] ...10 clients are selected and updated (with total sample size: 36)!
[INFO](2026/08/20/ 08:58:16 AM) [Round: 0572] Aggregate updated weights of 10 clients...!
[INFO](2026/08/20/ 08:58:16 AM) [Round: 0572] ...updated weights of 10 clients are successfully averaged!
[INFO](2026/08/20/ 08:58:17 AM) [Round: 0572] Evaluate global model's performance...!                
	[Server] ...finished evaluation!                
	=> Loss: 0.6300                
	=> Accuracy: 88.81%

[INFO](2026/08/20/ 08:58:17 AM) [Round: 0573] Select clients...!
[INFO](2026/08/20/ 08:58:18 AM) [Round: 0573] ...successfully transmitted models to 10 selected clients!
[INFO](2026/08/20/ 08:58:18 AM) [Round: 0573] Start updating selected 10 clients...!
[INFO](2026/08/20/ 08:59:01 AM) [Round: 0573] ...10 clients are selected and updated (with total sample size: 50)!
[INFO](2026/08/20/ 08:59:01 AM) [Round: 0573] Aggregate updated weights of 10 clients...!
[INFO](2026/08/20/ 08:59:01 AM) [Round: 0573] ...updated weights of 10 clients are successfully averaged!
[INFO](2026/08/20/ 08:59:03 AM) [Round: 0573] Evaluate global model's performance...!                
	[Server] ...finished evaluation!                
	=> Loss: 0.8224                
	=> Accuracy: 88.10%

[INFO](2026/08/20/ 08:59:03 AM) [Round: 0574] Select clients...!
[INFO](2026/08/20/ 08:59:03 AM) [Round: 0574] ...successfully transmitted models to 10 selected clients!
[INFO](2026/08/20/ 08:59:03 AM) [Round: 0574] Start updating selected 10 clients...!
[INFO](2026/08/20/ 08:59:46 AM) [Round: 0574] ...10 clients are selected and updated (with total sample size: 47)!
[INFO](2026/08/20/ 08:59:46 AM) [Round: 0574] Aggregate updated weights of 10 clients...!
[INFO](2026/08/20/ 08:59:47 AM) [Round: 0574] ...updated weights of 10 clients are successfully averaged!
[INFO](2026/08/20/ 08:59:49 AM) [Round: 0574] Evaluate global model's performance...!                
	[Server] ...finished evaluation!                
	=> Loss: 0.5789                
	=> Accuracy: 89.05%

[INFO](2026/08/20/ 08:59:49 AM) [Round: 0575] Select clients...!
[INFO](2026/08/20/ 08:59:49 AM) [Round: 0575] ...successfully transmitted models to 10 selected clients!
[INFO](2026/08/20/ 08:59:50 AM) [Round: 0575] Start updating selected 10 clients...!
[INFO](2026/08/20/ 09:00:28 AM) [Round: 0575] ...10 clients are selected and updated (with total sample size: 36)!
[INFO](2026/08/20/ 09:00:29 AM) [Round: 0575] Aggregate updated weights of 10 clients...!
[INFO](2026/08/20/ 09:00:29 AM) [Round: 0575] ...updated weights of 10 clients are successfully averaged!
[INFO](2026/08/20/ 09:00:30 AM) [Round: 0575] Evaluate global model's performance...!                
	[Server] ...finished evaluation!                
	=> Loss: 0.5128                
	=> Accuracy: 89.52%

[INFO](2026/08/20/ 09:00:30 AM) [Round: 0576] Select clients...!
[INFO](2026/08/20/ 09:00:31 AM) [Round: 0576] ...successfully transmitted models to 10 selected clients!
[INFO](2026/08/20/ 09:00:31 AM) [Round: 0576] Start updating selected 10 clients...!
[INFO](2026/08/20/ 09:01:08 AM) [Round: 0576] ...10 clients are selected and updated (with total sample size: 47)!
[INFO](2026/08/20/ 09:01:08 AM) [Round: 0576] Aggregate updated weights of 10 clients...!
[INFO](2026/08/20/ 09:01:08 AM) [Round: 0576] ...updated weights of 10 clients are successfully averaged!
[INFO](2026/08/20/ 09:01:10 AM) [Round: 0576] Evaluate global model's performance...!                
	[Server] ...finished evaluation!                
	=> Loss: 0.4767                
	=> Accuracy: 90.71%

[INFO](2026/08/20/ 09:01:10 AM) [Round: 0577] Select clients...!
[INFO](2026/08/20/ 09:01:10 AM) [Round: 0577] ...successfully transmitted models to 10 selected clients!
[INFO](2026/08/20/ 09:01:11 AM) [Round: 0577] Start updating selected 10 clients...!
[INFO](2026/08/20/ 09:01:53 AM) [Round: 0577] ...10 clients are selected and updated (with total sample size: 36)!
[INFO](2026/08/20/ 09:01:53 AM) [Round: 0577] Aggregate updated weights of 10 clients...!
[INFO](2026/08/20/ 09:01:53 AM) [Round: 0577] ...updated weights of 10 clients are successfully averaged!
[INFO](2026/08/20/ 09:01:55 AM) [Round: 0577] Evaluate global model's performance...!                
	[Server] ...finished evaluation!                
	=> Loss: 0.5144                
	=> Accuracy: 88.57%

[INFO](2026/08/20/ 09:01:55 AM) [Round: 0578] Select clients...!
[INFO](2026/08/20/ 09:01:56 AM) [Round: 0578] ...successfully transmitted models to 10 selected clients!
[INFO](2026/08/20/ 09:01:56 AM) [Round: 0578] Start updating selected 10 clients...!
[INFO](2026/08/20/ 09:02:36 AM) [Round: 0578] ...10 clients are selected and updated (with total sample size: 36)!
[INFO](2026/08/20/ 09:02:36 AM) [Round: 0578] Aggregate updated weights of 10 clients...!
[INFO](2026/08/20/ 09:02:37 AM) [Round: 0578] ...updated weights of 10 clients are successfully averaged!
[INFO](2026/08/20/ 09:02:38 AM) [Round: 0578] Evaluate global model's performance...!                
	[Server] ...finished evaluation!                
	=> Loss: 0.4822                
	=> Accuracy: 88.33%

[INFO](2026/08/20/ 09:02:38 AM) [Round: 0579] Select clients...!
[INFO](2026/08/20/ 09:02:38 AM) [Round: 0579] ...successfully transmitted models to 10 selected clients!
[INFO](2026/08/20/ 09:02:39 AM) [Round: 0579] Start updating selected 10 clients...!
[INFO](2026/08/20/ 09:03:18 AM) [Round: 0579] ...10 clients are selected and updated (with total sample size: 36)!
[INFO](2026/08/20/ 09:03:18 AM) [Round: 0579] Aggregate updated weights of 10 clients...!
[INFO](2026/08/20/ 09:03:19 AM) [Round: 0579] ...updated weights of 10 clients are successfully averaged!
[INFO](2026/08/20/ 09:03:20 AM) [Round: 0579] Evaluate global model's performance...!                
	[Server] ...finished evaluation!                
	=> Loss: 0.5825                
	=> Accuracy: 86.90%

[INFO](2026/08/20/ 09:03:20 AM) [Round: 0580] Select clients...!
[INFO](2026/08/20/ 09:03:21 AM) [Round: 0580] ...successfully transmitted models to 10 selected clients!
[INFO](2026/08/20/ 09:03:21 AM) [Round: 0580] Start updating selected 10 clients...!
[INFO](2026/08/20/ 09:03:57 AM) [Round: 0580] ...10 clients are selected and updated (with total sample size: 25)!
[INFO](2026/08/20/ 09:03:57 AM) [Round: 0580] Aggregate updated weights of 10 clients...!
[INFO](2026/08/20/ 09:03:58 AM) [Round: 0580] ...updated weights of 10 clients are successfully averaged!
[INFO](2026/08/20/ 09:03:59 AM) [Round: 0580] Evaluate global model's performance...!                
	[Server] ...finished evaluation!                
	=> Loss: 0.6625                
	=> Accuracy: 87.86%

[INFO](2026/08/20/ 09:03:59 AM) [Round: 0581] Select clients...!
[INFO](2026/08/20/ 09:04:00 AM) [Round: 0581] ...successfully transmitted models to 10 selected clients!
[INFO](2026/08/20/ 09:04:00 AM) [Round: 0581] Start updating selected 10 clients...!
[INFO](2026/08/20/ 09:04:34 AM) [Round: 0581] ...10 clients are selected and updated (with total sample size: 36)!
[INFO](2026/08/20/ 09:04:34 AM) [Round: 0581] Aggregate updated weights of 10 clients...!
[INFO](2026/08/20/ 09:04:34 AM) [Round: 0581] ...updated weights of 10 clients are successfully averaged!
[INFO](2026/08/20/ 09:04:35 AM) [Round: 0581] Evaluate global model's performance...!                
	[Server] ...finished evaluation!                
	=> Loss: 1.2582                
	=> Accuracy: 86.67%

[INFO](2026/08/20/ 09:04:35 AM) [Round: 0582] Select clients...!
[INFO](2026/08/20/ 09:04:36 AM) [Round: 0582] ...successfully transmitted models to 10 selected clients!
[INFO](2026/08/20/ 09:04:36 AM) [Round: 0582] Start updating selected 10 clients...!
[INFO](2026/08/20/ 09:05:24 AM) [Round: 0582] ...10 clients are selected and updated (with total sample size: 50)!
[INFO](2026/08/20/ 09:05:24 AM) [Round: 0582] Aggregate updated weights of 10 clients...!
[INFO](2026/08/20/ 09:05:24 AM) [Round: 0582] ...updated weights of 10 clients are successfully averaged!
[INFO](2026/08/20/ 09:05:26 AM) [Round: 0582] Evaluate global model's performance...!                
	[Server] ...finished evaluation!                
	=> Loss: 0.5766                
	=> Accuracy: 88.57%

[INFO](2026/08/20/ 09:05:26 AM) [Round: 0583] Select clients...!
[INFO](2026/08/20/ 09:05:26 AM) [Round: 0583] ...successfully transmitted models to 10 selected clients!
[INFO](2026/08/20/ 09:05:27 AM) [Round: 0583] Start updating selected 10 clients...!
[INFO](2026/08/20/ 09:06:03 AM) [Round: 0583] ...10 clients are selected and updated (with total sample size: 42)!
[INFO](2026/08/20/ 09:06:03 AM) [Round: 0583] Aggregate updated weights of 10 clients...!
[INFO](2026/08/20/ 09:06:03 AM) [Round: 0583] ...updated weights of 10 clients are successfully averaged!
[INFO](2026/08/20/ 09:06:05 AM) [Round: 0583] Evaluate global model's performance...!                
	[Server] ...finished evaluation!                
	=> Loss: 0.6296                
	=> Accuracy: 87.14%

[INFO](2026/08/20/ 09:06:05 AM) [Round: 0584] Select clients...!
[INFO](2026/08/20/ 09:06:05 AM) [Round: 0584] ...successfully transmitted models to 10 selected clients!
[INFO](2026/08/20/ 09:06:06 AM) [Round: 0584] Start updating selected 10 clients...!
[INFO](2026/08/20/ 09:06:46 AM) [Round: 0584] ...10 clients are selected and updated (with total sample size: 47)!
[INFO](2026/08/20/ 09:06:46 AM) [Round: 0584] Aggregate updated weights of 10 clients...!
[INFO](2026/08/20/ 09:06:46 AM) [Round: 0584] ...updated weights of 10 clients are successfully averaged!
[INFO](2026/08/20/ 09:06:47 AM) [Round: 0584] Evaluate global model's performance...!                
	[Server] ...finished evaluation!                
	=> Loss: 0.6123                
	=> Accuracy: 88.33%

[INFO](2026/08/20/ 09:06:47 AM) [Round: 0585] Select clients...!
[INFO](2026/08/20/ 09:06:48 AM) [Round: 0585] ...successfully transmitted models to 10 selected clients!
[INFO](2026/08/20/ 09:06:48 AM) [Round: 0585] Start updating selected 10 clients...!
[INFO](2026/08/20/ 09:07:28 AM) [Round: 0585] ...10 clients are selected and updated (with total sample size: 42)!
[INFO](2026/08/20/ 09:07:28 AM) [Round: 0585] Aggregate updated weights of 10 clients...!
[INFO](2026/08/20/ 09:07:28 AM) [Round: 0585] ...updated weights of 10 clients are successfully averaged!
[INFO](2026/08/20/ 09:07:29 AM) [Round: 0585] Evaluate global model's performance...!                
	[Server] ...finished evaluation!                
	=> Loss: 0.6409                
	=> Accuracy: 88.81%

[INFO](2026/08/20/ 09:07:30 AM) [Round: 0586] Select clients...!
[INFO](2026/08/20/ 09:07:30 AM) [Round: 0586] ...successfully transmitted models to 10 selected clients!
[INFO](2026/08/20/ 09:07:30 AM) [Round: 0586] Start updating selected 10 clients...!
[INFO](2026/08/20/ 09:08:08 AM) [Round: 0586] ...10 clients are selected and updated (with total sample size: 25)!
[INFO](2026/08/20/ 09:08:08 AM) [Round: 0586] Aggregate updated weights of 10 clients...!
[INFO](2026/08/20/ 09:08:08 AM) [Round: 0586] ...updated weights of 10 clients are successfully averaged!
[INFO](2026/08/20/ 09:08:10 AM) [Round: 0586] Evaluate global model's performance...!                
	[Server] ...finished evaluation!                
	=> Loss: 0.4884                
	=> Accuracy: 89.05%

[INFO](2026/08/20/ 09:08:10 AM) [Round: 0587] Select clients...!
[INFO](2026/08/20/ 09:08:11 AM) [Round: 0587] ...successfully transmitted models to 10 selected clients!
[INFO](2026/08/20/ 09:08:11 AM) [Round: 0587] Start updating selected 10 clients...!
[INFO](2026/08/20/ 09:08:54 AM) [Round: 0587] ...10 clients are selected and updated (with total sample size: 49)!
[INFO](2026/08/20/ 09:08:54 AM) [Round: 0587] Aggregate updated weights of 10 clients...!
[INFO](2026/08/20/ 09:08:54 AM) [Round: 0587] ...updated weights of 10 clients are successfully averaged!
[INFO](2026/08/20/ 09:08:55 AM) [Round: 0587] Evaluate global model's performance...!                
	[Server] ...finished evaluation!                
	=> Loss: 0.4908                
	=> Accuracy: 90.00%

[INFO](2026/08/20/ 09:08:56 AM) [Round: 0588] Select clients...!
[INFO](2026/08/20/ 09:08:56 AM) [Round: 0588] ...successfully transmitted models to 10 selected clients!
[INFO](2026/08/20/ 09:08:56 AM) [Round: 0588] Start updating selected 10 clients...!
[INFO](2026/08/20/ 09:09:31 AM) [Round: 0588] ...10 clients are selected and updated (with total sample size: 25)!
[INFO](2026/08/20/ 09:09:31 AM) [Round: 0588] Aggregate updated weights of 10 clients...!
[INFO](2026/08/20/ 09:09:31 AM) [Round: 0588] ...updated weights of 10 clients are successfully averaged!
[INFO](2026/08/20/ 09:09:32 AM) [Round: 0588] Evaluate global model's performance...!                
	[Server] ...finished evaluation!                
	=> Loss: 0.5747                
	=> Accuracy: 89.29%

[INFO](2026/08/20/ 09:09:32 AM) [Round: 0589] Select clients...!
[INFO](2026/08/20/ 09:09:33 AM) [Round: 0589] ...successfully transmitted models to 10 selected clients!
[INFO](2026/08/20/ 09:09:33 AM) [Round: 0589] Start updating selected 10 clients...!
[INFO](2026/08/20/ 09:10:12 AM) [Round: 0589] ...10 clients are selected and updated (with total sample size: 36)!
[INFO](2026/08/20/ 09:10:12 AM) [Round: 0589] Aggregate updated weights of 10 clients...!
[INFO](2026/08/20/ 09:10:12 AM) [Round: 0589] ...updated weights of 10 clients are successfully averaged!
[INFO](2026/08/20/ 09:10:14 AM) [Round: 0589] Evaluate global model's performance...!                
	[Server] ...finished evaluation!                
	=> Loss: 0.5346                
	=> Accuracy: 89.52%

[INFO](2026/08/20/ 09:10:14 AM) [Round: 0590] Select clients...!
[INFO](2026/08/20/ 09:10:14 AM) [Round: 0590] ...successfully transmitted models to 10 selected clients!
[INFO](2026/08/20/ 09:10:14 AM) [Round: 0590] Start updating selected 10 clients...!
[INFO](2026/08/20/ 09:10:58 AM) [Round: 0590] ...10 clients are selected and updated (with total sample size: 47)!
[INFO](2026/08/20/ 09:10:59 AM) [Round: 0590] Aggregate updated weights of 10 clients...!
[INFO](2026/08/20/ 09:10:59 AM) [Round: 0590] ...updated weights of 10 clients are successfully averaged!
[INFO](2026/08/20/ 09:11:00 AM) [Round: 0590] Evaluate global model's performance...!                
	[Server] ...finished evaluation!                
	=> Loss: 1.2390                
	=> Accuracy: 86.90%

[INFO](2026/08/20/ 09:11:00 AM) [Round: 0591] Select clients...!
[INFO](2026/08/20/ 09:11:01 AM) [Round: 0591] ...successfully transmitted models to 10 selected clients!
[INFO](2026/08/20/ 09:11:01 AM) [Round: 0591] Start updating selected 10 clients...!
[INFO](2026/08/20/ 09:11:37 AM) [Round: 0591] ...10 clients are selected and updated (with total sample size: 59)!
[INFO](2026/08/20/ 09:11:37 AM) [Round: 0591] Aggregate updated weights of 10 clients...!
[INFO](2026/08/20/ 09:11:37 AM) [Round: 0591] ...updated weights of 10 clients are successfully averaged!
[INFO](2026/08/20/ 09:11:39 AM) [Round: 0591] Evaluate global model's performance...!                
	[Server] ...finished evaluation!                
	=> Loss: 0.7123                
	=> Accuracy: 89.05%

[INFO](2026/08/20/ 09:11:39 AM) [Round: 0592] Select clients...!
[INFO](2026/08/20/ 09:11:40 AM) [Round: 0592] ...successfully transmitted models to 10 selected clients!
[INFO](2026/08/20/ 09:11:40 AM) [Round: 0592] Start updating selected 10 clients...!
[INFO](2026/08/20/ 09:12:20 AM) [Round: 0592] ...10 clients are selected and updated (with total sample size: 50)!
[INFO](2026/08/20/ 09:12:20 AM) [Round: 0592] Aggregate updated weights of 10 clients...!
[INFO](2026/08/20/ 09:12:20 AM) [Round: 0592] ...updated weights of 10 clients are successfully averaged!
[INFO](2026/08/20/ 09:12:22 AM) [Round: 0592] Evaluate global model's performance...!                
	[Server] ...finished evaluation!                
	=> Loss: 0.7713                
	=> Accuracy: 89.29%

[INFO](2026/08/20/ 09:12:22 AM) [Round: 0593] Select clients...!
[INFO](2026/08/20/ 09:12:23 AM) [Round: 0593] ...successfully transmitted models to 10 selected clients!
[INFO](2026/08/20/ 09:12:23 AM) [Round: 0593] Start updating selected 10 clients...!
[INFO](2026/08/20/ 09:13:04 AM) [Round: 0593] ...10 clients are selected and updated (with total sample size: 42)!
[INFO](2026/08/20/ 09:13:04 AM) [Round: 0593] Aggregate updated weights of 10 clients...!
[INFO](2026/08/20/ 09:13:04 AM) [Round: 0593] ...updated weights of 10 clients are successfully averaged!
[INFO](2026/08/20/ 09:13:06 AM) [Round: 0593] Evaluate global model's performance...!                
	[Server] ...finished evaluation!                
	=> Loss: 0.7076                
	=> Accuracy: 87.86%

[INFO](2026/08/20/ 09:13:06 AM) [Round: 0594] Select clients...!
[INFO](2026/08/20/ 09:13:06 AM) [Round: 0594] ...successfully transmitted models to 10 selected clients!
[INFO](2026/08/20/ 09:13:07 AM) [Round: 0594] Start updating selected 10 clients...!
[INFO](2026/08/20/ 09:13:45 AM) [Round: 0594] ...10 clients are selected and updated (with total sample size: 47)!
[INFO](2026/08/20/ 09:13:45 AM) [Round: 0594] Aggregate updated weights of 10 clients...!
[INFO](2026/08/20/ 09:13:45 AM) [Round: 0594] ...updated weights of 10 clients are successfully averaged!
[INFO](2026/08/20/ 09:13:47 AM) [Round: 0594] Evaluate global model's performance...!                
	[Server] ...finished evaluation!                
	=> Loss: 0.5689                
	=> Accuracy: 89.29%

[INFO](2026/08/20/ 09:13:47 AM) [Round: 0595] Select clients...!
[INFO](2026/08/20/ 09:13:47 AM) [Round: 0595] ...successfully transmitted models to 10 selected clients!
[INFO](2026/08/20/ 09:13:47 AM) [Round: 0595] Start updating selected 10 clients...!
[INFO](2026/08/20/ 09:14:24 AM) [Round: 0595] ...10 clients are selected and updated (with total sample size: 42)!
[INFO](2026/08/20/ 09:14:24 AM) [Round: 0595] Aggregate updated weights of 10 clients...!
[INFO](2026/08/20/ 09:14:24 AM) [Round: 0595] ...updated weights of 10 clients are successfully averaged!
[INFO](2026/08/20/ 09:14:26 AM) [Round: 0595] Evaluate global model's performance...!                
	[Server] ...finished evaluation!                
	=> Loss: 0.8697                
	=> Accuracy: 88.10%

[INFO](2026/08/20/ 09:14:26 AM) [Round: 0596] Select clients...!
[INFO](2026/08/20/ 09:14:26 AM) [Round: 0596] ...successfully transmitted models to 10 selected clients!
[INFO](2026/08/20/ 09:14:27 AM) [Round: 0596] Start updating selected 10 clients...!
[INFO](2026/08/20/ 09:15:02 AM) [Round: 0596] ...10 clients are selected and updated (with total sample size: 35)!
[INFO](2026/08/20/ 09:15:02 AM) [Round: 0596] Aggregate updated weights of 10 clients...!
[INFO](2026/08/20/ 09:15:02 AM) [Round: 0596] ...updated weights of 10 clients are successfully averaged!
[INFO](2026/08/20/ 09:15:04 AM) [Round: 0596] Evaluate global model's performance...!                
	[Server] ...finished evaluation!                
	=> Loss: 0.5786                
	=> Accuracy: 87.86%

[INFO](2026/08/20/ 09:15:04 AM) [Round: 0597] Select clients...!
[INFO](2026/08/20/ 09:15:04 AM) [Round: 0597] ...successfully transmitted models to 10 selected clients!
[INFO](2026/08/20/ 09:15:04 AM) [Round: 0597] Start updating selected 10 clients...!
[INFO](2026/08/20/ 09:15:44 AM) [Round: 0597] ...10 clients are selected and updated (with total sample size: 47)!
[INFO](2026/08/20/ 09:15:44 AM) [Round: 0597] Aggregate updated weights of 10 clients...!
[INFO](2026/08/20/ 09:15:45 AM) [Round: 0597] ...updated weights of 10 clients are successfully averaged!
[INFO](2026/08/20/ 09:15:46 AM) [Round: 0597] Evaluate global model's performance...!                
	[Server] ...finished evaluation!                
	=> Loss: 0.6200                
	=> Accuracy: 88.57%

[INFO](2026/08/20/ 09:15:46 AM) [Round: 0598] Select clients...!
[INFO](2026/08/20/ 09:15:47 AM) [Round: 0598] ...successfully transmitted models to 10 selected clients!
[INFO](2026/08/20/ 09:15:47 AM) [Round: 0598] Start updating selected 10 clients...!
[INFO](2026/08/20/ 09:16:25 AM) [Round: 0598] ...10 clients are selected and updated (with total sample size: 42)!
[INFO](2026/08/20/ 09:16:25 AM) [Round: 0598] Aggregate updated weights of 10 clients...!
[INFO](2026/08/20/ 09:16:25 AM) [Round: 0598] ...updated weights of 10 clients are successfully averaged!
[INFO](2026/08/20/ 09:16:26 AM) [Round: 0598] Evaluate global model's performance...!                
	[Server] ...finished evaluation!                
	=> Loss: 0.5722                
	=> Accuracy: 89.29%

[INFO](2026/08/20/ 09:16:26 AM) [Round: 0599] Select clients...!
[INFO](2026/08/20/ 09:16:27 AM) [Round: 0599] ...successfully transmitted models to 10 selected clients!
[INFO](2026/08/20/ 09:16:27 AM) [Round: 0599] Start updating selected 10 clients...!
[INFO](2026/08/20/ 09:17:09 AM) [Round: 0599] ...10 clients are selected and updated (with total sample size: 42)!
[INFO](2026/08/20/ 09:17:09 AM) [Round: 0599] Aggregate updated weights of 10 clients...!
[INFO](2026/08/20/ 09:17:09 AM) [Round: 0599] ...updated weights of 10 clients are successfully averaged!
[INFO](2026/08/20/ 09:17:11 AM) [Round: 0599] Evaluate global model's performance...!                
	[Server] ...finished evaluation!                
	=> Loss: 0.8261                
	=> Accuracy: 87.38%

[INFO](2026/08/20/ 09:17:11 AM) [Round: 0600] Select clients...!
[INFO](2026/08/20/ 09:17:11 AM) [Round: 0600] ...successfully transmitted models to 10 selected clients!
[INFO](2026/08/20/ 09:17:11 AM) [Round: 0600] Start updating selected 10 clients...!
[INFO](2026/08/20/ 09:17:52 AM) [Round: 0600] ...10 clients are selected and updated (with total sample size: 49)!
[INFO](2026/08/20/ 09:17:52 AM) [Round: 0600] Aggregate updated weights of 10 clients...!
[INFO](2026/08/20/ 09:17:53 AM) [Round: 0600] ...updated weights of 10 clients are successfully averaged!
[INFO](2026/08/20/ 09:17:54 AM) [Round: 0600] Evaluate global model's performance...!                
	[Server] ...finished evaluation!                
	=> Loss: 0.6699                
	=> Accuracy: 88.57%

[INFO](2026/08/20/ 09:17:54 AM) [Round: 0601] Select clients...!
[INFO](2026/08/20/ 09:17:55 AM) [Round: 0601] ...successfully transmitted models to 10 selected clients!
[INFO](2026/08/20/ 09:17:55 AM) [Round: 0601] Start updating selected 10 clients...!
[INFO](2026/08/20/ 09:18:32 AM) [Round: 0601] ...10 clients are selected and updated (with total sample size: 47)!
[INFO](2026/08/20/ 09:18:32 AM) [Round: 0601] Aggregate updated weights of 10 clients...!
[INFO](2026/08/20/ 09:18:32 AM) [Round: 0601] ...updated weights of 10 clients are successfully averaged!
[INFO](2026/08/20/ 09:18:34 AM) [Round: 0601] Evaluate global model's performance...!                
	[Server] ...finished evaluation!                
	=> Loss: 0.5734                
	=> Accuracy: 89.29%

[INFO](2026/08/20/ 09:18:34 AM) [Round: 0602] Select clients...!
[INFO](2026/08/20/ 09:18:35 AM) [Round: 0602] ...successfully transmitted models to 10 selected clients!
[INFO](2026/08/20/ 09:18:35 AM) [Round: 0602] Start updating selected 10 clients...!
[INFO](2026/08/20/ 09:19:16 AM) [Round: 0602] ...10 clients are selected and updated (with total sample size: 47)!
[INFO](2026/08/20/ 09:19:16 AM) [Round: 0602] Aggregate updated weights of 10 clients...!
[INFO](2026/08/20/ 09:19:16 AM) [Round: 0602] ...updated weights of 10 clients are successfully averaged!
[INFO](2026/08/20/ 09:19:18 AM) [Round: 0602] Evaluate global model's performance...!                
	[Server] ...finished evaluation!                
	=> Loss: 0.7237                
	=> Accuracy: 87.14%

[INFO](2026/08/20/ 09:19:18 AM) [Round: 0603] Select clients...!
[INFO](2026/08/20/ 09:19:19 AM) [Round: 0603] ...successfully transmitted models to 10 selected clients!
[INFO](2026/08/20/ 09:19:19 AM) [Round: 0603] Start updating selected 10 clients...!
[INFO](2026/08/20/ 09:20:04 AM) [Round: 0603] ...10 clients are selected and updated (with total sample size: 49)!
[INFO](2026/08/20/ 09:20:04 AM) [Round: 0603] Aggregate updated weights of 10 clients...!
[INFO](2026/08/20/ 09:20:04 AM) [Round: 0603] ...updated weights of 10 clients are successfully averaged!
[INFO](2026/08/20/ 09:20:06 AM) [Round: 0603] Evaluate global model's performance...!                
	[Server] ...finished evaluation!                
	=> Loss: 0.7105                
	=> Accuracy: 88.81%

[INFO](2026/08/20/ 09:20:06 AM) [Round: 0604] Select clients...!
[INFO](2026/08/20/ 09:20:07 AM) [Round: 0604] ...successfully transmitted models to 10 selected clients!
[INFO](2026/08/20/ 09:20:07 AM) [Round: 0604] Start updating selected 10 clients...!
[INFO](2026/08/20/ 09:20:46 AM) [Round: 0604] ...10 clients are selected and updated (with total sample size: 49)!
[INFO](2026/08/20/ 09:20:46 AM) [Round: 0604] Aggregate updated weights of 10 clients...!
[INFO](2026/08/20/ 09:20:46 AM) [Round: 0604] ...updated weights of 10 clients are successfully averaged!
[INFO](2026/08/20/ 09:20:48 AM) [Round: 0604] Evaluate global model's performance...!                
	[Server] ...finished evaluation!                
	=> Loss: 0.6642                
	=> Accuracy: 89.05%

[INFO](2026/08/20/ 09:20:48 AM) [Round: 0605] Select clients...!
[INFO](2026/08/20/ 09:20:48 AM) [Round: 0605] ...successfully transmitted models to 10 selected clients!
[INFO](2026/08/20/ 09:20:48 AM) [Round: 0605] Start updating selected 10 clients...!
[INFO](2026/08/20/ 09:21:27 AM) [Round: 0605] ...10 clients are selected and updated (with total sample size: 47)!
[INFO](2026/08/20/ 09:21:27 AM) [Round: 0605] Aggregate updated weights of 10 clients...!
[INFO](2026/08/20/ 09:21:27 AM) [Round: 0605] ...updated weights of 10 clients are successfully averaged!
[INFO](2026/08/20/ 09:21:29 AM) [Round: 0605] Evaluate global model's performance...!                
	[Server] ...finished evaluation!                
	=> Loss: 1.1311                
	=> Accuracy: 86.90%

[INFO](2026/08/20/ 09:21:29 AM) [Round: 0606] Select clients...!
[INFO](2026/08/20/ 09:21:29 AM) [Round: 0606] ...successfully transmitted models to 10 selected clients!
[INFO](2026/08/20/ 09:21:29 AM) [Round: 0606] Start updating selected 10 clients...!
[INFO](2026/08/20/ 09:22:08 AM) [Round: 0606] ...10 clients are selected and updated (with total sample size: 36)!
[INFO](2026/08/20/ 09:22:08 AM) [Round: 0606] Aggregate updated weights of 10 clients...!
[INFO](2026/08/20/ 09:22:08 AM) [Round: 0606] ...updated weights of 10 clients are successfully averaged!
[INFO](2026/08/20/ 09:22:10 AM) [Round: 0606] Evaluate global model's performance...!                
	[Server] ...finished evaluation!                
	=> Loss: 0.4737                
	=> Accuracy: 89.05%

[INFO](2026/08/20/ 09:22:10 AM) [Round: 0607] Select clients...!
[INFO](2026/08/20/ 09:22:11 AM) [Round: 0607] ...successfully transmitted models to 10 selected clients!
[INFO](2026/08/20/ 09:22:11 AM) [Round: 0607] Start updating selected 10 clients...!
[INFO](2026/08/20/ 09:22:53 AM) [Round: 0607] ...10 clients are selected and updated (with total sample size: 42)!
[INFO](2026/08/20/ 09:22:53 AM) [Round: 0607] Aggregate updated weights of 10 clients...!
[INFO](2026/08/20/ 09:22:54 AM) [Round: 0607] ...updated weights of 10 clients are successfully averaged!
[INFO](2026/08/20/ 09:22:55 AM) [Round: 0607] Evaluate global model's performance...!                
	[Server] ...finished evaluation!                
	=> Loss: 0.9047                
	=> Accuracy: 88.10%

[INFO](2026/08/20/ 09:22:55 AM) [Round: 0608] Select clients...!
[INFO](2026/08/20/ 09:22:56 AM) [Round: 0608] ...successfully transmitted models to 10 selected clients!
[INFO](2026/08/20/ 09:22:56 AM) [Round: 0608] Start updating selected 10 clients...!
[INFO](2026/08/20/ 09:23:36 AM) [Round: 0608] ...10 clients are selected and updated (with total sample size: 50)!
[INFO](2026/08/20/ 09:23:36 AM) [Round: 0608] Aggregate updated weights of 10 clients...!
[INFO](2026/08/20/ 09:23:37 AM) [Round: 0608] ...updated weights of 10 clients are successfully averaged!
[INFO](2026/08/20/ 09:23:38 AM) [Round: 0608] Evaluate global model's performance...!                
	[Server] ...finished evaluation!                
	=> Loss: 0.5936                
	=> Accuracy: 87.62%

[INFO](2026/08/20/ 09:23:38 AM) [Round: 0609] Select clients...!
[INFO](2026/08/20/ 09:23:39 AM) [Round: 0609] ...successfully transmitted models to 10 selected clients!
[INFO](2026/08/20/ 09:23:39 AM) [Round: 0609] Start updating selected 10 clients...!
[INFO](2026/08/20/ 09:24:22 AM) [Round: 0609] ...10 clients are selected and updated (with total sample size: 25)!
[INFO](2026/08/20/ 09:24:22 AM) [Round: 0609] Aggregate updated weights of 10 clients...!
[INFO](2026/08/20/ 09:24:23 AM) [Round: 0609] ...updated weights of 10 clients are successfully averaged!
[INFO](2026/08/20/ 09:24:24 AM) [Round: 0609] Evaluate global model's performance...!                
	[Server] ...finished evaluation!                
	=> Loss: 0.5723                
	=> Accuracy: 88.57%

[INFO](2026/08/20/ 09:24:24 AM) [Round: 0610] Select clients...!
[INFO](2026/08/20/ 09:24:24 AM) [Round: 0610] ...successfully transmitted models to 10 selected clients!
[INFO](2026/08/20/ 09:24:25 AM) [Round: 0610] Start updating selected 10 clients...!
[INFO](2026/08/20/ 09:25:06 AM) [Round: 0610] ...10 clients are selected and updated (with total sample size: 25)!
[INFO](2026/08/20/ 09:25:06 AM) [Round: 0610] Aggregate updated weights of 10 clients...!
[INFO](2026/08/20/ 09:25:06 AM) [Round: 0610] ...updated weights of 10 clients are successfully averaged!
[INFO](2026/08/20/ 09:25:08 AM) [Round: 0610] Evaluate global model's performance...!                
	[Server] ...finished evaluation!                
	=> Loss: 0.7520                
	=> Accuracy: 88.81%

[INFO](2026/08/20/ 09:25:08 AM) [Round: 0611] Select clients...!
[INFO](2026/08/20/ 09:25:08 AM) [Round: 0611] ...successfully transmitted models to 10 selected clients!
[INFO](2026/08/20/ 09:25:08 AM) [Round: 0611] Start updating selected 10 clients...!
[INFO](2026/08/20/ 09:25:46 AM) [Round: 0611] ...10 clients are selected and updated (with total sample size: 25)!
[INFO](2026/08/20/ 09:25:46 AM) [Round: 0611] Aggregate updated weights of 10 clients...!
[INFO](2026/08/20/ 09:25:46 AM) [Round: 0611] ...updated weights of 10 clients are successfully averaged!
[INFO](2026/08/20/ 09:25:48 AM) [Round: 0611] Evaluate global model's performance...!                
	[Server] ...finished evaluation!                
	=> Loss: 0.6724                
	=> Accuracy: 88.57%

[INFO](2026/08/20/ 09:25:48 AM) [Round: 0612] Select clients...!
[INFO](2026/08/20/ 09:25:48 AM) [Round: 0612] ...successfully transmitted models to 10 selected clients!
[INFO](2026/08/20/ 09:25:48 AM) [Round: 0612] Start updating selected 10 clients...!
[INFO](2026/08/20/ 09:26:30 AM) [Round: 0612] ...10 clients are selected and updated (with total sample size: 42)!
[INFO](2026/08/20/ 09:26:30 AM) [Round: 0612] Aggregate updated weights of 10 clients...!
[INFO](2026/08/20/ 09:26:30 AM) [Round: 0612] ...updated weights of 10 clients are successfully averaged!
[INFO](2026/08/20/ 09:26:32 AM) [Round: 0612] Evaluate global model's performance...!                
	[Server] ...finished evaluation!                
	=> Loss: 0.4021                
	=> Accuracy: 90.48%

[INFO](2026/08/20/ 09:26:32 AM) [Round: 0613] Select clients...!
[INFO](2026/08/20/ 09:26:33 AM) [Round: 0613] ...successfully transmitted models to 10 selected clients!
[INFO](2026/08/20/ 09:26:33 AM) [Round: 0613] Start updating selected 10 clients...!
[INFO](2026/08/20/ 09:27:10 AM) [Round: 0613] ...10 clients are selected and updated (with total sample size: 49)!
[INFO](2026/08/20/ 09:27:10 AM) [Round: 0613] Aggregate updated weights of 10 clients...!
[INFO](2026/08/20/ 09:27:11 AM) [Round: 0613] ...updated weights of 10 clients are successfully averaged!
[INFO](2026/08/20/ 09:27:12 AM) [Round: 0613] Evaluate global model's performance...!                
	[Server] ...finished evaluation!                
	=> Loss: 0.7173                
	=> Accuracy: 88.33%

[INFO](2026/08/20/ 09:27:12 AM) [Round: 0614] Select clients...!
[INFO](2026/08/20/ 09:27:13 AM) [Round: 0614] ...successfully transmitted models to 10 selected clients!
[INFO](2026/08/20/ 09:27:13 AM) [Round: 0614] Start updating selected 10 clients...!
[INFO](2026/08/20/ 09:27:49 AM) [Round: 0614] ...10 clients are selected and updated (with total sample size: 49)!
[INFO](2026/08/20/ 09:27:49 AM) [Round: 0614] Aggregate updated weights of 10 clients...!
[INFO](2026/08/20/ 09:27:49 AM) [Round: 0614] ...updated weights of 10 clients are successfully averaged!
[INFO](2026/08/20/ 09:27:50 AM) [Round: 0614] Evaluate global model's performance...!                
	[Server] ...finished evaluation!                
	=> Loss: 0.6847                
	=> Accuracy: 88.33%

[INFO](2026/08/20/ 09:27:50 AM) [Round: 0615] Select clients...!
[INFO](2026/08/20/ 09:27:51 AM) [Round: 0615] ...successfully transmitted models to 10 selected clients!
[INFO](2026/08/20/ 09:27:51 AM) [Round: 0615] Start updating selected 10 clients...!
[INFO](2026/08/20/ 09:28:33 AM) [Round: 0615] ...10 clients are selected and updated (with total sample size: 49)!
[INFO](2026/08/20/ 09:28:33 AM) [Round: 0615] Aggregate updated weights of 10 clients...!
[INFO](2026/08/20/ 09:28:34 AM) [Round: 0615] ...updated weights of 10 clients are successfully averaged!
[INFO](2026/08/20/ 09:28:35 AM) [Round: 0615] Evaluate global model's performance...!                
	[Server] ...finished evaluation!                
	=> Loss: 0.8136                
	=> Accuracy: 88.33%

[INFO](2026/08/20/ 09:28:35 AM) [Round: 0616] Select clients...!
[INFO](2026/08/20/ 09:28:36 AM) [Round: 0616] ...successfully transmitted models to 10 selected clients!
[INFO](2026/08/20/ 09:28:36 AM) [Round: 0616] Start updating selected 10 clients...!
[INFO](2026/08/20/ 09:29:11 AM) [Round: 0616] ...10 clients are selected and updated (with total sample size: 36)!
[INFO](2026/08/20/ 09:29:11 AM) [Round: 0616] Aggregate updated weights of 10 clients...!
[INFO](2026/08/20/ 09:29:11 AM) [Round: 0616] ...updated weights of 10 clients are successfully averaged!
[INFO](2026/08/20/ 09:29:12 AM) [Round: 0616] Evaluate global model's performance...!                
	[Server] ...finished evaluation!                
	=> Loss: 0.7605                
	=> Accuracy: 88.10%

[INFO](2026/08/20/ 09:29:13 AM) [Round: 0617] Select clients...!
[INFO](2026/08/20/ 09:29:13 AM) [Round: 0617] ...successfully transmitted models to 10 selected clients!
[INFO](2026/08/20/ 09:29:13 AM) [Round: 0617] Start updating selected 10 clients...!
[INFO](2026/08/20/ 09:29:57 AM) [Round: 0617] ...10 clients are selected and updated (with total sample size: 25)!
[INFO](2026/08/20/ 09:29:57 AM) [Round: 0617] Aggregate updated weights of 10 clients...!
[INFO](2026/08/20/ 09:29:57 AM) [Round: 0617] ...updated weights of 10 clients are successfully averaged!
[INFO](2026/08/20/ 09:29:59 AM) [Round: 0617] Evaluate global model's performance...!                
	[Server] ...finished evaluation!                
	=> Loss: 0.6044                
	=> Accuracy: 88.57%

[INFO](2026/08/20/ 09:29:59 AM) [Round: 0618] Select clients...!
[INFO](2026/08/20/ 09:29:59 AM) [Round: 0618] ...successfully transmitted models to 10 selected clients!
[INFO](2026/08/20/ 09:29:59 AM) [Round: 0618] Start updating selected 10 clients...!
[INFO](2026/08/20/ 09:30:46 AM) [Round: 0618] ...10 clients are selected and updated (with total sample size: 42)!
[INFO](2026/08/20/ 09:30:46 AM) [Round: 0618] Aggregate updated weights of 10 clients...!
[INFO](2026/08/20/ 09:30:46 AM) [Round: 0618] ...updated weights of 10 clients are successfully averaged!
[INFO](2026/08/20/ 09:30:47 AM) [Round: 0618] Evaluate global model's performance...!                
	[Server] ...finished evaluation!                
	=> Loss: 0.4970                
	=> Accuracy: 90.00%

[INFO](2026/08/20/ 09:30:47 AM) [Round: 0619] Select clients...!
[INFO](2026/08/20/ 09:30:48 AM) [Round: 0619] ...successfully transmitted models to 10 selected clients!
[INFO](2026/08/20/ 09:30:48 AM) [Round: 0619] Start updating selected 10 clients...!
[INFO](2026/08/20/ 09:31:29 AM) [Round: 0619] ...10 clients are selected and updated (with total sample size: 25)!
[INFO](2026/08/20/ 09:31:29 AM) [Round: 0619] Aggregate updated weights of 10 clients...!
[INFO](2026/08/20/ 09:31:29 AM) [Round: 0619] ...updated weights of 10 clients are successfully averaged!
[INFO](2026/08/20/ 09:31:30 AM) [Round: 0619] Evaluate global model's performance...!                
	[Server] ...finished evaluation!                
	=> Loss: 0.5753                
	=> Accuracy: 90.00%

[INFO](2026/08/20/ 09:31:30 AM) [Round: 0620] Select clients...!
[INFO](2026/08/20/ 09:31:31 AM) [Round: 0620] ...successfully transmitted models to 10 selected clients!
[INFO](2026/08/20/ 09:31:31 AM) [Round: 0620] Start updating selected 10 clients...!
[INFO](2026/08/20/ 09:32:11 AM) [Round: 0620] ...10 clients are selected and updated (with total sample size: 47)!
[INFO](2026/08/20/ 09:32:11 AM) [Round: 0620] Aggregate updated weights of 10 clients...!
[INFO](2026/08/20/ 09:32:11 AM) [Round: 0620] ...updated weights of 10 clients are successfully averaged!
[INFO](2026/08/20/ 09:32:13 AM) [Round: 0620] Evaluate global model's performance...!                
	[Server] ...finished evaluation!                
	=> Loss: 0.6921                
	=> Accuracy: 88.10%

[INFO](2026/08/20/ 09:32:13 AM) [Round: 0621] Select clients...!
[INFO](2026/08/20/ 09:32:13 AM) [Round: 0621] ...successfully transmitted models to 10 selected clients!
[INFO](2026/08/20/ 09:32:14 AM) [Round: 0621] Start updating selected 10 clients...!
[INFO](2026/08/20/ 09:32:52 AM) [Round: 0621] ...10 clients are selected and updated (with total sample size: 42)!
[INFO](2026/08/20/ 09:32:52 AM) [Round: 0621] Aggregate updated weights of 10 clients...!
[INFO](2026/08/20/ 09:32:53 AM) [Round: 0621] ...updated weights of 10 clients are successfully averaged!
[INFO](2026/08/20/ 09:32:54 AM) [Round: 0621] Evaluate global model's performance...!                
	[Server] ...finished evaluation!                
	=> Loss: 0.7607                
	=> Accuracy: 89.05%

[INFO](2026/08/20/ 09:32:54 AM) [Round: 0622] Select clients...!
[INFO](2026/08/20/ 09:32:55 AM) [Round: 0622] ...successfully transmitted models to 10 selected clients!
[INFO](2026/08/20/ 09:32:55 AM) [Round: 0622] Start updating selected 10 clients...!
[INFO](2026/08/20/ 09:33:32 AM) [Round: 0622] ...10 clients are selected and updated (with total sample size: 25)!
[INFO](2026/08/20/ 09:33:32 AM) [Round: 0622] Aggregate updated weights of 10 clients...!
[INFO](2026/08/20/ 09:33:32 AM) [Round: 0622] ...updated weights of 10 clients are successfully averaged!
[INFO](2026/08/20/ 09:33:33 AM) [Round: 0622] Evaluate global model's performance...!                
	[Server] ...finished evaluation!                
	=> Loss: 0.6510                
	=> Accuracy: 89.52%

[INFO](2026/08/20/ 09:33:34 AM) [Round: 0623] Select clients...!
[INFO](2026/08/20/ 09:33:34 AM) [Round: 0623] ...successfully transmitted models to 10 selected clients!
[INFO](2026/08/20/ 09:33:34 AM) [Round: 0623] Start updating selected 10 clients...!
[INFO](2026/08/20/ 09:34:12 AM) [Round: 0623] ...10 clients are selected and updated (with total sample size: 49)!
[INFO](2026/08/20/ 09:34:12 AM) [Round: 0623] Aggregate updated weights of 10 clients...!
[INFO](2026/08/20/ 09:34:12 AM) [Round: 0623] ...updated weights of 10 clients are successfully averaged!
[INFO](2026/08/20/ 09:34:14 AM) [Round: 0623] Evaluate global model's performance...!                
	[Server] ...finished evaluation!                
	=> Loss: 1.0971                
	=> Accuracy: 87.14%

[INFO](2026/08/20/ 09:34:14 AM) [Round: 0624] Select clients...!
[INFO](2026/08/20/ 09:34:14 AM) [Round: 0624] ...successfully transmitted models to 10 selected clients!
[INFO](2026/08/20/ 09:34:14 AM) [Round: 0624] Start updating selected 10 clients...!
[INFO](2026/08/20/ 09:34:48 AM) [Round: 0624] ...10 clients are selected and updated (with total sample size: 25)!
[INFO](2026/08/20/ 09:34:48 AM) [Round: 0624] Aggregate updated weights of 10 clients...!
[INFO](2026/08/20/ 09:34:48 AM) [Round: 0624] ...updated weights of 10 clients are successfully averaged!
[INFO](2026/08/20/ 09:34:50 AM) [Round: 0624] Evaluate global model's performance...!                
	[Server] ...finished evaluation!                
	=> Loss: 0.6574                
	=> Accuracy: 87.86%

[INFO](2026/08/20/ 09:34:50 AM) [Round: 0625] Select clients...!
[INFO](2026/08/20/ 09:34:50 AM) [Round: 0625] ...successfully transmitted models to 10 selected clients!
[INFO](2026/08/20/ 09:34:50 AM) [Round: 0625] Start updating selected 10 clients...!
[INFO](2026/08/20/ 09:35:30 AM) [Round: 0625] ...10 clients are selected and updated (with total sample size: 36)!
[INFO](2026/08/20/ 09:35:30 AM) [Round: 0625] Aggregate updated weights of 10 clients...!
[INFO](2026/08/20/ 09:35:30 AM) [Round: 0625] ...updated weights of 10 clients are successfully averaged!
[INFO](2026/08/20/ 09:35:31 AM) [Round: 0625] Evaluate global model's performance...!                
	[Server] ...finished evaluation!                
	=> Loss: 0.6962                
	=> Accuracy: 89.29%

[INFO](2026/08/20/ 09:35:31 AM) [Round: 0626] Select clients...!
[INFO](2026/08/20/ 09:35:32 AM) [Round: 0626] ...successfully transmitted models to 10 selected clients!
[INFO](2026/08/20/ 09:35:32 AM) [Round: 0626] Start updating selected 10 clients...!
[INFO](2026/08/20/ 09:36:12 AM) [Round: 0626] ...10 clients are selected and updated (with total sample size: 25)!
[INFO](2026/08/20/ 09:36:12 AM) [Round: 0626] Aggregate updated weights of 10 clients...!
[INFO](2026/08/20/ 09:36:12 AM) [Round: 0626] ...updated weights of 10 clients are successfully averaged!
[INFO](2026/08/20/ 09:36:13 AM) [Round: 0626] Evaluate global model's performance...!                
	[Server] ...finished evaluation!                
	=> Loss: 0.6221                
	=> Accuracy: 88.81%

[INFO](2026/08/20/ 09:36:13 AM) [Round: 0627] Select clients...!
[INFO](2026/08/20/ 09:36:14 AM) [Round: 0627] ...successfully transmitted models to 10 selected clients!
[INFO](2026/08/20/ 09:36:14 AM) [Round: 0627] Start updating selected 10 clients...!
[INFO](2026/08/20/ 09:36:51 AM) [Round: 0627] ...10 clients are selected and updated (with total sample size: 42)!
[INFO](2026/08/20/ 09:36:51 AM) [Round: 0627] Aggregate updated weights of 10 clients...!
[INFO](2026/08/20/ 09:36:51 AM) [Round: 0627] ...updated weights of 10 clients are successfully averaged!
[INFO](2026/08/20/ 09:36:52 AM) [Round: 0627] Evaluate global model's performance...!                
	[Server] ...finished evaluation!                
	=> Loss: 1.0818                
	=> Accuracy: 88.57%

[INFO](2026/08/20/ 09:36:52 AM) [Round: 0628] Select clients...!
[INFO](2026/08/20/ 09:36:53 AM) [Round: 0628] ...successfully transmitted models to 10 selected clients!
[INFO](2026/08/20/ 09:36:53 AM) [Round: 0628] Start updating selected 10 clients...!
[INFO](2026/08/20/ 09:37:31 AM) [Round: 0628] ...10 clients are selected and updated (with total sample size: 25)!
[INFO](2026/08/20/ 09:37:31 AM) [Round: 0628] Aggregate updated weights of 10 clients...!
[INFO](2026/08/20/ 09:37:31 AM) [Round: 0628] ...updated weights of 10 clients are successfully averaged!
[INFO](2026/08/20/ 09:37:32 AM) [Round: 0628] Evaluate global model's performance...!                
	[Server] ...finished evaluation!                
	=> Loss: 0.3843                
	=> Accuracy: 90.24%

[INFO](2026/08/20/ 09:37:32 AM) [Round: 0629] Select clients...!
[INFO](2026/08/20/ 09:37:33 AM) [Round: 0629] ...successfully transmitted models to 10 selected clients!
[INFO](2026/08/20/ 09:37:33 AM) [Round: 0629] Start updating selected 10 clients...!
[INFO](2026/08/20/ 09:38:10 AM) [Round: 0629] ...10 clients are selected and updated (with total sample size: 47)!
[INFO](2026/08/20/ 09:38:10 AM) [Round: 0629] Aggregate updated weights of 10 clients...!
[INFO](2026/08/20/ 09:38:10 AM) [Round: 0629] ...updated weights of 10 clients are successfully averaged!
[INFO](2026/08/20/ 09:38:12 AM) [Round: 0629] Evaluate global model's performance...!                
	[Server] ...finished evaluation!                
	=> Loss: 0.5101                
	=> Accuracy: 89.76%

[INFO](2026/08/20/ 09:38:12 AM) [Round: 0630] Select clients...!
[INFO](2026/08/20/ 09:38:12 AM) [Round: 0630] ...successfully transmitted models to 10 selected clients!
[INFO](2026/08/20/ 09:38:12 AM) [Round: 0630] Start updating selected 10 clients...!
[INFO](2026/08/20/ 09:38:50 AM) [Round: 0630] ...10 clients are selected and updated (with total sample size: 47)!
[INFO](2026/08/20/ 09:38:50 AM) [Round: 0630] Aggregate updated weights of 10 clients...!
[INFO](2026/08/20/ 09:38:50 AM) [Round: 0630] ...updated weights of 10 clients are successfully averaged!
[INFO](2026/08/20/ 09:38:52 AM) [Round: 0630] Evaluate global model's performance...!                
	[Server] ...finished evaluation!                
	=> Loss: 0.7271                
	=> Accuracy: 88.57%

[INFO](2026/08/20/ 09:38:52 AM) [Round: 0631] Select clients...!
[INFO](2026/08/20/ 09:38:52 AM) [Round: 0631] ...successfully transmitted models to 10 selected clients!
[INFO](2026/08/20/ 09:38:52 AM) [Round: 0631] Start updating selected 10 clients...!
[INFO](2026/08/20/ 09:39:35 AM) [Round: 0631] ...10 clients are selected and updated (with total sample size: 47)!
[INFO](2026/08/20/ 09:39:35 AM) [Round: 0631] Aggregate updated weights of 10 clients...!
[INFO](2026/08/20/ 09:39:35 AM) [Round: 0631] ...updated weights of 10 clients are successfully averaged!
[INFO](2026/08/20/ 09:39:37 AM) [Round: 0631] Evaluate global model's performance...!                
	[Server] ...finished evaluation!                
	=> Loss: 0.6962                
	=> Accuracy: 88.33%

[INFO](2026/08/20/ 09:39:37 AM) [Round: 0632] Select clients...!
[INFO](2026/08/20/ 09:39:37 AM) [Round: 0632] ...successfully transmitted models to 10 selected clients!
[INFO](2026/08/20/ 09:39:38 AM) [Round: 0632] Start updating selected 10 clients...!
[INFO](2026/08/20/ 09:40:23 AM) [Round: 0632] ...10 clients are selected and updated (with total sample size: 50)!
[INFO](2026/08/20/ 09:40:23 AM) [Round: 0632] Aggregate updated weights of 10 clients...!
[INFO](2026/08/20/ 09:40:23 AM) [Round: 0632] ...updated weights of 10 clients are successfully averaged!
[INFO](2026/08/20/ 09:40:25 AM) [Round: 0632] Evaluate global model's performance...!                
	[Server] ...finished evaluation!                
	=> Loss: 0.5692                
	=> Accuracy: 90.24%

[INFO](2026/08/20/ 09:40:25 AM) [Round: 0633] Select clients...!
[INFO](2026/08/20/ 09:40:26 AM) [Round: 0633] ...successfully transmitted models to 10 selected clients!
[INFO](2026/08/20/ 09:40:26 AM) [Round: 0633] Start updating selected 10 clients...!
[INFO](2026/08/20/ 09:41:08 AM) [Round: 0633] ...10 clients are selected and updated (with total sample size: 42)!
[INFO](2026/08/20/ 09:41:09 AM) [Round: 0633] Aggregate updated weights of 10 clients...!
[INFO](2026/08/20/ 09:41:09 AM) [Round: 0633] ...updated weights of 10 clients are successfully averaged!
[INFO](2026/08/20/ 09:41:10 AM) [Round: 0633] Evaluate global model's performance...!                
	[Server] ...finished evaluation!                
	=> Loss: 0.8598                
	=> Accuracy: 87.86%

[INFO](2026/08/20/ 09:41:10 AM) [Round: 0634] Select clients...!
[INFO](2026/08/20/ 09:41:11 AM) [Round: 0634] ...successfully transmitted models to 10 selected clients!
[INFO](2026/08/20/ 09:41:11 AM) [Round: 0634] Start updating selected 10 clients...!
[INFO](2026/08/20/ 09:41:52 AM) [Round: 0634] ...10 clients are selected and updated (with total sample size: 49)!
[INFO](2026/08/20/ 09:41:52 AM) [Round: 0634] Aggregate updated weights of 10 clients...!
[INFO](2026/08/20/ 09:41:53 AM) [Round: 0634] ...updated weights of 10 clients are successfully averaged!
[INFO](2026/08/20/ 09:41:55 AM) [Round: 0634] Evaluate global model's performance...!                
	[Server] ...finished evaluation!                
	=> Loss: 0.7455                
	=> Accuracy: 88.33%

[INFO](2026/08/20/ 09:41:55 AM) [Round: 0635] Select clients...!
[INFO](2026/08/20/ 09:41:55 AM) [Round: 0635] ...successfully transmitted models to 10 selected clients!
[INFO](2026/08/20/ 09:41:55 AM) [Round: 0635] Start updating selected 10 clients...!
[INFO](2026/08/20/ 09:42:34 AM) [Round: 0635] ...10 clients are selected and updated (with total sample size: 50)!
[INFO](2026/08/20/ 09:42:34 AM) [Round: 0635] Aggregate updated weights of 10 clients...!
[INFO](2026/08/20/ 09:42:34 AM) [Round: 0635] ...updated weights of 10 clients are successfully averaged!
[INFO](2026/08/20/ 09:42:36 AM) [Round: 0635] Evaluate global model's performance...!                
	[Server] ...finished evaluation!                
	=> Loss: 0.6195                
	=> Accuracy: 90.48%

[INFO](2026/08/20/ 09:42:36 AM) [Round: 0636] Select clients...!
[INFO](2026/08/20/ 09:42:37 AM) [Round: 0636] ...successfully transmitted models to 10 selected clients!
[INFO](2026/08/20/ 09:42:37 AM) [Round: 0636] Start updating selected 10 clients...!
[INFO](2026/08/20/ 09:43:18 AM) [Round: 0636] ...10 clients are selected and updated (with total sample size: 36)!
[INFO](2026/08/20/ 09:43:18 AM) [Round: 0636] Aggregate updated weights of 10 clients...!
[INFO](2026/08/20/ 09:43:19 AM) [Round: 0636] ...updated weights of 10 clients are successfully averaged!
[INFO](2026/08/20/ 09:43:20 AM) [Round: 0636] Evaluate global model's performance...!                
	[Server] ...finished evaluation!                
	=> Loss: 0.7078                
	=> Accuracy: 89.52%

[INFO](2026/08/20/ 09:43:20 AM) [Round: 0637] Select clients...!
[INFO](2026/08/20/ 09:43:21 AM) [Round: 0637] ...successfully transmitted models to 10 selected clients!
[INFO](2026/08/20/ 09:43:21 AM) [Round: 0637] Start updating selected 10 clients...!
[INFO](2026/08/20/ 09:44:00 AM) [Round: 0637] ...10 clients are selected and updated (with total sample size: 49)!
[INFO](2026/08/20/ 09:44:00 AM) [Round: 0637] Aggregate updated weights of 10 clients...!
[INFO](2026/08/20/ 09:44:00 AM) [Round: 0637] ...updated weights of 10 clients are successfully averaged!
[INFO](2026/08/20/ 09:44:02 AM) [Round: 0637] Evaluate global model's performance...!                
	[Server] ...finished evaluation!                
	=> Loss: 0.6725                
	=> Accuracy: 90.24%

[INFO](2026/08/20/ 09:44:02 AM) [Round: 0638] Select clients...!
[INFO](2026/08/20/ 09:44:02 AM) [Round: 0638] ...successfully transmitted models to 10 selected clients!
[INFO](2026/08/20/ 09:44:03 AM) [Round: 0638] Start updating selected 10 clients...!
[INFO](2026/08/20/ 09:44:47 AM) [Round: 0638] ...10 clients are selected and updated (with total sample size: 47)!
[INFO](2026/08/20/ 09:44:47 AM) [Round: 0638] Aggregate updated weights of 10 clients...!
[INFO](2026/08/20/ 09:44:47 AM) [Round: 0638] ...updated weights of 10 clients are successfully averaged!
[INFO](2026/08/20/ 09:44:49 AM) [Round: 0638] Evaluate global model's performance...!                
	[Server] ...finished evaluation!                
	=> Loss: 0.6463                
	=> Accuracy: 90.24%

[INFO](2026/08/20/ 09:44:49 AM) [Round: 0639] Select clients...!
[INFO](2026/08/20/ 09:44:49 AM) [Round: 0639] ...successfully transmitted models to 10 selected clients!
[INFO](2026/08/20/ 09:44:49 AM) [Round: 0639] Start updating selected 10 clients...!
[INFO](2026/08/20/ 09:45:28 AM) [Round: 0639] ...10 clients are selected and updated (with total sample size: 35)!
[INFO](2026/08/20/ 09:45:28 AM) [Round: 0639] Aggregate updated weights of 10 clients...!
[INFO](2026/08/20/ 09:45:28 AM) [Round: 0639] ...updated weights of 10 clients are successfully averaged!
[INFO](2026/08/20/ 09:45:30 AM) [Round: 0639] Evaluate global model's performance...!                
	[Server] ...finished evaluation!                
	=> Loss: 0.6846                
	=> Accuracy: 88.10%

[INFO](2026/08/20/ 09:45:30 AM) [Round: 0640] Select clients...!
[INFO](2026/08/20/ 09:45:30 AM) [Round: 0640] ...successfully transmitted models to 10 selected clients!
[INFO](2026/08/20/ 09:45:30 AM) [Round: 0640] Start updating selected 10 clients...!
[INFO](2026/08/20/ 09:46:14 AM) [Round: 0640] ...10 clients are selected and updated (with total sample size: 49)!
[INFO](2026/08/20/ 09:46:14 AM) [Round: 0640] Aggregate updated weights of 10 clients...!
[INFO](2026/08/20/ 09:46:15 AM) [Round: 0640] ...updated weights of 10 clients are successfully averaged!
[INFO](2026/08/20/ 09:46:16 AM) [Round: 0640] Evaluate global model's performance...!                
	[Server] ...finished evaluation!                
	=> Loss: 0.6865                
	=> Accuracy: 89.05%

[INFO](2026/08/20/ 09:46:17 AM) [Round: 0641] Select clients...!
[INFO](2026/08/20/ 09:46:17 AM) [Round: 0641] ...successfully transmitted models to 10 selected clients!
[INFO](2026/08/20/ 09:46:17 AM) [Round: 0641] Start updating selected 10 clients...!
[INFO](2026/08/20/ 09:46:58 AM) [Round: 0641] ...10 clients are selected and updated (with total sample size: 42)!
[INFO](2026/08/20/ 09:46:58 AM) [Round: 0641] Aggregate updated weights of 10 clients...!
[INFO](2026/08/20/ 09:46:58 AM) [Round: 0641] ...updated weights of 10 clients are successfully averaged!
[INFO](2026/08/20/ 09:47:00 AM) [Round: 0641] Evaluate global model's performance...!                
	[Server] ...finished evaluation!                
	=> Loss: 0.7085                
	=> Accuracy: 89.05%

[INFO](2026/08/20/ 09:47:00 AM) [Round: 0642] Select clients...!
[INFO](2026/08/20/ 09:47:00 AM) [Round: 0642] ...successfully transmitted models to 10 selected clients!
[INFO](2026/08/20/ 09:47:01 AM) [Round: 0642] Start updating selected 10 clients...!
[INFO](2026/08/20/ 09:47:42 AM) [Round: 0642] ...10 clients are selected and updated (with total sample size: 25)!
[INFO](2026/08/20/ 09:47:42 AM) [Round: 0642] Aggregate updated weights of 10 clients...!
[INFO](2026/08/20/ 09:47:43 AM) [Round: 0642] ...updated weights of 10 clients are successfully averaged!
[INFO](2026/08/20/ 09:47:44 AM) [Round: 0642] Evaluate global model's performance...!                
	[Server] ...finished evaluation!                
	=> Loss: 0.9083                
	=> Accuracy: 88.57%

[INFO](2026/08/20/ 09:47:44 AM) [Round: 0643] Select clients...!
[INFO](2026/08/20/ 09:47:45 AM) [Round: 0643] ...successfully transmitted models to 10 selected clients!
[INFO](2026/08/20/ 09:47:45 AM) [Round: 0643] Start updating selected 10 clients...!
[INFO](2026/08/20/ 09:48:22 AM) [Round: 0643] ...10 clients are selected and updated (with total sample size: 47)!
[INFO](2026/08/20/ 09:48:22 AM) [Round: 0643] Aggregate updated weights of 10 clients...!
[INFO](2026/08/20/ 09:48:22 AM) [Round: 0643] ...updated weights of 10 clients are successfully averaged!
[INFO](2026/08/20/ 09:48:24 AM) [Round: 0643] Evaluate global model's performance...!                
	[Server] ...finished evaluation!                
	=> Loss: 0.6542                
	=> Accuracy: 88.57%

[INFO](2026/08/20/ 09:48:24 AM) [Round: 0644] Select clients...!
[INFO](2026/08/20/ 09:48:24 AM) [Round: 0644] ...successfully transmitted models to 10 selected clients!
[INFO](2026/08/20/ 09:48:24 AM) [Round: 0644] Start updating selected 10 clients...!
[INFO](2026/08/20/ 09:49:03 AM) [Round: 0644] ...10 clients are selected and updated (with total sample size: 50)!
[INFO](2026/08/20/ 09:49:03 AM) [Round: 0644] Aggregate updated weights of 10 clients...!
[INFO](2026/08/20/ 09:49:03 AM) [Round: 0644] ...updated weights of 10 clients are successfully averaged!
[INFO](2026/08/20/ 09:49:05 AM) [Round: 0644] Evaluate global model's performance...!                
	[Server] ...finished evaluation!                
	=> Loss: 0.7792                
	=> Accuracy: 88.33%

[INFO](2026/08/20/ 09:49:05 AM) [Round: 0645] Select clients...!
[INFO](2026/08/20/ 09:49:06 AM) [Round: 0645] ...successfully transmitted models to 10 selected clients!
[INFO](2026/08/20/ 09:49:06 AM) [Round: 0645] Start updating selected 10 clients...!
[INFO](2026/08/20/ 09:49:40 AM) [Round: 0645] ...10 clients are selected and updated (with total sample size: 42)!
[INFO](2026/08/20/ 09:49:40 AM) [Round: 0645] Aggregate updated weights of 10 clients...!
[INFO](2026/08/20/ 09:49:40 AM) [Round: 0645] ...updated weights of 10 clients are successfully averaged!
[INFO](2026/08/20/ 09:49:42 AM) [Round: 0645] Evaluate global model's performance...!                
	[Server] ...finished evaluation!                
	=> Loss: 1.0256                
	=> Accuracy: 87.62%

[INFO](2026/08/20/ 09:49:42 AM) [Round: 0646] Select clients...!
[INFO](2026/08/20/ 09:49:42 AM) [Round: 0646] ...successfully transmitted models to 10 selected clients!
[INFO](2026/08/20/ 09:49:43 AM) [Round: 0646] Start updating selected 10 clients...!
[INFO](2026/08/20/ 09:50:19 AM) [Round: 0646] ...10 clients are selected and updated (with total sample size: 42)!
[INFO](2026/08/20/ 09:50:19 AM) [Round: 0646] Aggregate updated weights of 10 clients...!
[INFO](2026/08/20/ 09:50:20 AM) [Round: 0646] ...updated weights of 10 clients are successfully averaged!
[INFO](2026/08/20/ 09:50:21 AM) [Round: 0646] Evaluate global model's performance...!                
	[Server] ...finished evaluation!                
	=> Loss: 0.6211                
	=> Accuracy: 88.81%

[INFO](2026/08/20/ 09:50:21 AM) [Round: 0647] Select clients...!
[INFO](2026/08/20/ 09:50:22 AM) [Round: 0647] ...successfully transmitted models to 10 selected clients!
[INFO](2026/08/20/ 09:50:22 AM) [Round: 0647] Start updating selected 10 clients...!
[INFO](2026/08/20/ 09:51:00 AM) [Round: 0647] ...10 clients are selected and updated (with total sample size: 35)!
[INFO](2026/08/20/ 09:51:00 AM) [Round: 0647] Aggregate updated weights of 10 clients...!
[INFO](2026/08/20/ 09:51:00 AM) [Round: 0647] ...updated weights of 10 clients are successfully averaged!
[INFO](2026/08/20/ 09:51:01 AM) [Round: 0647] Evaluate global model's performance...!                
	[Server] ...finished evaluation!                
	=> Loss: 0.6827                
	=> Accuracy: 88.81%

[INFO](2026/08/20/ 09:51:02 AM) [Round: 0648] Select clients...!
[INFO](2026/08/20/ 09:51:02 AM) [Round: 0648] ...successfully transmitted models to 10 selected clients!
[INFO](2026/08/20/ 09:51:02 AM) [Round: 0648] Start updating selected 10 clients...!
[INFO](2026/08/20/ 09:51:35 AM) [Round: 0648] ...10 clients are selected and updated (with total sample size: 36)!
[INFO](2026/08/20/ 09:51:35 AM) [Round: 0648] Aggregate updated weights of 10 clients...!
[INFO](2026/08/20/ 09:51:36 AM) [Round: 0648] ...updated weights of 10 clients are successfully averaged!
[INFO](2026/08/20/ 09:51:37 AM) [Round: 0648] Evaluate global model's performance...!                
	[Server] ...finished evaluation!                
	=> Loss: 0.6459                
	=> Accuracy: 90.24%

[INFO](2026/08/20/ 09:51:37 AM) [Round: 0649] Select clients...!
[INFO](2026/08/20/ 09:51:38 AM) [Round: 0649] ...successfully transmitted models to 10 selected clients!
[INFO](2026/08/20/ 09:51:38 AM) [Round: 0649] Start updating selected 10 clients...!
[INFO](2026/08/20/ 09:52:16 AM) [Round: 0649] ...10 clients are selected and updated (with total sample size: 42)!
[INFO](2026/08/20/ 09:52:16 AM) [Round: 0649] Aggregate updated weights of 10 clients...!
[INFO](2026/08/20/ 09:52:16 AM) [Round: 0649] ...updated weights of 10 clients are successfully averaged!
[INFO](2026/08/20/ 09:52:18 AM) [Round: 0649] Evaluate global model's performance...!                
	[Server] ...finished evaluation!                
	=> Loss: 0.6571                
	=> Accuracy: 90.24%

[INFO](2026/08/20/ 09:52:18 AM) [Round: 0650] Select clients...!
[INFO](2026/08/20/ 09:52:18 AM) [Round: 0650] ...successfully transmitted models to 10 selected clients!
[INFO](2026/08/20/ 09:52:19 AM) [Round: 0650] Start updating selected 10 clients...!
[INFO](2026/08/20/ 09:52:58 AM) [Round: 0650] ...10 clients are selected and updated (with total sample size: 25)!
[INFO](2026/08/20/ 09:52:58 AM) [Round: 0650] Aggregate updated weights of 10 clients...!
[INFO](2026/08/20/ 09:52:58 AM) [Round: 0650] ...updated weights of 10 clients are successfully averaged!
[INFO](2026/08/20/ 09:53:00 AM) [Round: 0650] Evaluate global model's performance...!                
	[Server] ...finished evaluation!                
	=> Loss: 0.6058                
	=> Accuracy: 90.24%

[INFO](2026/08/20/ 09:53:00 AM) [Round: 0651] Select clients...!
[INFO](2026/08/20/ 09:53:00 AM) [Round: 0651] ...successfully transmitted models to 10 selected clients!
[INFO](2026/08/20/ 09:53:00 AM) [Round: 0651] Start updating selected 10 clients...!
[INFO](2026/08/20/ 09:53:42 AM) [Round: 0651] ...10 clients are selected and updated (with total sample size: 36)!
[INFO](2026/08/20/ 09:53:43 AM) [Round: 0651] Aggregate updated weights of 10 clients...!
[INFO](2026/08/20/ 09:53:43 AM) [Round: 0651] ...updated weights of 10 clients are successfully averaged!
[INFO](2026/08/20/ 09:53:45 AM) [Round: 0651] Evaluate global model's performance...!                
	[Server] ...finished evaluation!                
	=> Loss: 1.0927                
	=> Accuracy: 88.33%

[INFO](2026/08/20/ 09:53:45 AM) [Round: 0652] Select clients...!
[INFO](2026/08/20/ 09:53:45 AM) [Round: 0652] ...successfully transmitted models to 10 selected clients!
[INFO](2026/08/20/ 09:53:45 AM) [Round: 0652] Start updating selected 10 clients...!
[INFO](2026/08/20/ 09:54:25 AM) [Round: 0652] ...10 clients are selected and updated (with total sample size: 25)!
[INFO](2026/08/20/ 09:54:25 AM) [Round: 0652] Aggregate updated weights of 10 clients...!
[INFO](2026/08/20/ 09:54:26 AM) [Round: 0652] ...updated weights of 10 clients are successfully averaged!
[INFO](2026/08/20/ 09:54:27 AM) [Round: 0652] Evaluate global model's performance...!                
	[Server] ...finished evaluation!                
	=> Loss: 0.5940                
	=> Accuracy: 89.29%

[INFO](2026/08/20/ 09:54:27 AM) [Round: 0653] Select clients...!
[INFO](2026/08/20/ 09:54:28 AM) [Round: 0653] ...successfully transmitted models to 10 selected clients!
[INFO](2026/08/20/ 09:54:28 AM) [Round: 0653] Start updating selected 10 clients...!
[INFO](2026/08/20/ 09:55:07 AM) [Round: 0653] ...10 clients are selected and updated (with total sample size: 25)!
[INFO](2026/08/20/ 09:55:07 AM) [Round: 0653] Aggregate updated weights of 10 clients...!
[INFO](2026/08/20/ 09:55:08 AM) [Round: 0653] ...updated weights of 10 clients are successfully averaged!
[INFO](2026/08/20/ 09:55:09 AM) [Round: 0653] Evaluate global model's performance...!                
	[Server] ...finished evaluation!                
	=> Loss: 0.6649                
	=> Accuracy: 90.00%

[INFO](2026/08/20/ 09:55:09 AM) [Round: 0654] Select clients...!
[INFO](2026/08/20/ 09:55:10 AM) [Round: 0654] ...successfully transmitted models to 10 selected clients!
[INFO](2026/08/20/ 09:55:10 AM) [Round: 0654] Start updating selected 10 clients...!
[INFO](2026/08/20/ 09:55:49 AM) [Round: 0654] ...10 clients are selected and updated (with total sample size: 25)!
[INFO](2026/08/20/ 09:55:49 AM) [Round: 0654] Aggregate updated weights of 10 clients...!
[INFO](2026/08/20/ 09:55:49 AM) [Round: 0654] ...updated weights of 10 clients are successfully averaged!
[INFO](2026/08/20/ 09:55:51 AM) [Round: 0654] Evaluate global model's performance...!                
	[Server] ...finished evaluation!                
	=> Loss: 0.7045                
	=> Accuracy: 90.71%

[INFO](2026/08/20/ 09:55:51 AM) [Round: 0655] Select clients...!
[INFO](2026/08/20/ 09:55:51 AM) [Round: 0655] ...successfully transmitted models to 10 selected clients!
[INFO](2026/08/20/ 09:55:52 AM) [Round: 0655] Start updating selected 10 clients...!
[INFO](2026/08/20/ 09:56:32 AM) [Round: 0655] ...10 clients are selected and updated (with total sample size: 36)!
[INFO](2026/08/20/ 09:56:33 AM) [Round: 0655] Aggregate updated weights of 10 clients...!
[INFO](2026/08/20/ 09:56:33 AM) [Round: 0655] ...updated weights of 10 clients are successfully averaged!
[INFO](2026/08/20/ 09:56:34 AM) [Round: 0655] Evaluate global model's performance...!                
	[Server] ...finished evaluation!                
	=> Loss: 0.4194                
	=> Accuracy: 90.71%

[INFO](2026/08/20/ 09:56:34 AM) [Round: 0656] Select clients...!
[INFO](2026/08/20/ 09:56:35 AM) [Round: 0656] ...successfully transmitted models to 10 selected clients!
[INFO](2026/08/20/ 09:56:35 AM) [Round: 0656] Start updating selected 10 clients...!
[INFO](2026/08/20/ 09:57:21 AM) [Round: 0656] ...10 clients are selected and updated (with total sample size: 42)!
[INFO](2026/08/20/ 09:57:21 AM) [Round: 0656] Aggregate updated weights of 10 clients...!
[INFO](2026/08/20/ 09:57:22 AM) [Round: 0656] ...updated weights of 10 clients are successfully averaged!
[INFO](2026/08/20/ 09:57:23 AM) [Round: 0656] Evaluate global model's performance...!                
	[Server] ...finished evaluation!                
	=> Loss: 0.6769                
	=> Accuracy: 90.24%

[INFO](2026/08/20/ 09:57:23 AM) [Round: 0657] Select clients...!
[INFO](2026/08/20/ 09:57:24 AM) [Round: 0657] ...successfully transmitted models to 10 selected clients!
[INFO](2026/08/20/ 09:57:24 AM) [Round: 0657] Start updating selected 10 clients...!
[INFO](2026/08/20/ 09:58:04 AM) [Round: 0657] ...10 clients are selected and updated (with total sample size: 49)!
[INFO](2026/08/20/ 09:58:04 AM) [Round: 0657] Aggregate updated weights of 10 clients...!
[INFO](2026/08/20/ 09:58:04 AM) [Round: 0657] ...updated weights of 10 clients are successfully averaged!
[INFO](2026/08/20/ 09:58:06 AM) [Round: 0657] Evaluate global model's performance...!                
	[Server] ...finished evaluation!                
	=> Loss: 0.5259                
	=> Accuracy: 89.76%

[INFO](2026/08/20/ 09:58:06 AM) [Round: 0658] Select clients...!
[INFO](2026/08/20/ 09:58:06 AM) [Round: 0658] ...successfully transmitted models to 10 selected clients!
[INFO](2026/08/20/ 09:58:06 AM) [Round: 0658] Start updating selected 10 clients...!
[INFO](2026/08/20/ 09:58:52 AM) [Round: 0658] ...10 clients are selected and updated (with total sample size: 42)!
[INFO](2026/08/20/ 09:58:52 AM) [Round: 0658] Aggregate updated weights of 10 clients...!
[INFO](2026/08/20/ 09:58:52 AM) [Round: 0658] ...updated weights of 10 clients are successfully averaged!
[INFO](2026/08/20/ 09:58:54 AM) [Round: 0658] Evaluate global model's performance...!                
	[Server] ...finished evaluation!                
	=> Loss: 0.5959                
	=> Accuracy: 89.52%

[INFO](2026/08/20/ 09:58:54 AM) [Round: 0659] Select clients...!
[INFO](2026/08/20/ 09:58:55 AM) [Round: 0659] ...successfully transmitted models to 10 selected clients!
[INFO](2026/08/20/ 09:58:55 AM) [Round: 0659] Start updating selected 10 clients...!
[INFO](2026/08/20/ 09:59:37 AM) [Round: 0659] ...10 clients are selected and updated (with total sample size: 47)!
[INFO](2026/08/20/ 09:59:38 AM) [Round: 0659] Aggregate updated weights of 10 clients...!
[INFO](2026/08/20/ 09:59:38 AM) [Round: 0659] ...updated weights of 10 clients are successfully averaged!
[INFO](2026/08/20/ 09:59:40 AM) [Round: 0659] Evaluate global model's performance...!                
	[Server] ...finished evaluation!                
	=> Loss: 0.7713                
	=> Accuracy: 90.95%

[INFO](2026/08/20/ 09:59:40 AM) [Round: 0660] Select clients...!
[INFO](2026/08/20/ 09:59:40 AM) [Round: 0660] ...successfully transmitted models to 10 selected clients!
[INFO](2026/08/20/ 09:59:40 AM) [Round: 0660] Start updating selected 10 clients...!
[INFO](2026/08/20/ 10:00:18 AM) [Round: 0660] ...10 clients are selected and updated (with total sample size: 49)!
[INFO](2026/08/20/ 10:00:18 AM) [Round: 0660] Aggregate updated weights of 10 clients...!
[INFO](2026/08/20/ 10:00:18 AM) [Round: 0660] ...updated weights of 10 clients are successfully averaged!
[INFO](2026/08/20/ 10:00:20 AM) [Round: 0660] Evaluate global model's performance...!                
	[Server] ...finished evaluation!                
	=> Loss: 0.6271                
	=> Accuracy: 90.48%

[INFO](2026/08/20/ 10:00:20 AM) [Round: 0661] Select clients...!
[INFO](2026/08/20/ 10:00:21 AM) [Round: 0661] ...successfully transmitted models to 10 selected clients!
[INFO](2026/08/20/ 10:00:21 AM) [Round: 0661] Start updating selected 10 clients...!
[INFO](2026/08/20/ 10:00:58 AM) [Round: 0661] ...10 clients are selected and updated (with total sample size: 35)!
[INFO](2026/08/20/ 10:00:58 AM) [Round: 0661] Aggregate updated weights of 10 clients...!
[INFO](2026/08/20/ 10:00:58 AM) [Round: 0661] ...updated weights of 10 clients are successfully averaged!
[INFO](2026/08/20/ 10:01:00 AM) [Round: 0661] Evaluate global model's performance...!                
	[Server] ...finished evaluation!                
	=> Loss: 0.5983                
	=> Accuracy: 89.29%

[INFO](2026/08/20/ 10:01:00 AM) [Round: 0662] Select clients...!
[INFO](2026/08/20/ 10:01:01 AM) [Round: 0662] ...successfully transmitted models to 10 selected clients!
[INFO](2026/08/20/ 10:01:01 AM) [Round: 0662] Start updating selected 10 clients...!
[INFO](2026/08/20/ 10:01:46 AM) [Round: 0662] ...10 clients are selected and updated (with total sample size: 50)!
[INFO](2026/08/20/ 10:01:46 AM) [Round: 0662] Aggregate updated weights of 10 clients...!
[INFO](2026/08/20/ 10:01:46 AM) [Round: 0662] ...updated weights of 10 clients are successfully averaged!
[INFO](2026/08/20/ 10:01:48 AM) [Round: 0662] Evaluate global model's performance...!                
	[Server] ...finished evaluation!                
	=> Loss: 0.7434                
	=> Accuracy: 91.19%

[INFO](2026/08/20/ 10:01:48 AM) [Round: 0663] Select clients...!
[INFO](2026/08/20/ 10:01:48 AM) [Round: 0663] ...successfully transmitted models to 10 selected clients!
[INFO](2026/08/20/ 10:01:49 AM) [Round: 0663] Start updating selected 10 clients...!
[INFO](2026/08/20/ 10:02:28 AM) [Round: 0663] ...10 clients are selected and updated (with total sample size: 42)!
[INFO](2026/08/20/ 10:02:28 AM) [Round: 0663] Aggregate updated weights of 10 clients...!
[INFO](2026/08/20/ 10:02:29 AM) [Round: 0663] ...updated weights of 10 clients are successfully averaged!
[INFO](2026/08/20/ 10:02:30 AM) [Round: 0663] Evaluate global model's performance...!                
	[Server] ...finished evaluation!                
	=> Loss: 0.7226                
	=> Accuracy: 90.48%

[INFO](2026/08/20/ 10:02:30 AM) [Round: 0664] Select clients...!
[INFO](2026/08/20/ 10:02:31 AM) [Round: 0664] ...successfully transmitted models to 10 selected clients!
[INFO](2026/08/20/ 10:02:31 AM) [Round: 0664] Start updating selected 10 clients...!
[INFO](2026/08/20/ 10:03:11 AM) [Round: 0664] ...10 clients are selected and updated (with total sample size: 47)!
[INFO](2026/08/20/ 10:03:11 AM) [Round: 0664] Aggregate updated weights of 10 clients...!
[INFO](2026/08/20/ 10:03:11 AM) [Round: 0664] ...updated weights of 10 clients are successfully averaged!
[INFO](2026/08/20/ 10:03:13 AM) [Round: 0664] Evaluate global model's performance...!                
	[Server] ...finished evaluation!                
	=> Loss: 0.7417                
	=> Accuracy: 90.48%

[INFO](2026/08/20/ 10:03:13 AM) [Round: 0665] Select clients...!
[INFO](2026/08/20/ 10:03:14 AM) [Round: 0665] ...successfully transmitted models to 10 selected clients!
[INFO](2026/08/20/ 10:03:14 AM) [Round: 0665] Start updating selected 10 clients...!
[INFO](2026/08/20/ 10:03:47 AM) [Round: 0665] ...10 clients are selected and updated (with total sample size: 25)!
[INFO](2026/08/20/ 10:03:47 AM) [Round: 0665] Aggregate updated weights of 10 clients...!
[INFO](2026/08/20/ 10:03:47 AM) [Round: 0665] ...updated weights of 10 clients are successfully averaged!
[INFO](2026/08/20/ 10:03:49 AM) [Round: 0665] Evaluate global model's performance...!                
	[Server] ...finished evaluation!                
	=> Loss: 0.5033                
	=> Accuracy: 89.52%

[INFO](2026/08/20/ 10:03:49 AM) [Round: 0666] Select clients...!
[INFO](2026/08/20/ 10:03:50 AM) [Round: 0666] ...successfully transmitted models to 10 selected clients!
[INFO](2026/08/20/ 10:03:50 AM) [Round: 0666] Start updating selected 10 clients...!
[INFO](2026/08/20/ 10:04:31 AM) [Round: 0666] ...10 clients are selected and updated (with total sample size: 47)!
[INFO](2026/08/20/ 10:04:32 AM) [Round: 0666] Aggregate updated weights of 10 clients...!
[INFO](2026/08/20/ 10:04:32 AM) [Round: 0666] ...updated weights of 10 clients are successfully averaged!
[INFO](2026/08/20/ 10:04:33 AM) [Round: 0666] Evaluate global model's performance...!                
	[Server] ...finished evaluation!                
	=> Loss: 0.9267                
	=> Accuracy: 88.57%

[INFO](2026/08/20/ 10:04:33 AM) [Round: 0667] Select clients...!
[INFO](2026/08/20/ 10:04:34 AM) [Round: 0667] ...successfully transmitted models to 10 selected clients!
[INFO](2026/08/20/ 10:04:34 AM) [Round: 0667] Start updating selected 10 clients...!
[INFO](2026/08/20/ 10:05:15 AM) [Round: 0667] ...10 clients are selected and updated (with total sample size: 47)!
[INFO](2026/08/20/ 10:05:15 AM) [Round: 0667] Aggregate updated weights of 10 clients...!
[INFO](2026/08/20/ 10:05:15 AM) [Round: 0667] ...updated weights of 10 clients are successfully averaged!
[INFO](2026/08/20/ 10:05:17 AM) [Round: 0667] Evaluate global model's performance...!                
	[Server] ...finished evaluation!                
	=> Loss: 0.6806                
	=> Accuracy: 88.81%

[INFO](2026/08/20/ 10:05:17 AM) [Round: 0668] Select clients...!
[INFO](2026/08/20/ 10:05:17 AM) [Round: 0668] ...successfully transmitted models to 10 selected clients!
[INFO](2026/08/20/ 10:05:18 AM) [Round: 0668] Start updating selected 10 clients...!
[INFO](2026/08/20/ 10:05:58 AM) [Round: 0668] ...10 clients are selected and updated (with total sample size: 36)!
[INFO](2026/08/20/ 10:05:59 AM) [Round: 0668] Aggregate updated weights of 10 clients...!
[INFO](2026/08/20/ 10:05:59 AM) [Round: 0668] ...updated weights of 10 clients are successfully averaged!
[INFO](2026/08/20/ 10:06:00 AM) [Round: 0668] Evaluate global model's performance...!                
	[Server] ...finished evaluation!                
	=> Loss: 0.6145                
	=> Accuracy: 89.76%

[INFO](2026/08/20/ 10:06:00 AM) [Round: 0669] Select clients...!
[INFO](2026/08/20/ 10:06:01 AM) [Round: 0669] ...successfully transmitted models to 10 selected clients!
[INFO](2026/08/20/ 10:06:01 AM) [Round: 0669] Start updating selected 10 clients...!
[INFO](2026/08/20/ 10:06:41 AM) [Round: 0669] ...10 clients are selected and updated (with total sample size: 47)!
[INFO](2026/08/20/ 10:06:41 AM) [Round: 0669] Aggregate updated weights of 10 clients...!
[INFO](2026/08/20/ 10:06:41 AM) [Round: 0669] ...updated weights of 10 clients are successfully averaged!
[INFO](2026/08/20/ 10:06:42 AM) [Round: 0669] Evaluate global model's performance...!                
	[Server] ...finished evaluation!                
	=> Loss: 0.6128                
	=> Accuracy: 90.95%

[INFO](2026/08/20/ 10:06:42 AM) [Round: 0670] Select clients...!
[INFO](2026/08/20/ 10:06:43 AM) [Round: 0670] ...successfully transmitted models to 10 selected clients!
[INFO](2026/08/20/ 10:06:43 AM) [Round: 0670] Start updating selected 10 clients...!
[INFO](2026/08/20/ 10:07:25 AM) [Round: 0670] ...10 clients are selected and updated (with total sample size: 47)!
[INFO](2026/08/20/ 10:07:25 AM) [Round: 0670] Aggregate updated weights of 10 clients...!
[INFO](2026/08/20/ 10:07:25 AM) [Round: 0670] ...updated weights of 10 clients are successfully averaged!
[INFO](2026/08/20/ 10:07:26 AM) [Round: 0670] Evaluate global model's performance...!                
	[Server] ...finished evaluation!                
	=> Loss: 0.6478                
	=> Accuracy: 89.76%

[INFO](2026/08/20/ 10:07:26 AM) [Round: 0671] Select clients...!
[INFO](2026/08/20/ 10:07:27 AM) [Round: 0671] ...successfully transmitted models to 10 selected clients!
[INFO](2026/08/20/ 10:07:27 AM) [Round: 0671] Start updating selected 10 clients...!
[INFO](2026/08/20/ 10:08:13 AM) [Round: 0671] ...10 clients are selected and updated (with total sample size: 25)!
[INFO](2026/08/20/ 10:08:13 AM) [Round: 0671] Aggregate updated weights of 10 clients...!
[INFO](2026/08/20/ 10:08:13 AM) [Round: 0671] ...updated weights of 10 clients are successfully averaged!
[INFO](2026/08/20/ 10:08:15 AM) [Round: 0671] Evaluate global model's performance...!                
	[Server] ...finished evaluation!                
	=> Loss: 0.7840                
	=> Accuracy: 88.57%

[INFO](2026/08/20/ 10:08:15 AM) [Round: 0672] Select clients...!
[INFO](2026/08/20/ 10:08:15 AM) [Round: 0672] ...successfully transmitted models to 10 selected clients!
[INFO](2026/08/20/ 10:08:16 AM) [Round: 0672] Start updating selected 10 clients...!
[INFO](2026/08/20/ 10:08:53 AM) [Round: 0672] ...10 clients are selected and updated (with total sample size: 49)!
[INFO](2026/08/20/ 10:08:53 AM) [Round: 0672] Aggregate updated weights of 10 clients...!
[INFO](2026/08/20/ 10:08:53 AM) [Round: 0672] ...updated weights of 10 clients are successfully averaged!
[INFO](2026/08/20/ 10:08:55 AM) [Round: 0672] Evaluate global model's performance...!                
	[Server] ...finished evaluation!                
	=> Loss: 0.8998                
	=> Accuracy: 88.81%

[INFO](2026/08/20/ 10:08:55 AM) [Round: 0673] Select clients...!
[INFO](2026/08/20/ 10:08:56 AM) [Round: 0673] ...successfully transmitted models to 10 selected clients!
[INFO](2026/08/20/ 10:08:56 AM) [Round: 0673] Start updating selected 10 clients...!
[INFO](2026/08/20/ 10:09:40 AM) [Round: 0673] ...10 clients are selected and updated (with total sample size: 50)!
[INFO](2026/08/20/ 10:09:40 AM) [Round: 0673] Aggregate updated weights of 10 clients...!
[INFO](2026/08/20/ 10:09:41 AM) [Round: 0673] ...updated weights of 10 clients are successfully averaged!
[INFO](2026/08/20/ 10:09:42 AM) [Round: 0673] Evaluate global model's performance...!                
	[Server] ...finished evaluation!                
	=> Loss: 0.9366                
	=> Accuracy: 88.10%

[INFO](2026/08/20/ 10:09:42 AM) [Round: 0674] Select clients...!
[INFO](2026/08/20/ 10:09:42 AM) [Round: 0674] ...successfully transmitted models to 10 selected clients!
[INFO](2026/08/20/ 10:09:43 AM) [Round: 0674] Start updating selected 10 clients...!
[INFO](2026/08/20/ 10:10:20 AM) [Round: 0674] ...10 clients are selected and updated (with total sample size: 25)!
[INFO](2026/08/20/ 10:10:20 AM) [Round: 0674] Aggregate updated weights of 10 clients...!
[INFO](2026/08/20/ 10:10:20 AM) [Round: 0674] ...updated weights of 10 clients are successfully averaged!
[INFO](2026/08/20/ 10:10:22 AM) [Round: 0674] Evaluate global model's performance...!                
	[Server] ...finished evaluation!                
	=> Loss: 0.6333                
	=> Accuracy: 88.81%

[INFO](2026/08/20/ 10:10:22 AM) [Round: 0675] Select clients...!
[INFO](2026/08/20/ 10:10:22 AM) [Round: 0675] ...successfully transmitted models to 10 selected clients!
[INFO](2026/08/20/ 10:10:22 AM) [Round: 0675] Start updating selected 10 clients...!
[INFO](2026/08/20/ 10:11:07 AM) [Round: 0675] ...10 clients are selected and updated (with total sample size: 35)!
[INFO](2026/08/20/ 10:11:07 AM) [Round: 0675] Aggregate updated weights of 10 clients...!
[INFO](2026/08/20/ 10:11:07 AM) [Round: 0675] ...updated weights of 10 clients are successfully averaged!
[INFO](2026/08/20/ 10:11:09 AM) [Round: 0675] Evaluate global model's performance...!                
	[Server] ...finished evaluation!                
	=> Loss: 0.7465                
	=> Accuracy: 88.57%

[INFO](2026/08/20/ 10:11:09 AM) [Round: 0676] Select clients...!
[INFO](2026/08/20/ 10:11:09 AM) [Round: 0676] ...successfully transmitted models to 10 selected clients!
[INFO](2026/08/20/ 10:11:10 AM) [Round: 0676] Start updating selected 10 clients...!
[INFO](2026/08/20/ 10:11:50 AM) [Round: 0676] ...10 clients are selected and updated (with total sample size: 50)!
[INFO](2026/08/20/ 10:11:50 AM) [Round: 0676] Aggregate updated weights of 10 clients...!
[INFO](2026/08/20/ 10:11:50 AM) [Round: 0676] ...updated weights of 10 clients are successfully averaged!
[INFO](2026/08/20/ 10:11:52 AM) [Round: 0676] Evaluate global model's performance...!                
	[Server] ...finished evaluation!                
	=> Loss: 0.7605                
	=> Accuracy: 87.86%

[INFO](2026/08/20/ 10:11:52 AM) [Round: 0677] Select clients...!
[INFO](2026/08/20/ 10:11:52 AM) [Round: 0677] ...successfully transmitted models to 10 selected clients!
[INFO](2026/08/20/ 10:11:52 AM) [Round: 0677] Start updating selected 10 clients...!
[INFO](2026/08/20/ 10:12:31 AM) [Round: 0677] ...10 clients are selected and updated (with total sample size: 25)!
[INFO](2026/08/20/ 10:12:31 AM) [Round: 0677] Aggregate updated weights of 10 clients...!
[INFO](2026/08/20/ 10:12:32 AM) [Round: 0677] ...updated weights of 10 clients are successfully averaged!
[INFO](2026/08/20/ 10:12:33 AM) [Round: 0677] Evaluate global model's performance...!                
	[Server] ...finished evaluation!                
	=> Loss: 0.5697                
	=> Accuracy: 88.33%

[INFO](2026/08/20/ 10:12:33 AM) [Round: 0678] Select clients...!
[INFO](2026/08/20/ 10:12:34 AM) [Round: 0678] ...successfully transmitted models to 10 selected clients!
[INFO](2026/08/20/ 10:12:34 AM) [Round: 0678] Start updating selected 10 clients...!
[INFO](2026/08/20/ 10:13:09 AM) [Round: 0678] ...10 clients are selected and updated (with total sample size: 35)!
[INFO](2026/08/20/ 10:13:09 AM) [Round: 0678] Aggregate updated weights of 10 clients...!
[INFO](2026/08/20/ 10:13:09 AM) [Round: 0678] ...updated weights of 10 clients are successfully averaged!
[INFO](2026/08/20/ 10:13:11 AM) [Round: 0678] Evaluate global model's performance...!                
	[Server] ...finished evaluation!                
	=> Loss: 0.6120                
	=> Accuracy: 86.67%

[INFO](2026/08/20/ 10:13:11 AM) [Round: 0679] Select clients...!
[INFO](2026/08/20/ 10:13:11 AM) [Round: 0679] ...successfully transmitted models to 10 selected clients!
[INFO](2026/08/20/ 10:13:11 AM) [Round: 0679] Start updating selected 10 clients...!
[INFO](2026/08/20/ 10:13:50 AM) [Round: 0679] ...10 clients are selected and updated (with total sample size: 49)!
[INFO](2026/08/20/ 10:13:50 AM) [Round: 0679] Aggregate updated weights of 10 clients...!
[INFO](2026/08/20/ 10:13:51 AM) [Round: 0679] ...updated weights of 10 clients are successfully averaged!
[INFO](2026/08/20/ 10:13:52 AM) [Round: 0679] Evaluate global model's performance...!                
	[Server] ...finished evaluation!                
	=> Loss: 0.4265                
	=> Accuracy: 89.05%

[INFO](2026/08/20/ 10:13:52 AM) [Round: 0680] Select clients...!
[INFO](2026/08/20/ 10:13:53 AM) [Round: 0680] ...successfully transmitted models to 10 selected clients!
[INFO](2026/08/20/ 10:13:53 AM) [Round: 0680] Start updating selected 10 clients...!
[INFO](2026/08/20/ 10:14:36 AM) [Round: 0680] ...10 clients are selected and updated (with total sample size: 47)!
[INFO](2026/08/20/ 10:14:36 AM) [Round: 0680] Aggregate updated weights of 10 clients...!
[INFO](2026/08/20/ 10:14:36 AM) [Round: 0680] ...updated weights of 10 clients are successfully averaged!
[INFO](2026/08/20/ 10:14:38 AM) [Round: 0680] Evaluate global model's performance...!                
	[Server] ...finished evaluation!                
	=> Loss: 0.5927                
	=> Accuracy: 87.86%

[INFO](2026/08/20/ 10:14:38 AM) [Round: 0681] Select clients...!
[INFO](2026/08/20/ 10:14:38 AM) [Round: 0681] ...successfully transmitted models to 10 selected clients!
[INFO](2026/08/20/ 10:14:39 AM) [Round: 0681] Start updating selected 10 clients...!
[INFO](2026/08/20/ 10:15:14 AM) [Round: 0681] ...10 clients are selected and updated (with total sample size: 49)!
[INFO](2026/08/20/ 10:15:14 AM) [Round: 0681] Aggregate updated weights of 10 clients...!
[INFO](2026/08/20/ 10:15:14 AM) [Round: 0681] ...updated weights of 10 clients are successfully averaged!
[INFO](2026/08/20/ 10:15:16 AM) [Round: 0681] Evaluate global model's performance...!                
	[Server] ...finished evaluation!                
	=> Loss: 0.5331                
	=> Accuracy: 89.29%

[INFO](2026/08/20/ 10:15:16 AM) [Round: 0682] Select clients...!
[INFO](2026/08/20/ 10:15:16 AM) [Round: 0682] ...successfully transmitted models to 10 selected clients!
[INFO](2026/08/20/ 10:15:16 AM) [Round: 0682] Start updating selected 10 clients...!
[INFO](2026/08/20/ 10:15:54 AM) [Round: 0682] ...10 clients are selected and updated (with total sample size: 47)!
[INFO](2026/08/20/ 10:15:54 AM) [Round: 0682] Aggregate updated weights of 10 clients...!
[INFO](2026/08/20/ 10:15:54 AM) [Round: 0682] ...updated weights of 10 clients are successfully averaged!
[INFO](2026/08/20/ 10:15:55 AM) [Round: 0682] Evaluate global model's performance...!                
	[Server] ...finished evaluation!                
	=> Loss: 0.5426                
	=> Accuracy: 88.33%

[INFO](2026/08/20/ 10:15:55 AM) [Round: 0683] Select clients...!
[INFO](2026/08/20/ 10:15:56 AM) [Round: 0683] ...successfully transmitted models to 10 selected clients!
[INFO](2026/08/20/ 10:15:56 AM) [Round: 0683] Start updating selected 10 clients...!
[INFO](2026/08/20/ 10:16:34 AM) [Round: 0683] ...10 clients are selected and updated (with total sample size: 47)!
[INFO](2026/08/20/ 10:16:34 AM) [Round: 0683] Aggregate updated weights of 10 clients...!
[INFO](2026/08/20/ 10:16:34 AM) [Round: 0683] ...updated weights of 10 clients are successfully averaged!
[INFO](2026/08/20/ 10:16:36 AM) [Round: 0683] Evaluate global model's performance...!                
	[Server] ...finished evaluation!                
	=> Loss: 0.6328                
	=> Accuracy: 89.76%

[INFO](2026/08/20/ 10:16:36 AM) [Round: 0684] Select clients...!
[INFO](2026/08/20/ 10:16:36 AM) [Round: 0684] ...successfully transmitted models to 10 selected clients!
[INFO](2026/08/20/ 10:16:36 AM) [Round: 0684] Start updating selected 10 clients...!
[INFO](2026/08/20/ 10:17:17 AM) [Round: 0684] ...10 clients are selected and updated (with total sample size: 35)!
[INFO](2026/08/20/ 10:17:17 AM) [Round: 0684] Aggregate updated weights of 10 clients...!
[INFO](2026/08/20/ 10:17:17 AM) [Round: 0684] ...updated weights of 10 clients are successfully averaged!
[INFO](2026/08/20/ 10:17:19 AM) [Round: 0684] Evaluate global model's performance...!                
	[Server] ...finished evaluation!                
	=> Loss: 0.4713                
	=> Accuracy: 90.00%

[INFO](2026/08/20/ 10:17:19 AM) [Round: 0685] Select clients...!
[INFO](2026/08/20/ 10:17:20 AM) [Round: 0685] ...successfully transmitted models to 10 selected clients!
[INFO](2026/08/20/ 10:17:20 AM) [Round: 0685] Start updating selected 10 clients...!
[INFO](2026/08/20/ 10:18:06 AM) [Round: 0685] ...10 clients are selected and updated (with total sample size: 47)!
[INFO](2026/08/20/ 10:18:06 AM) [Round: 0685] Aggregate updated weights of 10 clients...!
[INFO](2026/08/20/ 10:18:06 AM) [Round: 0685] ...updated weights of 10 clients are successfully averaged!
[INFO](2026/08/20/ 10:18:07 AM) [Round: 0685] Evaluate global model's performance...!                
	[Server] ...finished evaluation!                
	=> Loss: 0.4931                
	=> Accuracy: 89.05%

[INFO](2026/08/20/ 10:18:07 AM) [Round: 0686] Select clients...!
[INFO](2026/08/20/ 10:18:08 AM) [Round: 0686] ...successfully transmitted models to 10 selected clients!
[INFO](2026/08/20/ 10:18:08 AM) [Round: 0686] Start updating selected 10 clients...!
[INFO](2026/08/20/ 10:18:51 AM) [Round: 0686] ...10 clients are selected and updated (with total sample size: 25)!
[INFO](2026/08/20/ 10:18:51 AM) [Round: 0686] Aggregate updated weights of 10 clients...!
[INFO](2026/08/20/ 10:18:51 AM) [Round: 0686] ...updated weights of 10 clients are successfully averaged!
[INFO](2026/08/20/ 10:18:53 AM) [Round: 0686] Evaluate global model's performance...!                
	[Server] ...finished evaluation!                
	=> Loss: 0.4233                
	=> Accuracy: 90.24%

[INFO](2026/08/20/ 10:18:53 AM) [Round: 0687] Select clients...!
[INFO](2026/08/20/ 10:18:53 AM) [Round: 0687] ...successfully transmitted models to 10 selected clients!
[INFO](2026/08/20/ 10:18:53 AM) [Round: 0687] Start updating selected 10 clients...!
[INFO](2026/08/20/ 10:19:38 AM) [Round: 0687] ...10 clients are selected and updated (with total sample size: 36)!
[INFO](2026/08/20/ 10:19:38 AM) [Round: 0687] Aggregate updated weights of 10 clients...!
[INFO](2026/08/20/ 10:19:38 AM) [Round: 0687] ...updated weights of 10 clients are successfully averaged!
[INFO](2026/08/20/ 10:19:40 AM) [Round: 0687] Evaluate global model's performance...!                
	[Server] ...finished evaluation!                
	=> Loss: 0.7686                
	=> Accuracy: 89.76%

[INFO](2026/08/20/ 10:19:40 AM) [Round: 0688] Select clients...!
[INFO](2026/08/20/ 10:19:41 AM) [Round: 0688] ...successfully transmitted models to 10 selected clients!
[INFO](2026/08/20/ 10:19:41 AM) [Round: 0688] Start updating selected 10 clients...!
[INFO](2026/08/20/ 10:20:19 AM) [Round: 0688] ...10 clients are selected and updated (with total sample size: 47)!
[INFO](2026/08/20/ 10:20:19 AM) [Round: 0688] Aggregate updated weights of 10 clients...!
[INFO](2026/08/20/ 10:20:19 AM) [Round: 0688] ...updated weights of 10 clients are successfully averaged!
[INFO](2026/08/20/ 10:20:21 AM) [Round: 0688] Evaluate global model's performance...!                
	[Server] ...finished evaluation!                
	=> Loss: 0.4652                
	=> Accuracy: 90.24%

[INFO](2026/08/20/ 10:20:21 AM) [Round: 0689] Select clients...!
[INFO](2026/08/20/ 10:20:22 AM) [Round: 0689] ...successfully transmitted models to 10 selected clients!
[INFO](2026/08/20/ 10:20:22 AM) [Round: 0689] Start updating selected 10 clients...!
[INFO](2026/08/20/ 10:20:57 AM) [Round: 0689] ...10 clients are selected and updated (with total sample size: 49)!
[INFO](2026/08/20/ 10:20:57 AM) [Round: 0689] Aggregate updated weights of 10 clients...!
[INFO](2026/08/20/ 10:20:57 AM) [Round: 0689] ...updated weights of 10 clients are successfully averaged!
[INFO](2026/08/20/ 10:20:59 AM) [Round: 0689] Evaluate global model's performance...!                
	[Server] ...finished evaluation!                
	=> Loss: 0.6890                
	=> Accuracy: 89.52%

[INFO](2026/08/20/ 10:20:59 AM) [Round: 0690] Select clients...!
[INFO](2026/08/20/ 10:20:59 AM) [Round: 0690] ...successfully transmitted models to 10 selected clients!
[INFO](2026/08/20/ 10:20:59 AM) [Round: 0690] Start updating selected 10 clients...!
[INFO](2026/08/20/ 10:21:35 AM) [Round: 0690] ...10 clients are selected and updated (with total sample size: 49)!
[INFO](2026/08/20/ 10:21:35 AM) [Round: 0690] Aggregate updated weights of 10 clients...!
[INFO](2026/08/20/ 10:21:35 AM) [Round: 0690] ...updated weights of 10 clients are successfully averaged!
[INFO](2026/08/20/ 10:21:37 AM) [Round: 0690] Evaluate global model's performance...!                
	[Server] ...finished evaluation!                
	=> Loss: 0.8990                
	=> Accuracy: 89.05%

[INFO](2026/08/20/ 10:21:37 AM) [Round: 0691] Select clients...!
[INFO](2026/08/20/ 10:21:37 AM) [Round: 0691] ...successfully transmitted models to 10 selected clients!
[INFO](2026/08/20/ 10:21:37 AM) [Round: 0691] Start updating selected 10 clients...!
[INFO](2026/08/20/ 10:22:19 AM) [Round: 0691] ...10 clients are selected and updated (with total sample size: 49)!
[INFO](2026/08/20/ 10:22:20 AM) [Round: 0691] Aggregate updated weights of 10 clients...!
[INFO](2026/08/20/ 10:22:20 AM) [Round: 0691] ...updated weights of 10 clients are successfully averaged!
[INFO](2026/08/20/ 10:22:21 AM) [Round: 0691] Evaluate global model's performance...!                
	[Server] ...finished evaluation!                
	=> Loss: 0.4963                
	=> Accuracy: 90.48%

[INFO](2026/08/20/ 10:22:21 AM) [Round: 0692] Select clients...!
[INFO](2026/08/20/ 10:22:22 AM) [Round: 0692] ...successfully transmitted models to 10 selected clients!
[INFO](2026/08/20/ 10:22:22 AM) [Round: 0692] Start updating selected 10 clients...!
[INFO](2026/08/20/ 10:23:04 AM) [Round: 0692] ...10 clients are selected and updated (with total sample size: 47)!
[INFO](2026/08/20/ 10:23:04 AM) [Round: 0692] Aggregate updated weights of 10 clients...!
[INFO](2026/08/20/ 10:23:05 AM) [Round: 0692] ...updated weights of 10 clients are successfully averaged!
[INFO](2026/08/20/ 10:23:07 AM) [Round: 0692] Evaluate global model's performance...!                
	[Server] ...finished evaluation!                
	=> Loss: 0.5505                
	=> Accuracy: 90.71%

[INFO](2026/08/20/ 10:23:07 AM) [Round: 0693] Select clients...!
[INFO](2026/08/20/ 10:23:07 AM) [Round: 0693] ...successfully transmitted models to 10 selected clients!
[INFO](2026/08/20/ 10:23:07 AM) [Round: 0693] Start updating selected 10 clients...!
[INFO](2026/08/20/ 10:23:45 AM) [Round: 0693] ...10 clients are selected and updated (with total sample size: 25)!
[INFO](2026/08/20/ 10:23:45 AM) [Round: 0693] Aggregate updated weights of 10 clients...!
[INFO](2026/08/20/ 10:23:46 AM) [Round: 0693] ...updated weights of 10 clients are successfully averaged!
[INFO](2026/08/20/ 10:23:47 AM) [Round: 0693] Evaluate global model's performance...!                
	[Server] ...finished evaluation!                
	=> Loss: 0.4355                
	=> Accuracy: 89.52%

[INFO](2026/08/20/ 10:23:47 AM) [Round: 0694] Select clients...!
[INFO](2026/08/20/ 10:23:48 AM) [Round: 0694] ...successfully transmitted models to 10 selected clients!
[INFO](2026/08/20/ 10:23:48 AM) [Round: 0694] Start updating selected 10 clients...!
[INFO](2026/08/20/ 10:24:28 AM) [Round: 0694] ...10 clients are selected and updated (with total sample size: 50)!
[INFO](2026/08/20/ 10:24:28 AM) [Round: 0694] Aggregate updated weights of 10 clients...!
[INFO](2026/08/20/ 10:24:28 AM) [Round: 0694] ...updated weights of 10 clients are successfully averaged!
[INFO](2026/08/20/ 10:24:30 AM) [Round: 0694] Evaluate global model's performance...!                
	[Server] ...finished evaluation!                
	=> Loss: 0.7723                
	=> Accuracy: 88.81%

[INFO](2026/08/20/ 10:24:30 AM) [Round: 0695] Select clients...!
[INFO](2026/08/20/ 10:24:31 AM) [Round: 0695] ...successfully transmitted models to 10 selected clients!
[INFO](2026/08/20/ 10:24:31 AM) [Round: 0695] Start updating selected 10 clients...!
[INFO](2026/08/20/ 10:25:11 AM) [Round: 0695] ...10 clients are selected and updated (with total sample size: 36)!
[INFO](2026/08/20/ 10:25:11 AM) [Round: 0695] Aggregate updated weights of 10 clients...!
[INFO](2026/08/20/ 10:25:11 AM) [Round: 0695] ...updated weights of 10 clients are successfully averaged!
[INFO](2026/08/20/ 10:25:13 AM) [Round: 0695] Evaluate global model's performance...!                
	[Server] ...finished evaluation!                
	=> Loss: 0.5437                
	=> Accuracy: 90.48%

[INFO](2026/08/20/ 10:25:13 AM) [Round: 0696] Select clients...!
[INFO](2026/08/20/ 10:25:14 AM) [Round: 0696] ...successfully transmitted models to 10 selected clients!
[INFO](2026/08/20/ 10:25:14 AM) [Round: 0696] Start updating selected 10 clients...!
[INFO](2026/08/20/ 10:25:55 AM) [Round: 0696] ...10 clients are selected and updated (with total sample size: 49)!
[INFO](2026/08/20/ 10:25:55 AM) [Round: 0696] Aggregate updated weights of 10 clients...!
[INFO](2026/08/20/ 10:25:55 AM) [Round: 0696] ...updated weights of 10 clients are successfully averaged!
[INFO](2026/08/20/ 10:25:57 AM) [Round: 0696] Evaluate global model's performance...!                
	[Server] ...finished evaluation!                
	=> Loss: 0.5043                
	=> Accuracy: 89.76%

[INFO](2026/08/20/ 10:25:57 AM) [Round: 0697] Select clients...!
[INFO](2026/08/20/ 10:25:57 AM) [Round: 0697] ...successfully transmitted models to 10 selected clients!
[INFO](2026/08/20/ 10:25:57 AM) [Round: 0697] Start updating selected 10 clients...!
[INFO](2026/08/20/ 10:26:38 AM) [Round: 0697] ...10 clients are selected and updated (with total sample size: 48)!
[INFO](2026/08/20/ 10:26:38 AM) [Round: 0697] Aggregate updated weights of 10 clients...!
[INFO](2026/08/20/ 10:26:38 AM) [Round: 0697] ...updated weights of 10 clients are successfully averaged!
[INFO](2026/08/20/ 10:26:40 AM) [Round: 0697] Evaluate global model's performance...!                
	[Server] ...finished evaluation!                
	=> Loss: 0.6617                
	=> Accuracy: 89.29%

[INFO](2026/08/20/ 10:26:40 AM) [Round: 0698] Select clients...!
[INFO](2026/08/20/ 10:26:40 AM) [Round: 0698] ...successfully transmitted models to 10 selected clients!
[INFO](2026/08/20/ 10:26:40 AM) [Round: 0698] Start updating selected 10 clients...!
[INFO](2026/08/20/ 10:27:18 AM) [Round: 0698] ...10 clients are selected and updated (with total sample size: 48)!
[INFO](2026/08/20/ 10:27:18 AM) [Round: 0698] Aggregate updated weights of 10 clients...!
[INFO](2026/08/20/ 10:27:18 AM) [Round: 0698] ...updated weights of 10 clients are successfully averaged!
[INFO](2026/08/20/ 10:27:20 AM) [Round: 0698] Evaluate global model's performance...!                
	[Server] ...finished evaluation!                
	=> Loss: 0.6229                
	=> Accuracy: 89.52%

[INFO](2026/08/20/ 10:27:20 AM) [Round: 0699] Select clients...!
[INFO](2026/08/20/ 10:27:20 AM) [Round: 0699] ...successfully transmitted models to 10 selected clients!
[INFO](2026/08/20/ 10:27:20 AM) [Round: 0699] Start updating selected 10 clients...!
[INFO](2026/08/20/ 10:27:57 AM) [Round: 0699] ...10 clients are selected and updated (with total sample size: 25)!
[INFO](2026/08/20/ 10:27:57 AM) [Round: 0699] Aggregate updated weights of 10 clients...!
[INFO](2026/08/20/ 10:27:57 AM) [Round: 0699] ...updated weights of 10 clients are successfully averaged!
[INFO](2026/08/20/ 10:27:58 AM) [Round: 0699] Evaluate global model's performance...!                
	[Server] ...finished evaluation!                
	=> Loss: 0.5398                
	=> Accuracy: 88.81%

[INFO](2026/08/20/ 10:27:59 AM) [Round: 0700] Select clients...!
[INFO](2026/08/20/ 10:27:59 AM) [Round: 0700] ...successfully transmitted models to 10 selected clients!
[INFO](2026/08/20/ 10:27:59 AM) [Round: 0700] Start updating selected 10 clients...!
[INFO](2026/08/20/ 10:28:43 AM) [Round: 0700] ...10 clients are selected and updated (with total sample size: 47)!
[INFO](2026/08/20/ 10:28:43 AM) [Round: 0700] Aggregate updated weights of 10 clients...!
[INFO](2026/08/20/ 10:28:43 AM) [Round: 0700] ...updated weights of 10 clients are successfully averaged!
[INFO](2026/08/20/ 10:28:45 AM) [Round: 0700] Evaluate global model's performance...!                
	[Server] ...finished evaluation!                
	=> Loss: 0.6931                
	=> Accuracy: 88.33%

[INFO](2026/08/20/ 10:28:45 AM) [Round: 0701] Select clients...!
[INFO](2026/08/20/ 10:28:46 AM) [Round: 0701] ...successfully transmitted models to 10 selected clients!
[INFO](2026/08/20/ 10:28:46 AM) [Round: 0701] Start updating selected 10 clients...!
[INFO](2026/08/20/ 10:29:20 AM) [Round: 0701] ...10 clients are selected and updated (with total sample size: 47)!
[INFO](2026/08/20/ 10:29:20 AM) [Round: 0701] Aggregate updated weights of 10 clients...!
[INFO](2026/08/20/ 10:29:20 AM) [Round: 0701] ...updated weights of 10 clients are successfully averaged!
[INFO](2026/08/20/ 10:29:22 AM) [Round: 0701] Evaluate global model's performance...!                
	[Server] ...finished evaluation!                
	=> Loss: 0.6789                
	=> Accuracy: 88.81%

[INFO](2026/08/20/ 10:29:22 AM) [Round: 0702] Select clients...!
[INFO](2026/08/20/ 10:29:22 AM) [Round: 0702] ...successfully transmitted models to 10 selected clients!
[INFO](2026/08/20/ 10:29:22 AM) [Round: 0702] Start updating selected 10 clients...!
[INFO](2026/08/20/ 10:30:01 AM) [Round: 0702] ...10 clients are selected and updated (with total sample size: 47)!
[INFO](2026/08/20/ 10:30:01 AM) [Round: 0702] Aggregate updated weights of 10 clients...!
[INFO](2026/08/20/ 10:30:01 AM) [Round: 0702] ...updated weights of 10 clients are successfully averaged!
[INFO](2026/08/20/ 10:30:03 AM) [Round: 0702] Evaluate global model's performance...!                
	[Server] ...finished evaluation!                
	=> Loss: 0.6978                
	=> Accuracy: 89.05%

[INFO](2026/08/20/ 10:30:03 AM) [Round: 0703] Select clients...!
[INFO](2026/08/20/ 10:30:04 AM) [Round: 0703] ...successfully transmitted models to 10 selected clients!
[INFO](2026/08/20/ 10:30:04 AM) [Round: 0703] Start updating selected 10 clients...!
[INFO](2026/08/20/ 10:30:51 AM) [Round: 0703] ...10 clients are selected and updated (with total sample size: 50)!
[INFO](2026/08/20/ 10:30:51 AM) [Round: 0703] Aggregate updated weights of 10 clients...!
[INFO](2026/08/20/ 10:30:51 AM) [Round: 0703] ...updated weights of 10 clients are successfully averaged!
[INFO](2026/08/20/ 10:30:53 AM) [Round: 0703] Evaluate global model's performance...!                
	[Server] ...finished evaluation!                
	=> Loss: 0.5351                
	=> Accuracy: 89.52%

[INFO](2026/08/20/ 10:30:53 AM) [Round: 0704] Select clients...!
[INFO](2026/08/20/ 10:30:54 AM) [Round: 0704] ...successfully transmitted models to 10 selected clients!
[INFO](2026/08/20/ 10:30:54 AM) [Round: 0704] Start updating selected 10 clients...!
[INFO](2026/08/20/ 10:31:34 AM) [Round: 0704] ...10 clients are selected and updated (with total sample size: 36)!
[INFO](2026/08/20/ 10:31:34 AM) [Round: 0704] Aggregate updated weights of 10 clients...!
[INFO](2026/08/20/ 10:31:34 AM) [Round: 0704] ...updated weights of 10 clients are successfully averaged!
[INFO](2026/08/20/ 10:31:36 AM) [Round: 0704] Evaluate global model's performance...!                
	[Server] ...finished evaluation!                
	=> Loss: 0.5443                
	=> Accuracy: 90.24%

[INFO](2026/08/20/ 10:31:36 AM) [Round: 0705] Select clients...!
[INFO](2026/08/20/ 10:31:36 AM) [Round: 0705] ...successfully transmitted models to 10 selected clients!
[INFO](2026/08/20/ 10:31:37 AM) [Round: 0705] Start updating selected 10 clients...!
[INFO](2026/08/20/ 10:32:19 AM) [Round: 0705] ...10 clients are selected and updated (with total sample size: 25)!
[INFO](2026/08/20/ 10:32:19 AM) [Round: 0705] Aggregate updated weights of 10 clients...!
[INFO](2026/08/20/ 10:32:19 AM) [Round: 0705] ...updated weights of 10 clients are successfully averaged!
[INFO](2026/08/20/ 10:32:21 AM) [Round: 0705] Evaluate global model's performance...!                
	[Server] ...finished evaluation!                
	=> Loss: 0.6379                
	=> Accuracy: 89.05%

[INFO](2026/08/20/ 10:32:21 AM) [Round: 0706] Select clients...!
[INFO](2026/08/20/ 10:32:21 AM) [Round: 0706] ...successfully transmitted models to 10 selected clients!
[INFO](2026/08/20/ 10:32:22 AM) [Round: 0706] Start updating selected 10 clients...!
[INFO](2026/08/20/ 10:32:57 AM) [Round: 0706] ...10 clients are selected and updated (with total sample size: 25)!
[INFO](2026/08/20/ 10:32:57 AM) [Round: 0706] Aggregate updated weights of 10 clients...!
[INFO](2026/08/20/ 10:32:58 AM) [Round: 0706] ...updated weights of 10 clients are successfully averaged!
[INFO](2026/08/20/ 10:32:59 AM) [Round: 0706] Evaluate global model's performance...!                
	[Server] ...finished evaluation!                
	=> Loss: 0.3495                
	=> Accuracy: 91.67%

[INFO](2026/08/20/ 10:32:59 AM) [Round: 0707] Select clients...!
[INFO](2026/08/20/ 10:33:00 AM) [Round: 0707] ...successfully transmitted models to 10 selected clients!
[INFO](2026/08/20/ 10:33:00 AM) [Round: 0707] Start updating selected 10 clients...!
[INFO](2026/08/20/ 10:33:40 AM) [Round: 0707] ...10 clients are selected and updated (with total sample size: 49)!
[INFO](2026/08/20/ 10:33:40 AM) [Round: 0707] Aggregate updated weights of 10 clients...!
[INFO](2026/08/20/ 10:33:40 AM) [Round: 0707] ...updated weights of 10 clients are successfully averaged!
[INFO](2026/08/20/ 10:33:42 AM) [Round: 0707] Evaluate global model's performance...!                
	[Server] ...finished evaluation!                
	=> Loss: 0.6287                
	=> Accuracy: 89.29%

[INFO](2026/08/20/ 10:33:42 AM) [Round: 0708] Select clients...!
[INFO](2026/08/20/ 10:33:42 AM) [Round: 0708] ...successfully transmitted models to 10 selected clients!
[INFO](2026/08/20/ 10:33:42 AM) [Round: 0708] Start updating selected 10 clients...!
[INFO](2026/08/20/ 10:34:19 AM) [Round: 0708] ...10 clients are selected and updated (with total sample size: 25)!
[INFO](2026/08/20/ 10:34:20 AM) [Round: 0708] Aggregate updated weights of 10 clients...!
[INFO](2026/08/20/ 10:34:20 AM) [Round: 0708] ...updated weights of 10 clients are successfully averaged!
[INFO](2026/08/20/ 10:34:21 AM) [Round: 0708] Evaluate global model's performance...!                
	[Server] ...finished evaluation!                
	=> Loss: 0.5156                
	=> Accuracy: 91.19%

[INFO](2026/08/20/ 10:34:21 AM) [Round: 0709] Select clients...!
[INFO](2026/08/20/ 10:34:22 AM) [Round: 0709] ...successfully transmitted models to 10 selected clients!
[INFO](2026/08/20/ 10:34:22 AM) [Round: 0709] Start updating selected 10 clients...!
[INFO](2026/08/20/ 10:35:00 AM) [Round: 0709] ...10 clients are selected and updated (with total sample size: 42)!
[INFO](2026/08/20/ 10:35:00 AM) [Round: 0709] Aggregate updated weights of 10 clients...!
[INFO](2026/08/20/ 10:35:01 AM) [Round: 0709] ...updated weights of 10 clients are successfully averaged!
[INFO](2026/08/20/ 10:35:02 AM) [Round: 0709] Evaluate global model's performance...!                
	[Server] ...finished evaluation!                
	=> Loss: 0.5241                
	=> Accuracy: 90.00%

[INFO](2026/08/20/ 10:35:03 AM) [Round: 0710] Select clients...!
[INFO](2026/08/20/ 10:35:03 AM) [Round: 0710] ...successfully transmitted models to 10 selected clients!
[INFO](2026/08/20/ 10:35:03 AM) [Round: 0710] Start updating selected 10 clients...!
[INFO](2026/08/20/ 10:35:42 AM) [Round: 0710] ...10 clients are selected and updated (with total sample size: 25)!
[INFO](2026/08/20/ 10:35:42 AM) [Round: 0710] Aggregate updated weights of 10 clients...!
[INFO](2026/08/20/ 10:35:42 AM) [Round: 0710] ...updated weights of 10 clients are successfully averaged!
[INFO](2026/08/20/ 10:35:44 AM) [Round: 0710] Evaluate global model's performance...!                
	[Server] ...finished evaluation!                
	=> Loss: 0.4390                
	=> Accuracy: 89.76%

[INFO](2026/08/20/ 10:35:44 AM) [Round: 0711] Select clients...!
[INFO](2026/08/20/ 10:35:45 AM) [Round: 0711] ...successfully transmitted models to 10 selected clients!
[INFO](2026/08/20/ 10:35:45 AM) [Round: 0711] Start updating selected 10 clients...!
[INFO](2026/08/20/ 10:36:23 AM) [Round: 0711] ...10 clients are selected and updated (with total sample size: 36)!
[INFO](2026/08/20/ 10:36:23 AM) [Round: 0711] Aggregate updated weights of 10 clients...!
[INFO](2026/08/20/ 10:36:23 AM) [Round: 0711] ...updated weights of 10 clients are successfully averaged!
[INFO](2026/08/20/ 10:36:25 AM) [Round: 0711] Evaluate global model's performance...!                
	[Server] ...finished evaluation!                
	=> Loss: 0.3945                
	=> Accuracy: 90.24%

[INFO](2026/08/20/ 10:36:25 AM) [Round: 0712] Select clients...!
[INFO](2026/08/20/ 10:36:25 AM) [Round: 0712] ...successfully transmitted models to 10 selected clients!
[INFO](2026/08/20/ 10:36:25 AM) [Round: 0712] Start updating selected 10 clients...!
[INFO](2026/08/20/ 10:37:05 AM) [Round: 0712] ...10 clients are selected and updated (with total sample size: 25)!
[INFO](2026/08/20/ 10:37:05 AM) [Round: 0712] Aggregate updated weights of 10 clients...!
[INFO](2026/08/20/ 10:37:05 AM) [Round: 0712] ...updated weights of 10 clients are successfully averaged!
[INFO](2026/08/20/ 10:37:07 AM) [Round: 0712] Evaluate global model's performance...!                
	[Server] ...finished evaluation!                
	=> Loss: 0.4566                
	=> Accuracy: 91.19%

[INFO](2026/08/20/ 10:37:07 AM) [Round: 0713] Select clients...!
[INFO](2026/08/20/ 10:37:08 AM) [Round: 0713] ...successfully transmitted models to 10 selected clients!
[INFO](2026/08/20/ 10:37:08 AM) [Round: 0713] Start updating selected 10 clients...!
[INFO](2026/08/20/ 10:37:51 AM) [Round: 0713] ...10 clients are selected and updated (with total sample size: 50)!
[INFO](2026/08/20/ 10:37:51 AM) [Round: 0713] Aggregate updated weights of 10 clients...!
[INFO](2026/08/20/ 10:37:51 AM) [Round: 0713] ...updated weights of 10 clients are successfully averaged!
[INFO](2026/08/20/ 10:37:53 AM) [Round: 0713] Evaluate global model's performance...!                
	[Server] ...finished evaluation!                
	=> Loss: 0.5437                
	=> Accuracy: 90.71%

[INFO](2026/08/20/ 10:37:53 AM) [Round: 0714] Select clients...!
[INFO](2026/08/20/ 10:37:53 AM) [Round: 0714] ...successfully transmitted models to 10 selected clients!
[INFO](2026/08/20/ 10:37:53 AM) [Round: 0714] Start updating selected 10 clients...!
[INFO](2026/08/20/ 10:38:31 AM) [Round: 0714] ...10 clients are selected and updated (with total sample size: 25)!
[INFO](2026/08/20/ 10:38:31 AM) [Round: 0714] Aggregate updated weights of 10 clients...!
[INFO](2026/08/20/ 10:38:31 AM) [Round: 0714] ...updated weights of 10 clients are successfully averaged!
[INFO](2026/08/20/ 10:38:33 AM) [Round: 0714] Evaluate global model's performance...!                
	[Server] ...finished evaluation!                
	=> Loss: 0.4824                
	=> Accuracy: 90.95%

[INFO](2026/08/20/ 10:38:33 AM) [Round: 0715] Select clients...!
[INFO](2026/08/20/ 10:38:34 AM) [Round: 0715] ...successfully transmitted models to 10 selected clients!
[INFO](2026/08/20/ 10:38:34 AM) [Round: 0715] Start updating selected 10 clients...!
[INFO](2026/08/20/ 10:39:19 AM) [Round: 0715] ...10 clients are selected and updated (with total sample size: 47)!
[INFO](2026/08/20/ 10:39:19 AM) [Round: 0715] Aggregate updated weights of 10 clients...!
[INFO](2026/08/20/ 10:39:19 AM) [Round: 0715] ...updated weights of 10 clients are successfully averaged!
[INFO](2026/08/20/ 10:39:21 AM) [Round: 0715] Evaluate global model's performance...!                
	[Server] ...finished evaluation!                
	=> Loss: 0.6180                
	=> Accuracy: 90.24%

[INFO](2026/08/20/ 10:39:21 AM) [Round: 0716] Select clients...!
[INFO](2026/08/20/ 10:39:21 AM) [Round: 0716] ...successfully transmitted models to 10 selected clients!
[INFO](2026/08/20/ 10:39:21 AM) [Round: 0716] Start updating selected 10 clients...!
[INFO](2026/08/20/ 10:39:55 AM) [Round: 0716] ...10 clients are selected and updated (with total sample size: 47)!
[INFO](2026/08/20/ 10:39:55 AM) [Round: 0716] Aggregate updated weights of 10 clients...!
[INFO](2026/08/20/ 10:39:56 AM) [Round: 0716] ...updated weights of 10 clients are successfully averaged!
[INFO](2026/08/20/ 10:39:57 AM) [Round: 0716] Evaluate global model's performance...!                
	[Server] ...finished evaluation!                
	=> Loss: 0.5119                
	=> Accuracy: 90.00%

[INFO](2026/08/20/ 10:39:57 AM) [Round: 0717] Select clients...!
[INFO](2026/08/20/ 10:39:58 AM) [Round: 0717] ...successfully transmitted models to 10 selected clients!
[INFO](2026/08/20/ 10:39:58 AM) [Round: 0717] Start updating selected 10 clients...!
[INFO](2026/08/20/ 10:40:37 AM) [Round: 0717] ...10 clients are selected and updated (with total sample size: 36)!
[INFO](2026/08/20/ 10:40:37 AM) [Round: 0717] Aggregate updated weights of 10 clients...!
[INFO](2026/08/20/ 10:40:37 AM) [Round: 0717] ...updated weights of 10 clients are successfully averaged!
[INFO](2026/08/20/ 10:40:39 AM) [Round: 0717] Evaluate global model's performance...!                
	[Server] ...finished evaluation!                
	=> Loss: 0.5326                
	=> Accuracy: 89.05%

[INFO](2026/08/20/ 10:40:39 AM) [Round: 0718] Select clients...!
[INFO](2026/08/20/ 10:40:40 AM) [Round: 0718] ...successfully transmitted models to 10 selected clients!
[INFO](2026/08/20/ 10:40:40 AM) [Round: 0718] Start updating selected 10 clients...!
[INFO](2026/08/20/ 10:41:28 AM) [Round: 0718] ...10 clients are selected and updated (with total sample size: 47)!
[INFO](2026/08/20/ 10:41:28 AM) [Round: 0718] Aggregate updated weights of 10 clients...!
[INFO](2026/08/20/ 10:41:28 AM) [Round: 0718] ...updated weights of 10 clients are successfully averaged!
[INFO](2026/08/20/ 10:41:30 AM) [Round: 0718] Evaluate global model's performance...!                
	[Server] ...finished evaluation!                
	=> Loss: 0.4282                
	=> Accuracy: 90.24%

[INFO](2026/08/20/ 10:41:30 AM) [Round: 0719] Select clients...!
[INFO](2026/08/20/ 10:41:30 AM) [Round: 0719] ...successfully transmitted models to 10 selected clients!
[INFO](2026/08/20/ 10:41:31 AM) [Round: 0719] Start updating selected 10 clients...!
[INFO](2026/08/20/ 10:42:13 AM) [Round: 0719] ...10 clients are selected and updated (with total sample size: 50)!
[INFO](2026/08/20/ 10:42:13 AM) [Round: 0719] Aggregate updated weights of 10 clients...!
[INFO](2026/08/20/ 10:42:13 AM) [Round: 0719] ...updated weights of 10 clients are successfully averaged!
[INFO](2026/08/20/ 10:42:15 AM) [Round: 0719] Evaluate global model's performance...!                
	[Server] ...finished evaluation!                
	=> Loss: 0.6788                
	=> Accuracy: 88.57%

[INFO](2026/08/20/ 10:42:15 AM) [Round: 0720] Select clients...!
[INFO](2026/08/20/ 10:42:16 AM) [Round: 0720] ...successfully transmitted models to 10 selected clients!
[INFO](2026/08/20/ 10:42:16 AM) [Round: 0720] Start updating selected 10 clients...!
[INFO](2026/08/20/ 10:42:50 AM) [Round: 0720] ...10 clients are selected and updated (with total sample size: 36)!
[INFO](2026/08/20/ 10:42:50 AM) [Round: 0720] Aggregate updated weights of 10 clients...!
[INFO](2026/08/20/ 10:42:51 AM) [Round: 0720] ...updated weights of 10 clients are successfully averaged!
[INFO](2026/08/20/ 10:42:52 AM) [Round: 0720] Evaluate global model's performance...!                
	[Server] ...finished evaluation!                
	=> Loss: 0.7023                
	=> Accuracy: 89.29%

[INFO](2026/08/20/ 10:42:52 AM) [Round: 0721] Select clients...!
[INFO](2026/08/20/ 10:42:52 AM) [Round: 0721] ...successfully transmitted models to 10 selected clients!
[INFO](2026/08/20/ 10:42:53 AM) [Round: 0721] Start updating selected 10 clients...!
[INFO](2026/08/20/ 10:43:33 AM) [Round: 0721] ...10 clients are selected and updated (with total sample size: 49)!
[INFO](2026/08/20/ 10:43:34 AM) [Round: 0721] Aggregate updated weights of 10 clients...!
[INFO](2026/08/20/ 10:43:34 AM) [Round: 0721] ...updated weights of 10 clients are successfully averaged!
[INFO](2026/08/20/ 10:43:35 AM) [Round: 0721] Evaluate global model's performance...!                
	[Server] ...finished evaluation!                
	=> Loss: 0.6166                
	=> Accuracy: 89.76%

[INFO](2026/08/20/ 10:43:35 AM) [Round: 0722] Select clients...!
[INFO](2026/08/20/ 10:43:36 AM) [Round: 0722] ...successfully transmitted models to 10 selected clients!
[INFO](2026/08/20/ 10:43:36 AM) [Round: 0722] Start updating selected 10 clients...!
[INFO](2026/08/20/ 10:44:18 AM) [Round: 0722] ...10 clients are selected and updated (with total sample size: 36)!
[INFO](2026/08/20/ 10:44:18 AM) [Round: 0722] Aggregate updated weights of 10 clients...!
[INFO](2026/08/20/ 10:44:18 AM) [Round: 0722] ...updated weights of 10 clients are successfully averaged!
[INFO](2026/08/20/ 10:44:20 AM) [Round: 0722] Evaluate global model's performance...!                
	[Server] ...finished evaluation!                
	=> Loss: 0.7032                
	=> Accuracy: 90.00%

[INFO](2026/08/20/ 10:44:20 AM) [Round: 0723] Select clients...!
[INFO](2026/08/20/ 10:44:21 AM) [Round: 0723] ...successfully transmitted models to 10 selected clients!
[INFO](2026/08/20/ 10:44:21 AM) [Round: 0723] Start updating selected 10 clients...!
[INFO](2026/08/20/ 10:44:57 AM) [Round: 0723] ...10 clients are selected and updated (with total sample size: 25)!
[INFO](2026/08/20/ 10:44:57 AM) [Round: 0723] Aggregate updated weights of 10 clients...!
[INFO](2026/08/20/ 10:44:57 AM) [Round: 0723] ...updated weights of 10 clients are successfully averaged!
[INFO](2026/08/20/ 10:44:59 AM) [Round: 0723] Evaluate global model's performance...!                
	[Server] ...finished evaluation!                
	=> Loss: 0.6673                
	=> Accuracy: 89.52%

[INFO](2026/08/20/ 10:44:59 AM) [Round: 0724] Select clients...!
[INFO](2026/08/20/ 10:44:59 AM) [Round: 0724] ...successfully transmitted models to 10 selected clients!
[INFO](2026/08/20/ 10:44:59 AM) [Round: 0724] Start updating selected 10 clients...!
[INFO](2026/08/20/ 10:45:43 AM) [Round: 0724] ...10 clients are selected and updated (with total sample size: 47)!
[INFO](2026/08/20/ 10:45:43 AM) [Round: 0724] Aggregate updated weights of 10 clients...!
[INFO](2026/08/20/ 10:45:43 AM) [Round: 0724] ...updated weights of 10 clients are successfully averaged!
[INFO](2026/08/20/ 10:45:44 AM) [Round: 0724] Evaluate global model's performance...!                
	[Server] ...finished evaluation!                
	=> Loss: 0.4510                
	=> Accuracy: 90.71%

[INFO](2026/08/20/ 10:45:45 AM) [Round: 0725] Select clients...!
[INFO](2026/08/20/ 10:45:45 AM) [Round: 0725] ...successfully transmitted models to 10 selected clients!
[INFO](2026/08/20/ 10:45:45 AM) [Round: 0725] Start updating selected 10 clients...!
[INFO](2026/08/20/ 10:46:28 AM) [Round: 0725] ...10 clients are selected and updated (with total sample size: 25)!
[INFO](2026/08/20/ 10:46:28 AM) [Round: 0725] Aggregate updated weights of 10 clients...!
[INFO](2026/08/20/ 10:46:28 AM) [Round: 0725] ...updated weights of 10 clients are successfully averaged!
[INFO](2026/08/20/ 10:46:30 AM) [Round: 0725] Evaluate global model's performance...!                
	[Server] ...finished evaluation!                
	=> Loss: 0.5244                
	=> Accuracy: 90.24%

[INFO](2026/08/20/ 10:46:30 AM) [Round: 0726] Select clients...!
[INFO](2026/08/20/ 10:46:30 AM) [Round: 0726] ...successfully transmitted models to 10 selected clients!
[INFO](2026/08/20/ 10:46:30 AM) [Round: 0726] Start updating selected 10 clients...!
[INFO](2026/08/20/ 10:47:09 AM) [Round: 0726] ...10 clients are selected and updated (with total sample size: 50)!
[INFO](2026/08/20/ 10:47:09 AM) [Round: 0726] Aggregate updated weights of 10 clients...!
[INFO](2026/08/20/ 10:47:09 AM) [Round: 0726] ...updated weights of 10 clients are successfully averaged!
[INFO](2026/08/20/ 10:47:11 AM) [Round: 0726] Evaluate global model's performance...!                
	[Server] ...finished evaluation!                
	=> Loss: 0.4980                
	=> Accuracy: 90.00%

[INFO](2026/08/20/ 10:47:11 AM) [Round: 0727] Select clients...!
[INFO](2026/08/20/ 10:47:12 AM) [Round: 0727] ...successfully transmitted models to 10 selected clients!
[INFO](2026/08/20/ 10:47:12 AM) [Round: 0727] Start updating selected 10 clients...!
[INFO](2026/08/20/ 10:47:54 AM) [Round: 0727] ...10 clients are selected and updated (with total sample size: 50)!
[INFO](2026/08/20/ 10:47:54 AM) [Round: 0727] Aggregate updated weights of 10 clients...!
[INFO](2026/08/20/ 10:47:54 AM) [Round: 0727] ...updated weights of 10 clients are successfully averaged!
[INFO](2026/08/20/ 10:47:56 AM) [Round: 0727] Evaluate global model's performance...!                
	[Server] ...finished evaluation!                
	=> Loss: 0.5840                
	=> Accuracy: 91.19%

[INFO](2026/08/20/ 10:47:56 AM) [Round: 0728] Select clients...!
[INFO](2026/08/20/ 10:47:57 AM) [Round: 0728] ...successfully transmitted models to 10 selected clients!
[INFO](2026/08/20/ 10:47:57 AM) [Round: 0728] Start updating selected 10 clients...!
[INFO](2026/08/20/ 10:48:39 AM) [Round: 0728] ...10 clients are selected and updated (with total sample size: 44)!
[INFO](2026/08/20/ 10:48:39 AM) [Round: 0728] Aggregate updated weights of 10 clients...!
[INFO](2026/08/20/ 10:48:39 AM) [Round: 0728] ...updated weights of 10 clients are successfully averaged!
[INFO](2026/08/20/ 10:48:41 AM) [Round: 0728] Evaluate global model's performance...!                
	[Server] ...finished evaluation!                
	=> Loss: 0.5439                
	=> Accuracy: 90.00%

[INFO](2026/08/20/ 10:48:41 AM) [Round: 0729] Select clients...!
[INFO](2026/08/20/ 10:48:41 AM) [Round: 0729] ...successfully transmitted models to 10 selected clients!
[INFO](2026/08/20/ 10:48:42 AM) [Round: 0729] Start updating selected 10 clients...!
[INFO](2026/08/20/ 10:49:26 AM) [Round: 0729] ...10 clients are selected and updated (with total sample size: 42)!
[INFO](2026/08/20/ 10:49:26 AM) [Round: 0729] Aggregate updated weights of 10 clients...!
[INFO](2026/08/20/ 10:49:26 AM) [Round: 0729] ...updated weights of 10 clients are successfully averaged!
[INFO](2026/08/20/ 10:49:28 AM) [Round: 0729] Evaluate global model's performance...!                
	[Server] ...finished evaluation!                
	=> Loss: 0.4837                
	=> Accuracy: 90.24%

[INFO](2026/08/20/ 10:49:28 AM) [Round: 0730] Select clients...!
[INFO](2026/08/20/ 10:49:28 AM) [Round: 0730] ...successfully transmitted models to 10 selected clients!
[INFO](2026/08/20/ 10:49:29 AM) [Round: 0730] Start updating selected 10 clients...!
[INFO](2026/08/20/ 10:50:09 AM) [Round: 0730] ...10 clients are selected and updated (with total sample size: 59)!
[INFO](2026/08/20/ 10:50:09 AM) [Round: 0730] Aggregate updated weights of 10 clients...!
[INFO](2026/08/20/ 10:50:10 AM) [Round: 0730] ...updated weights of 10 clients are successfully averaged!
[INFO](2026/08/20/ 10:50:11 AM) [Round: 0730] Evaluate global model's performance...!                
	[Server] ...finished evaluation!                
	=> Loss: 0.5219                
	=> Accuracy: 90.00%

[INFO](2026/08/20/ 10:50:11 AM) [Round: 0731] Select clients...!
[INFO](2026/08/20/ 10:50:12 AM) [Round: 0731] ...successfully transmitted models to 10 selected clients!
[INFO](2026/08/20/ 10:50:12 AM) [Round: 0731] Start updating selected 10 clients...!
[INFO](2026/08/20/ 10:50:48 AM) [Round: 0731] ...10 clients are selected and updated (with total sample size: 47)!
[INFO](2026/08/20/ 10:50:48 AM) [Round: 0731] Aggregate updated weights of 10 clients...!
[INFO](2026/08/20/ 10:50:48 AM) [Round: 0731] ...updated weights of 10 clients are successfully averaged!
[INFO](2026/08/20/ 10:50:50 AM) [Round: 0731] Evaluate global model's performance...!                
	[Server] ...finished evaluation!                
	=> Loss: 0.5502                
	=> Accuracy: 90.24%

[INFO](2026/08/20/ 10:50:51 AM) [Round: 0732] Select clients...!
[INFO](2026/08/20/ 10:50:51 AM) [Round: 0732] ...successfully transmitted models to 10 selected clients!
[INFO](2026/08/20/ 10:50:51 AM) [Round: 0732] Start updating selected 10 clients...!
[INFO](2026/08/20/ 10:51:33 AM) [Round: 0732] ...10 clients are selected and updated (with total sample size: 42)!
[INFO](2026/08/20/ 10:51:33 AM) [Round: 0732] Aggregate updated weights of 10 clients...!
[INFO](2026/08/20/ 10:51:34 AM) [Round: 0732] ...updated weights of 10 clients are successfully averaged!
[INFO](2026/08/20/ 10:51:35 AM) [Round: 0732] Evaluate global model's performance...!                
	[Server] ...finished evaluation!                
	=> Loss: 0.6551                
	=> Accuracy: 89.29%

[INFO](2026/08/20/ 10:51:35 AM) [Round: 0733] Select clients...!
[INFO](2026/08/20/ 10:51:36 AM) [Round: 0733] ...successfully transmitted models to 10 selected clients!
[INFO](2026/08/20/ 10:51:36 AM) [Round: 0733] Start updating selected 10 clients...!
[INFO](2026/08/20/ 10:52:19 AM) [Round: 0733] ...10 clients are selected and updated (with total sample size: 49)!
[INFO](2026/08/20/ 10:52:19 AM) [Round: 0733] Aggregate updated weights of 10 clients...!
[INFO](2026/08/20/ 10:52:19 AM) [Round: 0733] ...updated weights of 10 clients are successfully averaged!
[INFO](2026/08/20/ 10:52:21 AM) [Round: 0733] Evaluate global model's performance...!                
	[Server] ...finished evaluation!                
	=> Loss: 0.6524                
	=> Accuracy: 89.29%

[INFO](2026/08/20/ 10:52:21 AM) [Round: 0734] Select clients...!
[INFO](2026/08/20/ 10:52:21 AM) [Round: 0734] ...successfully transmitted models to 10 selected clients!
[INFO](2026/08/20/ 10:52:21 AM) [Round: 0734] Start updating selected 10 clients...!
[INFO](2026/08/20/ 10:52:59 AM) [Round: 0734] ...10 clients are selected and updated (with total sample size: 42)!
[INFO](2026/08/20/ 10:52:59 AM) [Round: 0734] Aggregate updated weights of 10 clients...!
[INFO](2026/08/20/ 10:52:59 AM) [Round: 0734] ...updated weights of 10 clients are successfully averaged!
[INFO](2026/08/20/ 10:53:01 AM) [Round: 0734] Evaluate global model's performance...!                
	[Server] ...finished evaluation!                
	=> Loss: 0.4339                
	=> Accuracy: 89.76%

[INFO](2026/08/20/ 10:53:01 AM) [Round: 0735] Select clients...!
[INFO](2026/08/20/ 10:53:02 AM) [Round: 0735] ...successfully transmitted models to 10 selected clients!
[INFO](2026/08/20/ 10:53:02 AM) [Round: 0735] Start updating selected 10 clients...!
[INFO](2026/08/20/ 10:53:45 AM) [Round: 0735] ...10 clients are selected and updated (with total sample size: 47)!
[INFO](2026/08/20/ 10:53:45 AM) [Round: 0735] Aggregate updated weights of 10 clients...!
[INFO](2026/08/20/ 10:53:45 AM) [Round: 0735] ...updated weights of 10 clients are successfully averaged!
[INFO](2026/08/20/ 10:53:47 AM) [Round: 0735] Evaluate global model's performance...!                
	[Server] ...finished evaluation!                
	=> Loss: 0.5235                
	=> Accuracy: 90.71%

[INFO](2026/08/20/ 10:53:47 AM) [Round: 0736] Select clients...!
[INFO](2026/08/20/ 10:53:48 AM) [Round: 0736] ...successfully transmitted models to 10 selected clients!
[INFO](2026/08/20/ 10:53:48 AM) [Round: 0736] Start updating selected 10 clients...!
[INFO](2026/08/20/ 10:54:30 AM) [Round: 0736] ...10 clients are selected and updated (with total sample size: 47)!
[INFO](2026/08/20/ 10:54:30 AM) [Round: 0736] Aggregate updated weights of 10 clients...!
[INFO](2026/08/20/ 10:54:31 AM) [Round: 0736] ...updated weights of 10 clients are successfully averaged!
[INFO](2026/08/20/ 10:54:34 AM) [Round: 0736] Evaluate global model's performance...!                
	[Server] ...finished evaluation!                
	=> Loss: 0.6963                
	=> Accuracy: 90.00%

[INFO](2026/08/20/ 10:54:34 AM) [Round: 0737] Select clients...!
[INFO](2026/08/20/ 10:54:35 AM) [Round: 0737] ...successfully transmitted models to 10 selected clients!
[INFO](2026/08/20/ 10:54:35 AM) [Round: 0737] Start updating selected 10 clients...!
[INFO](2026/08/20/ 10:55:48 AM) [Round: 0737] ...10 clients are selected and updated (with total sample size: 36)!
[INFO](2026/08/20/ 10:55:48 AM) [Round: 0737] Aggregate updated weights of 10 clients...!
[INFO](2026/08/20/ 10:55:48 AM) [Round: 0737] ...updated weights of 10 clients are successfully averaged!
[INFO](2026/08/20/ 10:55:51 AM) [Round: 0737] Evaluate global model's performance...!                
	[Server] ...finished evaluation!                
	=> Loss: 0.5179                
	=> Accuracy: 89.29%

[INFO](2026/08/20/ 10:55:51 AM) [Round: 0738] Select clients...!
[INFO](2026/08/20/ 10:55:51 AM) [Round: 0738] ...successfully transmitted models to 10 selected clients!
[INFO](2026/08/20/ 10:55:52 AM) [Round: 0738] Start updating selected 10 clients...!
[INFO](2026/08/20/ 10:56:39 AM) [Round: 0738] ...10 clients are selected and updated (with total sample size: 47)!
[INFO](2026/08/20/ 10:56:39 AM) [Round: 0738] Aggregate updated weights of 10 clients...!
[INFO](2026/08/20/ 10:56:40 AM) [Round: 0738] ...updated weights of 10 clients are successfully averaged!
[INFO](2026/08/20/ 10:56:42 AM) [Round: 0738] Evaluate global model's performance...!                
	[Server] ...finished evaluation!                
	=> Loss: 0.8636                
	=> Accuracy: 89.05%

[INFO](2026/08/20/ 10:56:42 AM) [Round: 0739] Select clients...!
[INFO](2026/08/20/ 10:56:43 AM) [Round: 0739] ...successfully transmitted models to 10 selected clients!
[INFO](2026/08/20/ 10:56:43 AM) [Round: 0739] Start updating selected 10 clients...!
[INFO](2026/08/20/ 10:57:28 AM) [Round: 0739] ...10 clients are selected and updated (with total sample size: 42)!
[INFO](2026/08/20/ 10:57:28 AM) [Round: 0739] Aggregate updated weights of 10 clients...!
[INFO](2026/08/20/ 10:57:28 AM) [Round: 0739] ...updated weights of 10 clients are successfully averaged!
[INFO](2026/08/20/ 10:57:31 AM) [Round: 0739] Evaluate global model's performance...!                
	[Server] ...finished evaluation!                
	=> Loss: 0.7395                
	=> Accuracy: 88.57%

[INFO](2026/08/20/ 10:57:31 AM) [Round: 0740] Select clients...!
[INFO](2026/08/20/ 10:57:32 AM) [Round: 0740] ...successfully transmitted models to 10 selected clients!
[INFO](2026/08/20/ 10:57:32 AM) [Round: 0740] Start updating selected 10 clients...!
[INFO](2026/08/20/ 10:58:16 AM) [Round: 0740] ...10 clients are selected and updated (with total sample size: 47)!
[INFO](2026/08/20/ 10:58:16 AM) [Round: 0740] Aggregate updated weights of 10 clients...!
[INFO](2026/08/20/ 10:58:16 AM) [Round: 0740] ...updated weights of 10 clients are successfully averaged!
[INFO](2026/08/20/ 10:58:19 AM) [Round: 0740] Evaluate global model's performance...!                
	[Server] ...finished evaluation!                
	=> Loss: 0.7105                
	=> Accuracy: 89.52%

[INFO](2026/08/20/ 10:58:19 AM) [Round: 0741] Select clients...!
[INFO](2026/08/20/ 10:58:20 AM) [Round: 0741] ...successfully transmitted models to 10 selected clients!
[INFO](2026/08/20/ 10:58:20 AM) [Round: 0741] Start updating selected 10 clients...!
[INFO](2026/08/20/ 10:59:00 AM) [Round: 0741] ...10 clients are selected and updated (with total sample size: 49)!
[INFO](2026/08/20/ 10:59:01 AM) [Round: 0741] Aggregate updated weights of 10 clients...!
[INFO](2026/08/20/ 10:59:01 AM) [Round: 0741] ...updated weights of 10 clients are successfully averaged!
[INFO](2026/08/20/ 10:59:03 AM) [Round: 0741] Evaluate global model's performance...!                
	[Server] ...finished evaluation!                
	=> Loss: 0.4423                
	=> Accuracy: 89.76%

[INFO](2026/08/20/ 10:59:04 AM) [Round: 0742] Select clients...!
[INFO](2026/08/20/ 10:59:04 AM) [Round: 0742] ...successfully transmitted models to 10 selected clients!
[INFO](2026/08/20/ 10:59:04 AM) [Round: 0742] Start updating selected 10 clients...!
[INFO](2026/08/20/ 10:59:49 AM) [Round: 0742] ...10 clients are selected and updated (with total sample size: 47)!
[INFO](2026/08/20/ 10:59:49 AM) [Round: 0742] Aggregate updated weights of 10 clients...!
[INFO](2026/08/20/ 10:59:49 AM) [Round: 0742] ...updated weights of 10 clients are successfully averaged!
[INFO](2026/08/20/ 10:59:52 AM) [Round: 0742] Evaluate global model's performance...!                
	[Server] ...finished evaluation!                
	=> Loss: 0.6917                
	=> Accuracy: 89.05%

[INFO](2026/08/20/ 10:59:52 AM) [Round: 0743] Select clients...!
[INFO](2026/08/20/ 10:59:53 AM) [Round: 0743] ...successfully transmitted models to 10 selected clients!
[INFO](2026/08/20/ 10:59:53 AM) [Round: 0743] Start updating selected 10 clients...!
