[INFO](2026/08/18/ 11:29:35 PM) 
[WELCOME] Unfolding configurations...!
[INFO](2026/08/18/ 11:29:35 PM) {'global_config': {'seed': 5959, 'device': 'cuda:0', 'is_mp': False}}
[INFO](2026/08/18/ 11:29:35 PM) {'data_config': {'data_path': './data/', 'dataset_name': 'ucml', 'num_shards': 210, 'iid': False, 'diri': True, 'alpha': 0.5}}
[INFO](2026/08/18/ 11:29:35 PM) {'fed_config': {'C': 0.24, 'K': 42, 'R': 1000, 'E': 5, 'B': 10, 'criterion': 'torch.nn.CrossEntropyLoss', 'optimizer': 'torch.optim.SGD'}}
[INFO](2026/08/18/ 11:29:35 PM) {'optim_config': {'lr': 0.05, 'momentum': 0.9}}
[INFO](2026/08/18/ 11:29:35 PM) {'init_config': {'init_type': 'xavier', 'init_gain': 1.0, 'gpu_ids': [0]}}
[INFO](2026/08/18/ 11:29:35 PM) {'model_config': {'name': 'ResNet18', 'inplanes': 64, 'num_classes': 21}}
[INFO](2026/08/18/ 11:29:35 PM) {'log_config': {'log_path': './log/2026-08-18_23_29_32', 'log_name': 'FL.log', 'tb_port': 5255, 'tb_host': '0.0.0.0'}}
[INFO](2026/08/18/ 11:29:35 PM) {'cl_config': {'cl_dim': 2048, 'cl_gamma': 0.05, 'cl_temp': 0.05, 'cl_K': 50}}
[INFO](2026/08/18/ 11:29:35 PM) [Round: 0000] ...successfully initialized model (# parameters: 12238037)!
[INFO](2026/08/18/ 11:29:35 PM) [Round: 0000] ...successfully created all 42 clients!
[INFO](2026/08/18/ 11:29:35 PM) [Round: 0000] ...successfully finished setup of all 42 clients!
[INFO](2026/08/18/ 11:29:37 PM) [Round: 0000] ...successfully transmitted models to all 42 clients!
[INFO](2026/08/18/ 11:29:37 PM) [Round: 0001] Select clients...!
[INFO](2026/08/18/ 11:29:37 PM) [Round: 0001] ...successfully transmitted models to 10 selected clients!
[INFO](2026/08/18/ 11:29:37 PM) [Round: 0001] Start updating selected 10 clients...!
[INFO](2026/08/18/ 11:30:10 PM) [Round: 0001] ...10 clients are selected and updated (with total sample size: 25)!
[INFO](2026/08/18/ 11:30:10 PM) [Round: 0001] Aggregate updated weights of 10 clients...!
[INFO](2026/08/18/ 11:30:10 PM) [Round: 0001] ...updated weights of 10 clients are successfully averaged!
[INFO](2026/08/18/ 11:30:32 PM) [Round: 0001] Evaluate global model's performance...!                
	[Server] ...finished evaluation!                
	=> Loss: 3.8075                
	=> Accuracy: 4.76%

[INFO](2026/08/18/ 11:30:32 PM) [Round: 0002] Select clients...!
[INFO](2026/08/18/ 11:30:33 PM) [Round: 0002] ...successfully transmitted models to 10 selected clients!
[INFO](2026/08/18/ 11:30:33 PM) [Round: 0002] Start updating selected 10 clients...!
[INFO](2026/08/18/ 11:30:58 PM) [Round: 0002] ...10 clients are selected and updated (with total sample size: 29)!
[INFO](2026/08/18/ 11:30:58 PM) [Round: 0002] Aggregate updated weights of 10 clients...!
[INFO](2026/08/18/ 11:30:58 PM) [Round: 0002] ...updated weights of 10 clients are successfully averaged!
[INFO](2026/08/18/ 11:31:01 PM) [Round: 0002] Evaluate global model's performance...!                
	[Server] ...finished evaluation!                
	=> Loss: 5.9086                
	=> Accuracy: 4.76%

[INFO](2026/08/18/ 11:31:01 PM) [Round: 0003] Select clients...!
[INFO](2026/08/18/ 11:31:01 PM) [Round: 0003] ...successfully transmitted models to 10 selected clients!
[INFO](2026/08/18/ 11:31:01 PM) [Round: 0003] Start updating selected 10 clients...!
[INFO](2026/08/18/ 11:31:23 PM) [Round: 0003] ...10 clients are selected and updated (with total sample size: 54)!
[INFO](2026/08/18/ 11:31:23 PM) [Round: 0003] Aggregate updated weights of 10 clients...!
[INFO](2026/08/18/ 11:31:23 PM) [Round: 0003] ...updated weights of 10 clients are successfully averaged!
[INFO](2026/08/18/ 11:31:25 PM) [Round: 0003] Evaluate global model's performance...!                
	[Server] ...finished evaluation!                
	=> Loss: 4.1843                
	=> Accuracy: 4.76%

[INFO](2026/08/18/ 11:31:25 PM) [Round: 0004] Select clients...!
[INFO](2026/08/18/ 11:31:26 PM) [Round: 0004] ...successfully transmitted models to 10 selected clients!
[INFO](2026/08/18/ 11:31:26 PM) [Round: 0004] Start updating selected 10 clients...!
[INFO](2026/08/18/ 11:31:49 PM) [Round: 0004] ...10 clients are selected and updated (with total sample size: 54)!
[INFO](2026/08/18/ 11:31:49 PM) [Round: 0004] Aggregate updated weights of 10 clients...!
[INFO](2026/08/18/ 11:31:50 PM) [Round: 0004] ...updated weights of 10 clients are successfully averaged!
[INFO](2026/08/18/ 11:31:52 PM) [Round: 0004] Evaluate global model's performance...!                
	[Server] ...finished evaluation!                
	=> Loss: 6.6654                
	=> Accuracy: 9.05%

[INFO](2026/08/18/ 11:31:52 PM) [Round: 0005] Select clients...!
[INFO](2026/08/18/ 11:31:52 PM) [Round: 0005] ...successfully transmitted models to 10 selected clients!
[INFO](2026/08/18/ 11:31:52 PM) [Round: 0005] Start updating selected 10 clients...!
[INFO](2026/08/18/ 11:32:11 PM) [Round: 0005] ...10 clients are selected and updated (with total sample size: 25)!
[INFO](2026/08/18/ 11:32:11 PM) [Round: 0005] Aggregate updated weights of 10 clients...!
[INFO](2026/08/18/ 11:32:12 PM) [Round: 0005] ...updated weights of 10 clients are successfully averaged!
[INFO](2026/08/18/ 11:32:14 PM) [Round: 0005] Evaluate global model's performance...!                
	[Server] ...finished evaluation!                
	=> Loss: 13.7670                
	=> Accuracy: 5.48%

[INFO](2026/08/18/ 11:32:14 PM) [Round: 0006] Select clients...!
[INFO](2026/08/18/ 11:32:14 PM) [Round: 0006] ...successfully transmitted models to 10 selected clients!
[INFO](2026/08/18/ 11:32:14 PM) [Round: 0006] Start updating selected 10 clients...!
[INFO](2026/08/18/ 11:32:36 PM) [Round: 0006] ...10 clients are selected and updated (with total sample size: 54)!
[INFO](2026/08/18/ 11:32:36 PM) [Round: 0006] Aggregate updated weights of 10 clients...!
[INFO](2026/08/18/ 11:32:36 PM) [Round: 0006] ...updated weights of 10 clients are successfully averaged!
[INFO](2026/08/18/ 11:32:39 PM) [Round: 0006] Evaluate global model's performance...!                
	[Server] ...finished evaluation!                
	=> Loss: 18.1526                
	=> Accuracy: 5.71%

[INFO](2026/08/18/ 11:32:39 PM) [Round: 0007] Select clients...!
[INFO](2026/08/18/ 11:32:40 PM) [Round: 0007] ...successfully transmitted models to 10 selected clients!
[INFO](2026/08/18/ 11:32:40 PM) [Round: 0007] Start updating selected 10 clients...!
[INFO](2026/08/18/ 11:32:56 PM) [Round: 0007] ...10 clients are selected and updated (with total sample size: 29)!
[INFO](2026/08/18/ 11:32:56 PM) [Round: 0007] Aggregate updated weights of 10 clients...!
[INFO](2026/08/18/ 11:32:56 PM) [Round: 0007] ...updated weights of 10 clients are successfully averaged!
[INFO](2026/08/18/ 11:32:59 PM) [Round: 0007] Evaluate global model's performance...!                
	[Server] ...finished evaluation!                
	=> Loss: 38.4630                
	=> Accuracy: 5.95%

[INFO](2026/08/18/ 11:32:59 PM) [Round: 0008] Select clients...!
[INFO](2026/08/18/ 11:33:00 PM) [Round: 0008] ...successfully transmitted models to 10 selected clients!
[INFO](2026/08/18/ 11:33:00 PM) [Round: 0008] Start updating selected 10 clients...!
[INFO](2026/08/18/ 11:33:21 PM) [Round: 0008] ...10 clients are selected and updated (with total sample size: 29)!
[INFO](2026/08/18/ 11:33:21 PM) [Round: 0008] Aggregate updated weights of 10 clients...!
[INFO](2026/08/18/ 11:33:21 PM) [Round: 0008] ...updated weights of 10 clients are successfully averaged!
[INFO](2026/08/18/ 11:33:24 PM) [Round: 0008] Evaluate global model's performance...!                
	[Server] ...finished evaluation!                
	=> Loss: 29.5346                
	=> Accuracy: 8.10%

[INFO](2026/08/18/ 11:33:24 PM) [Round: 0009] Select clients...!
[INFO](2026/08/18/ 11:33:25 PM) [Round: 0009] ...successfully transmitted models to 10 selected clients!
[INFO](2026/08/18/ 11:33:25 PM) [Round: 0009] Start updating selected 10 clients...!
[INFO](2026/08/18/ 11:33:40 PM) [Round: 0009] ...10 clients are selected and updated (with total sample size: 35)!
[INFO](2026/08/18/ 11:33:40 PM) [Round: 0009] Aggregate updated weights of 10 clients...!
[INFO](2026/08/18/ 11:33:41 PM) [Round: 0009] ...updated weights of 10 clients are successfully averaged!
[INFO](2026/08/18/ 11:33:43 PM) [Round: 0009] Evaluate global model's performance...!                
	[Server] ...finished evaluation!                
	=> Loss: 9.5004                
	=> Accuracy: 9.29%

[INFO](2026/08/18/ 11:33:44 PM) [Round: 0010] Select clients...!
[INFO](2026/08/18/ 11:33:44 PM) [Round: 0010] ...successfully transmitted models to 10 selected clients!
[INFO](2026/08/18/ 11:33:44 PM) [Round: 0010] Start updating selected 10 clients...!
[INFO](2026/08/18/ 11:34:01 PM) [Round: 0010] ...10 clients are selected and updated (with total sample size: 59)!
[INFO](2026/08/18/ 11:34:01 PM) [Round: 0010] Aggregate updated weights of 10 clients...!
[INFO](2026/08/18/ 11:34:02 PM) [Round: 0010] ...updated weights of 10 clients are successfully averaged!
[INFO](2026/08/18/ 11:34:04 PM) [Round: 0010] Evaluate global model's performance...!                
	[Server] ...finished evaluation!                
	=> Loss: 18.7776                
	=> Accuracy: 8.57%

[INFO](2026/08/18/ 11:34:04 PM) [Round: 0011] Select clients...!
[INFO](2026/08/18/ 11:34:05 PM) [Round: 0011] ...successfully transmitted models to 10 selected clients!
[INFO](2026/08/18/ 11:34:05 PM) [Round: 0011] Start updating selected 10 clients...!
[INFO](2026/08/18/ 11:34:24 PM) [Round: 0011] ...10 clients are selected and updated (with total sample size: 43)!
[INFO](2026/08/18/ 11:34:24 PM) [Round: 0011] Aggregate updated weights of 10 clients...!
[INFO](2026/08/18/ 11:34:25 PM) [Round: 0011] ...updated weights of 10 clients are successfully averaged!
[INFO](2026/08/18/ 11:34:27 PM) [Round: 0011] Evaluate global model's performance...!                
	[Server] ...finished evaluation!                
	=> Loss: 29.6419                
	=> Accuracy: 11.43%

[INFO](2026/08/18/ 11:34:27 PM) [Round: 0012] Select clients...!
[INFO](2026/08/18/ 11:34:28 PM) [Round: 0012] ...successfully transmitted models to 10 selected clients!
[INFO](2026/08/18/ 11:34:28 PM) [Round: 0012] Start updating selected 10 clients...!
[INFO](2026/08/18/ 11:34:40 PM) [Round: 0012] ...10 clients are selected and updated (with total sample size: 54)!
[INFO](2026/08/18/ 11:34:40 PM) [Round: 0012] Aggregate updated weights of 10 clients...!
[INFO](2026/08/18/ 11:34:40 PM) [Round: 0012] ...updated weights of 10 clients are successfully averaged!
[INFO](2026/08/18/ 11:34:42 PM) [Round: 0012] Evaluate global model's performance...!                
	[Server] ...finished evaluation!                
	=> Loss: 21.2821                
	=> Accuracy: 10.00%

[INFO](2026/08/18/ 11:34:42 PM) [Round: 0013] Select clients...!
[INFO](2026/08/18/ 11:34:43 PM) [Round: 0013] ...successfully transmitted models to 10 selected clients!
[INFO](2026/08/18/ 11:34:43 PM) [Round: 0013] Start updating selected 10 clients...!
[INFO](2026/08/18/ 11:34:58 PM) [Round: 0013] ...10 clients are selected and updated (with total sample size: 29)!
[INFO](2026/08/18/ 11:34:59 PM) [Round: 0013] Aggregate updated weights of 10 clients...!
[INFO](2026/08/18/ 11:34:59 PM) [Round: 0013] ...updated weights of 10 clients are successfully averaged!
[INFO](2026/08/18/ 11:35:02 PM) [Round: 0013] Evaluate global model's performance...!                
	[Server] ...finished evaluation!                
	=> Loss: 13.4422                
	=> Accuracy: 10.24%

[INFO](2026/08/18/ 11:35:02 PM) [Round: 0014] Select clients...!
[INFO](2026/08/18/ 11:35:02 PM) [Round: 0014] ...successfully transmitted models to 10 selected clients!
[INFO](2026/08/18/ 11:35:03 PM) [Round: 0014] Start updating selected 10 clients...!
[INFO](2026/08/18/ 11:35:19 PM) [Round: 0014] ...10 clients are selected and updated (with total sample size: 25)!
[INFO](2026/08/18/ 11:35:19 PM) [Round: 0014] Aggregate updated weights of 10 clients...!
[INFO](2026/08/18/ 11:35:19 PM) [Round: 0014] ...updated weights of 10 clients are successfully averaged!
[INFO](2026/08/18/ 11:35:22 PM) [Round: 0014] Evaluate global model's performance...!                
	[Server] ...finished evaluation!                
	=> Loss: 3.2735                
	=> Accuracy: 5.48%

[INFO](2026/08/18/ 11:35:22 PM) [Round: 0015] Select clients...!
[INFO](2026/08/18/ 11:35:23 PM) [Round: 0015] ...successfully transmitted models to 10 selected clients!
[INFO](2026/08/18/ 11:35:23 PM) [Round: 0015] Start updating selected 10 clients...!
[INFO](2026/08/18/ 11:35:38 PM) [Round: 0015] ...10 clients are selected and updated (with total sample size: 54)!
[INFO](2026/08/18/ 11:35:38 PM) [Round: 0015] Aggregate updated weights of 10 clients...!
[INFO](2026/08/18/ 11:35:39 PM) [Round: 0015] ...updated weights of 10 clients are successfully averaged!
[INFO](2026/08/18/ 11:35:41 PM) [Round: 0015] Evaluate global model's performance...!                
	[Server] ...finished evaluation!                
	=> Loss: 3.7203                
	=> Accuracy: 6.43%

[INFO](2026/08/18/ 11:35:41 PM) [Round: 0016] Select clients...!
[INFO](2026/08/18/ 11:35:41 PM) [Round: 0016] ...successfully transmitted models to 10 selected clients!
[INFO](2026/08/18/ 11:35:41 PM) [Round: 0016] Start updating selected 10 clients...!
[INFO](2026/08/18/ 11:35:54 PM) [Round: 0016] ...10 clients are selected and updated (with total sample size: 35)!
[INFO](2026/08/18/ 11:35:54 PM) [Round: 0016] Aggregate updated weights of 10 clients...!
[INFO](2026/08/18/ 11:35:55 PM) [Round: 0016] ...updated weights of 10 clients are successfully averaged!
[INFO](2026/08/18/ 11:35:57 PM) [Round: 0016] Evaluate global model's performance...!                
	[Server] ...finished evaluation!                
	=> Loss: 3.4068                
	=> Accuracy: 5.48%

[INFO](2026/08/18/ 11:35:57 PM) [Round: 0017] Select clients...!
[INFO](2026/08/18/ 11:35:57 PM) [Round: 0017] ...successfully transmitted models to 10 selected clients!
[INFO](2026/08/18/ 11:35:57 PM) [Round: 0017] Start updating selected 10 clients...!
[INFO](2026/08/18/ 11:36:09 PM) [Round: 0017] ...10 clients are selected and updated (with total sample size: 37)!
[INFO](2026/08/18/ 11:36:10 PM) [Round: 0017] Aggregate updated weights of 10 clients...!
[INFO](2026/08/18/ 11:36:10 PM) [Round: 0017] ...updated weights of 10 clients are successfully averaged!
[INFO](2026/08/18/ 11:36:12 PM) [Round: 0017] Evaluate global model's performance...!                
	[Server] ...finished evaluation!                
	=> Loss: 5.6925                
	=> Accuracy: 2.86%

[INFO](2026/08/18/ 11:36:12 PM) [Round: 0018] Select clients...!
[INFO](2026/08/18/ 11:36:12 PM) [Round: 0018] ...successfully transmitted models to 10 selected clients!
[INFO](2026/08/18/ 11:36:12 PM) [Round: 0018] Start updating selected 10 clients...!
[INFO](2026/08/18/ 11:36:22 PM) [Round: 0018] ...10 clients are selected and updated (with total sample size: 25)!
[INFO](2026/08/18/ 11:36:22 PM) [Round: 0018] Aggregate updated weights of 10 clients...!
[INFO](2026/08/18/ 11:36:23 PM) [Round: 0018] ...updated weights of 10 clients are successfully averaged!
[INFO](2026/08/18/ 11:36:24 PM) [Round: 0018] Evaluate global model's performance...!                
	[Server] ...finished evaluation!                
	=> Loss: 6.2789                
	=> Accuracy: 2.62%

[INFO](2026/08/18/ 11:36:25 PM) [Round: 0019] Select clients...!
[INFO](2026/08/18/ 11:36:25 PM) [Round: 0019] ...successfully transmitted models to 10 selected clients!
[INFO](2026/08/18/ 11:36:25 PM) [Round: 0019] Start updating selected 10 clients...!
[INFO](2026/08/18/ 11:36:36 PM) [Round: 0019] ...10 clients are selected and updated (with total sample size: 54)!
[INFO](2026/08/18/ 11:36:36 PM) [Round: 0019] Aggregate updated weights of 10 clients...!
[INFO](2026/08/18/ 11:36:37 PM) [Round: 0019] ...updated weights of 10 clients are successfully averaged!
[INFO](2026/08/18/ 11:36:39 PM) [Round: 0019] Evaluate global model's performance...!                
	[Server] ...finished evaluation!                
	=> Loss: 4.3808                
	=> Accuracy: 8.81%

[INFO](2026/08/18/ 11:36:39 PM) [Round: 0020] Select clients...!
[INFO](2026/08/18/ 11:36:39 PM) [Round: 0020] ...successfully transmitted models to 10 selected clients!
[INFO](2026/08/18/ 11:36:39 PM) [Round: 0020] Start updating selected 10 clients...!
[INFO](2026/08/18/ 11:36:51 PM) [Round: 0020] ...10 clients are selected and updated (with total sample size: 29)!
[INFO](2026/08/18/ 11:36:51 PM) [Round: 0020] Aggregate updated weights of 10 clients...!
[INFO](2026/08/18/ 11:36:51 PM) [Round: 0020] ...updated weights of 10 clients are successfully averaged!
[INFO](2026/08/18/ 11:36:53 PM) [Round: 0020] Evaluate global model's performance...!                
	[Server] ...finished evaluation!                
	=> Loss: 5.5129                
	=> Accuracy: 5.48%

[INFO](2026/08/18/ 11:36:53 PM) [Round: 0021] Select clients...!
[INFO](2026/08/18/ 11:36:53 PM) [Round: 0021] ...successfully transmitted models to 10 selected clients!
[INFO](2026/08/18/ 11:36:54 PM) [Round: 0021] Start updating selected 10 clients...!
[INFO](2026/08/18/ 11:37:05 PM) [Round: 0021] ...10 clients are selected and updated (with total sample size: 54)!
[INFO](2026/08/18/ 11:37:05 PM) [Round: 0021] Aggregate updated weights of 10 clients...!
[INFO](2026/08/18/ 11:37:05 PM) [Round: 0021] ...updated weights of 10 clients are successfully averaged!
[INFO](2026/08/18/ 11:37:07 PM) [Round: 0021] Evaluate global model's performance...!                
	[Server] ...finished evaluation!                
	=> Loss: 6.2935                
	=> Accuracy: 2.62%

[INFO](2026/08/18/ 11:37:07 PM) [Round: 0022] Select clients...!
[INFO](2026/08/18/ 11:37:08 PM) [Round: 0022] ...successfully transmitted models to 10 selected clients!
[INFO](2026/08/18/ 11:37:08 PM) [Round: 0022] Start updating selected 10 clients...!
[INFO](2026/08/18/ 11:37:19 PM) [Round: 0022] ...10 clients are selected and updated (with total sample size: 35)!
[INFO](2026/08/18/ 11:37:19 PM) [Round: 0022] Aggregate updated weights of 10 clients...!
[INFO](2026/08/18/ 11:37:19 PM) [Round: 0022] ...updated weights of 10 clients are successfully averaged!
[INFO](2026/08/18/ 11:37:21 PM) [Round: 0022] Evaluate global model's performance...!                
	[Server] ...finished evaluation!                
	=> Loss: 4.2935                
	=> Accuracy: 5.71%

[INFO](2026/08/18/ 11:37:22 PM) [Round: 0023] Select clients...!
[INFO](2026/08/18/ 11:37:22 PM) [Round: 0023] ...successfully transmitted models to 10 selected clients!
[INFO](2026/08/18/ 11:37:22 PM) [Round: 0023] Start updating selected 10 clients...!
[INFO](2026/08/18/ 11:37:33 PM) [Round: 0023] ...10 clients are selected and updated (with total sample size: 42)!
[INFO](2026/08/18/ 11:37:33 PM) [Round: 0023] Aggregate updated weights of 10 clients...!
[INFO](2026/08/18/ 11:37:33 PM) [Round: 0023] ...updated weights of 10 clients are successfully averaged!
[INFO](2026/08/18/ 11:37:35 PM) [Round: 0023] Evaluate global model's performance...!                
	[Server] ...finished evaluation!                
	=> Loss: 6.2160                
	=> Accuracy: 2.86%

[INFO](2026/08/18/ 11:37:35 PM) [Round: 0024] Select clients...!
[INFO](2026/08/18/ 11:37:36 PM) [Round: 0024] ...successfully transmitted models to 10 selected clients!
[INFO](2026/08/18/ 11:37:36 PM) [Round: 0024] Start updating selected 10 clients...!
[INFO](2026/08/18/ 11:37:50 PM) [Round: 0024] ...10 clients are selected and updated (with total sample size: 25)!
[INFO](2026/08/18/ 11:37:50 PM) [Round: 0024] Aggregate updated weights of 10 clients...!
[INFO](2026/08/18/ 11:37:50 PM) [Round: 0024] ...updated weights of 10 clients are successfully averaged!
[INFO](2026/08/18/ 11:37:53 PM) [Round: 0024] Evaluate global model's performance...!                
	[Server] ...finished evaluation!                
	=> Loss: 5.1595                
	=> Accuracy: 7.86%

[INFO](2026/08/18/ 11:37:53 PM) [Round: 0025] Select clients...!
[INFO](2026/08/18/ 11:37:54 PM) [Round: 0025] ...successfully transmitted models to 10 selected clients!
[INFO](2026/08/18/ 11:37:54 PM) [Round: 0025] Start updating selected 10 clients...!
[INFO](2026/08/18/ 11:38:11 PM) [Round: 0025] ...10 clients are selected and updated (with total sample size: 52)!
[INFO](2026/08/18/ 11:38:11 PM) [Round: 0025] Aggregate updated weights of 10 clients...!
[INFO](2026/08/18/ 11:38:11 PM) [Round: 0025] ...updated weights of 10 clients are successfully averaged!
[INFO](2026/08/18/ 11:38:14 PM) [Round: 0025] Evaluate global model's performance...!                
	[Server] ...finished evaluation!                
	=> Loss: 4.7638                
	=> Accuracy: 7.38%

[INFO](2026/08/18/ 11:38:14 PM) [Round: 0026] Select clients...!
[INFO](2026/08/18/ 11:38:14 PM) [Round: 0026] ...successfully transmitted models to 10 selected clients!
[INFO](2026/08/18/ 11:38:14 PM) [Round: 0026] Start updating selected 10 clients...!
[INFO](2026/08/18/ 11:38:30 PM) [Round: 0026] ...10 clients are selected and updated (with total sample size: 29)!
[INFO](2026/08/18/ 11:38:30 PM) [Round: 0026] Aggregate updated weights of 10 clients...!
[INFO](2026/08/18/ 11:38:30 PM) [Round: 0026] ...updated weights of 10 clients are successfully averaged!
[INFO](2026/08/18/ 11:38:33 PM) [Round: 0026] Evaluate global model's performance...!                
	[Server] ...finished evaluation!                
	=> Loss: 5.6318                
	=> Accuracy: 2.38%

[INFO](2026/08/18/ 11:38:33 PM) [Round: 0027] Select clients...!
[INFO](2026/08/18/ 11:38:34 PM) [Round: 0027] ...successfully transmitted models to 10 selected clients!
[INFO](2026/08/18/ 11:38:34 PM) [Round: 0027] Start updating selected 10 clients...!
[INFO](2026/08/18/ 11:38:50 PM) [Round: 0027] ...10 clients are selected and updated (with total sample size: 37)!
[INFO](2026/08/18/ 11:38:50 PM) [Round: 0027] Aggregate updated weights of 10 clients...!
[INFO](2026/08/18/ 11:38:50 PM) [Round: 0027] ...updated weights of 10 clients are successfully averaged!
[INFO](2026/08/18/ 11:38:53 PM) [Round: 0027] Evaluate global model's performance...!                
	[Server] ...finished evaluation!                
	=> Loss: 4.5957                
	=> Accuracy: 4.52%

[INFO](2026/08/18/ 11:38:53 PM) [Round: 0028] Select clients...!
[INFO](2026/08/18/ 11:38:54 PM) [Round: 0028] ...successfully transmitted models to 10 selected clients!
[INFO](2026/08/18/ 11:38:54 PM) [Round: 0028] Start updating selected 10 clients...!
[INFO](2026/08/18/ 11:39:11 PM) [Round: 0028] ...10 clients are selected and updated (with total sample size: 35)!
[INFO](2026/08/18/ 11:39:11 PM) [Round: 0028] Aggregate updated weights of 10 clients...!
[INFO](2026/08/18/ 11:39:11 PM) [Round: 0028] ...updated weights of 10 clients are successfully averaged!
[INFO](2026/08/18/ 11:39:14 PM) [Round: 0028] Evaluate global model's performance...!                
	[Server] ...finished evaluation!                
	=> Loss: 5.4304                
	=> Accuracy: 5.24%

[INFO](2026/08/18/ 11:39:14 PM) [Round: 0029] Select clients...!
[INFO](2026/08/18/ 11:39:15 PM) [Round: 0029] ...successfully transmitted models to 10 selected clients!
[INFO](2026/08/18/ 11:39:15 PM) [Round: 0029] Start updating selected 10 clients...!
[INFO](2026/08/18/ 11:39:30 PM) [Round: 0029] ...10 clients are selected and updated (with total sample size: 29)!
[INFO](2026/08/18/ 11:39:30 PM) [Round: 0029] Aggregate updated weights of 10 clients...!
[INFO](2026/08/18/ 11:39:30 PM) [Round: 0029] ...updated weights of 10 clients are successfully averaged!
[INFO](2026/08/18/ 11:39:33 PM) [Round: 0029] Evaluate global model's performance...!                
	[Server] ...finished evaluation!                
	=> Loss: 7.4855                
	=> Accuracy: 7.86%

[INFO](2026/08/18/ 11:39:33 PM) [Round: 0030] Select clients...!
[INFO](2026/08/18/ 11:39:34 PM) [Round: 0030] ...successfully transmitted models to 10 selected clients!
[INFO](2026/08/18/ 11:39:34 PM) [Round: 0030] Start updating selected 10 clients...!
[INFO](2026/08/18/ 11:39:48 PM) [Round: 0030] ...10 clients are selected and updated (with total sample size: 29)!
[INFO](2026/08/18/ 11:39:48 PM) [Round: 0030] Aggregate updated weights of 10 clients...!
[INFO](2026/08/18/ 11:39:49 PM) [Round: 0030] ...updated weights of 10 clients are successfully averaged!
[INFO](2026/08/18/ 11:39:52 PM) [Round: 0030] Evaluate global model's performance...!                
	[Server] ...finished evaluation!                
	=> Loss: 9.1485                
	=> Accuracy: 4.76%

[INFO](2026/08/18/ 11:39:52 PM) [Round: 0031] Select clients...!
[INFO](2026/08/18/ 11:39:52 PM) [Round: 0031] ...successfully transmitted models to 10 selected clients!
[INFO](2026/08/18/ 11:39:52 PM) [Round: 0031] Start updating selected 10 clients...!
[INFO](2026/08/18/ 11:40:08 PM) [Round: 0031] ...10 clients are selected and updated (with total sample size: 52)!
[INFO](2026/08/18/ 11:40:08 PM) [Round: 0031] Aggregate updated weights of 10 clients...!
[INFO](2026/08/18/ 11:40:09 PM) [Round: 0031] ...updated weights of 10 clients are successfully averaged!
[INFO](2026/08/18/ 11:40:12 PM) [Round: 0031] Evaluate global model's performance...!                
	[Server] ...finished evaluation!                
	=> Loss: 6.8408                
	=> Accuracy: 3.33%

[INFO](2026/08/18/ 11:40:12 PM) [Round: 0032] Select clients...!
[INFO](2026/08/18/ 11:40:13 PM) [Round: 0032] ...successfully transmitted models to 10 selected clients!
[INFO](2026/08/18/ 11:40:13 PM) [Round: 0032] Start updating selected 10 clients...!
[INFO](2026/08/18/ 11:40:28 PM) [Round: 0032] ...10 clients are selected and updated (with total sample size: 25)!
[INFO](2026/08/18/ 11:40:28 PM) [Round: 0032] Aggregate updated weights of 10 clients...!
[INFO](2026/08/18/ 11:40:28 PM) [Round: 0032] ...updated weights of 10 clients are successfully averaged!
[INFO](2026/08/18/ 11:40:31 PM) [Round: 0032] Evaluate global model's performance...!                
	[Server] ...finished evaluation!                
	=> Loss: 5.8984                
	=> Accuracy: 5.24%

[INFO](2026/08/18/ 11:40:31 PM) [Round: 0033] Select clients...!
[INFO](2026/08/18/ 11:40:31 PM) [Round: 0033] ...successfully transmitted models to 10 selected clients!
[INFO](2026/08/18/ 11:40:32 PM) [Round: 0033] Start updating selected 10 clients...!
[INFO](2026/08/18/ 11:40:47 PM) [Round: 0033] ...10 clients are selected and updated (with total sample size: 54)!
[INFO](2026/08/18/ 11:40:47 PM) [Round: 0033] Aggregate updated weights of 10 clients...!
[INFO](2026/08/18/ 11:40:47 PM) [Round: 0033] ...updated weights of 10 clients are successfully averaged!
[INFO](2026/08/18/ 11:40:50 PM) [Round: 0033] Evaluate global model's performance...!                
	[Server] ...finished evaluation!                
	=> Loss: 6.0722                
	=> Accuracy: 5.00%

[INFO](2026/08/18/ 11:40:50 PM) [Round: 0034] Select clients...!
[INFO](2026/08/18/ 11:40:51 PM) [Round: 0034] ...successfully transmitted models to 10 selected clients!
[INFO](2026/08/18/ 11:40:51 PM) [Round: 0034] Start updating selected 10 clients...!
[INFO](2026/08/18/ 11:41:05 PM) [Round: 0034] ...10 clients are selected and updated (with total sample size: 35)!
[INFO](2026/08/18/ 11:41:05 PM) [Round: 0034] Aggregate updated weights of 10 clients...!
[INFO](2026/08/18/ 11:41:06 PM) [Round: 0034] ...updated weights of 10 clients are successfully averaged!
[INFO](2026/08/18/ 11:41:09 PM) [Round: 0034] Evaluate global model's performance...!                
	[Server] ...finished evaluation!                
	=> Loss: 6.6603                
	=> Accuracy: 5.95%

[INFO](2026/08/18/ 11:41:09 PM) [Round: 0035] Select clients...!
[INFO](2026/08/18/ 11:41:09 PM) [Round: 0035] ...successfully transmitted models to 10 selected clients!
[INFO](2026/08/18/ 11:41:09 PM) [Round: 0035] Start updating selected 10 clients...!
[INFO](2026/08/18/ 11:41:28 PM) [Round: 0035] ...10 clients are selected and updated (with total sample size: 52)!
[INFO](2026/08/18/ 11:41:28 PM) [Round: 0035] Aggregate updated weights of 10 clients...!
[INFO](2026/08/18/ 11:41:28 PM) [Round: 0035] ...updated weights of 10 clients are successfully averaged!
[INFO](2026/08/18/ 11:41:31 PM) [Round: 0035] Evaluate global model's performance...!                
	[Server] ...finished evaluation!                
	=> Loss: 6.1302                
	=> Accuracy: 4.76%

[INFO](2026/08/18/ 11:41:31 PM) [Round: 0036] Select clients...!
[INFO](2026/08/18/ 11:41:32 PM) [Round: 0036] ...successfully transmitted models to 10 selected clients!
[INFO](2026/08/18/ 11:41:32 PM) [Round: 0036] Start updating selected 10 clients...!
[INFO](2026/08/18/ 11:41:45 PM) [Round: 0036] ...10 clients are selected and updated (with total sample size: 29)!
[INFO](2026/08/18/ 11:41:46 PM) [Round: 0036] Aggregate updated weights of 10 clients...!
[INFO](2026/08/18/ 11:41:46 PM) [Round: 0036] ...updated weights of 10 clients are successfully averaged!
[INFO](2026/08/18/ 11:41:49 PM) [Round: 0036] Evaluate global model's performance...!                
	[Server] ...finished evaluation!                
	=> Loss: 6.1880                
	=> Accuracy: 5.24%

[INFO](2026/08/18/ 11:41:49 PM) [Round: 0037] Select clients...!
[INFO](2026/08/18/ 11:41:49 PM) [Round: 0037] ...successfully transmitted models to 10 selected clients!
[INFO](2026/08/18/ 11:41:49 PM) [Round: 0037] Start updating selected 10 clients...!
[INFO](2026/08/18/ 11:42:08 PM) [Round: 0037] ...10 clients are selected and updated (with total sample size: 54)!
[INFO](2026/08/18/ 11:42:08 PM) [Round: 0037] Aggregate updated weights of 10 clients...!
[INFO](2026/08/18/ 11:42:09 PM) [Round: 0037] ...updated weights of 10 clients are successfully averaged!
[INFO](2026/08/18/ 11:42:12 PM) [Round: 0037] Evaluate global model's performance...!                
	[Server] ...finished evaluation!                
	=> Loss: 7.0391                
	=> Accuracy: 3.33%

[INFO](2026/08/18/ 11:42:12 PM) [Round: 0038] Select clients...!
[INFO](2026/08/18/ 11:42:12 PM) [Round: 0038] ...successfully transmitted models to 10 selected clients!
[INFO](2026/08/18/ 11:42:12 PM) [Round: 0038] Start updating selected 10 clients...!
[INFO](2026/08/18/ 11:42:27 PM) [Round: 0038] ...10 clients are selected and updated (with total sample size: 25)!
[INFO](2026/08/18/ 11:42:27 PM) [Round: 0038] Aggregate updated weights of 10 clients...!
[INFO](2026/08/18/ 11:42:28 PM) [Round: 0038] ...updated weights of 10 clients are successfully averaged!
[INFO](2026/08/18/ 11:42:30 PM) [Round: 0038] Evaluate global model's performance...!                
	[Server] ...finished evaluation!                
	=> Loss: 6.8108                
	=> Accuracy: 6.67%

[INFO](2026/08/18/ 11:42:30 PM) [Round: 0039] Select clients...!
[INFO](2026/08/18/ 11:42:31 PM) [Round: 0039] ...successfully transmitted models to 10 selected clients!
[INFO](2026/08/18/ 11:42:31 PM) [Round: 0039] Start updating selected 10 clients...!
[INFO](2026/08/18/ 11:42:47 PM) [Round: 0039] ...10 clients are selected and updated (with total sample size: 42)!
[INFO](2026/08/18/ 11:42:47 PM) [Round: 0039] Aggregate updated weights of 10 clients...!
[INFO](2026/08/18/ 11:42:47 PM) [Round: 0039] ...updated weights of 10 clients are successfully averaged!
[INFO](2026/08/18/ 11:42:50 PM) [Round: 0039] Evaluate global model's performance...!                
	[Server] ...finished evaluation!                
	=> Loss: 5.0774                
	=> Accuracy: 4.76%

[INFO](2026/08/18/ 11:42:50 PM) [Round: 0040] Select clients...!
[INFO](2026/08/18/ 11:42:51 PM) [Round: 0040] ...successfully transmitted models to 10 selected clients!
[INFO](2026/08/18/ 11:42:51 PM) [Round: 0040] Start updating selected 10 clients...!
[INFO](2026/08/18/ 11:43:07 PM) [Round: 0040] ...10 clients are selected and updated (with total sample size: 54)!
[INFO](2026/08/18/ 11:43:07 PM) [Round: 0040] Aggregate updated weights of 10 clients...!
[INFO](2026/08/18/ 11:43:08 PM) [Round: 0040] ...updated weights of 10 clients are successfully averaged!
[INFO](2026/08/18/ 11:43:11 PM) [Round: 0040] Evaluate global model's performance...!                
	[Server] ...finished evaluation!                
	=> Loss: 5.7835                
	=> Accuracy: 5.00%

[INFO](2026/08/18/ 11:43:11 PM) [Round: 0041] Select clients...!
[INFO](2026/08/18/ 11:43:12 PM) [Round: 0041] ...successfully transmitted models to 10 selected clients!
[INFO](2026/08/18/ 11:43:12 PM) [Round: 0041] Start updating selected 10 clients...!
[INFO](2026/08/18/ 11:43:26 PM) [Round: 0041] ...10 clients are selected and updated (with total sample size: 25)!
[INFO](2026/08/18/ 11:43:27 PM) [Round: 0041] Aggregate updated weights of 10 clients...!
[INFO](2026/08/18/ 11:43:27 PM) [Round: 0041] ...updated weights of 10 clients are successfully averaged!
[INFO](2026/08/18/ 11:43:30 PM) [Round: 0041] Evaluate global model's performance...!                
	[Server] ...finished evaluation!                
	=> Loss: 8.9516                
	=> Accuracy: 1.90%

[INFO](2026/08/18/ 11:43:30 PM) [Round: 0042] Select clients...!
[INFO](2026/08/18/ 11:43:31 PM) [Round: 0042] ...successfully transmitted models to 10 selected clients!
[INFO](2026/08/18/ 11:43:31 PM) [Round: 0042] Start updating selected 10 clients...!
[INFO](2026/08/18/ 11:43:45 PM) [Round: 0042] ...10 clients are selected and updated (with total sample size: 25)!
[INFO](2026/08/18/ 11:43:46 PM) [Round: 0042] Aggregate updated weights of 10 clients...!
[INFO](2026/08/18/ 11:43:46 PM) [Round: 0042] ...updated weights of 10 clients are successfully averaged!
[INFO](2026/08/18/ 11:43:49 PM) [Round: 0042] Evaluate global model's performance...!                
	[Server] ...finished evaluation!                
	=> Loss: 8.4432                
	=> Accuracy: 4.05%

[INFO](2026/08/18/ 11:43:49 PM) [Round: 0043] Select clients...!
[INFO](2026/08/18/ 11:43:50 PM) [Round: 0043] ...successfully transmitted models to 10 selected clients!
[INFO](2026/08/18/ 11:43:50 PM) [Round: 0043] Start updating selected 10 clients...!
[INFO](2026/08/18/ 11:44:05 PM) [Round: 0043] ...10 clients are selected and updated (with total sample size: 35)!
[INFO](2026/08/18/ 11:44:05 PM) [Round: 0043] Aggregate updated weights of 10 clients...!
[INFO](2026/08/18/ 11:44:05 PM) [Round: 0043] ...updated weights of 10 clients are successfully averaged!
[INFO](2026/08/18/ 11:44:09 PM) [Round: 0043] Evaluate global model's performance...!                
	[Server] ...finished evaluation!                
	=> Loss: 8.5302                
	=> Accuracy: 4.76%

[INFO](2026/08/18/ 11:44:09 PM) [Round: 0044] Select clients...!
[INFO](2026/08/18/ 11:44:10 PM) [Round: 0044] ...successfully transmitted models to 10 selected clients!
[INFO](2026/08/18/ 11:44:10 PM) [Round: 0044] Start updating selected 10 clients...!
[INFO](2026/08/18/ 11:44:25 PM) [Round: 0044] ...10 clients are selected and updated (with total sample size: 25)!
[INFO](2026/08/18/ 11:44:25 PM) [Round: 0044] Aggregate updated weights of 10 clients...!
[INFO](2026/08/18/ 11:44:25 PM) [Round: 0044] ...updated weights of 10 clients are successfully averaged!
[INFO](2026/08/18/ 11:44:28 PM) [Round: 0044] Evaluate global model's performance...!                
	[Server] ...finished evaluation!                
	=> Loss: 8.2741                
	=> Accuracy: 2.38%

[INFO](2026/08/18/ 11:44:28 PM) [Round: 0045] Select clients...!
[INFO](2026/08/18/ 11:44:28 PM) [Round: 0045] ...successfully transmitted models to 10 selected clients!
[INFO](2026/08/18/ 11:44:28 PM) [Round: 0045] Start updating selected 10 clients...!
[INFO](2026/08/18/ 11:44:44 PM) [Round: 0045] ...10 clients are selected and updated (with total sample size: 25)!
[INFO](2026/08/18/ 11:44:44 PM) [Round: 0045] Aggregate updated weights of 10 clients...!
[INFO](2026/08/18/ 11:44:45 PM) [Round: 0045] ...updated weights of 10 clients are successfully averaged!
[INFO](2026/08/18/ 11:44:48 PM) [Round: 0045] Evaluate global model's performance...!                
	[Server] ...finished evaluation!                
	=> Loss: 10.2692                
	=> Accuracy: 4.29%

[INFO](2026/08/18/ 11:44:48 PM) [Round: 0046] Select clients...!
[INFO](2026/08/18/ 11:44:48 PM) [Round: 0046] ...successfully transmitted models to 10 selected clients!
[INFO](2026/08/18/ 11:44:48 PM) [Round: 0046] Start updating selected 10 clients...!
[INFO](2026/08/18/ 11:45:03 PM) [Round: 0046] ...10 clients are selected and updated (with total sample size: 37)!
[INFO](2026/08/18/ 11:45:03 PM) [Round: 0046] Aggregate updated weights of 10 clients...!
[INFO](2026/08/18/ 11:45:03 PM) [Round: 0046] ...updated weights of 10 clients are successfully averaged!
[INFO](2026/08/18/ 11:45:06 PM) [Round: 0046] Evaluate global model's performance...!                
	[Server] ...finished evaluation!                
	=> Loss: 8.0844                
	=> Accuracy: 4.52%

[INFO](2026/08/18/ 11:45:06 PM) [Round: 0047] Select clients...!
[INFO](2026/08/18/ 11:45:07 PM) [Round: 0047] ...successfully transmitted models to 10 selected clients!
[INFO](2026/08/18/ 11:45:07 PM) [Round: 0047] Start updating selected 10 clients...!
[INFO](2026/08/18/ 11:45:24 PM) [Round: 0047] ...10 clients are selected and updated (with total sample size: 37)!
[INFO](2026/08/18/ 11:45:24 PM) [Round: 0047] Aggregate updated weights of 10 clients...!
[INFO](2026/08/18/ 11:45:24 PM) [Round: 0047] ...updated weights of 10 clients are successfully averaged!
[INFO](2026/08/18/ 11:45:27 PM) [Round: 0047] Evaluate global model's performance...!                
	[Server] ...finished evaluation!                
	=> Loss: 6.9003                
	=> Accuracy: 5.48%

[INFO](2026/08/18/ 11:45:27 PM) [Round: 0048] Select clients...!
[INFO](2026/08/18/ 11:45:28 PM) [Round: 0048] ...successfully transmitted models to 10 selected clients!
[INFO](2026/08/18/ 11:45:28 PM) [Round: 0048] Start updating selected 10 clients...!
[INFO](2026/08/18/ 11:45:42 PM) [Round: 0048] ...10 clients are selected and updated (with total sample size: 25)!
[INFO](2026/08/18/ 11:45:42 PM) [Round: 0048] Aggregate updated weights of 10 clients...!
[INFO](2026/08/18/ 11:45:43 PM) [Round: 0048] ...updated weights of 10 clients are successfully averaged!
[INFO](2026/08/18/ 11:45:45 PM) [Round: 0048] Evaluate global model's performance...!                
	[Server] ...finished evaluation!                
	=> Loss: 5.6699                
	=> Accuracy: 4.52%

[INFO](2026/08/18/ 11:45:46 PM) [Round: 0049] Select clients...!
[INFO](2026/08/18/ 11:45:46 PM) [Round: 0049] ...successfully transmitted models to 10 selected clients!
[INFO](2026/08/18/ 11:45:46 PM) [Round: 0049] Start updating selected 10 clients...!
[INFO](2026/08/18/ 11:46:02 PM) [Round: 0049] ...10 clients are selected and updated (with total sample size: 54)!
[INFO](2026/08/18/ 11:46:02 PM) [Round: 0049] Aggregate updated weights of 10 clients...!
[INFO](2026/08/18/ 11:46:03 PM) [Round: 0049] ...updated weights of 10 clients are successfully averaged!
[INFO](2026/08/18/ 11:46:05 PM) [Round: 0049] Evaluate global model's performance...!                
	[Server] ...finished evaluation!                
	=> Loss: 6.9811                
	=> Accuracy: 3.33%

[INFO](2026/08/18/ 11:46:05 PM) [Round: 0050] Select clients...!
[INFO](2026/08/18/ 11:46:06 PM) [Round: 0050] ...successfully transmitted models to 10 selected clients!
[INFO](2026/08/18/ 11:46:06 PM) [Round: 0050] Start updating selected 10 clients...!
[INFO](2026/08/18/ 11:46:22 PM) [Round: 0050] ...10 clients are selected and updated (with total sample size: 44)!
[INFO](2026/08/18/ 11:46:22 PM) [Round: 0050] Aggregate updated weights of 10 clients...!
[INFO](2026/08/18/ 11:46:23 PM) [Round: 0050] ...updated weights of 10 clients are successfully averaged!
[INFO](2026/08/18/ 11:46:25 PM) [Round: 0050] Evaluate global model's performance...!                
	[Server] ...finished evaluation!                
	=> Loss: 6.3712                
	=> Accuracy: 5.00%

[INFO](2026/08/18/ 11:46:26 PM) [Round: 0051] Select clients...!
[INFO](2026/08/18/ 11:46:26 PM) [Round: 0051] ...successfully transmitted models to 10 selected clients!
[INFO](2026/08/18/ 11:46:26 PM) [Round: 0051] Start updating selected 10 clients...!
[INFO](2026/08/18/ 11:46:41 PM) [Round: 0051] ...10 clients are selected and updated (with total sample size: 35)!
[INFO](2026/08/18/ 11:46:41 PM) [Round: 0051] Aggregate updated weights of 10 clients...!
[INFO](2026/08/18/ 11:46:41 PM) [Round: 0051] ...updated weights of 10 clients are successfully averaged!
[INFO](2026/08/18/ 11:46:44 PM) [Round: 0051] Evaluate global model's performance...!                
	[Server] ...finished evaluation!                
	=> Loss: 5.9995                
	=> Accuracy: 4.05%

[INFO](2026/08/18/ 11:46:44 PM) [Round: 0052] Select clients...!
[INFO](2026/08/18/ 11:46:45 PM) [Round: 0052] ...successfully transmitted models to 10 selected clients!
[INFO](2026/08/18/ 11:46:45 PM) [Round: 0052] Start updating selected 10 clients...!
[INFO](2026/08/18/ 11:47:01 PM) [Round: 0052] ...10 clients are selected and updated (with total sample size: 54)!
[INFO](2026/08/18/ 11:47:01 PM) [Round: 0052] Aggregate updated weights of 10 clients...!
[INFO](2026/08/18/ 11:47:01 PM) [Round: 0052] ...updated weights of 10 clients are successfully averaged!
[INFO](2026/08/18/ 11:47:04 PM) [Round: 0052] Evaluate global model's performance...!                
	[Server] ...finished evaluation!                
	=> Loss: 7.8477                
	=> Accuracy: 5.00%

[INFO](2026/08/18/ 11:47:04 PM) [Round: 0053] Select clients...!
[INFO](2026/08/18/ 11:47:05 PM) [Round: 0053] ...successfully transmitted models to 10 selected clients!
[INFO](2026/08/18/ 11:47:05 PM) [Round: 0053] Start updating selected 10 clients...!
[INFO](2026/08/18/ 11:47:20 PM) [Round: 0053] ...10 clients are selected and updated (with total sample size: 35)!
[INFO](2026/08/18/ 11:47:20 PM) [Round: 0053] Aggregate updated weights of 10 clients...!
[INFO](2026/08/18/ 11:47:20 PM) [Round: 0053] ...updated weights of 10 clients are successfully averaged!
[INFO](2026/08/18/ 11:47:23 PM) [Round: 0053] Evaluate global model's performance...!                
	[Server] ...finished evaluation!                
	=> Loss: 9.1984                
	=> Accuracy: 3.81%

[INFO](2026/08/18/ 11:47:23 PM) [Round: 0054] Select clients...!
[INFO](2026/08/18/ 11:47:24 PM) [Round: 0054] ...successfully transmitted models to 10 selected clients!
[INFO](2026/08/18/ 11:47:24 PM) [Round: 0054] Start updating selected 10 clients...!
[INFO](2026/08/18/ 11:47:41 PM) [Round: 0054] ...10 clients are selected and updated (with total sample size: 43)!
[INFO](2026/08/18/ 11:47:41 PM) [Round: 0054] Aggregate updated weights of 10 clients...!
[INFO](2026/08/18/ 11:47:41 PM) [Round: 0054] ...updated weights of 10 clients are successfully averaged!
[INFO](2026/08/18/ 11:47:44 PM) [Round: 0054] Evaluate global model's performance...!                
	[Server] ...finished evaluation!                
	=> Loss: 6.6770                
	=> Accuracy: 4.76%

[INFO](2026/08/18/ 11:47:44 PM) [Round: 0055] Select clients...!
[INFO](2026/08/18/ 11:47:45 PM) [Round: 0055] ...successfully transmitted models to 10 selected clients!
[INFO](2026/08/18/ 11:47:45 PM) [Round: 0055] Start updating selected 10 clients...!
[INFO](2026/08/18/ 11:47:59 PM) [Round: 0055] ...10 clients are selected and updated (with total sample size: 44)!
[INFO](2026/08/18/ 11:47:59 PM) [Round: 0055] Aggregate updated weights of 10 clients...!
[INFO](2026/08/18/ 11:48:00 PM) [Round: 0055] ...updated weights of 10 clients are successfully averaged!
[INFO](2026/08/18/ 11:48:03 PM) [Round: 0055] Evaluate global model's performance...!                
	[Server] ...finished evaluation!                
	=> Loss: 5.8262                
	=> Accuracy: 5.24%

[INFO](2026/08/18/ 11:48:03 PM) [Round: 0056] Select clients...!
[INFO](2026/08/18/ 11:48:04 PM) [Round: 0056] ...successfully transmitted models to 10 selected clients!
[INFO](2026/08/18/ 11:48:04 PM) [Round: 0056] Start updating selected 10 clients...!
[INFO](2026/08/18/ 11:48:19 PM) [Round: 0056] ...10 clients are selected and updated (with total sample size: 54)!
[INFO](2026/08/18/ 11:48:20 PM) [Round: 0056] Aggregate updated weights of 10 clients...!
[INFO](2026/08/18/ 11:48:20 PM) [Round: 0056] ...updated weights of 10 clients are successfully averaged!
[INFO](2026/08/18/ 11:48:23 PM) [Round: 0056] Evaluate global model's performance...!                
	[Server] ...finished evaluation!                
	=> Loss: 7.0802                
	=> Accuracy: 4.05%

[INFO](2026/08/18/ 11:48:23 PM) [Round: 0057] Select clients...!
[INFO](2026/08/18/ 11:48:24 PM) [Round: 0057] ...successfully transmitted models to 10 selected clients!
[INFO](2026/08/18/ 11:48:24 PM) [Round: 0057] Start updating selected 10 clients...!
[INFO](2026/08/18/ 11:48:39 PM) [Round: 0057] ...10 clients are selected and updated (with total sample size: 59)!
[INFO](2026/08/18/ 11:48:39 PM) [Round: 0057] Aggregate updated weights of 10 clients...!
[INFO](2026/08/18/ 11:48:39 PM) [Round: 0057] ...updated weights of 10 clients are successfully averaged!
[INFO](2026/08/18/ 11:48:42 PM) [Round: 0057] Evaluate global model's performance...!                
	[Server] ...finished evaluation!                
	=> Loss: 5.1385                
	=> Accuracy: 5.24%

[INFO](2026/08/18/ 11:48:43 PM) [Round: 0058] Select clients...!
[INFO](2026/08/18/ 11:48:43 PM) [Round: 0058] ...successfully transmitted models to 10 selected clients!
[INFO](2026/08/18/ 11:48:43 PM) [Round: 0058] Start updating selected 10 clients...!
[INFO](2026/08/18/ 11:49:00 PM) [Round: 0058] ...10 clients are selected and updated (with total sample size: 42)!
[INFO](2026/08/18/ 11:49:00 PM) [Round: 0058] Aggregate updated weights of 10 clients...!
[INFO](2026/08/18/ 11:49:01 PM) [Round: 0058] ...updated weights of 10 clients are successfully averaged!
[INFO](2026/08/18/ 11:49:04 PM) [Round: 0058] Evaluate global model's performance...!                
	[Server] ...finished evaluation!                
	=> Loss: 11.3096                
	=> Accuracy: 5.48%

[INFO](2026/08/18/ 11:49:04 PM) [Round: 0059] Select clients...!
[INFO](2026/08/18/ 11:49:04 PM) [Round: 0059] ...successfully transmitted models to 10 selected clients!
[INFO](2026/08/18/ 11:49:04 PM) [Round: 0059] Start updating selected 10 clients...!
[INFO](2026/08/18/ 11:49:19 PM) [Round: 0059] ...10 clients are selected and updated (with total sample size: 29)!
[INFO](2026/08/18/ 11:49:19 PM) [Round: 0059] Aggregate updated weights of 10 clients...!
[INFO](2026/08/18/ 11:49:20 PM) [Round: 0059] ...updated weights of 10 clients are successfully averaged!
[INFO](2026/08/18/ 11:49:22 PM) [Round: 0059] Evaluate global model's performance...!                
	[Server] ...finished evaluation!                
	=> Loss: 7.3432                
	=> Accuracy: 6.90%

[INFO](2026/08/18/ 11:49:22 PM) [Round: 0060] Select clients...!
[INFO](2026/08/18/ 11:49:23 PM) [Round: 0060] ...successfully transmitted models to 10 selected clients!
[INFO](2026/08/18/ 11:49:23 PM) [Round: 0060] Start updating selected 10 clients...!
[INFO](2026/08/18/ 11:49:36 PM) [Round: 0060] ...10 clients are selected and updated (with total sample size: 37)!
[INFO](2026/08/18/ 11:49:36 PM) [Round: 0060] Aggregate updated weights of 10 clients...!
[INFO](2026/08/18/ 11:49:37 PM) [Round: 0060] ...updated weights of 10 clients are successfully averaged!
[INFO](2026/08/18/ 11:49:40 PM) [Round: 0060] Evaluate global model's performance...!                
	[Server] ...finished evaluation!                
	=> Loss: 9.0465                
	=> Accuracy: 5.71%

[INFO](2026/08/18/ 11:49:40 PM) [Round: 0061] Select clients...!
[INFO](2026/08/18/ 11:49:41 PM) [Round: 0061] ...successfully transmitted models to 10 selected clients!
[INFO](2026/08/18/ 11:49:41 PM) [Round: 0061] Start updating selected 10 clients...!
[INFO](2026/08/18/ 11:49:56 PM) [Round: 0061] ...10 clients are selected and updated (with total sample size: 29)!
[INFO](2026/08/18/ 11:49:56 PM) [Round: 0061] Aggregate updated weights of 10 clients...!
[INFO](2026/08/18/ 11:49:56 PM) [Round: 0061] ...updated weights of 10 clients are successfully averaged!
[INFO](2026/08/18/ 11:49:59 PM) [Round: 0061] Evaluate global model's performance...!                
	[Server] ...finished evaluation!                
	=> Loss: 8.1178                
	=> Accuracy: 2.38%

[INFO](2026/08/18/ 11:49:59 PM) [Round: 0062] Select clients...!
[INFO](2026/08/18/ 11:50:00 PM) [Round: 0062] ...successfully transmitted models to 10 selected clients!
[INFO](2026/08/18/ 11:50:00 PM) [Round: 0062] Start updating selected 10 clients...!
[INFO](2026/08/18/ 11:50:14 PM) [Round: 0062] ...10 clients are selected and updated (with total sample size: 37)!
[INFO](2026/08/18/ 11:50:14 PM) [Round: 0062] Aggregate updated weights of 10 clients...!
[INFO](2026/08/18/ 11:50:15 PM) [Round: 0062] ...updated weights of 10 clients are successfully averaged!
[INFO](2026/08/18/ 11:50:17 PM) [Round: 0062] Evaluate global model's performance...!                
	[Server] ...finished evaluation!                
	=> Loss: 10.7687                
	=> Accuracy: 7.38%

[INFO](2026/08/18/ 11:50:17 PM) [Round: 0063] Select clients...!
[INFO](2026/08/18/ 11:50:18 PM) [Round: 0063] ...successfully transmitted models to 10 selected clients!
[INFO](2026/08/18/ 11:50:18 PM) [Round: 0063] Start updating selected 10 clients...!
[INFO](2026/08/18/ 11:50:34 PM) [Round: 0063] ...10 clients are selected and updated (with total sample size: 50)!
[INFO](2026/08/18/ 11:50:34 PM) [Round: 0063] Aggregate updated weights of 10 clients...!
[INFO](2026/08/18/ 11:50:35 PM) [Round: 0063] ...updated weights of 10 clients are successfully averaged!
[INFO](2026/08/18/ 11:50:37 PM) [Round: 0063] Evaluate global model's performance...!                
	[Server] ...finished evaluation!                
	=> Loss: 6.3953                
	=> Accuracy: 5.95%

[INFO](2026/08/18/ 11:50:37 PM) [Round: 0064] Select clients...!
[INFO](2026/08/18/ 11:50:38 PM) [Round: 0064] ...successfully transmitted models to 10 selected clients!
[INFO](2026/08/18/ 11:50:38 PM) [Round: 0064] Start updating selected 10 clients...!
[INFO](2026/08/18/ 11:50:53 PM) [Round: 0064] ...10 clients are selected and updated (with total sample size: 25)!
[INFO](2026/08/18/ 11:50:53 PM) [Round: 0064] Aggregate updated weights of 10 clients...!
[INFO](2026/08/18/ 11:50:53 PM) [Round: 0064] ...updated weights of 10 clients are successfully averaged!
[INFO](2026/08/18/ 11:50:56 PM) [Round: 0064] Evaluate global model's performance...!                
	[Server] ...finished evaluation!                
	=> Loss: 8.4535                
	=> Accuracy: 7.62%

[INFO](2026/08/18/ 11:50:56 PM) [Round: 0065] Select clients...!
[INFO](2026/08/18/ 11:50:57 PM) [Round: 0065] ...successfully transmitted models to 10 selected clients!
[INFO](2026/08/18/ 11:50:57 PM) [Round: 0065] Start updating selected 10 clients...!
[INFO](2026/08/18/ 11:51:10 PM) [Round: 0065] ...10 clients are selected and updated (with total sample size: 29)!
[INFO](2026/08/18/ 11:51:10 PM) [Round: 0065] Aggregate updated weights of 10 clients...!
[INFO](2026/08/18/ 11:51:10 PM) [Round: 0065] ...updated weights of 10 clients are successfully averaged!
[INFO](2026/08/18/ 11:51:13 PM) [Round: 0065] Evaluate global model's performance...!                
	[Server] ...finished evaluation!                
	=> Loss: 8.3515                
	=> Accuracy: 6.19%

[INFO](2026/08/18/ 11:51:13 PM) [Round: 0066] Select clients...!
[INFO](2026/08/18/ 11:51:14 PM) [Round: 0066] ...successfully transmitted models to 10 selected clients!
[INFO](2026/08/18/ 11:51:14 PM) [Round: 0066] Start updating selected 10 clients...!
[INFO](2026/08/18/ 11:51:28 PM) [Round: 0066] ...10 clients are selected and updated (with total sample size: 29)!
[INFO](2026/08/18/ 11:51:28 PM) [Round: 0066] Aggregate updated weights of 10 clients...!
[INFO](2026/08/18/ 11:51:29 PM) [Round: 0066] ...updated weights of 10 clients are successfully averaged!
[INFO](2026/08/18/ 11:51:32 PM) [Round: 0066] Evaluate global model's performance...!                
	[Server] ...finished evaluation!                
	=> Loss: 7.2040                
	=> Accuracy: 7.14%

[INFO](2026/08/18/ 11:51:32 PM) [Round: 0067] Select clients...!
[INFO](2026/08/18/ 11:51:32 PM) [Round: 0067] ...successfully transmitted models to 10 selected clients!
[INFO](2026/08/18/ 11:51:32 PM) [Round: 0067] Start updating selected 10 clients...!
[INFO](2026/08/18/ 11:51:47 PM) [Round: 0067] ...10 clients are selected and updated (with total sample size: 29)!
[INFO](2026/08/18/ 11:51:47 PM) [Round: 0067] Aggregate updated weights of 10 clients...!
[INFO](2026/08/18/ 11:51:48 PM) [Round: 0067] ...updated weights of 10 clients are successfully averaged!
[INFO](2026/08/18/ 11:51:51 PM) [Round: 0067] Evaluate global model's performance...!                
	[Server] ...finished evaluation!                
	=> Loss: 6.1053                
	=> Accuracy: 9.76%

[INFO](2026/08/18/ 11:51:51 PM) [Round: 0068] Select clients...!
[INFO](2026/08/18/ 11:51:51 PM) [Round: 0068] ...successfully transmitted models to 10 selected clients!
[INFO](2026/08/18/ 11:51:52 PM) [Round: 0068] Start updating selected 10 clients...!
[INFO](2026/08/18/ 11:52:06 PM) [Round: 0068] ...10 clients are selected and updated (with total sample size: 37)!
[INFO](2026/08/18/ 11:52:06 PM) [Round: 0068] Aggregate updated weights of 10 clients...!
[INFO](2026/08/18/ 11:52:07 PM) [Round: 0068] ...updated weights of 10 clients are successfully averaged!
[INFO](2026/08/18/ 11:52:10 PM) [Round: 0068] Evaluate global model's performance...!                
	[Server] ...finished evaluation!                
	=> Loss: 4.7768                
	=> Accuracy: 5.71%

[INFO](2026/08/18/ 11:52:10 PM) [Round: 0069] Select clients...!
[INFO](2026/08/18/ 11:52:10 PM) [Round: 0069] ...successfully transmitted models to 10 selected clients!
[INFO](2026/08/18/ 11:52:10 PM) [Round: 0069] Start updating selected 10 clients...!
[INFO](2026/08/18/ 11:52:26 PM) [Round: 0069] ...10 clients are selected and updated (with total sample size: 54)!
[INFO](2026/08/18/ 11:52:26 PM) [Round: 0069] Aggregate updated weights of 10 clients...!
[INFO](2026/08/18/ 11:52:26 PM) [Round: 0069] ...updated weights of 10 clients are successfully averaged!
[INFO](2026/08/18/ 11:52:29 PM) [Round: 0069] Evaluate global model's performance...!                
	[Server] ...finished evaluation!                
	=> Loss: 7.7268                
	=> Accuracy: 6.90%

[INFO](2026/08/18/ 11:52:29 PM) [Round: 0070] Select clients...!
[INFO](2026/08/18/ 11:52:30 PM) [Round: 0070] ...successfully transmitted models to 10 selected clients!
[INFO](2026/08/18/ 11:52:30 PM) [Round: 0070] Start updating selected 10 clients...!
[INFO](2026/08/18/ 11:52:45 PM) [Round: 0070] ...10 clients are selected and updated (with total sample size: 42)!
[INFO](2026/08/18/ 11:52:45 PM) [Round: 0070] Aggregate updated weights of 10 clients...!
[INFO](2026/08/18/ 11:52:45 PM) [Round: 0070] ...updated weights of 10 clients are successfully averaged!
[INFO](2026/08/18/ 11:52:48 PM) [Round: 0070] Evaluate global model's performance...!                
	[Server] ...finished evaluation!                
	=> Loss: 13.5734                
	=> Accuracy: 7.86%

[INFO](2026/08/18/ 11:52:48 PM) [Round: 0071] Select clients...!
[INFO](2026/08/18/ 11:52:49 PM) [Round: 0071] ...successfully transmitted models to 10 selected clients!
[INFO](2026/08/18/ 11:52:49 PM) [Round: 0071] Start updating selected 10 clients...!
[INFO](2026/08/18/ 11:53:03 PM) [Round: 0071] ...10 clients are selected and updated (with total sample size: 25)!
[INFO](2026/08/18/ 11:53:03 PM) [Round: 0071] Aggregate updated weights of 10 clients...!
[INFO](2026/08/18/ 11:53:04 PM) [Round: 0071] ...updated weights of 10 clients are successfully averaged!
[INFO](2026/08/18/ 11:53:06 PM) [Round: 0071] Evaluate global model's performance...!                
	[Server] ...finished evaluation!                
	=> Loss: 5.8780                
	=> Accuracy: 7.14%

[INFO](2026/08/18/ 11:53:07 PM) [Round: 0072] Select clients...!
[INFO](2026/08/18/ 11:53:07 PM) [Round: 0072] ...successfully transmitted models to 10 selected clients!
[INFO](2026/08/18/ 11:53:07 PM) [Round: 0072] Start updating selected 10 clients...!
[INFO](2026/08/18/ 11:53:21 PM) [Round: 0072] ...10 clients are selected and updated (with total sample size: 29)!
[INFO](2026/08/18/ 11:53:21 PM) [Round: 0072] Aggregate updated weights of 10 clients...!
[INFO](2026/08/18/ 11:53:22 PM) [Round: 0072] ...updated weights of 10 clients are successfully averaged!
[INFO](2026/08/18/ 11:53:24 PM) [Round: 0072] Evaluate global model's performance...!                
	[Server] ...finished evaluation!                
	=> Loss: 9.5363                
	=> Accuracy: 5.48%

[INFO](2026/08/18/ 11:53:24 PM) [Round: 0073] Select clients...!
[INFO](2026/08/18/ 11:53:25 PM) [Round: 0073] ...successfully transmitted models to 10 selected clients!
[INFO](2026/08/18/ 11:53:25 PM) [Round: 0073] Start updating selected 10 clients...!
[INFO](2026/08/18/ 11:53:42 PM) [Round: 0073] ...10 clients are selected and updated (with total sample size: 54)!
[INFO](2026/08/18/ 11:53:42 PM) [Round: 0073] Aggregate updated weights of 10 clients...!
[INFO](2026/08/18/ 11:53:42 PM) [Round: 0073] ...updated weights of 10 clients are successfully averaged!
[INFO](2026/08/18/ 11:53:45 PM) [Round: 0073] Evaluate global model's performance...!                
	[Server] ...finished evaluation!                
	=> Loss: 6.9835                
	=> Accuracy: 7.14%

[INFO](2026/08/18/ 11:53:45 PM) [Round: 0074] Select clients...!
[INFO](2026/08/18/ 11:53:46 PM) [Round: 0074] ...successfully transmitted models to 10 selected clients!
[INFO](2026/08/18/ 11:53:46 PM) [Round: 0074] Start updating selected 10 clients...!
[INFO](2026/08/18/ 11:54:03 PM) [Round: 0074] ...10 clients are selected and updated (with total sample size: 54)!
[INFO](2026/08/18/ 11:54:03 PM) [Round: 0074] Aggregate updated weights of 10 clients...!
[INFO](2026/08/18/ 11:54:03 PM) [Round: 0074] ...updated weights of 10 clients are successfully averaged!
[INFO](2026/08/18/ 11:54:06 PM) [Round: 0074] Evaluate global model's performance...!                
	[Server] ...finished evaluation!                
	=> Loss: 5.9753                
	=> Accuracy: 11.67%

[INFO](2026/08/18/ 11:54:06 PM) [Round: 0075] Select clients...!
[INFO](2026/08/18/ 11:54:06 PM) [Round: 0075] ...successfully transmitted models to 10 selected clients!
[INFO](2026/08/18/ 11:54:07 PM) [Round: 0075] Start updating selected 10 clients...!
[INFO](2026/08/18/ 11:54:22 PM) [Round: 0075] ...10 clients are selected and updated (with total sample size: 54)!
[INFO](2026/08/18/ 11:54:22 PM) [Round: 0075] Aggregate updated weights of 10 clients...!
[INFO](2026/08/18/ 11:54:22 PM) [Round: 0075] ...updated weights of 10 clients are successfully averaged!
[INFO](2026/08/18/ 11:54:25 PM) [Round: 0075] Evaluate global model's performance...!                
	[Server] ...finished evaluation!                
	=> Loss: 7.3326                
	=> Accuracy: 5.24%

[INFO](2026/08/18/ 11:54:25 PM) [Round: 0076] Select clients...!
[INFO](2026/08/18/ 11:54:26 PM) [Round: 0076] ...successfully transmitted models to 10 selected clients!
[INFO](2026/08/18/ 11:54:26 PM) [Round: 0076] Start updating selected 10 clients...!
[INFO](2026/08/18/ 11:54:41 PM) [Round: 0076] ...10 clients are selected and updated (with total sample size: 37)!
[INFO](2026/08/18/ 11:54:41 PM) [Round: 0076] Aggregate updated weights of 10 clients...!
[INFO](2026/08/18/ 11:54:42 PM) [Round: 0076] ...updated weights of 10 clients are successfully averaged!
[INFO](2026/08/18/ 11:54:45 PM) [Round: 0076] Evaluate global model's performance...!                
	[Server] ...finished evaluation!                
	=> Loss: 8.7394                
	=> Accuracy: 6.90%

[INFO](2026/08/18/ 11:54:45 PM) [Round: 0077] Select clients...!
[INFO](2026/08/18/ 11:54:45 PM) [Round: 0077] ...successfully transmitted models to 10 selected clients!
[INFO](2026/08/18/ 11:54:45 PM) [Round: 0077] Start updating selected 10 clients...!
[INFO](2026/08/18/ 11:55:03 PM) [Round: 0077] ...10 clients are selected and updated (with total sample size: 42)!
[INFO](2026/08/18/ 11:55:03 PM) [Round: 0077] Aggregate updated weights of 10 clients...!
[INFO](2026/08/18/ 11:55:04 PM) [Round: 0077] ...updated weights of 10 clients are successfully averaged!
[INFO](2026/08/18/ 11:55:06 PM) [Round: 0077] Evaluate global model's performance...!                
	[Server] ...finished evaluation!                
	=> Loss: 7.9159                
	=> Accuracy: 5.48%

[INFO](2026/08/18/ 11:55:06 PM) [Round: 0078] Select clients...!
[INFO](2026/08/18/ 11:55:07 PM) [Round: 0078] ...successfully transmitted models to 10 selected clients!
[INFO](2026/08/18/ 11:55:07 PM) [Round: 0078] Start updating selected 10 clients...!
[INFO](2026/08/18/ 11:55:23 PM) [Round: 0078] ...10 clients are selected and updated (with total sample size: 35)!
[INFO](2026/08/18/ 11:55:23 PM) [Round: 0078] Aggregate updated weights of 10 clients...!
[INFO](2026/08/18/ 11:55:23 PM) [Round: 0078] ...updated weights of 10 clients are successfully averaged!
[INFO](2026/08/18/ 11:55:26 PM) [Round: 0078] Evaluate global model's performance...!                
	[Server] ...finished evaluation!                
	=> Loss: 4.7261                
	=> Accuracy: 5.48%

[INFO](2026/08/18/ 11:55:26 PM) [Round: 0079] Select clients...!
[INFO](2026/08/18/ 11:55:27 PM) [Round: 0079] ...successfully transmitted models to 10 selected clients!
[INFO](2026/08/18/ 11:55:27 PM) [Round: 0079] Start updating selected 10 clients...!
[INFO](2026/08/18/ 11:55:42 PM) [Round: 0079] ...10 clients are selected and updated (with total sample size: 54)!
[INFO](2026/08/18/ 11:55:42 PM) [Round: 0079] Aggregate updated weights of 10 clients...!
[INFO](2026/08/18/ 11:55:43 PM) [Round: 0079] ...updated weights of 10 clients are successfully averaged!
[INFO](2026/08/18/ 11:55:45 PM) [Round: 0079] Evaluate global model's performance...!                
	[Server] ...finished evaluation!                
	=> Loss: 8.4641                
	=> Accuracy: 6.19%

[INFO](2026/08/18/ 11:55:45 PM) [Round: 0080] Select clients...!
[INFO](2026/08/18/ 11:55:46 PM) [Round: 0080] ...successfully transmitted models to 10 selected clients!
[INFO](2026/08/18/ 11:55:46 PM) [Round: 0080] Start updating selected 10 clients...!
[INFO](2026/08/18/ 11:56:01 PM) [Round: 0080] ...10 clients are selected and updated (with total sample size: 54)!
[INFO](2026/08/18/ 11:56:01 PM) [Round: 0080] Aggregate updated weights of 10 clients...!
[INFO](2026/08/18/ 11:56:02 PM) [Round: 0080] ...updated weights of 10 clients are successfully averaged!
[INFO](2026/08/18/ 11:56:04 PM) [Round: 0080] Evaluate global model's performance...!                
	[Server] ...finished evaluation!                
	=> Loss: 6.1476                
	=> Accuracy: 6.19%

[INFO](2026/08/18/ 11:56:05 PM) [Round: 0081] Select clients...!
[INFO](2026/08/18/ 11:56:05 PM) [Round: 0081] ...successfully transmitted models to 10 selected clients!
[INFO](2026/08/18/ 11:56:05 PM) [Round: 0081] Start updating selected 10 clients...!
[INFO](2026/08/18/ 11:56:19 PM) [Round: 0081] ...10 clients are selected and updated (with total sample size: 37)!
[INFO](2026/08/18/ 11:56:19 PM) [Round: 0081] Aggregate updated weights of 10 clients...!
[INFO](2026/08/18/ 11:56:19 PM) [Round: 0081] ...updated weights of 10 clients are successfully averaged!
[INFO](2026/08/18/ 11:56:22 PM) [Round: 0081] Evaluate global model's performance...!                
	[Server] ...finished evaluation!                
	=> Loss: 10.2455                
	=> Accuracy: 5.00%

[INFO](2026/08/18/ 11:56:22 PM) [Round: 0082] Select clients...!
[INFO](2026/08/18/ 11:56:23 PM) [Round: 0082] ...successfully transmitted models to 10 selected clients!
[INFO](2026/08/18/ 11:56:23 PM) [Round: 0082] Start updating selected 10 clients...!
[INFO](2026/08/18/ 11:56:38 PM) [Round: 0082] ...10 clients are selected and updated (with total sample size: 54)!
[INFO](2026/08/18/ 11:56:38 PM) [Round: 0082] Aggregate updated weights of 10 clients...!
[INFO](2026/08/18/ 11:56:38 PM) [Round: 0082] ...updated weights of 10 clients are successfully averaged!
[INFO](2026/08/18/ 11:56:41 PM) [Round: 0082] Evaluate global model's performance...!                
	[Server] ...finished evaluation!                
	=> Loss: 12.5409                
	=> Accuracy: 5.71%

[INFO](2026/08/18/ 11:56:42 PM) [Round: 0083] Select clients...!
[INFO](2026/08/18/ 11:56:42 PM) [Round: 0083] ...successfully transmitted models to 10 selected clients!
[INFO](2026/08/18/ 11:56:42 PM) [Round: 0083] Start updating selected 10 clients...!
[INFO](2026/08/18/ 11:56:58 PM) [Round: 0083] ...10 clients are selected and updated (with total sample size: 35)!
[INFO](2026/08/18/ 11:56:58 PM) [Round: 0083] Aggregate updated weights of 10 clients...!
[INFO](2026/08/18/ 11:56:59 PM) [Round: 0083] ...updated weights of 10 clients are successfully averaged!
[INFO](2026/08/18/ 11:57:02 PM) [Round: 0083] Evaluate global model's performance...!                
	[Server] ...finished evaluation!                
	=> Loss: 7.5237                
	=> Accuracy: 5.71%

[INFO](2026/08/18/ 11:57:02 PM) [Round: 0084] Select clients...!
[INFO](2026/08/18/ 11:57:02 PM) [Round: 0084] ...successfully transmitted models to 10 selected clients!
[INFO](2026/08/18/ 11:57:02 PM) [Round: 0084] Start updating selected 10 clients...!
[INFO](2026/08/18/ 11:57:19 PM) [Round: 0084] ...10 clients are selected and updated (with total sample size: 29)!
[INFO](2026/08/18/ 11:57:19 PM) [Round: 0084] Aggregate updated weights of 10 clients...!
[INFO](2026/08/18/ 11:57:19 PM) [Round: 0084] ...updated weights of 10 clients are successfully averaged!
[INFO](2026/08/18/ 11:57:22 PM) [Round: 0084] Evaluate global model's performance...!                
	[Server] ...finished evaluation!                
	=> Loss: 7.1437                
	=> Accuracy: 6.90%

[INFO](2026/08/18/ 11:57:22 PM) [Round: 0085] Select clients...!
[INFO](2026/08/18/ 11:57:23 PM) [Round: 0085] ...successfully transmitted models to 10 selected clients!
[INFO](2026/08/18/ 11:57:23 PM) [Round: 0085] Start updating selected 10 clients...!
[INFO](2026/08/18/ 11:57:40 PM) [Round: 0085] ...10 clients are selected and updated (with total sample size: 54)!
[INFO](2026/08/18/ 11:57:40 PM) [Round: 0085] Aggregate updated weights of 10 clients...!
[INFO](2026/08/18/ 11:57:41 PM) [Round: 0085] ...updated weights of 10 clients are successfully averaged!
[INFO](2026/08/18/ 11:57:43 PM) [Round: 0085] Evaluate global model's performance...!                
	[Server] ...finished evaluation!                
	=> Loss: 6.1635                
	=> Accuracy: 5.95%

[INFO](2026/08/18/ 11:57:44 PM) [Round: 0086] Select clients...!
[INFO](2026/08/18/ 11:57:44 PM) [Round: 0086] ...successfully transmitted models to 10 selected clients!
[INFO](2026/08/18/ 11:57:44 PM) [Round: 0086] Start updating selected 10 clients...!
[INFO](2026/08/18/ 11:58:00 PM) [Round: 0086] ...10 clients are selected and updated (with total sample size: 37)!
[INFO](2026/08/18/ 11:58:00 PM) [Round: 0086] Aggregate updated weights of 10 clients...!
[INFO](2026/08/18/ 11:58:00 PM) [Round: 0086] ...updated weights of 10 clients are successfully averaged!
[INFO](2026/08/18/ 11:58:03 PM) [Round: 0086] Evaluate global model's performance...!                
	[Server] ...finished evaluation!                
	=> Loss: 6.6992                
	=> Accuracy: 5.95%

[INFO](2026/08/18/ 11:58:03 PM) [Round: 0087] Select clients...!
[INFO](2026/08/18/ 11:58:04 PM) [Round: 0087] ...successfully transmitted models to 10 selected clients!
[INFO](2026/08/18/ 11:58:04 PM) [Round: 0087] Start updating selected 10 clients...!
[INFO](2026/08/18/ 11:58:19 PM) [Round: 0087] ...10 clients are selected and updated (with total sample size: 35)!
[INFO](2026/08/18/ 11:58:19 PM) [Round: 0087] Aggregate updated weights of 10 clients...!
[INFO](2026/08/18/ 11:58:20 PM) [Round: 0087] ...updated weights of 10 clients are successfully averaged!
[INFO](2026/08/18/ 11:58:23 PM) [Round: 0087] Evaluate global model's performance...!                
	[Server] ...finished evaluation!                
	=> Loss: 10.4614                
	=> Accuracy: 5.95%

[INFO](2026/08/18/ 11:58:23 PM) [Round: 0088] Select clients...!
[INFO](2026/08/18/ 11:58:23 PM) [Round: 0088] ...successfully transmitted models to 10 selected clients!
[INFO](2026/08/18/ 11:58:23 PM) [Round: 0088] Start updating selected 10 clients...!
[INFO](2026/08/18/ 11:58:38 PM) [Round: 0088] ...10 clients are selected and updated (with total sample size: 35)!
[INFO](2026/08/18/ 11:58:38 PM) [Round: 0088] Aggregate updated weights of 10 clients...!
[INFO](2026/08/18/ 11:58:38 PM) [Round: 0088] ...updated weights of 10 clients are successfully averaged!
[INFO](2026/08/18/ 11:58:41 PM) [Round: 0088] Evaluate global model's performance...!                
	[Server] ...finished evaluation!                
	=> Loss: 8.5500                
	=> Accuracy: 6.90%

[INFO](2026/08/18/ 11:58:41 PM) [Round: 0089] Select clients...!
[INFO](2026/08/18/ 11:58:42 PM) [Round: 0089] ...successfully transmitted models to 10 selected clients!
[INFO](2026/08/18/ 11:58:42 PM) [Round: 0089] Start updating selected 10 clients...!
[INFO](2026/08/18/ 11:58:57 PM) [Round: 0089] ...10 clients are selected and updated (with total sample size: 54)!
[INFO](2026/08/18/ 11:58:57 PM) [Round: 0089] Aggregate updated weights of 10 clients...!
[INFO](2026/08/18/ 11:58:58 PM) [Round: 0089] ...updated weights of 10 clients are successfully averaged!
[INFO](2026/08/18/ 11:59:01 PM) [Round: 0089] Evaluate global model's performance...!                
	[Server] ...finished evaluation!                
	=> Loss: 10.2743                
	=> Accuracy: 3.10%

[INFO](2026/08/18/ 11:59:01 PM) [Round: 0090] Select clients...!
[INFO](2026/08/18/ 11:59:01 PM) [Round: 0090] ...successfully transmitted models to 10 selected clients!
[INFO](2026/08/18/ 11:59:01 PM) [Round: 0090] Start updating selected 10 clients...!
[INFO](2026/08/18/ 11:59:18 PM) [Round: 0090] ...10 clients are selected and updated (with total sample size: 25)!
[INFO](2026/08/18/ 11:59:18 PM) [Round: 0090] Aggregate updated weights of 10 clients...!
[INFO](2026/08/18/ 11:59:18 PM) [Round: 0090] ...updated weights of 10 clients are successfully averaged!
[INFO](2026/08/18/ 11:59:21 PM) [Round: 0090] Evaluate global model's performance...!                
	[Server] ...finished evaluation!                
	=> Loss: 8.4306                
	=> Accuracy: 6.67%

[INFO](2026/08/18/ 11:59:21 PM) [Round: 0091] Select clients...!
[INFO](2026/08/18/ 11:59:22 PM) [Round: 0091] ...successfully transmitted models to 10 selected clients!
[INFO](2026/08/18/ 11:59:22 PM) [Round: 0091] Start updating selected 10 clients...!
[INFO](2026/08/18/ 11:59:36 PM) [Round: 0091] ...10 clients are selected and updated (with total sample size: 54)!
[INFO](2026/08/18/ 11:59:36 PM) [Round: 0091] Aggregate updated weights of 10 clients...!
[INFO](2026/08/18/ 11:59:36 PM) [Round: 0091] ...updated weights of 10 clients are successfully averaged!
[INFO](2026/08/18/ 11:59:39 PM) [Round: 0091] Evaluate global model's performance...!                
	[Server] ...finished evaluation!                
	=> Loss: 7.8242                
	=> Accuracy: 5.95%

[INFO](2026/08/18/ 11:59:39 PM) [Round: 0092] Select clients...!
[INFO](2026/08/18/ 11:59:40 PM) [Round: 0092] ...successfully transmitted models to 10 selected clients!
[INFO](2026/08/18/ 11:59:40 PM) [Round: 0092] Start updating selected 10 clients...!
[INFO](2026/08/18/ 11:59:57 PM) [Round: 0092] ...10 clients are selected and updated (with total sample size: 37)!
[INFO](2026/08/18/ 11:59:57 PM) [Round: 0092] Aggregate updated weights of 10 clients...!
[INFO](2026/08/18/ 11:59:57 PM) [Round: 0092] ...updated weights of 10 clients are successfully averaged!
[INFO](2026/08/19/ 12:00:00 AM) [Round: 0092] Evaluate global model's performance...!                
	[Server] ...finished evaluation!                
	=> Loss: 7.4594                
	=> Accuracy: 5.24%

[INFO](2026/08/19/ 12:00:00 AM) [Round: 0093] Select clients...!
[INFO](2026/08/19/ 12:00:00 AM) [Round: 0093] ...successfully transmitted models to 10 selected clients!
[INFO](2026/08/19/ 12:00:01 AM) [Round: 0093] Start updating selected 10 clients...!
[INFO](2026/08/19/ 12:00:16 AM) [Round: 0093] ...10 clients are selected and updated (with total sample size: 29)!
[INFO](2026/08/19/ 12:00:16 AM) [Round: 0093] Aggregate updated weights of 10 clients...!
[INFO](2026/08/19/ 12:00:16 AM) [Round: 0093] ...updated weights of 10 clients are successfully averaged!
[INFO](2026/08/19/ 12:00:19 AM) [Round: 0093] Evaluate global model's performance...!                
	[Server] ...finished evaluation!                
	=> Loss: 11.4484                
	=> Accuracy: 6.19%

[INFO](2026/08/19/ 12:00:19 AM) [Round: 0094] Select clients...!
[INFO](2026/08/19/ 12:00:20 AM) [Round: 0094] ...successfully transmitted models to 10 selected clients!
[INFO](2026/08/19/ 12:00:20 AM) [Round: 0094] Start updating selected 10 clients...!
[INFO](2026/08/19/ 12:00:35 AM) [Round: 0094] ...10 clients are selected and updated (with total sample size: 37)!
[INFO](2026/08/19/ 12:00:35 AM) [Round: 0094] Aggregate updated weights of 10 clients...!
[INFO](2026/08/19/ 12:00:36 AM) [Round: 0094] ...updated weights of 10 clients are successfully averaged!
[INFO](2026/08/19/ 12:00:38 AM) [Round: 0094] Evaluate global model's performance...!                
	[Server] ...finished evaluation!                
	=> Loss: 10.0866                
	=> Accuracy: 5.71%

[INFO](2026/08/19/ 12:00:38 AM) [Round: 0095] Select clients...!
[INFO](2026/08/19/ 12:00:39 AM) [Round: 0095] ...successfully transmitted models to 10 selected clients!
[INFO](2026/08/19/ 12:00:39 AM) [Round: 0095] Start updating selected 10 clients...!
[INFO](2026/08/19/ 12:00:54 AM) [Round: 0095] ...10 clients are selected and updated (with total sample size: 25)!
[INFO](2026/08/19/ 12:00:55 AM) [Round: 0095] Aggregate updated weights of 10 clients...!
[INFO](2026/08/19/ 12:00:55 AM) [Round: 0095] ...updated weights of 10 clients are successfully averaged!
[INFO](2026/08/19/ 12:00:57 AM) [Round: 0095] Evaluate global model's performance...!                
	[Server] ...finished evaluation!                
	=> Loss: 5.6810                
	=> Accuracy: 6.43%

[INFO](2026/08/19/ 12:00:58 AM) [Round: 0096] Select clients...!
[INFO](2026/08/19/ 12:00:58 AM) [Round: 0096] ...successfully transmitted models to 10 selected clients!
[INFO](2026/08/19/ 12:00:58 AM) [Round: 0096] Start updating selected 10 clients...!
[INFO](2026/08/19/ 12:01:15 AM) [Round: 0096] ...10 clients are selected and updated (with total sample size: 37)!
[INFO](2026/08/19/ 12:01:15 AM) [Round: 0096] Aggregate updated weights of 10 clients...!
[INFO](2026/08/19/ 12:01:16 AM) [Round: 0096] ...updated weights of 10 clients are successfully averaged!
[INFO](2026/08/19/ 12:01:18 AM) [Round: 0096] Evaluate global model's performance...!                
	[Server] ...finished evaluation!                
	=> Loss: 9.9517                
	=> Accuracy: 5.71%

[INFO](2026/08/19/ 12:01:18 AM) [Round: 0097] Select clients...!
[INFO](2026/08/19/ 12:01:19 AM) [Round: 0097] ...successfully transmitted models to 10 selected clients!
[INFO](2026/08/19/ 12:01:19 AM) [Round: 0097] Start updating selected 10 clients...!
[INFO](2026/08/19/ 12:01:34 AM) [Round: 0097] ...10 clients are selected and updated (with total sample size: 29)!
[INFO](2026/08/19/ 12:01:34 AM) [Round: 0097] Aggregate updated weights of 10 clients...!
[INFO](2026/08/19/ 12:01:34 AM) [Round: 0097] ...updated weights of 10 clients are successfully averaged!
[INFO](2026/08/19/ 12:01:37 AM) [Round: 0097] Evaluate global model's performance...!                
	[Server] ...finished evaluation!                
	=> Loss: 5.8299                
	=> Accuracy: 7.14%

[INFO](2026/08/19/ 12:01:37 AM) [Round: 0098] Select clients...!
[INFO](2026/08/19/ 12:01:38 AM) [Round: 0098] ...successfully transmitted models to 10 selected clients!
[INFO](2026/08/19/ 12:01:38 AM) [Round: 0098] Start updating selected 10 clients...!
[INFO](2026/08/19/ 12:01:55 AM) [Round: 0098] ...10 clients are selected and updated (with total sample size: 42)!
[INFO](2026/08/19/ 12:01:55 AM) [Round: 0098] Aggregate updated weights of 10 clients...!
[INFO](2026/08/19/ 12:01:56 AM) [Round: 0098] ...updated weights of 10 clients are successfully averaged!
[INFO](2026/08/19/ 12:01:58 AM) [Round: 0098] Evaluate global model's performance...!                
	[Server] ...finished evaluation!                
	=> Loss: 14.3141                
	=> Accuracy: 5.48%

[INFO](2026/08/19/ 12:01:58 AM) [Round: 0099] Select clients...!
[INFO](2026/08/19/ 12:01:59 AM) [Round: 0099] ...successfully transmitted models to 10 selected clients!
[INFO](2026/08/19/ 12:01:59 AM) [Round: 0099] Start updating selected 10 clients...!
[INFO](2026/08/19/ 12:02:15 AM) [Round: 0099] ...10 clients are selected and updated (with total sample size: 54)!
[INFO](2026/08/19/ 12:02:15 AM) [Round: 0099] Aggregate updated weights of 10 clients...!
[INFO](2026/08/19/ 12:02:16 AM) [Round: 0099] ...updated weights of 10 clients are successfully averaged!
[INFO](2026/08/19/ 12:02:18 AM) [Round: 0099] Evaluate global model's performance...!                
	[Server] ...finished evaluation!                
	=> Loss: 15.3680                
	=> Accuracy: 7.86%

[INFO](2026/08/19/ 12:02:18 AM) [Round: 0100] Select clients...!
[INFO](2026/08/19/ 12:02:19 AM) [Round: 0100] ...successfully transmitted models to 10 selected clients!
[INFO](2026/08/19/ 12:02:19 AM) [Round: 0100] Start updating selected 10 clients...!
[INFO](2026/08/19/ 12:02:34 AM) [Round: 0100] ...10 clients are selected and updated (with total sample size: 29)!
[INFO](2026/08/19/ 12:02:34 AM) [Round: 0100] Aggregate updated weights of 10 clients...!
[INFO](2026/08/19/ 12:02:34 AM) [Round: 0100] ...updated weights of 10 clients are successfully averaged!
[INFO](2026/08/19/ 12:02:37 AM) [Round: 0100] Evaluate global model's performance...!                
	[Server] ...finished evaluation!                
	=> Loss: 11.4473                
	=> Accuracy: 6.67%

[INFO](2026/08/19/ 12:02:37 AM) [Round: 0101] Select clients...!
[INFO](2026/08/19/ 12:02:38 AM) [Round: 0101] ...successfully transmitted models to 10 selected clients!
[INFO](2026/08/19/ 12:02:38 AM) [Round: 0101] Start updating selected 10 clients...!
[INFO](2026/08/19/ 12:02:54 AM) [Round: 0101] ...10 clients are selected and updated (with total sample size: 54)!
[INFO](2026/08/19/ 12:02:54 AM) [Round: 0101] Aggregate updated weights of 10 clients...!
[INFO](2026/08/19/ 12:02:54 AM) [Round: 0101] ...updated weights of 10 clients are successfully averaged!
[INFO](2026/08/19/ 12:02:57 AM) [Round: 0101] Evaluate global model's performance...!                
	[Server] ...finished evaluation!                
	=> Loss: 6.3927                
	=> Accuracy: 3.81%

[INFO](2026/08/19/ 12:02:57 AM) [Round: 0102] Select clients...!
[INFO](2026/08/19/ 12:02:58 AM) [Round: 0102] ...successfully transmitted models to 10 selected clients!
[INFO](2026/08/19/ 12:02:58 AM) [Round: 0102] Start updating selected 10 clients...!
[INFO](2026/08/19/ 12:03:13 AM) [Round: 0102] ...10 clients are selected and updated (with total sample size: 29)!
[INFO](2026/08/19/ 12:03:13 AM) [Round: 0102] Aggregate updated weights of 10 clients...!
[INFO](2026/08/19/ 12:03:13 AM) [Round: 0102] ...updated weights of 10 clients are successfully averaged!
[INFO](2026/08/19/ 12:03:16 AM) [Round: 0102] Evaluate global model's performance...!                
	[Server] ...finished evaluation!                
	=> Loss: 21.5460                
	=> Accuracy: 5.24%

[INFO](2026/08/19/ 12:03:16 AM) [Round: 0103] Select clients...!
[INFO](2026/08/19/ 12:03:17 AM) [Round: 0103] ...successfully transmitted models to 10 selected clients!
[INFO](2026/08/19/ 12:03:17 AM) [Round: 0103] Start updating selected 10 clients...!
[INFO](2026/08/19/ 12:03:31 AM) [Round: 0103] ...10 clients are selected and updated (with total sample size: 29)!
[INFO](2026/08/19/ 12:03:31 AM) [Round: 0103] Aggregate updated weights of 10 clients...!
[INFO](2026/08/19/ 12:03:31 AM) [Round: 0103] ...updated weights of 10 clients are successfully averaged!
[INFO](2026/08/19/ 12:03:34 AM) [Round: 0103] Evaluate global model's performance...!                
	[Server] ...finished evaluation!                
	=> Loss: 9.7958                
	=> Accuracy: 4.76%

[INFO](2026/08/19/ 12:03:34 AM) [Round: 0104] Select clients...!
[INFO](2026/08/19/ 12:03:35 AM) [Round: 0104] ...successfully transmitted models to 10 selected clients!
[INFO](2026/08/19/ 12:03:35 AM) [Round: 0104] Start updating selected 10 clients...!
[INFO](2026/08/19/ 12:03:50 AM) [Round: 0104] ...10 clients are selected and updated (with total sample size: 29)!
[INFO](2026/08/19/ 12:03:50 AM) [Round: 0104] Aggregate updated weights of 10 clients...!
[INFO](2026/08/19/ 12:03:51 AM) [Round: 0104] ...updated weights of 10 clients are successfully averaged!
[INFO](2026/08/19/ 12:03:53 AM) [Round: 0104] Evaluate global model's performance...!                
	[Server] ...finished evaluation!                
	=> Loss: 8.6137                
	=> Accuracy: 7.14%

[INFO](2026/08/19/ 12:03:53 AM) [Round: 0105] Select clients...!
[INFO](2026/08/19/ 12:03:54 AM) [Round: 0105] ...successfully transmitted models to 10 selected clients!
[INFO](2026/08/19/ 12:03:54 AM) [Round: 0105] Start updating selected 10 clients...!
[INFO](2026/08/19/ 12:04:12 AM) [Round: 0105] ...10 clients are selected and updated (with total sample size: 54)!
[INFO](2026/08/19/ 12:04:12 AM) [Round: 0105] Aggregate updated weights of 10 clients...!
[INFO](2026/08/19/ 12:04:13 AM) [Round: 0105] ...updated weights of 10 clients are successfully averaged!
[INFO](2026/08/19/ 12:04:15 AM) [Round: 0105] Evaluate global model's performance...!                
	[Server] ...finished evaluation!                
	=> Loss: 5.4210                
	=> Accuracy: 6.90%

[INFO](2026/08/19/ 12:04:16 AM) [Round: 0106] Select clients...!
[INFO](2026/08/19/ 12:04:16 AM) [Round: 0106] ...successfully transmitted models to 10 selected clients!
[INFO](2026/08/19/ 12:04:16 AM) [Round: 0106] Start updating selected 10 clients...!
[INFO](2026/08/19/ 12:04:31 AM) [Round: 0106] ...10 clients are selected and updated (with total sample size: 42)!
[INFO](2026/08/19/ 12:04:31 AM) [Round: 0106] Aggregate updated weights of 10 clients...!
[INFO](2026/08/19/ 12:04:32 AM) [Round: 0106] ...updated weights of 10 clients are successfully averaged!
[INFO](2026/08/19/ 12:04:34 AM) [Round: 0106] Evaluate global model's performance...!                
	[Server] ...finished evaluation!                
	=> Loss: 11.6202                
	=> Accuracy: 7.14%

[INFO](2026/08/19/ 12:04:34 AM) [Round: 0107] Select clients...!
[INFO](2026/08/19/ 12:04:35 AM) [Round: 0107] ...successfully transmitted models to 10 selected clients!
[INFO](2026/08/19/ 12:04:35 AM) [Round: 0107] Start updating selected 10 clients...!
[INFO](2026/08/19/ 12:04:50 AM) [Round: 0107] ...10 clients are selected and updated (with total sample size: 42)!
[INFO](2026/08/19/ 12:04:50 AM) [Round: 0107] Aggregate updated weights of 10 clients...!
[INFO](2026/08/19/ 12:04:51 AM) [Round: 0107] ...updated weights of 10 clients are successfully averaged!
[INFO](2026/08/19/ 12:04:53 AM) [Round: 0107] Evaluate global model's performance...!                
	[Server] ...finished evaluation!                
	=> Loss: 11.1566                
	=> Accuracy: 5.24%

[INFO](2026/08/19/ 12:04:53 AM) [Round: 0108] Select clients...!
[INFO](2026/08/19/ 12:04:54 AM) [Round: 0108] ...successfully transmitted models to 10 selected clients!
[INFO](2026/08/19/ 12:04:54 AM) [Round: 0108] Start updating selected 10 clients...!
[INFO](2026/08/19/ 12:05:08 AM) [Round: 0108] ...10 clients are selected and updated (with total sample size: 42)!
[INFO](2026/08/19/ 12:05:08 AM) [Round: 0108] Aggregate updated weights of 10 clients...!
[INFO](2026/08/19/ 12:05:09 AM) [Round: 0108] ...updated weights of 10 clients are successfully averaged!
[INFO](2026/08/19/ 12:05:11 AM) [Round: 0108] Evaluate global model's performance...!                
	[Server] ...finished evaluation!                
	=> Loss: 9.7439                
	=> Accuracy: 7.38%

[INFO](2026/08/19/ 12:05:11 AM) [Round: 0109] Select clients...!
[INFO](2026/08/19/ 12:05:12 AM) [Round: 0109] ...successfully transmitted models to 10 selected clients!
[INFO](2026/08/19/ 12:05:12 AM) [Round: 0109] Start updating selected 10 clients...!
[INFO](2026/08/19/ 12:05:26 AM) [Round: 0109] ...10 clients are selected and updated (with total sample size: 29)!
[INFO](2026/08/19/ 12:05:26 AM) [Round: 0109] Aggregate updated weights of 10 clients...!
[INFO](2026/08/19/ 12:05:26 AM) [Round: 0109] ...updated weights of 10 clients are successfully averaged!
[INFO](2026/08/19/ 12:05:29 AM) [Round: 0109] Evaluate global model's performance...!                
	[Server] ...finished evaluation!                
	=> Loss: 10.5361                
	=> Accuracy: 5.24%

[INFO](2026/08/19/ 12:05:29 AM) [Round: 0110] Select clients...!
[INFO](2026/08/19/ 12:05:30 AM) [Round: 0110] ...successfully transmitted models to 10 selected clients!
[INFO](2026/08/19/ 12:05:30 AM) [Round: 0110] Start updating selected 10 clients...!
[INFO](2026/08/19/ 12:05:44 AM) [Round: 0110] ...10 clients are selected and updated (with total sample size: 35)!
[INFO](2026/08/19/ 12:05:44 AM) [Round: 0110] Aggregate updated weights of 10 clients...!
[INFO](2026/08/19/ 12:05:45 AM) [Round: 0110] ...updated weights of 10 clients are successfully averaged!
[INFO](2026/08/19/ 12:05:47 AM) [Round: 0110] Evaluate global model's performance...!                
	[Server] ...finished evaluation!                
	=> Loss: 11.2710                
	=> Accuracy: 6.90%

[INFO](2026/08/19/ 12:05:47 AM) [Round: 0111] Select clients...!
[INFO](2026/08/19/ 12:05:48 AM) [Round: 0111] ...successfully transmitted models to 10 selected clients!
[INFO](2026/08/19/ 12:05:48 AM) [Round: 0111] Start updating selected 10 clients...!
[INFO](2026/08/19/ 12:06:02 AM) [Round: 0111] ...10 clients are selected and updated (with total sample size: 35)!
[INFO](2026/08/19/ 12:06:02 AM) [Round: 0111] Aggregate updated weights of 10 clients...!
[INFO](2026/08/19/ 12:06:03 AM) [Round: 0111] ...updated weights of 10 clients are successfully averaged!
[INFO](2026/08/19/ 12:06:06 AM) [Round: 0111] Evaluate global model's performance...!                
	[Server] ...finished evaluation!                
	=> Loss: 10.3252                
	=> Accuracy: 5.48%

[INFO](2026/08/19/ 12:06:06 AM) [Round: 0112] Select clients...!
[INFO](2026/08/19/ 12:06:06 AM) [Round: 0112] ...successfully transmitted models to 10 selected clients!
[INFO](2026/08/19/ 12:06:06 AM) [Round: 0112] Start updating selected 10 clients...!
[INFO](2026/08/19/ 12:06:20 AM) [Round: 0112] ...10 clients are selected and updated (with total sample size: 25)!
[INFO](2026/08/19/ 12:06:20 AM) [Round: 0112] Aggregate updated weights of 10 clients...!
[INFO](2026/08/19/ 12:06:20 AM) [Round: 0112] ...updated weights of 10 clients are successfully averaged!
[INFO](2026/08/19/ 12:06:23 AM) [Round: 0112] Evaluate global model's performance...!                
	[Server] ...finished evaluation!                
	=> Loss: 7.4245                
	=> Accuracy: 6.19%

[INFO](2026/08/19/ 12:06:23 AM) [Round: 0113] Select clients...!
[INFO](2026/08/19/ 12:06:24 AM) [Round: 0113] ...successfully transmitted models to 10 selected clients!
[INFO](2026/08/19/ 12:06:24 AM) [Round: 0113] Start updating selected 10 clients...!
[INFO](2026/08/19/ 12:06:38 AM) [Round: 0113] ...10 clients are selected and updated (with total sample size: 37)!
[INFO](2026/08/19/ 12:06:38 AM) [Round: 0113] Aggregate updated weights of 10 clients...!
[INFO](2026/08/19/ 12:06:39 AM) [Round: 0113] ...updated weights of 10 clients are successfully averaged!
[INFO](2026/08/19/ 12:06:42 AM) [Round: 0113] Evaluate global model's performance...!                
	[Server] ...finished evaluation!                
	=> Loss: 12.7152                
	=> Accuracy: 7.38%

[INFO](2026/08/19/ 12:06:42 AM) [Round: 0114] Select clients...!
[INFO](2026/08/19/ 12:06:42 AM) [Round: 0114] ...successfully transmitted models to 10 selected clients!
[INFO](2026/08/19/ 12:06:42 AM) [Round: 0114] Start updating selected 10 clients...!
[INFO](2026/08/19/ 12:06:58 AM) [Round: 0114] ...10 clients are selected and updated (with total sample size: 54)!
[INFO](2026/08/19/ 12:06:59 AM) [Round: 0114] Aggregate updated weights of 10 clients...!
[INFO](2026/08/19/ 12:06:59 AM) [Round: 0114] ...updated weights of 10 clients are successfully averaged!
[INFO](2026/08/19/ 12:07:02 AM) [Round: 0114] Evaluate global model's performance...!                
	[Server] ...finished evaluation!                
	=> Loss: 7.9270                
	=> Accuracy: 6.67%

[INFO](2026/08/19/ 12:07:02 AM) [Round: 0115] Select clients...!
[INFO](2026/08/19/ 12:07:03 AM) [Round: 0115] ...successfully transmitted models to 10 selected clients!
[INFO](2026/08/19/ 12:07:03 AM) [Round: 0115] Start updating selected 10 clients...!
[INFO](2026/08/19/ 12:07:18 AM) [Round: 0115] ...10 clients are selected and updated (with total sample size: 42)!
[INFO](2026/08/19/ 12:07:18 AM) [Round: 0115] Aggregate updated weights of 10 clients...!
[INFO](2026/08/19/ 12:07:18 AM) [Round: 0115] ...updated weights of 10 clients are successfully averaged!
[INFO](2026/08/19/ 12:07:21 AM) [Round: 0115] Evaluate global model's performance...!                
	[Server] ...finished evaluation!                
	=> Loss: 11.1784                
	=> Accuracy: 7.62%

[INFO](2026/08/19/ 12:07:21 AM) [Round: 0116] Select clients...!
[INFO](2026/08/19/ 12:07:22 AM) [Round: 0116] ...successfully transmitted models to 10 selected clients!
[INFO](2026/08/19/ 12:07:22 AM) [Round: 0116] Start updating selected 10 clients...!
[INFO](2026/08/19/ 12:07:37 AM) [Round: 0116] ...10 clients are selected and updated (with total sample size: 37)!
[INFO](2026/08/19/ 12:07:37 AM) [Round: 0116] Aggregate updated weights of 10 clients...!
[INFO](2026/08/19/ 12:07:37 AM) [Round: 0116] ...updated weights of 10 clients are successfully averaged!
[INFO](2026/08/19/ 12:07:40 AM) [Round: 0116] Evaluate global model's performance...!                
	[Server] ...finished evaluation!                
	=> Loss: 6.3899                
	=> Accuracy: 8.81%

[INFO](2026/08/19/ 12:07:40 AM) [Round: 0117] Select clients...!
[INFO](2026/08/19/ 12:07:41 AM) [Round: 0117] ...successfully transmitted models to 10 selected clients!
[INFO](2026/08/19/ 12:07:41 AM) [Round: 0117] Start updating selected 10 clients...!
[INFO](2026/08/19/ 12:07:56 AM) [Round: 0117] ...10 clients are selected and updated (with total sample size: 54)!
[INFO](2026/08/19/ 12:07:56 AM) [Round: 0117] Aggregate updated weights of 10 clients...!
[INFO](2026/08/19/ 12:07:56 AM) [Round: 0117] ...updated weights of 10 clients are successfully averaged!
[INFO](2026/08/19/ 12:07:59 AM) [Round: 0117] Evaluate global model's performance...!                
	[Server] ...finished evaluation!                
	=> Loss: 13.3994                
	=> Accuracy: 6.43%

[INFO](2026/08/19/ 12:07:59 AM) [Round: 0118] Select clients...!
[INFO](2026/08/19/ 12:07:59 AM) [Round: 0118] ...successfully transmitted models to 10 selected clients!
[INFO](2026/08/19/ 12:07:59 AM) [Round: 0118] Start updating selected 10 clients...!
[INFO](2026/08/19/ 12:08:15 AM) [Round: 0118] ...10 clients are selected and updated (with total sample size: 25)!
[INFO](2026/08/19/ 12:08:15 AM) [Round: 0118] Aggregate updated weights of 10 clients...!
[INFO](2026/08/19/ 12:08:16 AM) [Round: 0118] ...updated weights of 10 clients are successfully averaged!
[INFO](2026/08/19/ 12:08:18 AM) [Round: 0118] Evaluate global model's performance...!                
	[Server] ...finished evaluation!                
	=> Loss: 8.3507                
	=> Accuracy: 7.14%

[INFO](2026/08/19/ 12:08:18 AM) [Round: 0119] Select clients...!
[INFO](2026/08/19/ 12:08:19 AM) [Round: 0119] ...successfully transmitted models to 10 selected clients!
[INFO](2026/08/19/ 12:08:19 AM) [Round: 0119] Start updating selected 10 clients...!
[INFO](2026/08/19/ 12:08:33 AM) [Round: 0119] ...10 clients are selected and updated (with total sample size: 25)!
[INFO](2026/08/19/ 12:08:33 AM) [Round: 0119] Aggregate updated weights of 10 clients...!
[INFO](2026/08/19/ 12:08:34 AM) [Round: 0119] ...updated weights of 10 clients are successfully averaged!
[INFO](2026/08/19/ 12:08:36 AM) [Round: 0119] Evaluate global model's performance...!                
	[Server] ...finished evaluation!                
	=> Loss: 15.8983                
	=> Accuracy: 5.95%

[INFO](2026/08/19/ 12:08:36 AM) [Round: 0120] Select clients...!
[INFO](2026/08/19/ 12:08:37 AM) [Round: 0120] ...successfully transmitted models to 10 selected clients!
[INFO](2026/08/19/ 12:08:37 AM) [Round: 0120] Start updating selected 10 clients...!
[INFO](2026/08/19/ 12:08:53 AM) [Round: 0120] ...10 clients are selected and updated (with total sample size: 54)!
[INFO](2026/08/19/ 12:08:53 AM) [Round: 0120] Aggregate updated weights of 10 clients...!
[INFO](2026/08/19/ 12:08:54 AM) [Round: 0120] ...updated weights of 10 clients are successfully averaged!
[INFO](2026/08/19/ 12:08:57 AM) [Round: 0120] Evaluate global model's performance...!                
	[Server] ...finished evaluation!                
	=> Loss: 8.0904                
	=> Accuracy: 5.24%

[INFO](2026/08/19/ 12:08:57 AM) [Round: 0121] Select clients...!
[INFO](2026/08/19/ 12:08:57 AM) [Round: 0121] ...successfully transmitted models to 10 selected clients!
[INFO](2026/08/19/ 12:08:57 AM) [Round: 0121] Start updating selected 10 clients...!
[INFO](2026/08/19/ 12:09:13 AM) [Round: 0121] ...10 clients are selected and updated (with total sample size: 52)!
[INFO](2026/08/19/ 12:09:13 AM) [Round: 0121] Aggregate updated weights of 10 clients...!
[INFO](2026/08/19/ 12:09:14 AM) [Round: 0121] ...updated weights of 10 clients are successfully averaged!
[INFO](2026/08/19/ 12:09:16 AM) [Round: 0121] Evaluate global model's performance...!                
	[Server] ...finished evaluation!                
	=> Loss: 13.6296                
	=> Accuracy: 5.71%

[INFO](2026/08/19/ 12:09:16 AM) [Round: 0122] Select clients...!
[INFO](2026/08/19/ 12:09:17 AM) [Round: 0122] ...successfully transmitted models to 10 selected clients!
[INFO](2026/08/19/ 12:09:17 AM) [Round: 0122] Start updating selected 10 clients...!
[INFO](2026/08/19/ 12:09:34 AM) [Round: 0122] ...10 clients are selected and updated (with total sample size: 54)!
[INFO](2026/08/19/ 12:09:34 AM) [Round: 0122] Aggregate updated weights of 10 clients...!
[INFO](2026/08/19/ 12:09:35 AM) [Round: 0122] ...updated weights of 10 clients are successfully averaged!
[INFO](2026/08/19/ 12:09:37 AM) [Round: 0122] Evaluate global model's performance...!                
	[Server] ...finished evaluation!                
	=> Loss: 9.8015                
	=> Accuracy: 6.67%

[INFO](2026/08/19/ 12:09:37 AM) [Round: 0123] Select clients...!
[INFO](2026/08/19/ 12:09:38 AM) [Round: 0123] ...successfully transmitted models to 10 selected clients!
[INFO](2026/08/19/ 12:09:38 AM) [Round: 0123] Start updating selected 10 clients...!
[INFO](2026/08/19/ 12:09:53 AM) [Round: 0123] ...10 clients are selected and updated (with total sample size: 35)!
[INFO](2026/08/19/ 12:09:53 AM) [Round: 0123] Aggregate updated weights of 10 clients...!
[INFO](2026/08/19/ 12:09:54 AM) [Round: 0123] ...updated weights of 10 clients are successfully averaged!
[INFO](2026/08/19/ 12:09:57 AM) [Round: 0123] Evaluate global model's performance...!                
	[Server] ...finished evaluation!                
	=> Loss: 9.9764                
	=> Accuracy: 8.81%

[INFO](2026/08/19/ 12:09:57 AM) [Round: 0124] Select clients...!
[INFO](2026/08/19/ 12:09:57 AM) [Round: 0124] ...successfully transmitted models to 10 selected clients!
[INFO](2026/08/19/ 12:09:58 AM) [Round: 0124] Start updating selected 10 clients...!
[INFO](2026/08/19/ 12:10:12 AM) [Round: 0124] ...10 clients are selected and updated (with total sample size: 29)!
[INFO](2026/08/19/ 12:10:12 AM) [Round: 0124] Aggregate updated weights of 10 clients...!
[INFO](2026/08/19/ 12:10:12 AM) [Round: 0124] ...updated weights of 10 clients are successfully averaged!
[INFO](2026/08/19/ 12:10:15 AM) [Round: 0124] Evaluate global model's performance...!                
	[Server] ...finished evaluation!                
	=> Loss: 11.6501                
	=> Accuracy: 5.24%

[INFO](2026/08/19/ 12:10:15 AM) [Round: 0125] Select clients...!
[INFO](2026/08/19/ 12:10:16 AM) [Round: 0125] ...successfully transmitted models to 10 selected clients!
[INFO](2026/08/19/ 12:10:16 AM) [Round: 0125] Start updating selected 10 clients...!
[INFO](2026/08/19/ 12:10:32 AM) [Round: 0125] ...10 clients are selected and updated (with total sample size: 54)!
[INFO](2026/08/19/ 12:10:32 AM) [Round: 0125] Aggregate updated weights of 10 clients...!
[INFO](2026/08/19/ 12:10:33 AM) [Round: 0125] ...updated weights of 10 clients are successfully averaged!
[INFO](2026/08/19/ 12:10:35 AM) [Round: 0125] Evaluate global model's performance...!                
	[Server] ...finished evaluation!                
	=> Loss: 8.1124                
	=> Accuracy: 6.90%

[INFO](2026/08/19/ 12:10:36 AM) [Round: 0126] Select clients...!
[INFO](2026/08/19/ 12:10:36 AM) [Round: 0126] ...successfully transmitted models to 10 selected clients!
[INFO](2026/08/19/ 12:10:36 AM) [Round: 0126] Start updating selected 10 clients...!
[INFO](2026/08/19/ 12:10:50 AM) [Round: 0126] ...10 clients are selected and updated (with total sample size: 29)!
[INFO](2026/08/19/ 12:10:51 AM) [Round: 0126] Aggregate updated weights of 10 clients...!
[INFO](2026/08/19/ 12:10:51 AM) [Round: 0126] ...updated weights of 10 clients are successfully averaged!
[INFO](2026/08/19/ 12:10:54 AM) [Round: 0126] Evaluate global model's performance...!                
	[Server] ...finished evaluation!                
	=> Loss: 10.9002                
	=> Accuracy: 4.76%

[INFO](2026/08/19/ 12:10:54 AM) [Round: 0127] Select clients...!
[INFO](2026/08/19/ 12:10:54 AM) [Round: 0127] ...successfully transmitted models to 10 selected clients!
[INFO](2026/08/19/ 12:10:54 AM) [Round: 0127] Start updating selected 10 clients...!
[INFO](2026/08/19/ 12:11:09 AM) [Round: 0127] ...10 clients are selected and updated (with total sample size: 29)!
[INFO](2026/08/19/ 12:11:09 AM) [Round: 0127] Aggregate updated weights of 10 clients...!
[INFO](2026/08/19/ 12:11:09 AM) [Round: 0127] ...updated weights of 10 clients are successfully averaged!
[INFO](2026/08/19/ 12:11:12 AM) [Round: 0127] Evaluate global model's performance...!                
	[Server] ...finished evaluation!                
	=> Loss: 9.4064                
	=> Accuracy: 7.14%

[INFO](2026/08/19/ 12:11:12 AM) [Round: 0128] Select clients...!
[INFO](2026/08/19/ 12:11:13 AM) [Round: 0128] ...successfully transmitted models to 10 selected clients!
[INFO](2026/08/19/ 12:11:13 AM) [Round: 0128] Start updating selected 10 clients...!
[INFO](2026/08/19/ 12:11:24 AM) [Round: 0128] ...10 clients are selected and updated (with total sample size: 54)!
[INFO](2026/08/19/ 12:11:24 AM) [Round: 0128] Aggregate updated weights of 10 clients...!
[INFO](2026/08/19/ 12:11:25 AM) [Round: 0128] ...updated weights of 10 clients are successfully averaged!
[INFO](2026/08/19/ 12:11:27 AM) [Round: 0128] Evaluate global model's performance...!                
	[Server] ...finished evaluation!                
	=> Loss: 15.5801                
	=> Accuracy: 5.48%

[INFO](2026/08/19/ 12:11:27 AM) [Round: 0129] Select clients...!
[INFO](2026/08/19/ 12:11:27 AM) [Round: 0129] ...successfully transmitted models to 10 selected clients!
[INFO](2026/08/19/ 12:11:27 AM) [Round: 0129] Start updating selected 10 clients...!
[INFO](2026/08/19/ 12:11:38 AM) [Round: 0129] ...10 clients are selected and updated (with total sample size: 44)!
[INFO](2026/08/19/ 12:11:39 AM) [Round: 0129] Aggregate updated weights of 10 clients...!
[INFO](2026/08/19/ 12:11:39 AM) [Round: 0129] ...updated weights of 10 clients are successfully averaged!
[INFO](2026/08/19/ 12:11:41 AM) [Round: 0129] Evaluate global model's performance...!                
	[Server] ...finished evaluation!                
	=> Loss: 13.3111                
	=> Accuracy: 5.95%

[INFO](2026/08/19/ 12:11:41 AM) [Round: 0130] Select clients...!
[INFO](2026/08/19/ 12:11:41 AM) [Round: 0130] ...successfully transmitted models to 10 selected clients!
[INFO](2026/08/19/ 12:11:42 AM) [Round: 0130] Start updating selected 10 clients...!
[INFO](2026/08/19/ 12:11:53 AM) [Round: 0130] ...10 clients are selected and updated (with total sample size: 37)!
[INFO](2026/08/19/ 12:11:53 AM) [Round: 0130] Aggregate updated weights of 10 clients...!
[INFO](2026/08/19/ 12:11:54 AM) [Round: 0130] ...updated weights of 10 clients are successfully averaged!
[INFO](2026/08/19/ 12:11:56 AM) [Round: 0130] Evaluate global model's performance...!                
	[Server] ...finished evaluation!                
	=> Loss: 5.9684                
	=> Accuracy: 5.24%

[INFO](2026/08/19/ 12:11:56 AM) [Round: 0131] Select clients...!
[INFO](2026/08/19/ 12:11:56 AM) [Round: 0131] ...successfully transmitted models to 10 selected clients!
[INFO](2026/08/19/ 12:11:56 AM) [Round: 0131] Start updating selected 10 clients...!
[INFO](2026/08/19/ 12:12:07 AM) [Round: 0131] ...10 clients are selected and updated (with total sample size: 37)!
[INFO](2026/08/19/ 12:12:07 AM) [Round: 0131] Aggregate updated weights of 10 clients...!
[INFO](2026/08/19/ 12:12:08 AM) [Round: 0131] ...updated weights of 10 clients are successfully averaged!
[INFO](2026/08/19/ 12:12:10 AM) [Round: 0131] Evaluate global model's performance...!                
	[Server] ...finished evaluation!                
	=> Loss: 11.7998                
	=> Accuracy: 5.24%

[INFO](2026/08/19/ 12:12:10 AM) [Round: 0132] Select clients...!
[INFO](2026/08/19/ 12:12:10 AM) [Round: 0132] ...successfully transmitted models to 10 selected clients!
[INFO](2026/08/19/ 12:12:10 AM) [Round: 0132] Start updating selected 10 clients...!
[INFO](2026/08/19/ 12:12:21 AM) [Round: 0132] ...10 clients are selected and updated (with total sample size: 25)!
[INFO](2026/08/19/ 12:12:22 AM) [Round: 0132] Aggregate updated weights of 10 clients...!
[INFO](2026/08/19/ 12:12:22 AM) [Round: 0132] ...updated weights of 10 clients are successfully averaged!
[INFO](2026/08/19/ 12:12:24 AM) [Round: 0132] Evaluate global model's performance...!                
	[Server] ...finished evaluation!                
	=> Loss: 11.0161                
	=> Accuracy: 4.76%

[INFO](2026/08/19/ 12:12:24 AM) [Round: 0133] Select clients...!
[INFO](2026/08/19/ 12:12:25 AM) [Round: 0133] ...successfully transmitted models to 10 selected clients!
[INFO](2026/08/19/ 12:12:25 AM) [Round: 0133] Start updating selected 10 clients...!
[INFO](2026/08/19/ 12:12:38 AM) [Round: 0133] ...10 clients are selected and updated (with total sample size: 35)!
[INFO](2026/08/19/ 12:12:38 AM) [Round: 0133] Aggregate updated weights of 10 clients...!
[INFO](2026/08/19/ 12:12:38 AM) [Round: 0133] ...updated weights of 10 clients are successfully averaged!
[INFO](2026/08/19/ 12:12:40 AM) [Round: 0133] Evaluate global model's performance...!                
	[Server] ...finished evaluation!                
	=> Loss: 7.7869                
	=> Accuracy: 6.43%

[INFO](2026/08/19/ 12:12:40 AM) [Round: 0134] Select clients...!
[INFO](2026/08/19/ 12:12:41 AM) [Round: 0134] ...successfully transmitted models to 10 selected clients!
[INFO](2026/08/19/ 12:12:41 AM) [Round: 0134] Start updating selected 10 clients...!
[INFO](2026/08/19/ 12:12:52 AM) [Round: 0134] ...10 clients are selected and updated (with total sample size: 37)!
[INFO](2026/08/19/ 12:12:52 AM) [Round: 0134] Aggregate updated weights of 10 clients...!
[INFO](2026/08/19/ 12:12:52 AM) [Round: 0134] ...updated weights of 10 clients are successfully averaged!
[INFO](2026/08/19/ 12:12:55 AM) [Round: 0134] Evaluate global model's performance...!                
	[Server] ...finished evaluation!                
	=> Loss: 12.4377                
	=> Accuracy: 5.48%

[INFO](2026/08/19/ 12:12:55 AM) [Round: 0135] Select clients...!
[INFO](2026/08/19/ 12:12:55 AM) [Round: 0135] ...successfully transmitted models to 10 selected clients!
[INFO](2026/08/19/ 12:12:55 AM) [Round: 0135] Start updating selected 10 clients...!
[INFO](2026/08/19/ 12:13:07 AM) [Round: 0135] ...10 clients are selected and updated (with total sample size: 25)!
[INFO](2026/08/19/ 12:13:07 AM) [Round: 0135] Aggregate updated weights of 10 clients...!
[INFO](2026/08/19/ 12:13:07 AM) [Round: 0135] ...updated weights of 10 clients are successfully averaged!
[INFO](2026/08/19/ 12:13:09 AM) [Round: 0135] Evaluate global model's performance...!                
	[Server] ...finished evaluation!                
	=> Loss: 9.8161                
	=> Accuracy: 6.19%

[INFO](2026/08/19/ 12:13:09 AM) [Round: 0136] Select clients...!
[INFO](2026/08/19/ 12:13:09 AM) [Round: 0136] ...successfully transmitted models to 10 selected clients!
[INFO](2026/08/19/ 12:13:10 AM) [Round: 0136] Start updating selected 10 clients...!
[INFO](2026/08/19/ 12:13:20 AM) [Round: 0136] ...10 clients are selected and updated (with total sample size: 25)!
[INFO](2026/08/19/ 12:13:21 AM) [Round: 0136] Aggregate updated weights of 10 clients...!
[INFO](2026/08/19/ 12:13:21 AM) [Round: 0136] ...updated weights of 10 clients are successfully averaged!
[INFO](2026/08/19/ 12:13:23 AM) [Round: 0136] Evaluate global model's performance...!                
	[Server] ...finished evaluation!                
	=> Loss: 8.5338                
	=> Accuracy: 8.33%

[INFO](2026/08/19/ 12:13:23 AM) [Round: 0137] Select clients...!
[INFO](2026/08/19/ 12:13:24 AM) [Round: 0137] ...successfully transmitted models to 10 selected clients!
[INFO](2026/08/19/ 12:13:24 AM) [Round: 0137] Start updating selected 10 clients...!
[INFO](2026/08/19/ 12:13:34 AM) [Round: 0137] ...10 clients are selected and updated (with total sample size: 35)!
[INFO](2026/08/19/ 12:13:34 AM) [Round: 0137] Aggregate updated weights of 10 clients...!
[INFO](2026/08/19/ 12:13:35 AM) [Round: 0137] ...updated weights of 10 clients are successfully averaged!
[INFO](2026/08/19/ 12:13:37 AM) [Round: 0137] Evaluate global model's performance...!                
	[Server] ...finished evaluation!                
	=> Loss: 8.4869                
	=> Accuracy: 5.71%

[INFO](2026/08/19/ 12:13:37 AM) [Round: 0138] Select clients...!
[INFO](2026/08/19/ 12:13:37 AM) [Round: 0138] ...successfully transmitted models to 10 selected clients!
[INFO](2026/08/19/ 12:13:37 AM) [Round: 0138] Start updating selected 10 clients...!
[INFO](2026/08/19/ 12:13:48 AM) [Round: 0138] ...10 clients are selected and updated (with total sample size: 25)!
[INFO](2026/08/19/ 12:13:48 AM) [Round: 0138] Aggregate updated weights of 10 clients...!
[INFO](2026/08/19/ 12:13:48 AM) [Round: 0138] ...updated weights of 10 clients are successfully averaged!
[INFO](2026/08/19/ 12:13:50 AM) [Round: 0138] Evaluate global model's performance...!                
	[Server] ...finished evaluation!                
	=> Loss: 15.0207                
	=> Accuracy: 6.67%

[INFO](2026/08/19/ 12:13:50 AM) [Round: 0139] Select clients...!
[INFO](2026/08/19/ 12:13:51 AM) [Round: 0139] ...successfully transmitted models to 10 selected clients!
[INFO](2026/08/19/ 12:13:51 AM) [Round: 0139] Start updating selected 10 clients...!
[INFO](2026/08/19/ 12:14:04 AM) [Round: 0139] ...10 clients are selected and updated (with total sample size: 37)!
[INFO](2026/08/19/ 12:14:04 AM) [Round: 0139] Aggregate updated weights of 10 clients...!
[INFO](2026/08/19/ 12:14:04 AM) [Round: 0139] ...updated weights of 10 clients are successfully averaged!
[INFO](2026/08/19/ 12:14:06 AM) [Round: 0139] Evaluate global model's performance...!                
	[Server] ...finished evaluation!                
	=> Loss: 12.3425                
	=> Accuracy: 5.95%

[INFO](2026/08/19/ 12:14:06 AM) [Round: 0140] Select clients...!
[INFO](2026/08/19/ 12:14:07 AM) [Round: 0140] ...successfully transmitted models to 10 selected clients!
[INFO](2026/08/19/ 12:14:07 AM) [Round: 0140] Start updating selected 10 clients...!
[INFO](2026/08/19/ 12:14:19 AM) [Round: 0140] ...10 clients are selected and updated (with total sample size: 35)!
[INFO](2026/08/19/ 12:14:19 AM) [Round: 0140] Aggregate updated weights of 10 clients...!
[INFO](2026/08/19/ 12:14:19 AM) [Round: 0140] ...updated weights of 10 clients are successfully averaged!
[INFO](2026/08/19/ 12:14:20 AM) [Round: 0140] Evaluate global model's performance...!                
	[Server] ...finished evaluation!                
	=> Loss: 7.3525                
	=> Accuracy: 5.95%

[INFO](2026/08/19/ 12:14:21 AM) [Round: 0141] Select clients...!
[INFO](2026/08/19/ 12:14:21 AM) [Round: 0141] ...successfully transmitted models to 10 selected clients!
[INFO](2026/08/19/ 12:14:21 AM) [Round: 0141] Start updating selected 10 clients...!
[INFO](2026/08/19/ 12:14:33 AM) [Round: 0141] ...10 clients are selected and updated (with total sample size: 35)!
[INFO](2026/08/19/ 12:14:33 AM) [Round: 0141] Aggregate updated weights of 10 clients...!
[INFO](2026/08/19/ 12:14:33 AM) [Round: 0141] ...updated weights of 10 clients are successfully averaged!
[INFO](2026/08/19/ 12:14:35 AM) [Round: 0141] Evaluate global model's performance...!                
	[Server] ...finished evaluation!                
	=> Loss: 13.3986                
	=> Accuracy: 7.38%

[INFO](2026/08/19/ 12:14:35 AM) [Round: 0142] Select clients...!
[INFO](2026/08/19/ 12:14:36 AM) [Round: 0142] ...successfully transmitted models to 10 selected clients!
[INFO](2026/08/19/ 12:14:36 AM) [Round: 0142] Start updating selected 10 clients...!
[INFO](2026/08/19/ 12:14:47 AM) [Round: 0142] ...10 clients are selected and updated (with total sample size: 37)!
[INFO](2026/08/19/ 12:14:47 AM) [Round: 0142] Aggregate updated weights of 10 clients...!
[INFO](2026/08/19/ 12:14:48 AM) [Round: 0142] ...updated weights of 10 clients are successfully averaged!
[INFO](2026/08/19/ 12:14:49 AM) [Round: 0142] Evaluate global model's performance...!                
	[Server] ...finished evaluation!                
	=> Loss: 7.5905                
	=> Accuracy: 3.81%

[INFO](2026/08/19/ 12:14:50 AM) [Round: 0143] Select clients...!
[INFO](2026/08/19/ 12:14:50 AM) [Round: 0143] ...successfully transmitted models to 10 selected clients!
[INFO](2026/08/19/ 12:14:50 AM) [Round: 0143] Start updating selected 10 clients...!
[INFO](2026/08/19/ 12:15:02 AM) [Round: 0143] ...10 clients are selected and updated (with total sample size: 29)!
[INFO](2026/08/19/ 12:15:02 AM) [Round: 0143] Aggregate updated weights of 10 clients...!
[INFO](2026/08/19/ 12:15:03 AM) [Round: 0143] ...updated weights of 10 clients are successfully averaged!
[INFO](2026/08/19/ 12:15:05 AM) [Round: 0143] Evaluate global model's performance...!                
	[Server] ...finished evaluation!                
	=> Loss: 10.2165                
	=> Accuracy: 6.67%

[INFO](2026/08/19/ 12:15:05 AM) [Round: 0144] Select clients...!
[INFO](2026/08/19/ 12:15:05 AM) [Round: 0144] ...successfully transmitted models to 10 selected clients!
[INFO](2026/08/19/ 12:15:06 AM) [Round: 0144] Start updating selected 10 clients...!
[INFO](2026/08/19/ 12:15:18 AM) [Round: 0144] ...10 clients are selected and updated (with total sample size: 25)!
[INFO](2026/08/19/ 12:15:18 AM) [Round: 0144] Aggregate updated weights of 10 clients...!
[INFO](2026/08/19/ 12:15:18 AM) [Round: 0144] ...updated weights of 10 clients are successfully averaged!
[INFO](2026/08/19/ 12:15:20 AM) [Round: 0144] Evaluate global model's performance...!                
	[Server] ...finished evaluation!                
	=> Loss: 8.9094                
	=> Accuracy: 5.24%

[INFO](2026/08/19/ 12:15:20 AM) [Round: 0145] Select clients...!
[INFO](2026/08/19/ 12:15:21 AM) [Round: 0145] ...successfully transmitted models to 10 selected clients!
[INFO](2026/08/19/ 12:15:21 AM) [Round: 0145] Start updating selected 10 clients...!
[INFO](2026/08/19/ 12:15:32 AM) [Round: 0145] ...10 clients are selected and updated (with total sample size: 54)!
[INFO](2026/08/19/ 12:15:32 AM) [Round: 0145] Aggregate updated weights of 10 clients...!
[INFO](2026/08/19/ 12:15:33 AM) [Round: 0145] ...updated weights of 10 clients are successfully averaged!
[INFO](2026/08/19/ 12:15:35 AM) [Round: 0145] Evaluate global model's performance...!                
	[Server] ...finished evaluation!                
	=> Loss: 11.4818                
	=> Accuracy: 6.43%

[INFO](2026/08/19/ 12:15:35 AM) [Round: 0146] Select clients...!
[INFO](2026/08/19/ 12:15:35 AM) [Round: 0146] ...successfully transmitted models to 10 selected clients!
[INFO](2026/08/19/ 12:15:35 AM) [Round: 0146] Start updating selected 10 clients...!
[INFO](2026/08/19/ 12:15:47 AM) [Round: 0146] ...10 clients are selected and updated (with total sample size: 54)!
[INFO](2026/08/19/ 12:15:47 AM) [Round: 0146] Aggregate updated weights of 10 clients...!
[INFO](2026/08/19/ 12:15:47 AM) [Round: 0146] ...updated weights of 10 clients are successfully averaged!
[INFO](2026/08/19/ 12:15:49 AM) [Round: 0146] Evaluate global model's performance...!                
	[Server] ...finished evaluation!                
	=> Loss: 10.1753                
	=> Accuracy: 6.67%

[INFO](2026/08/19/ 12:15:50 AM) [Round: 0147] Select clients...!
[INFO](2026/08/19/ 12:15:50 AM) [Round: 0147] ...successfully transmitted models to 10 selected clients!
[INFO](2026/08/19/ 12:15:50 AM) [Round: 0147] Start updating selected 10 clients...!
[INFO](2026/08/19/ 12:16:02 AM) [Round: 0147] ...10 clients are selected and updated (with total sample size: 29)!
[INFO](2026/08/19/ 12:16:02 AM) [Round: 0147] Aggregate updated weights of 10 clients...!
[INFO](2026/08/19/ 12:16:02 AM) [Round: 0147] ...updated weights of 10 clients are successfully averaged!
[INFO](2026/08/19/ 12:16:04 AM) [Round: 0147] Evaluate global model's performance...!                
	[Server] ...finished evaluation!                
	=> Loss: 10.9531                
	=> Accuracy: 5.24%

[INFO](2026/08/19/ 12:16:04 AM) [Round: 0148] Select clients...!
[INFO](2026/08/19/ 12:16:05 AM) [Round: 0148] ...successfully transmitted models to 10 selected clients!
[INFO](2026/08/19/ 12:16:05 AM) [Round: 0148] Start updating selected 10 clients...!
[INFO](2026/08/19/ 12:16:16 AM) [Round: 0148] ...10 clients are selected and updated (with total sample size: 29)!
[INFO](2026/08/19/ 12:16:16 AM) [Round: 0148] Aggregate updated weights of 10 clients...!
[INFO](2026/08/19/ 12:16:16 AM) [Round: 0148] ...updated weights of 10 clients are successfully averaged!
[INFO](2026/08/19/ 12:16:18 AM) [Round: 0148] Evaluate global model's performance...!                
	[Server] ...finished evaluation!                
	=> Loss: 8.5491                
	=> Accuracy: 9.29%

[INFO](2026/08/19/ 12:16:18 AM) [Round: 0149] Select clients...!
[INFO](2026/08/19/ 12:16:19 AM) [Round: 0149] ...successfully transmitted models to 10 selected clients!
[INFO](2026/08/19/ 12:16:19 AM) [Round: 0149] Start updating selected 10 clients...!
[INFO](2026/08/19/ 12:16:29 AM) [Round: 0149] ...10 clients are selected and updated (with total sample size: 25)!
[INFO](2026/08/19/ 12:16:29 AM) [Round: 0149] Aggregate updated weights of 10 clients...!
[INFO](2026/08/19/ 12:16:29 AM) [Round: 0149] ...updated weights of 10 clients are successfully averaged!
[INFO](2026/08/19/ 12:16:31 AM) [Round: 0149] Evaluate global model's performance...!                
	[Server] ...finished evaluation!                
	=> Loss: 9.8810                
	=> Accuracy: 3.57%

[INFO](2026/08/19/ 12:16:31 AM) [Round: 0150] Select clients...!
[INFO](2026/08/19/ 12:16:32 AM) [Round: 0150] ...successfully transmitted models to 10 selected clients!
[INFO](2026/08/19/ 12:16:32 AM) [Round: 0150] Start updating selected 10 clients...!
[INFO](2026/08/19/ 12:16:45 AM) [Round: 0150] ...10 clients are selected and updated (with total sample size: 42)!
[INFO](2026/08/19/ 12:16:45 AM) [Round: 0150] Aggregate updated weights of 10 clients...!
[INFO](2026/08/19/ 12:16:45 AM) [Round: 0150] ...updated weights of 10 clients are successfully averaged!
[INFO](2026/08/19/ 12:16:46 AM) [Round: 0150] Evaluate global model's performance...!                
	[Server] ...finished evaluation!                
	=> Loss: 12.5274                
	=> Accuracy: 5.71%

[INFO](2026/08/19/ 12:16:47 AM) [Round: 0151] Select clients...!
[INFO](2026/08/19/ 12:16:47 AM) [Round: 0151] ...successfully transmitted models to 10 selected clients!
[INFO](2026/08/19/ 12:16:47 AM) [Round: 0151] Start updating selected 10 clients...!
[INFO](2026/08/19/ 12:16:57 AM) [Round: 0151] ...10 clients are selected and updated (with total sample size: 29)!
[INFO](2026/08/19/ 12:16:57 AM) [Round: 0151] Aggregate updated weights of 10 clients...!
[INFO](2026/08/19/ 12:16:58 AM) [Round: 0151] ...updated weights of 10 clients are successfully averaged!
[INFO](2026/08/19/ 12:17:00 AM) [Round: 0151] Evaluate global model's performance...!                
	[Server] ...finished evaluation!                
	=> Loss: 10.4760                
	=> Accuracy: 6.43%

[INFO](2026/08/19/ 12:17:00 AM) [Round: 0152] Select clients...!
[INFO](2026/08/19/ 12:17:01 AM) [Round: 0152] ...successfully transmitted models to 10 selected clients!
[INFO](2026/08/19/ 12:17:01 AM) [Round: 0152] Start updating selected 10 clients...!
[INFO](2026/08/19/ 12:17:13 AM) [Round: 0152] ...10 clients are selected and updated (with total sample size: 37)!
[INFO](2026/08/19/ 12:17:13 AM) [Round: 0152] Aggregate updated weights of 10 clients...!
[INFO](2026/08/19/ 12:17:13 AM) [Round: 0152] ...updated weights of 10 clients are successfully averaged!
[INFO](2026/08/19/ 12:17:15 AM) [Round: 0152] Evaluate global model's performance...!                
	[Server] ...finished evaluation!                
	=> Loss: 14.1083                
	=> Accuracy: 7.14%

[INFO](2026/08/19/ 12:17:15 AM) [Round: 0153] Select clients...!
[INFO](2026/08/19/ 12:17:15 AM) [Round: 0153] ...successfully transmitted models to 10 selected clients!
[INFO](2026/08/19/ 12:17:15 AM) [Round: 0153] Start updating selected 10 clients...!
[INFO](2026/08/19/ 12:17:27 AM) [Round: 0153] ...10 clients are selected and updated (with total sample size: 37)!
[INFO](2026/08/19/ 12:17:27 AM) [Round: 0153] Aggregate updated weights of 10 clients...!
[INFO](2026/08/19/ 12:17:27 AM) [Round: 0153] ...updated weights of 10 clients are successfully averaged!
[INFO](2026/08/19/ 12:17:30 AM) [Round: 0153] Evaluate global model's performance...!                
	[Server] ...finished evaluation!                
	=> Loss: 15.2079                
	=> Accuracy: 7.38%

[INFO](2026/08/19/ 12:17:30 AM) [Round: 0154] Select clients...!
[INFO](2026/08/19/ 12:17:30 AM) [Round: 0154] ...successfully transmitted models to 10 selected clients!
[INFO](2026/08/19/ 12:17:30 AM) [Round: 0154] Start updating selected 10 clients...!
[INFO](2026/08/19/ 12:17:42 AM) [Round: 0154] ...10 clients are selected and updated (with total sample size: 42)!
[INFO](2026/08/19/ 12:17:42 AM) [Round: 0154] Aggregate updated weights of 10 clients...!
[INFO](2026/08/19/ 12:17:42 AM) [Round: 0154] ...updated weights of 10 clients are successfully averaged!
[INFO](2026/08/19/ 12:17:44 AM) [Round: 0154] Evaluate global model's performance...!                
	[Server] ...finished evaluation!                
	=> Loss: 13.1443                
	=> Accuracy: 5.95%

[INFO](2026/08/19/ 12:17:44 AM) [Round: 0155] Select clients...!
[INFO](2026/08/19/ 12:17:45 AM) [Round: 0155] ...successfully transmitted models to 10 selected clients!
[INFO](2026/08/19/ 12:17:45 AM) [Round: 0155] Start updating selected 10 clients...!
[INFO](2026/08/19/ 12:17:56 AM) [Round: 0155] ...10 clients are selected and updated (with total sample size: 54)!
[INFO](2026/08/19/ 12:17:56 AM) [Round: 0155] Aggregate updated weights of 10 clients...!
[INFO](2026/08/19/ 12:17:56 AM) [Round: 0155] ...updated weights of 10 clients are successfully averaged!
[INFO](2026/08/19/ 12:17:59 AM) [Round: 0155] Evaluate global model's performance...!                
	[Server] ...finished evaluation!                
	=> Loss: 13.2061                
	=> Accuracy: 8.57%

[INFO](2026/08/19/ 12:17:59 AM) [Round: 0156] Select clients...!
[INFO](2026/08/19/ 12:17:59 AM) [Round: 0156] ...successfully transmitted models to 10 selected clients!
[INFO](2026/08/19/ 12:17:59 AM) [Round: 0156] Start updating selected 10 clients...!
[INFO](2026/08/19/ 12:18:11 AM) [Round: 0156] ...10 clients are selected and updated (with total sample size: 29)!
[INFO](2026/08/19/ 12:18:11 AM) [Round: 0156] Aggregate updated weights of 10 clients...!
[INFO](2026/08/19/ 12:18:11 AM) [Round: 0156] ...updated weights of 10 clients are successfully averaged!
[INFO](2026/08/19/ 12:18:13 AM) [Round: 0156] Evaluate global model's performance...!                
	[Server] ...finished evaluation!                
	=> Loss: 7.8706                
	=> Accuracy: 7.38%

[INFO](2026/08/19/ 12:18:13 AM) [Round: 0157] Select clients...!
[INFO](2026/08/19/ 12:18:14 AM) [Round: 0157] ...successfully transmitted models to 10 selected clients!
[INFO](2026/08/19/ 12:18:14 AM) [Round: 0157] Start updating selected 10 clients...!
[INFO](2026/08/19/ 12:18:26 AM) [Round: 0157] ...10 clients are selected and updated (with total sample size: 25)!
[INFO](2026/08/19/ 12:18:26 AM) [Round: 0157] Aggregate updated weights of 10 clients...!
[INFO](2026/08/19/ 12:18:26 AM) [Round: 0157] ...updated weights of 10 clients are successfully averaged!
[INFO](2026/08/19/ 12:18:28 AM) [Round: 0157] Evaluate global model's performance...!                
	[Server] ...finished evaluation!                
	=> Loss: 13.9524                
	=> Accuracy: 4.76%

[INFO](2026/08/19/ 12:18:28 AM) [Round: 0158] Select clients...!
[INFO](2026/08/19/ 12:18:29 AM) [Round: 0158] ...successfully transmitted models to 10 selected clients!
[INFO](2026/08/19/ 12:18:29 AM) [Round: 0158] Start updating selected 10 clients...!
[INFO](2026/08/19/ 12:18:42 AM) [Round: 0158] ...10 clients are selected and updated (with total sample size: 25)!
[INFO](2026/08/19/ 12:18:42 AM) [Round: 0158] Aggregate updated weights of 10 clients...!
[INFO](2026/08/19/ 12:18:42 AM) [Round: 0158] ...updated weights of 10 clients are successfully averaged!
[INFO](2026/08/19/ 12:18:44 AM) [Round: 0158] Evaluate global model's performance...!                
	[Server] ...finished evaluation!                
	=> Loss: 8.9767                
	=> Accuracy: 10.24%

[INFO](2026/08/19/ 12:18:44 AM) [Round: 0159] Select clients...!
[INFO](2026/08/19/ 12:18:45 AM) [Round: 0159] ...successfully transmitted models to 10 selected clients!
[INFO](2026/08/19/ 12:18:45 AM) [Round: 0159] Start updating selected 10 clients...!
[INFO](2026/08/19/ 12:19:03 AM) [Round: 0159] ...10 clients are selected and updated (with total sample size: 35)!
[INFO](2026/08/19/ 12:19:03 AM) [Round: 0159] Aggregate updated weights of 10 clients...!
[INFO](2026/08/19/ 12:19:03 AM) [Round: 0159] ...updated weights of 10 clients are successfully averaged!
[INFO](2026/08/19/ 12:19:05 AM) [Round: 0159] Evaluate global model's performance...!                
	[Server] ...finished evaluation!                
	=> Loss: 12.5229                
	=> Accuracy: 7.14%

[INFO](2026/08/19/ 12:19:05 AM) [Round: 0160] Select clients...!
[INFO](2026/08/19/ 12:19:05 AM) [Round: 0160] ...successfully transmitted models to 10 selected clients!
[INFO](2026/08/19/ 12:19:06 AM) [Round: 0160] Start updating selected 10 clients...!
[INFO](2026/08/19/ 12:19:20 AM) [Round: 0160] ...10 clients are selected and updated (with total sample size: 54)!
[INFO](2026/08/19/ 12:19:20 AM) [Round: 0160] Aggregate updated weights of 10 clients...!
[INFO](2026/08/19/ 12:19:21 AM) [Round: 0160] ...updated weights of 10 clients are successfully averaged!
[INFO](2026/08/19/ 12:19:23 AM) [Round: 0160] Evaluate global model's performance...!                
	[Server] ...finished evaluation!                
	=> Loss: 11.7788                
	=> Accuracy: 3.10%

[INFO](2026/08/19/ 12:19:23 AM) [Round: 0161] Select clients...!
[INFO](2026/08/19/ 12:19:23 AM) [Round: 0161] ...successfully transmitted models to 10 selected clients!
[INFO](2026/08/19/ 12:19:23 AM) [Round: 0161] Start updating selected 10 clients...!
[INFO](2026/08/19/ 12:19:37 AM) [Round: 0161] ...10 clients are selected and updated (with total sample size: 25)!
[INFO](2026/08/19/ 12:19:37 AM) [Round: 0161] Aggregate updated weights of 10 clients...!
[INFO](2026/08/19/ 12:19:37 AM) [Round: 0161] ...updated weights of 10 clients are successfully averaged!
[INFO](2026/08/19/ 12:19:40 AM) [Round: 0161] Evaluate global model's performance...!                
	[Server] ...finished evaluation!                
	=> Loss: 11.2652                
	=> Accuracy: 7.14%

[INFO](2026/08/19/ 12:19:40 AM) [Round: 0162] Select clients...!
[INFO](2026/08/19/ 12:19:40 AM) [Round: 0162] ...successfully transmitted models to 10 selected clients!
[INFO](2026/08/19/ 12:19:40 AM) [Round: 0162] Start updating selected 10 clients...!
[INFO](2026/08/19/ 12:19:53 AM) [Round: 0162] ...10 clients are selected and updated (with total sample size: 29)!
[INFO](2026/08/19/ 12:19:53 AM) [Round: 0162] Aggregate updated weights of 10 clients...!
[INFO](2026/08/19/ 12:19:54 AM) [Round: 0162] ...updated weights of 10 clients are successfully averaged!
[INFO](2026/08/19/ 12:19:56 AM) [Round: 0162] Evaluate global model's performance...!                
	[Server] ...finished evaluation!                
	=> Loss: 14.5139                
	=> Accuracy: 6.90%

[INFO](2026/08/19/ 12:19:56 AM) [Round: 0163] Select clients...!
[INFO](2026/08/19/ 12:19:56 AM) [Round: 0163] ...successfully transmitted models to 10 selected clients!
[INFO](2026/08/19/ 12:19:56 AM) [Round: 0163] Start updating selected 10 clients...!
[INFO](2026/08/19/ 12:20:06 AM) [Round: 0163] ...10 clients are selected and updated (with total sample size: 25)!
[INFO](2026/08/19/ 12:20:06 AM) [Round: 0163] Aggregate updated weights of 10 clients...!
[INFO](2026/08/19/ 12:20:06 AM) [Round: 0163] ...updated weights of 10 clients are successfully averaged!
[INFO](2026/08/19/ 12:20:08 AM) [Round: 0163] Evaluate global model's performance...!                
	[Server] ...finished evaluation!                
	=> Loss: 11.8880                
	=> Accuracy: 6.19%

[INFO](2026/08/19/ 12:20:08 AM) [Round: 0164] Select clients...!
[INFO](2026/08/19/ 12:20:09 AM) [Round: 0164] ...successfully transmitted models to 10 selected clients!
[INFO](2026/08/19/ 12:20:09 AM) [Round: 0164] Start updating selected 10 clients...!
[INFO](2026/08/19/ 12:20:21 AM) [Round: 0164] ...10 clients are selected and updated (with total sample size: 54)!
[INFO](2026/08/19/ 12:20:21 AM) [Round: 0164] Aggregate updated weights of 10 clients...!
[INFO](2026/08/19/ 12:20:21 AM) [Round: 0164] ...updated weights of 10 clients are successfully averaged!
[INFO](2026/08/19/ 12:20:23 AM) [Round: 0164] Evaluate global model's performance...!                
	[Server] ...finished evaluation!                
	=> Loss: 11.4463                
	=> Accuracy: 6.19%

[INFO](2026/08/19/ 12:20:23 AM) [Round: 0165] Select clients...!
[INFO](2026/08/19/ 12:20:23 AM) [Round: 0165] ...successfully transmitted models to 10 selected clients!
[INFO](2026/08/19/ 12:20:23 AM) [Round: 0165] Start updating selected 10 clients...!
[INFO](2026/08/19/ 12:20:35 AM) [Round: 0165] ...10 clients are selected and updated (with total sample size: 29)!
[INFO](2026/08/19/ 12:20:35 AM) [Round: 0165] Aggregate updated weights of 10 clients...!
[INFO](2026/08/19/ 12:20:35 AM) [Round: 0165] ...updated weights of 10 clients are successfully averaged!
[INFO](2026/08/19/ 12:20:37 AM) [Round: 0165] Evaluate global model's performance...!                
	[Server] ...finished evaluation!                
	=> Loss: 16.0523                
	=> Accuracy: 5.24%

[INFO](2026/08/19/ 12:20:37 AM) [Round: 0166] Select clients...!
[INFO](2026/08/19/ 12:20:38 AM) [Round: 0166] ...successfully transmitted models to 10 selected clients!
[INFO](2026/08/19/ 12:20:38 AM) [Round: 0166] Start updating selected 10 clients...!
[INFO](2026/08/19/ 12:20:51 AM) [Round: 0166] ...10 clients are selected and updated (with total sample size: 42)!
[INFO](2026/08/19/ 12:20:51 AM) [Round: 0166] Aggregate updated weights of 10 clients...!
[INFO](2026/08/19/ 12:20:52 AM) [Round: 0166] ...updated weights of 10 clients are successfully averaged!
[INFO](2026/08/19/ 12:20:54 AM) [Round: 0166] Evaluate global model's performance...!                
	[Server] ...finished evaluation!                
	=> Loss: 11.9957                
	=> Accuracy: 4.05%

[INFO](2026/08/19/ 12:20:54 AM) [Round: 0167] Select clients...!
[INFO](2026/08/19/ 12:20:54 AM) [Round: 0167] ...successfully transmitted models to 10 selected clients!
[INFO](2026/08/19/ 12:20:54 AM) [Round: 0167] Start updating selected 10 clients...!
[INFO](2026/08/19/ 12:21:10 AM) [Round: 0167] ...10 clients are selected and updated (with total sample size: 29)!
[INFO](2026/08/19/ 12:21:11 AM) [Round: 0167] Aggregate updated weights of 10 clients...!
[INFO](2026/08/19/ 12:21:11 AM) [Round: 0167] ...updated weights of 10 clients are successfully averaged!
[INFO](2026/08/19/ 12:21:13 AM) [Round: 0167] Evaluate global model's performance...!                
	[Server] ...finished evaluation!                
	=> Loss: 9.0703                
	=> Accuracy: 8.33%

[INFO](2026/08/19/ 12:21:13 AM) [Round: 0168] Select clients...!
[INFO](2026/08/19/ 12:21:14 AM) [Round: 0168] ...successfully transmitted models to 10 selected clients!
[INFO](2026/08/19/ 12:21:14 AM) [Round: 0168] Start updating selected 10 clients...!
[INFO](2026/08/19/ 12:21:30 AM) [Round: 0168] ...10 clients are selected and updated (with total sample size: 54)!
[INFO](2026/08/19/ 12:21:30 AM) [Round: 0168] Aggregate updated weights of 10 clients...!
[INFO](2026/08/19/ 12:21:31 AM) [Round: 0168] ...updated weights of 10 clients are successfully averaged!
[INFO](2026/08/19/ 12:21:33 AM) [Round: 0168] Evaluate global model's performance...!                
	[Server] ...finished evaluation!                
	=> Loss: 9.9679                
	=> Accuracy: 6.19%

[INFO](2026/08/19/ 12:21:33 AM) [Round: 0169] Select clients...!
[INFO](2026/08/19/ 12:21:33 AM) [Round: 0169] ...successfully transmitted models to 10 selected clients!
[INFO](2026/08/19/ 12:21:33 AM) [Round: 0169] Start updating selected 10 clients...!
[INFO](2026/08/19/ 12:21:51 AM) [Round: 0169] ...10 clients are selected and updated (with total sample size: 52)!
[INFO](2026/08/19/ 12:21:52 AM) [Round: 0169] Aggregate updated weights of 10 clients...!
[INFO](2026/08/19/ 12:21:52 AM) [Round: 0169] ...updated weights of 10 clients are successfully averaged!
[INFO](2026/08/19/ 12:21:54 AM) [Round: 0169] Evaluate global model's performance...!                
	[Server] ...finished evaluation!                
	=> Loss: 11.1619                
	=> Accuracy: 7.86%

[INFO](2026/08/19/ 12:21:54 AM) [Round: 0170] Select clients...!
[INFO](2026/08/19/ 12:21:55 AM) [Round: 0170] ...successfully transmitted models to 10 selected clients!
[INFO](2026/08/19/ 12:21:55 AM) [Round: 0170] Start updating selected 10 clients...!
[INFO](2026/08/19/ 12:22:12 AM) [Round: 0170] ...10 clients are selected and updated (with total sample size: 54)!
[INFO](2026/08/19/ 12:22:13 AM) [Round: 0170] Aggregate updated weights of 10 clients...!
[INFO](2026/08/19/ 12:22:13 AM) [Round: 0170] ...updated weights of 10 clients are successfully averaged!
[INFO](2026/08/19/ 12:22:15 AM) [Round: 0170] Evaluate global model's performance...!                
	[Server] ...finished evaluation!                
	=> Loss: 8.2005                
	=> Accuracy: 6.19%

[INFO](2026/08/19/ 12:22:15 AM) [Round: 0171] Select clients...!
[INFO](2026/08/19/ 12:22:16 AM) [Round: 0171] ...successfully transmitted models to 10 selected clients!
[INFO](2026/08/19/ 12:22:16 AM) [Round: 0171] Start updating selected 10 clients...!
[INFO](2026/08/19/ 12:22:27 AM) [Round: 0171] ...10 clients are selected and updated (with total sample size: 54)!
[INFO](2026/08/19/ 12:22:27 AM) [Round: 0171] Aggregate updated weights of 10 clients...!
[INFO](2026/08/19/ 12:22:28 AM) [Round: 0171] ...updated weights of 10 clients are successfully averaged!
[INFO](2026/08/19/ 12:22:30 AM) [Round: 0171] Evaluate global model's performance...!                
	[Server] ...finished evaluation!                
	=> Loss: 7.9692                
	=> Accuracy: 5.95%

[INFO](2026/08/19/ 12:22:30 AM) [Round: 0172] Select clients...!
[INFO](2026/08/19/ 12:22:31 AM) [Round: 0172] ...successfully transmitted models to 10 selected clients!
[INFO](2026/08/19/ 12:22:31 AM) [Round: 0172] Start updating selected 10 clients...!
[INFO](2026/08/19/ 12:22:42 AM) [Round: 0172] ...10 clients are selected and updated (with total sample size: 54)!
[INFO](2026/08/19/ 12:22:42 AM) [Round: 0172] Aggregate updated weights of 10 clients...!
[INFO](2026/08/19/ 12:22:42 AM) [Round: 0172] ...updated weights of 10 clients are successfully averaged!
[INFO](2026/08/19/ 12:22:44 AM) [Round: 0172] Evaluate global model's performance...!                
	[Server] ...finished evaluation!                
	=> Loss: 16.0785                
	=> Accuracy: 5.24%

[INFO](2026/08/19/ 12:22:44 AM) [Round: 0173] Select clients...!
[INFO](2026/08/19/ 12:22:44 AM) [Round: 0173] ...successfully transmitted models to 10 selected clients!
[INFO](2026/08/19/ 12:22:45 AM) [Round: 0173] Start updating selected 10 clients...!
[INFO](2026/08/19/ 12:22:56 AM) [Round: 0173] ...10 clients are selected and updated (with total sample size: 54)!
[INFO](2026/08/19/ 12:22:56 AM) [Round: 0173] Aggregate updated weights of 10 clients...!
[INFO](2026/08/19/ 12:22:57 AM) [Round: 0173] ...updated weights of 10 clients are successfully averaged!
[INFO](2026/08/19/ 12:22:59 AM) [Round: 0173] Evaluate global model's performance...!                
	[Server] ...finished evaluation!                
	=> Loss: 10.9039                
	=> Accuracy: 5.00%

[INFO](2026/08/19/ 12:22:59 AM) [Round: 0174] Select clients...!
[INFO](2026/08/19/ 12:22:59 AM) [Round: 0174] ...successfully transmitted models to 10 selected clients!
[INFO](2026/08/19/ 12:22:59 AM) [Round: 0174] Start updating selected 10 clients...!
[INFO](2026/08/19/ 12:23:10 AM) [Round: 0174] ...10 clients are selected and updated (with total sample size: 42)!
[INFO](2026/08/19/ 12:23:10 AM) [Round: 0174] Aggregate updated weights of 10 clients...!
[INFO](2026/08/19/ 12:23:10 AM) [Round: 0174] ...updated weights of 10 clients are successfully averaged!
[INFO](2026/08/19/ 12:23:12 AM) [Round: 0174] Evaluate global model's performance...!                
	[Server] ...finished evaluation!                
	=> Loss: 12.0747                
	=> Accuracy: 5.24%

[INFO](2026/08/19/ 12:23:12 AM) [Round: 0175] Select clients...!
[INFO](2026/08/19/ 12:23:13 AM) [Round: 0175] ...successfully transmitted models to 10 selected clients!
[INFO](2026/08/19/ 12:23:13 AM) [Round: 0175] Start updating selected 10 clients...!
[INFO](2026/08/19/ 12:23:24 AM) [Round: 0175] ...10 clients are selected and updated (with total sample size: 29)!
[INFO](2026/08/19/ 12:23:24 AM) [Round: 0175] Aggregate updated weights of 10 clients...!
[INFO](2026/08/19/ 12:23:24 AM) [Round: 0175] ...updated weights of 10 clients are successfully averaged!
[INFO](2026/08/19/ 12:23:26 AM) [Round: 0175] Evaluate global model's performance...!                
	[Server] ...finished evaluation!                
	=> Loss: 7.2358                
	=> Accuracy: 6.43%

[INFO](2026/08/19/ 12:23:26 AM) [Round: 0176] Select clients...!
[INFO](2026/08/19/ 12:23:27 AM) [Round: 0176] ...successfully transmitted models to 10 selected clients!
[INFO](2026/08/19/ 12:23:27 AM) [Round: 0176] Start updating selected 10 clients...!
[INFO](2026/08/19/ 12:23:37 AM) [Round: 0176] ...10 clients are selected and updated (with total sample size: 37)!
[INFO](2026/08/19/ 12:23:37 AM) [Round: 0176] Aggregate updated weights of 10 clients...!
[INFO](2026/08/19/ 12:23:37 AM) [Round: 0176] ...updated weights of 10 clients are successfully averaged!
[INFO](2026/08/19/ 12:23:40 AM) [Round: 0176] Evaluate global model's performance...!                
	[Server] ...finished evaluation!                
	=> Loss: 13.3573                
	=> Accuracy: 5.24%

[INFO](2026/08/19/ 12:23:40 AM) [Round: 0177] Select clients...!
[INFO](2026/08/19/ 12:23:40 AM) [Round: 0177] ...successfully transmitted models to 10 selected clients!
[INFO](2026/08/19/ 12:23:40 AM) [Round: 0177] Start updating selected 10 clients...!
[INFO](2026/08/19/ 12:23:52 AM) [Round: 0177] ...10 clients are selected and updated (with total sample size: 35)!
[INFO](2026/08/19/ 12:23:52 AM) [Round: 0177] Aggregate updated weights of 10 clients...!
[INFO](2026/08/19/ 12:23:52 AM) [Round: 0177] ...updated weights of 10 clients are successfully averaged!
[INFO](2026/08/19/ 12:23:55 AM) [Round: 0177] Evaluate global model's performance...!                
	[Server] ...finished evaluation!                
	=> Loss: 9.2633                
	=> Accuracy: 7.86%

[INFO](2026/08/19/ 12:23:55 AM) [Round: 0178] Select clients...!
[INFO](2026/08/19/ 12:23:55 AM) [Round: 0178] ...successfully transmitted models to 10 selected clients!
[INFO](2026/08/19/ 12:23:55 AM) [Round: 0178] Start updating selected 10 clients...!
[INFO](2026/08/19/ 12:24:07 AM) [Round: 0178] ...10 clients are selected and updated (with total sample size: 35)!
[INFO](2026/08/19/ 12:24:07 AM) [Round: 0178] Aggregate updated weights of 10 clients...!
[INFO](2026/08/19/ 12:24:07 AM) [Round: 0178] ...updated weights of 10 clients are successfully averaged!
[INFO](2026/08/19/ 12:24:09 AM) [Round: 0178] Evaluate global model's performance...!                
	[Server] ...finished evaluation!                
	=> Loss: 9.2672                
	=> Accuracy: 7.38%

[INFO](2026/08/19/ 12:24:09 AM) [Round: 0179] Select clients...!
[INFO](2026/08/19/ 12:24:10 AM) [Round: 0179] ...successfully transmitted models to 10 selected clients!
[INFO](2026/08/19/ 12:24:10 AM) [Round: 0179] Start updating selected 10 clients...!
[INFO](2026/08/19/ 12:24:19 AM) [Round: 0179] ...10 clients are selected and updated (with total sample size: 37)!
[INFO](2026/08/19/ 12:24:20 AM) [Round: 0179] Aggregate updated weights of 10 clients...!
[INFO](2026/08/19/ 12:24:20 AM) [Round: 0179] ...updated weights of 10 clients are successfully averaged!
[INFO](2026/08/19/ 12:24:22 AM) [Round: 0179] Evaluate global model's performance...!                
	[Server] ...finished evaluation!                
	=> Loss: 12.2845                
	=> Accuracy: 5.71%

[INFO](2026/08/19/ 12:24:22 AM) [Round: 0180] Select clients...!
[INFO](2026/08/19/ 12:24:22 AM) [Round: 0180] ...successfully transmitted models to 10 selected clients!
[INFO](2026/08/19/ 12:24:23 AM) [Round: 0180] Start updating selected 10 clients...!
[INFO](2026/08/19/ 12:24:32 AM) [Round: 0180] ...10 clients are selected and updated (with total sample size: 29)!
[INFO](2026/08/19/ 12:24:32 AM) [Round: 0180] Aggregate updated weights of 10 clients...!
[INFO](2026/08/19/ 12:24:32 AM) [Round: 0180] ...updated weights of 10 clients are successfully averaged!
[INFO](2026/08/19/ 12:24:35 AM) [Round: 0180] Evaluate global model's performance...!                
	[Server] ...finished evaluation!                
	=> Loss: 12.6703                
	=> Accuracy: 5.71%

[INFO](2026/08/19/ 12:24:35 AM) [Round: 0181] Select clients...!
[INFO](2026/08/19/ 12:24:35 AM) [Round: 0181] ...successfully transmitted models to 10 selected clients!
[INFO](2026/08/19/ 12:24:35 AM) [Round: 0181] Start updating selected 10 clients...!
[INFO](2026/08/19/ 12:24:45 AM) [Round: 0181] ...10 clients are selected and updated (with total sample size: 37)!
[INFO](2026/08/19/ 12:24:45 AM) [Round: 0181] Aggregate updated weights of 10 clients...!
[INFO](2026/08/19/ 12:24:46 AM) [Round: 0181] ...updated weights of 10 clients are successfully averaged!
[INFO](2026/08/19/ 12:24:47 AM) [Round: 0181] Evaluate global model's performance...!                
	[Server] ...finished evaluation!                
	=> Loss: 14.3963                
	=> Accuracy: 6.67%

[INFO](2026/08/19/ 12:24:47 AM) [Round: 0182] Select clients...!
[INFO](2026/08/19/ 12:24:48 AM) [Round: 0182] ...successfully transmitted models to 10 selected clients!
[INFO](2026/08/19/ 12:24:48 AM) [Round: 0182] Start updating selected 10 clients...!
[INFO](2026/08/19/ 12:24:58 AM) [Round: 0182] ...10 clients are selected and updated (with total sample size: 29)!
[INFO](2026/08/19/ 12:24:58 AM) [Round: 0182] Aggregate updated weights of 10 clients...!
[INFO](2026/08/19/ 12:24:58 AM) [Round: 0182] ...updated weights of 10 clients are successfully averaged!
[INFO](2026/08/19/ 12:25:00 AM) [Round: 0182] Evaluate global model's performance...!                
	[Server] ...finished evaluation!                
	=> Loss: 12.7884                
	=> Accuracy: 6.90%

[INFO](2026/08/19/ 12:25:01 AM) [Round: 0183] Select clients...!
[INFO](2026/08/19/ 12:25:01 AM) [Round: 0183] ...successfully transmitted models to 10 selected clients!
[INFO](2026/08/19/ 12:25:01 AM) [Round: 0183] Start updating selected 10 clients...!
[INFO](2026/08/19/ 12:25:12 AM) [Round: 0183] ...10 clients are selected and updated (with total sample size: 54)!
[INFO](2026/08/19/ 12:25:12 AM) [Round: 0183] Aggregate updated weights of 10 clients...!
[INFO](2026/08/19/ 12:25:12 AM) [Round: 0183] ...updated weights of 10 clients are successfully averaged!
[INFO](2026/08/19/ 12:25:14 AM) [Round: 0183] Evaluate global model's performance...!                
	[Server] ...finished evaluation!                
	=> Loss: 10.0828                
	=> Accuracy: 7.62%

[INFO](2026/08/19/ 12:25:14 AM) [Round: 0184] Select clients...!
[INFO](2026/08/19/ 12:25:15 AM) [Round: 0184] ...successfully transmitted models to 10 selected clients!
[INFO](2026/08/19/ 12:25:15 AM) [Round: 0184] Start updating selected 10 clients...!
[INFO](2026/08/19/ 12:25:26 AM) [Round: 0184] ...10 clients are selected and updated (with total sample size: 42)!
[INFO](2026/08/19/ 12:25:26 AM) [Round: 0184] Aggregate updated weights of 10 clients...!
[INFO](2026/08/19/ 12:25:26 AM) [Round: 0184] ...updated weights of 10 clients are successfully averaged!
[INFO](2026/08/19/ 12:25:28 AM) [Round: 0184] Evaluate global model's performance...!                
	[Server] ...finished evaluation!                
	=> Loss: 13.8171                
	=> Accuracy: 5.24%

[INFO](2026/08/19/ 12:25:28 AM) [Round: 0185] Select clients...!
[INFO](2026/08/19/ 12:25:29 AM) [Round: 0185] ...successfully transmitted models to 10 selected clients!
[INFO](2026/08/19/ 12:25:29 AM) [Round: 0185] Start updating selected 10 clients...!
[INFO](2026/08/19/ 12:25:40 AM) [Round: 0185] ...10 clients are selected and updated (with total sample size: 54)!
[INFO](2026/08/19/ 12:25:40 AM) [Round: 0185] Aggregate updated weights of 10 clients...!
[INFO](2026/08/19/ 12:25:40 AM) [Round: 0185] ...updated weights of 10 clients are successfully averaged!
[INFO](2026/08/19/ 12:25:42 AM) [Round: 0185] Evaluate global model's performance...!                
	[Server] ...finished evaluation!                
	=> Loss: 12.3593                
	=> Accuracy: 8.57%

[INFO](2026/08/19/ 12:25:43 AM) [Round: 0186] Select clients...!
[INFO](2026/08/19/ 12:25:43 AM) [Round: 0186] ...successfully transmitted models to 10 selected clients!
[INFO](2026/08/19/ 12:25:43 AM) [Round: 0186] Start updating selected 10 clients...!
[INFO](2026/08/19/ 12:25:53 AM) [Round: 0186] ...10 clients are selected and updated (with total sample size: 25)!
[INFO](2026/08/19/ 12:25:54 AM) [Round: 0186] Aggregate updated weights of 10 clients...!
[INFO](2026/08/19/ 12:25:54 AM) [Round: 0186] ...updated weights of 10 clients are successfully averaged!
[INFO](2026/08/19/ 12:25:56 AM) [Round: 0186] Evaluate global model's performance...!                
	[Server] ...finished evaluation!                
	=> Loss: 10.1366                
	=> Accuracy: 5.71%

[INFO](2026/08/19/ 12:25:56 AM) [Round: 0187] Select clients...!
[INFO](2026/08/19/ 12:25:56 AM) [Round: 0187] ...successfully transmitted models to 10 selected clients!
[INFO](2026/08/19/ 12:25:56 AM) [Round: 0187] Start updating selected 10 clients...!
[INFO](2026/08/19/ 12:26:06 AM) [Round: 0187] ...10 clients are selected and updated (with total sample size: 25)!
[INFO](2026/08/19/ 12:26:07 AM) [Round: 0187] Aggregate updated weights of 10 clients...!
[INFO](2026/08/19/ 12:26:07 AM) [Round: 0187] ...updated weights of 10 clients are successfully averaged!
[INFO](2026/08/19/ 12:26:09 AM) [Round: 0187] Evaluate global model's performance...!                
	[Server] ...finished evaluation!                
	=> Loss: 14.5847                
	=> Accuracy: 5.24%

[INFO](2026/08/19/ 12:26:09 AM) [Round: 0188] Select clients...!
[INFO](2026/08/19/ 12:26:10 AM) [Round: 0188] ...successfully transmitted models to 10 selected clients!
[INFO](2026/08/19/ 12:26:10 AM) [Round: 0188] Start updating selected 10 clients...!
[INFO](2026/08/19/ 12:26:21 AM) [Round: 0188] ...10 clients are selected and updated (with total sample size: 35)!
[INFO](2026/08/19/ 12:26:21 AM) [Round: 0188] Aggregate updated weights of 10 clients...!
[INFO](2026/08/19/ 12:26:21 AM) [Round: 0188] ...updated weights of 10 clients are successfully averaged!
[INFO](2026/08/19/ 12:26:23 AM) [Round: 0188] Evaluate global model's performance...!                
	[Server] ...finished evaluation!                
	=> Loss: 7.7583                
	=> Accuracy: 5.71%

[INFO](2026/08/19/ 12:26:23 AM) [Round: 0189] Select clients...!
[INFO](2026/08/19/ 12:26:24 AM) [Round: 0189] ...successfully transmitted models to 10 selected clients!
[INFO](2026/08/19/ 12:26:24 AM) [Round: 0189] Start updating selected 10 clients...!
[INFO](2026/08/19/ 12:26:35 AM) [Round: 0189] ...10 clients are selected and updated (with total sample size: 29)!
[INFO](2026/08/19/ 12:26:35 AM) [Round: 0189] Aggregate updated weights of 10 clients...!
[INFO](2026/08/19/ 12:26:35 AM) [Round: 0189] ...updated weights of 10 clients are successfully averaged!
[INFO](2026/08/19/ 12:26:37 AM) [Round: 0189] Evaluate global model's performance...!                
	[Server] ...finished evaluation!                
	=> Loss: 9.1637                
	=> Accuracy: 7.38%

[INFO](2026/08/19/ 12:26:37 AM) [Round: 0190] Select clients...!
[INFO](2026/08/19/ 12:26:38 AM) [Round: 0190] ...successfully transmitted models to 10 selected clients!
[INFO](2026/08/19/ 12:26:38 AM) [Round: 0190] Start updating selected 10 clients...!
[INFO](2026/08/19/ 12:26:49 AM) [Round: 0190] ...10 clients are selected and updated (with total sample size: 37)!
[INFO](2026/08/19/ 12:26:49 AM) [Round: 0190] Aggregate updated weights of 10 clients...!
[INFO](2026/08/19/ 12:26:49 AM) [Round: 0190] ...updated weights of 10 clients are successfully averaged!
[INFO](2026/08/19/ 12:26:51 AM) [Round: 0190] Evaluate global model's performance...!                
	[Server] ...finished evaluation!                
	=> Loss: 8.9092                
	=> Accuracy: 6.67%

[INFO](2026/08/19/ 12:26:51 AM) [Round: 0191] Select clients...!
[INFO](2026/08/19/ 12:26:52 AM) [Round: 0191] ...successfully transmitted models to 10 selected clients!
[INFO](2026/08/19/ 12:26:52 AM) [Round: 0191] Start updating selected 10 clients...!
[INFO](2026/08/19/ 12:27:04 AM) [Round: 0191] ...10 clients are selected and updated (with total sample size: 54)!
[INFO](2026/08/19/ 12:27:04 AM) [Round: 0191] Aggregate updated weights of 10 clients...!
[INFO](2026/08/19/ 12:27:04 AM) [Round: 0191] ...updated weights of 10 clients are successfully averaged!
[INFO](2026/08/19/ 12:27:06 AM) [Round: 0191] Evaluate global model's performance...!                
	[Server] ...finished evaluation!                
	=> Loss: 9.8375                
	=> Accuracy: 6.67%

[INFO](2026/08/19/ 12:27:06 AM) [Round: 0192] Select clients...!
[INFO](2026/08/19/ 12:27:06 AM) [Round: 0192] ...successfully transmitted models to 10 selected clients!
[INFO](2026/08/19/ 12:27:06 AM) [Round: 0192] Start updating selected 10 clients...!
[INFO](2026/08/19/ 12:27:17 AM) [Round: 0192] ...10 clients are selected and updated (with total sample size: 29)!
[INFO](2026/08/19/ 12:27:17 AM) [Round: 0192] Aggregate updated weights of 10 clients...!
[INFO](2026/08/19/ 12:27:18 AM) [Round: 0192] ...updated weights of 10 clients are successfully averaged!
[INFO](2026/08/19/ 12:27:20 AM) [Round: 0192] Evaluate global model's performance...!                
	[Server] ...finished evaluation!                
	=> Loss: 11.6811                
	=> Accuracy: 7.14%

[INFO](2026/08/19/ 12:27:20 AM) [Round: 0193] Select clients...!
[INFO](2026/08/19/ 12:27:21 AM) [Round: 0193] ...successfully transmitted models to 10 selected clients!
[INFO](2026/08/19/ 12:27:21 AM) [Round: 0193] Start updating selected 10 clients...!
[INFO](2026/08/19/ 12:27:32 AM) [Round: 0193] ...10 clients are selected and updated (with total sample size: 29)!
[INFO](2026/08/19/ 12:27:33 AM) [Round: 0193] Aggregate updated weights of 10 clients...!
[INFO](2026/08/19/ 12:27:33 AM) [Round: 0193] ...updated weights of 10 clients are successfully averaged!
[INFO](2026/08/19/ 12:27:35 AM) [Round: 0193] Evaluate global model's performance...!                
	[Server] ...finished evaluation!                
	=> Loss: 7.4051                
	=> Accuracy: 7.62%

[INFO](2026/08/19/ 12:27:35 AM) [Round: 0194] Select clients...!
[INFO](2026/08/19/ 12:27:35 AM) [Round: 0194] ...successfully transmitted models to 10 selected clients!
[INFO](2026/08/19/ 12:27:36 AM) [Round: 0194] Start updating selected 10 clients...!
[INFO](2026/08/19/ 12:27:46 AM) [Round: 0194] ...10 clients are selected and updated (with total sample size: 54)!
[INFO](2026/08/19/ 12:27:46 AM) [Round: 0194] Aggregate updated weights of 10 clients...!
[INFO](2026/08/19/ 12:27:46 AM) [Round: 0194] ...updated weights of 10 clients are successfully averaged!
[INFO](2026/08/19/ 12:27:48 AM) [Round: 0194] Evaluate global model's performance...!                
	[Server] ...finished evaluation!                
	=> Loss: 10.7677                
	=> Accuracy: 6.90%

[INFO](2026/08/19/ 12:27:48 AM) [Round: 0195] Select clients...!
[INFO](2026/08/19/ 12:27:49 AM) [Round: 0195] ...successfully transmitted models to 10 selected clients!
[INFO](2026/08/19/ 12:27:49 AM) [Round: 0195] Start updating selected 10 clients...!
[INFO](2026/08/19/ 12:27:59 AM) [Round: 0195] ...10 clients are selected and updated (with total sample size: 54)!
[INFO](2026/08/19/ 12:27:59 AM) [Round: 0195] Aggregate updated weights of 10 clients...!
[INFO](2026/08/19/ 12:28:00 AM) [Round: 0195] ...updated weights of 10 clients are successfully averaged!
[INFO](2026/08/19/ 12:28:02 AM) [Round: 0195] Evaluate global model's performance...!                
	[Server] ...finished evaluation!                
	=> Loss: 13.5333                
	=> Accuracy: 9.52%

[INFO](2026/08/19/ 12:28:02 AM) [Round: 0196] Select clients...!
[INFO](2026/08/19/ 12:28:02 AM) [Round: 0196] ...successfully transmitted models to 10 selected clients!
[INFO](2026/08/19/ 12:28:03 AM) [Round: 0196] Start updating selected 10 clients...!
[INFO](2026/08/19/ 12:28:14 AM) [Round: 0196] ...10 clients are selected and updated (with total sample size: 54)!
[INFO](2026/08/19/ 12:28:14 AM) [Round: 0196] Aggregate updated weights of 10 clients...!
[INFO](2026/08/19/ 12:28:14 AM) [Round: 0196] ...updated weights of 10 clients are successfully averaged!
[INFO](2026/08/19/ 12:28:16 AM) [Round: 0196] Evaluate global model's performance...!                
	[Server] ...finished evaluation!                
	=> Loss: 11.6442                
	=> Accuracy: 5.24%

[INFO](2026/08/19/ 12:28:16 AM) [Round: 0197] Select clients...!
[INFO](2026/08/19/ 12:28:17 AM) [Round: 0197] ...successfully transmitted models to 10 selected clients!
[INFO](2026/08/19/ 12:28:17 AM) [Round: 0197] Start updating selected 10 clients...!
[INFO](2026/08/19/ 12:28:27 AM) [Round: 0197] ...10 clients are selected and updated (with total sample size: 37)!
[INFO](2026/08/19/ 12:28:27 AM) [Round: 0197] Aggregate updated weights of 10 clients...!
[INFO](2026/08/19/ 12:28:27 AM) [Round: 0197] ...updated weights of 10 clients are successfully averaged!
[INFO](2026/08/19/ 12:28:29 AM) [Round: 0197] Evaluate global model's performance...!                
	[Server] ...finished evaluation!                
	=> Loss: 12.5883                
	=> Accuracy: 8.33%

[INFO](2026/08/19/ 12:28:29 AM) [Round: 0198] Select clients...!
[INFO](2026/08/19/ 12:28:30 AM) [Round: 0198] ...successfully transmitted models to 10 selected clients!
[INFO](2026/08/19/ 12:28:30 AM) [Round: 0198] Start updating selected 10 clients...!
[INFO](2026/08/19/ 12:28:41 AM) [Round: 0198] ...10 clients are selected and updated (with total sample size: 54)!
[INFO](2026/08/19/ 12:28:41 AM) [Round: 0198] Aggregate updated weights of 10 clients...!
[INFO](2026/08/19/ 12:28:41 AM) [Round: 0198] ...updated weights of 10 clients are successfully averaged!
[INFO](2026/08/19/ 12:28:43 AM) [Round: 0198] Evaluate global model's performance...!                
	[Server] ...finished evaluation!                
	=> Loss: 10.2086                
	=> Accuracy: 7.86%

[INFO](2026/08/19/ 12:28:43 AM) [Round: 0199] Select clients...!
[INFO](2026/08/19/ 12:28:43 AM) [Round: 0199] ...successfully transmitted models to 10 selected clients!
[INFO](2026/08/19/ 12:28:43 AM) [Round: 0199] Start updating selected 10 clients...!
[INFO](2026/08/19/ 12:28:54 AM) [Round: 0199] ...10 clients are selected and updated (with total sample size: 42)!
[INFO](2026/08/19/ 12:28:54 AM) [Round: 0199] Aggregate updated weights of 10 clients...!
[INFO](2026/08/19/ 12:28:55 AM) [Round: 0199] ...updated weights of 10 clients are successfully averaged!
[INFO](2026/08/19/ 12:28:57 AM) [Round: 0199] Evaluate global model's performance...!                
	[Server] ...finished evaluation!                
	=> Loss: 11.9833                
	=> Accuracy: 3.57%

[INFO](2026/08/19/ 12:28:57 AM) [Round: 0200] Select clients...!
[INFO](2026/08/19/ 12:28:57 AM) [Round: 0200] ...successfully transmitted models to 10 selected clients!
[INFO](2026/08/19/ 12:28:57 AM) [Round: 0200] Start updating selected 10 clients...!
[INFO](2026/08/19/ 12:29:08 AM) [Round: 0200] ...10 clients are selected and updated (with total sample size: 35)!
[INFO](2026/08/19/ 12:29:08 AM) [Round: 0200] Aggregate updated weights of 10 clients...!
[INFO](2026/08/19/ 12:29:08 AM) [Round: 0200] ...updated weights of 10 clients are successfully averaged!
[INFO](2026/08/19/ 12:29:10 AM) [Round: 0200] Evaluate global model's performance...!                
	[Server] ...finished evaluation!                
	=> Loss: 13.4291                
	=> Accuracy: 5.95%

[INFO](2026/08/19/ 12:29:11 AM) [Round: 0201] Select clients...!
[INFO](2026/08/19/ 12:29:11 AM) [Round: 0201] ...successfully transmitted models to 10 selected clients!
[INFO](2026/08/19/ 12:29:11 AM) [Round: 0201] Start updating selected 10 clients...!
[INFO](2026/08/19/ 12:29:23 AM) [Round: 0201] ...10 clients are selected and updated (with total sample size: 54)!
[INFO](2026/08/19/ 12:29:23 AM) [Round: 0201] Aggregate updated weights of 10 clients...!
[INFO](2026/08/19/ 12:29:23 AM) [Round: 0201] ...updated weights of 10 clients are successfully averaged!
[INFO](2026/08/19/ 12:29:25 AM) [Round: 0201] Evaluate global model's performance...!                
	[Server] ...finished evaluation!                
	=> Loss: 9.8975                
	=> Accuracy: 9.05%

[INFO](2026/08/19/ 12:29:25 AM) [Round: 0202] Select clients...!
[INFO](2026/08/19/ 12:29:26 AM) [Round: 0202] ...successfully transmitted models to 10 selected clients!
[INFO](2026/08/19/ 12:29:26 AM) [Round: 0202] Start updating selected 10 clients...!
[INFO](2026/08/19/ 12:29:36 AM) [Round: 0202] ...10 clients are selected and updated (with total sample size: 42)!
[INFO](2026/08/19/ 12:29:36 AM) [Round: 0202] Aggregate updated weights of 10 clients...!
[INFO](2026/08/19/ 12:29:36 AM) [Round: 0202] ...updated weights of 10 clients are successfully averaged!
[INFO](2026/08/19/ 12:29:38 AM) [Round: 0202] Evaluate global model's performance...!                
	[Server] ...finished evaluation!                
	=> Loss: 10.3176                
	=> Accuracy: 6.43%

[INFO](2026/08/19/ 12:29:38 AM) [Round: 0203] Select clients...!
[INFO](2026/08/19/ 12:29:39 AM) [Round: 0203] ...successfully transmitted models to 10 selected clients!
[INFO](2026/08/19/ 12:29:39 AM) [Round: 0203] Start updating selected 10 clients...!
[INFO](2026/08/19/ 12:29:50 AM) [Round: 0203] ...10 clients are selected and updated (with total sample size: 25)!
[INFO](2026/08/19/ 12:29:50 AM) [Round: 0203] Aggregate updated weights of 10 clients...!
[INFO](2026/08/19/ 12:29:50 AM) [Round: 0203] ...updated weights of 10 clients are successfully averaged!
[INFO](2026/08/19/ 12:29:53 AM) [Round: 0203] Evaluate global model's performance...!                
	[Server] ...finished evaluation!                
	=> Loss: 9.7895                
	=> Accuracy: 4.76%

[INFO](2026/08/19/ 12:29:53 AM) [Round: 0204] Select clients...!
[INFO](2026/08/19/ 12:29:53 AM) [Round: 0204] ...successfully transmitted models to 10 selected clients!
[INFO](2026/08/19/ 12:29:54 AM) [Round: 0204] Start updating selected 10 clients...!
[INFO](2026/08/19/ 12:30:03 AM) [Round: 0204] ...10 clients are selected and updated (with total sample size: 31)!
[INFO](2026/08/19/ 12:30:03 AM) [Round: 0204] Aggregate updated weights of 10 clients...!
[INFO](2026/08/19/ 12:30:03 AM) [Round: 0204] ...updated weights of 10 clients are successfully averaged!
[INFO](2026/08/19/ 12:30:05 AM) [Round: 0204] Evaluate global model's performance...!                
	[Server] ...finished evaluation!                
	=> Loss: 10.2738                
	=> Accuracy: 7.38%

[INFO](2026/08/19/ 12:30:06 AM) [Round: 0205] Select clients...!
[INFO](2026/08/19/ 12:30:06 AM) [Round: 0205] ...successfully transmitted models to 10 selected clients!
[INFO](2026/08/19/ 12:30:06 AM) [Round: 0205] Start updating selected 10 clients...!
[INFO](2026/08/19/ 12:30:17 AM) [Round: 0205] ...10 clients are selected and updated (with total sample size: 37)!
[INFO](2026/08/19/ 12:30:17 AM) [Round: 0205] Aggregate updated weights of 10 clients...!
[INFO](2026/08/19/ 12:30:17 AM) [Round: 0205] ...updated weights of 10 clients are successfully averaged!
[INFO](2026/08/19/ 12:30:19 AM) [Round: 0205] Evaluate global model's performance...!                
	[Server] ...finished evaluation!                
	=> Loss: 8.8947                
	=> Accuracy: 10.95%

[INFO](2026/08/19/ 12:30:19 AM) [Round: 0206] Select clients...!
[INFO](2026/08/19/ 12:30:20 AM) [Round: 0206] ...successfully transmitted models to 10 selected clients!
[INFO](2026/08/19/ 12:30:20 AM) [Round: 0206] Start updating selected 10 clients...!
[INFO](2026/08/19/ 12:30:30 AM) [Round: 0206] ...10 clients are selected and updated (with total sample size: 35)!
[INFO](2026/08/19/ 12:30:30 AM) [Round: 0206] Aggregate updated weights of 10 clients...!
[INFO](2026/08/19/ 12:30:30 AM) [Round: 0206] ...updated weights of 10 clients are successfully averaged!
[INFO](2026/08/19/ 12:30:32 AM) [Round: 0206] Evaluate global model's performance...!                
	[Server] ...finished evaluation!                
	=> Loss: 9.2185                
	=> Accuracy: 7.38%

[INFO](2026/08/19/ 12:30:32 AM) [Round: 0207] Select clients...!
[INFO](2026/08/19/ 12:30:33 AM) [Round: 0207] ...successfully transmitted models to 10 selected clients!
[INFO](2026/08/19/ 12:30:33 AM) [Round: 0207] Start updating selected 10 clients...!
[INFO](2026/08/19/ 12:30:44 AM) [Round: 0207] ...10 clients are selected and updated (with total sample size: 29)!
[INFO](2026/08/19/ 12:30:44 AM) [Round: 0207] Aggregate updated weights of 10 clients...!
[INFO](2026/08/19/ 12:30:44 AM) [Round: 0207] ...updated weights of 10 clients are successfully averaged!
[INFO](2026/08/19/ 12:30:46 AM) [Round: 0207] Evaluate global model's performance...!                
	[Server] ...finished evaluation!                
	=> Loss: 9.3842                
	=> Accuracy: 8.33%

[INFO](2026/08/19/ 12:30:46 AM) [Round: 0208] Select clients...!
[INFO](2026/08/19/ 12:30:46 AM) [Round: 0208] ...successfully transmitted models to 10 selected clients!
[INFO](2026/08/19/ 12:30:46 AM) [Round: 0208] Start updating selected 10 clients...!
[INFO](2026/08/19/ 12:30:56 AM) [Round: 0208] ...10 clients are selected and updated (with total sample size: 37)!
[INFO](2026/08/19/ 12:30:57 AM) [Round: 0208] Aggregate updated weights of 10 clients...!
[INFO](2026/08/19/ 12:30:57 AM) [Round: 0208] ...updated weights of 10 clients are successfully averaged!
[INFO](2026/08/19/ 12:30:59 AM) [Round: 0208] Evaluate global model's performance...!                
	[Server] ...finished evaluation!                
	=> Loss: 14.6085                
	=> Accuracy: 4.76%

[INFO](2026/08/19/ 12:30:59 AM) [Round: 0209] Select clients...!
[INFO](2026/08/19/ 12:31:00 AM) [Round: 0209] ...successfully transmitted models to 10 selected clients!
[INFO](2026/08/19/ 12:31:00 AM) [Round: 0209] Start updating selected 10 clients...!
[INFO](2026/08/19/ 12:31:11 AM) [Round: 0209] ...10 clients are selected and updated (with total sample size: 37)!
[INFO](2026/08/19/ 12:31:11 AM) [Round: 0209] Aggregate updated weights of 10 clients...!
[INFO](2026/08/19/ 12:31:11 AM) [Round: 0209] ...updated weights of 10 clients are successfully averaged!
[INFO](2026/08/19/ 12:31:13 AM) [Round: 0209] Evaluate global model's performance...!                
	[Server] ...finished evaluation!                
	=> Loss: 15.7426                
	=> Accuracy: 7.38%

[INFO](2026/08/19/ 12:31:13 AM) [Round: 0210] Select clients...!
[INFO](2026/08/19/ 12:31:14 AM) [Round: 0210] ...successfully transmitted models to 10 selected clients!
[INFO](2026/08/19/ 12:31:14 AM) [Round: 0210] Start updating selected 10 clients...!
[INFO](2026/08/19/ 12:31:24 AM) [Round: 0210] ...10 clients are selected and updated (with total sample size: 37)!
[INFO](2026/08/19/ 12:31:24 AM) [Round: 0210] Aggregate updated weights of 10 clients...!
[INFO](2026/08/19/ 12:31:25 AM) [Round: 0210] ...updated weights of 10 clients are successfully averaged!
[INFO](2026/08/19/ 12:31:27 AM) [Round: 0210] Evaluate global model's performance...!                
	[Server] ...finished evaluation!                
	=> Loss: 13.3692                
	=> Accuracy: 5.95%

[INFO](2026/08/19/ 12:31:27 AM) [Round: 0211] Select clients...!
[INFO](2026/08/19/ 12:31:27 AM) [Round: 0211] ...successfully transmitted models to 10 selected clients!
[INFO](2026/08/19/ 12:31:27 AM) [Round: 0211] Start updating selected 10 clients...!
[INFO](2026/08/19/ 12:31:39 AM) [Round: 0211] ...10 clients are selected and updated (with total sample size: 25)!
[INFO](2026/08/19/ 12:31:39 AM) [Round: 0211] Aggregate updated weights of 10 clients...!
[INFO](2026/08/19/ 12:31:39 AM) [Round: 0211] ...updated weights of 10 clients are successfully averaged!
[INFO](2026/08/19/ 12:31:41 AM) [Round: 0211] Evaluate global model's performance...!                
	[Server] ...finished evaluation!                
	=> Loss: 9.2585                
	=> Accuracy: 7.38%

[INFO](2026/08/19/ 12:31:41 AM) [Round: 0212] Select clients...!
[INFO](2026/08/19/ 12:31:41 AM) [Round: 0212] ...successfully transmitted models to 10 selected clients!
[INFO](2026/08/19/ 12:31:42 AM) [Round: 0212] Start updating selected 10 clients...!
[INFO](2026/08/19/ 12:31:53 AM) [Round: 0212] ...10 clients are selected and updated (with total sample size: 29)!
[INFO](2026/08/19/ 12:31:53 AM) [Round: 0212] Aggregate updated weights of 10 clients...!
[INFO](2026/08/19/ 12:31:53 AM) [Round: 0212] ...updated weights of 10 clients are successfully averaged!
[INFO](2026/08/19/ 12:31:55 AM) [Round: 0212] Evaluate global model's performance...!                
	[Server] ...finished evaluation!                
	=> Loss: 12.4084                
	=> Accuracy: 5.24%

[INFO](2026/08/19/ 12:31:55 AM) [Round: 0213] Select clients...!
[INFO](2026/08/19/ 12:31:56 AM) [Round: 0213] ...successfully transmitted models to 10 selected clients!
[INFO](2026/08/19/ 12:31:56 AM) [Round: 0213] Start updating selected 10 clients...!
[INFO](2026/08/19/ 12:32:06 AM) [Round: 0213] ...10 clients are selected and updated (with total sample size: 52)!
[INFO](2026/08/19/ 12:32:06 AM) [Round: 0213] Aggregate updated weights of 10 clients...!
[INFO](2026/08/19/ 12:32:06 AM) [Round: 0213] ...updated weights of 10 clients are successfully averaged!
[INFO](2026/08/19/ 12:32:08 AM) [Round: 0213] Evaluate global model's performance...!                
	[Server] ...finished evaluation!                
	=> Loss: 9.3039                
	=> Accuracy: 5.24%

[INFO](2026/08/19/ 12:32:08 AM) [Round: 0214] Select clients...!
[INFO](2026/08/19/ 12:32:09 AM) [Round: 0214] ...successfully transmitted models to 10 selected clients!
[INFO](2026/08/19/ 12:32:09 AM) [Round: 0214] Start updating selected 10 clients...!
[INFO](2026/08/19/ 12:32:20 AM) [Round: 0214] ...10 clients are selected and updated (with total sample size: 29)!
[INFO](2026/08/19/ 12:32:21 AM) [Round: 0214] Aggregate updated weights of 10 clients...!
[INFO](2026/08/19/ 12:32:21 AM) [Round: 0214] ...updated weights of 10 clients are successfully averaged!
[INFO](2026/08/19/ 12:32:23 AM) [Round: 0214] Evaluate global model's performance...!                
	[Server] ...finished evaluation!                
	=> Loss: 10.6264                
	=> Accuracy: 6.90%

[INFO](2026/08/19/ 12:32:23 AM) [Round: 0215] Select clients...!
[INFO](2026/08/19/ 12:32:23 AM) [Round: 0215] ...successfully transmitted models to 10 selected clients!
[INFO](2026/08/19/ 12:32:23 AM) [Round: 0215] Start updating selected 10 clients...!
[INFO](2026/08/19/ 12:32:34 AM) [Round: 0215] ...10 clients are selected and updated (with total sample size: 37)!
[INFO](2026/08/19/ 12:32:34 AM) [Round: 0215] Aggregate updated weights of 10 clients...!
[INFO](2026/08/19/ 12:32:35 AM) [Round: 0215] ...updated weights of 10 clients are successfully averaged!
[INFO](2026/08/19/ 12:32:37 AM) [Round: 0215] Evaluate global model's performance...!                
	[Server] ...finished evaluation!                
	=> Loss: 10.0731                
	=> Accuracy: 5.48%

[INFO](2026/08/19/ 12:32:37 AM) [Round: 0216] Select clients...!
[INFO](2026/08/19/ 12:32:37 AM) [Round: 0216] ...successfully transmitted models to 10 selected clients!
[INFO](2026/08/19/ 12:32:37 AM) [Round: 0216] Start updating selected 10 clients...!
[INFO](2026/08/19/ 12:32:48 AM) [Round: 0216] ...10 clients are selected and updated (with total sample size: 29)!
[INFO](2026/08/19/ 12:32:48 AM) [Round: 0216] Aggregate updated weights of 10 clients...!
[INFO](2026/08/19/ 12:32:48 AM) [Round: 0216] ...updated weights of 10 clients are successfully averaged!
[INFO](2026/08/19/ 12:32:50 AM) [Round: 0216] Evaluate global model's performance...!                
	[Server] ...finished evaluation!                
	=> Loss: 6.8787                
	=> Accuracy: 7.14%

[INFO](2026/08/19/ 12:32:50 AM) [Round: 0217] Select clients...!
[INFO](2026/08/19/ 12:32:51 AM) [Round: 0217] ...successfully transmitted models to 10 selected clients!
[INFO](2026/08/19/ 12:32:51 AM) [Round: 0217] Start updating selected 10 clients...!
[INFO](2026/08/19/ 12:33:02 AM) [Round: 0217] ...10 clients are selected and updated (with total sample size: 42)!
[INFO](2026/08/19/ 12:33:02 AM) [Round: 0217] Aggregate updated weights of 10 clients...!
[INFO](2026/08/19/ 12:33:02 AM) [Round: 0217] ...updated weights of 10 clients are successfully averaged!
[INFO](2026/08/19/ 12:33:04 AM) [Round: 0217] Evaluate global model's performance...!                
	[Server] ...finished evaluation!                
	=> Loss: 12.4765                
	=> Accuracy: 7.62%

[INFO](2026/08/19/ 12:33:05 AM) [Round: 0218] Select clients...!
[INFO](2026/08/19/ 12:33:05 AM) [Round: 0218] ...successfully transmitted models to 10 selected clients!
[INFO](2026/08/19/ 12:33:05 AM) [Round: 0218] Start updating selected 10 clients...!
[INFO](2026/08/19/ 12:33:16 AM) [Round: 0218] ...10 clients are selected and updated (with total sample size: 25)!
[INFO](2026/08/19/ 12:33:16 AM) [Round: 0218] Aggregate updated weights of 10 clients...!
[INFO](2026/08/19/ 12:33:16 AM) [Round: 0218] ...updated weights of 10 clients are successfully averaged!
[INFO](2026/08/19/ 12:33:18 AM) [Round: 0218] Evaluate global model's performance...!                
	[Server] ...finished evaluation!                
	=> Loss: 12.2022                
	=> Accuracy: 5.71%

[INFO](2026/08/19/ 12:33:18 AM) [Round: 0219] Select clients...!
[INFO](2026/08/19/ 12:33:19 AM) [Round: 0219] ...successfully transmitted models to 10 selected clients!
[INFO](2026/08/19/ 12:33:19 AM) [Round: 0219] Start updating selected 10 clients...!
[INFO](2026/08/19/ 12:33:30 AM) [Round: 0219] ...10 clients are selected and updated (with total sample size: 25)!
[INFO](2026/08/19/ 12:33:30 AM) [Round: 0219] Aggregate updated weights of 10 clients...!
[INFO](2026/08/19/ 12:33:30 AM) [Round: 0219] ...updated weights of 10 clients are successfully averaged!
[INFO](2026/08/19/ 12:33:32 AM) [Round: 0219] Evaluate global model's performance...!                
	[Server] ...finished evaluation!                
	=> Loss: 16.8112                
	=> Accuracy: 8.10%

[INFO](2026/08/19/ 12:33:32 AM) [Round: 0220] Select clients...!
[INFO](2026/08/19/ 12:33:32 AM) [Round: 0220] ...successfully transmitted models to 10 selected clients!
[INFO](2026/08/19/ 12:33:32 AM) [Round: 0220] Start updating selected 10 clients...!
[INFO](2026/08/19/ 12:33:43 AM) [Round: 0220] ...10 clients are selected and updated (with total sample size: 25)!
[INFO](2026/08/19/ 12:33:43 AM) [Round: 0220] Aggregate updated weights of 10 clients...!
[INFO](2026/08/19/ 12:33:43 AM) [Round: 0220] ...updated weights of 10 clients are successfully averaged!
[INFO](2026/08/19/ 12:33:45 AM) [Round: 0220] Evaluate global model's performance...!                
	[Server] ...finished evaluation!                
	=> Loss: 10.4986                
	=> Accuracy: 8.81%

[INFO](2026/08/19/ 12:33:45 AM) [Round: 0221] Select clients...!
[INFO](2026/08/19/ 12:33:46 AM) [Round: 0221] ...successfully transmitted models to 10 selected clients!
[INFO](2026/08/19/ 12:33:46 AM) [Round: 0221] Start updating selected 10 clients...!
[INFO](2026/08/19/ 12:33:57 AM) [Round: 0221] ...10 clients are selected and updated (with total sample size: 42)!
[INFO](2026/08/19/ 12:33:57 AM) [Round: 0221] Aggregate updated weights of 10 clients...!
[INFO](2026/08/19/ 12:33:57 AM) [Round: 0221] ...updated weights of 10 clients are successfully averaged!
[INFO](2026/08/19/ 12:33:59 AM) [Round: 0221] Evaluate global model's performance...!                
	[Server] ...finished evaluation!                
	=> Loss: 15.7210                
	=> Accuracy: 6.90%

[INFO](2026/08/19/ 12:33:59 AM) [Round: 0222] Select clients...!
[INFO](2026/08/19/ 12:33:59 AM) [Round: 0222] ...successfully transmitted models to 10 selected clients!
[INFO](2026/08/19/ 12:34:00 AM) [Round: 0222] Start updating selected 10 clients...!
[INFO](2026/08/19/ 12:34:11 AM) [Round: 0222] ...10 clients are selected and updated (with total sample size: 25)!
[INFO](2026/08/19/ 12:34:11 AM) [Round: 0222] Aggregate updated weights of 10 clients...!
[INFO](2026/08/19/ 12:34:12 AM) [Round: 0222] ...updated weights of 10 clients are successfully averaged!
[INFO](2026/08/19/ 12:34:14 AM) [Round: 0222] Evaluate global model's performance...!                
	[Server] ...finished evaluation!                
	=> Loss: 10.5567                
	=> Accuracy: 5.95%

[INFO](2026/08/19/ 12:34:14 AM) [Round: 0223] Select clients...!
[INFO](2026/08/19/ 12:34:14 AM) [Round: 0223] ...successfully transmitted models to 10 selected clients!
[INFO](2026/08/19/ 12:34:15 AM) [Round: 0223] Start updating selected 10 clients...!
[INFO](2026/08/19/ 12:34:26 AM) [Round: 0223] ...10 clients are selected and updated (with total sample size: 52)!
[INFO](2026/08/19/ 12:34:26 AM) [Round: 0223] Aggregate updated weights of 10 clients...!
[INFO](2026/08/19/ 12:34:26 AM) [Round: 0223] ...updated weights of 10 clients are successfully averaged!
[INFO](2026/08/19/ 12:34:28 AM) [Round: 0223] Evaluate global model's performance...!                
	[Server] ...finished evaluation!                
	=> Loss: 9.9604                
	=> Accuracy: 5.48%

[INFO](2026/08/19/ 12:34:28 AM) [Round: 0224] Select clients...!
[INFO](2026/08/19/ 12:34:29 AM) [Round: 0224] ...successfully transmitted models to 10 selected clients!
[INFO](2026/08/19/ 12:34:29 AM) [Round: 0224] Start updating selected 10 clients...!
[INFO](2026/08/19/ 12:34:40 AM) [Round: 0224] ...10 clients are selected and updated (with total sample size: 54)!
[INFO](2026/08/19/ 12:34:41 AM) [Round: 0224] Aggregate updated weights of 10 clients...!
[INFO](2026/08/19/ 12:34:41 AM) [Round: 0224] ...updated weights of 10 clients are successfully averaged!
[INFO](2026/08/19/ 12:34:43 AM) [Round: 0224] Evaluate global model's performance...!                
	[Server] ...finished evaluation!                
	=> Loss: 12.2945                
	=> Accuracy: 7.86%

[INFO](2026/08/19/ 12:34:44 AM) [Round: 0225] Select clients...!
[INFO](2026/08/19/ 12:34:44 AM) [Round: 0225] ...successfully transmitted models to 10 selected clients!
[INFO](2026/08/19/ 12:34:44 AM) [Round: 0225] Start updating selected 10 clients...!
[INFO](2026/08/19/ 12:34:55 AM) [Round: 0225] ...10 clients are selected and updated (with total sample size: 37)!
[INFO](2026/08/19/ 12:34:55 AM) [Round: 0225] Aggregate updated weights of 10 clients...!
[INFO](2026/08/19/ 12:34:55 AM) [Round: 0225] ...updated weights of 10 clients are successfully averaged!
[INFO](2026/08/19/ 12:34:58 AM) [Round: 0225] Evaluate global model's performance...!                
	[Server] ...finished evaluation!                
	=> Loss: 15.1410                
	=> Accuracy: 5.71%

[INFO](2026/08/19/ 12:34:58 AM) [Round: 0226] Select clients...!
[INFO](2026/08/19/ 12:34:58 AM) [Round: 0226] ...successfully transmitted models to 10 selected clients!
[INFO](2026/08/19/ 12:34:58 AM) [Round: 0226] Start updating selected 10 clients...!
[INFO](2026/08/19/ 12:35:10 AM) [Round: 0226] ...10 clients are selected and updated (with total sample size: 35)!
[INFO](2026/08/19/ 12:35:10 AM) [Round: 0226] Aggregate updated weights of 10 clients...!
[INFO](2026/08/19/ 12:35:10 AM) [Round: 0226] ...updated weights of 10 clients are successfully averaged!
[INFO](2026/08/19/ 12:35:12 AM) [Round: 0226] Evaluate global model's performance...!                
	[Server] ...finished evaluation!                
	=> Loss: 12.5380                
	=> Accuracy: 8.10%

[INFO](2026/08/19/ 12:35:13 AM) [Round: 0227] Select clients...!
[INFO](2026/08/19/ 12:35:13 AM) [Round: 0227] ...successfully transmitted models to 10 selected clients!
[INFO](2026/08/19/ 12:35:13 AM) [Round: 0227] Start updating selected 10 clients...!
[INFO](2026/08/19/ 12:35:25 AM) [Round: 0227] ...10 clients are selected and updated (with total sample size: 54)!
[INFO](2026/08/19/ 12:35:25 AM) [Round: 0227] Aggregate updated weights of 10 clients...!
[INFO](2026/08/19/ 12:35:25 AM) [Round: 0227] ...updated weights of 10 clients are successfully averaged!
[INFO](2026/08/19/ 12:35:27 AM) [Round: 0227] Evaluate global model's performance...!                
	[Server] ...finished evaluation!                
	=> Loss: 11.5779                
	=> Accuracy: 9.29%

[INFO](2026/08/19/ 12:35:27 AM) [Round: 0228] Select clients...!
[INFO](2026/08/19/ 12:35:28 AM) [Round: 0228] ...successfully transmitted models to 10 selected clients!
[INFO](2026/08/19/ 12:35:28 AM) [Round: 0228] Start updating selected 10 clients...!
[INFO](2026/08/19/ 12:35:38 AM) [Round: 0228] ...10 clients are selected and updated (with total sample size: 25)!
[INFO](2026/08/19/ 12:35:38 AM) [Round: 0228] Aggregate updated weights of 10 clients...!
[INFO](2026/08/19/ 12:35:39 AM) [Round: 0228] ...updated weights of 10 clients are successfully averaged!
[INFO](2026/08/19/ 12:35:41 AM) [Round: 0228] Evaluate global model's performance...!                
	[Server] ...finished evaluation!                
	=> Loss: 15.3041                
	=> Accuracy: 5.48%

[INFO](2026/08/19/ 12:35:41 AM) [Round: 0229] Select clients...!
[INFO](2026/08/19/ 12:35:41 AM) [Round: 0229] ...successfully transmitted models to 10 selected clients!
[INFO](2026/08/19/ 12:35:42 AM) [Round: 0229] Start updating selected 10 clients...!
[INFO](2026/08/19/ 12:35:52 AM) [Round: 0229] ...10 clients are selected and updated (with total sample size: 25)!
[INFO](2026/08/19/ 12:35:52 AM) [Round: 0229] Aggregate updated weights of 10 clients...!
[INFO](2026/08/19/ 12:35:52 AM) [Round: 0229] ...updated weights of 10 clients are successfully averaged!
[INFO](2026/08/19/ 12:35:55 AM) [Round: 0229] Evaluate global model's performance...!                
	[Server] ...finished evaluation!                
	=> Loss: 13.5646                
	=> Accuracy: 5.95%

[INFO](2026/08/19/ 12:35:55 AM) [Round: 0230] Select clients...!
[INFO](2026/08/19/ 12:35:55 AM) [Round: 0230] ...successfully transmitted models to 10 selected clients!
[INFO](2026/08/19/ 12:35:55 AM) [Round: 0230] Start updating selected 10 clients...!
[INFO](2026/08/19/ 12:36:06 AM) [Round: 0230] ...10 clients are selected and updated (with total sample size: 37)!
[INFO](2026/08/19/ 12:36:06 AM) [Round: 0230] Aggregate updated weights of 10 clients...!
[INFO](2026/08/19/ 12:36:06 AM) [Round: 0230] ...updated weights of 10 clients are successfully averaged!
[INFO](2026/08/19/ 12:36:08 AM) [Round: 0230] Evaluate global model's performance...!                
	[Server] ...finished evaluation!                
	=> Loss: 15.2371                
	=> Accuracy: 5.95%

[INFO](2026/08/19/ 12:36:08 AM) [Round: 0231] Select clients...!
[INFO](2026/08/19/ 12:36:08 AM) [Round: 0231] ...successfully transmitted models to 10 selected clients!
[INFO](2026/08/19/ 12:36:08 AM) [Round: 0231] Start updating selected 10 clients...!
[INFO](2026/08/19/ 12:36:19 AM) [Round: 0231] ...10 clients are selected and updated (with total sample size: 59)!
[INFO](2026/08/19/ 12:36:19 AM) [Round: 0231] Aggregate updated weights of 10 clients...!
[INFO](2026/08/19/ 12:36:19 AM) [Round: 0231] ...updated weights of 10 clients are successfully averaged!
[INFO](2026/08/19/ 12:36:21 AM) [Round: 0231] Evaluate global model's performance...!                
	[Server] ...finished evaluation!                
	=> Loss: 12.4650                
	=> Accuracy: 6.43%

[INFO](2026/08/19/ 12:36:21 AM) [Round: 0232] Select clients...!
[INFO](2026/08/19/ 12:36:21 AM) [Round: 0232] ...successfully transmitted models to 10 selected clients!
[INFO](2026/08/19/ 12:36:22 AM) [Round: 0232] Start updating selected 10 clients...!
[INFO](2026/08/19/ 12:36:32 AM) [Round: 0232] ...10 clients are selected and updated (with total sample size: 35)!
[INFO](2026/08/19/ 12:36:32 AM) [Round: 0232] Aggregate updated weights of 10 clients...!
[INFO](2026/08/19/ 12:36:33 AM) [Round: 0232] ...updated weights of 10 clients are successfully averaged!
[INFO](2026/08/19/ 12:36:35 AM) [Round: 0232] Evaluate global model's performance...!                
	[Server] ...finished evaluation!                
	=> Loss: 14.5864                
	=> Accuracy: 5.95%

[INFO](2026/08/19/ 12:36:35 AM) [Round: 0233] Select clients...!
[INFO](2026/08/19/ 12:36:35 AM) [Round: 0233] ...successfully transmitted models to 10 selected clients!
[INFO](2026/08/19/ 12:36:35 AM) [Round: 0233] Start updating selected 10 clients...!
[INFO](2026/08/19/ 12:36:46 AM) [Round: 0233] ...10 clients are selected and updated (with total sample size: 54)!
[INFO](2026/08/19/ 12:36:46 AM) [Round: 0233] Aggregate updated weights of 10 clients...!
[INFO](2026/08/19/ 12:36:46 AM) [Round: 0233] ...updated weights of 10 clients are successfully averaged!
[INFO](2026/08/19/ 12:36:48 AM) [Round: 0233] Evaluate global model's performance...!                
	[Server] ...finished evaluation!                
	=> Loss: 12.2788                
	=> Accuracy: 5.95%

[INFO](2026/08/19/ 12:36:48 AM) [Round: 0234] Select clients...!
[INFO](2026/08/19/ 12:36:49 AM) [Round: 0234] ...successfully transmitted models to 10 selected clients!
[INFO](2026/08/19/ 12:36:49 AM) [Round: 0234] Start updating selected 10 clients...!
[INFO](2026/08/19/ 12:37:00 AM) [Round: 0234] ...10 clients are selected and updated (with total sample size: 25)!
[INFO](2026/08/19/ 12:37:00 AM) [Round: 0234] Aggregate updated weights of 10 clients...!
[INFO](2026/08/19/ 12:37:00 AM) [Round: 0234] ...updated weights of 10 clients are successfully averaged!
[INFO](2026/08/19/ 12:37:02 AM) [Round: 0234] Evaluate global model's performance...!                
	[Server] ...finished evaluation!                
	=> Loss: 9.4195                
	=> Accuracy: 5.71%

[INFO](2026/08/19/ 12:37:03 AM) [Round: 0235] Select clients...!
[INFO](2026/08/19/ 12:37:03 AM) [Round: 0235] ...successfully transmitted models to 10 selected clients!
[INFO](2026/08/19/ 12:37:03 AM) [Round: 0235] Start updating selected 10 clients...!
[INFO](2026/08/19/ 12:37:14 AM) [Round: 0235] ...10 clients are selected and updated (with total sample size: 42)!
[INFO](2026/08/19/ 12:37:14 AM) [Round: 0235] Aggregate updated weights of 10 clients...!
[INFO](2026/08/19/ 12:37:14 AM) [Round: 0235] ...updated weights of 10 clients are successfully averaged!
[INFO](2026/08/19/ 12:37:16 AM) [Round: 0235] Evaluate global model's performance...!                
	[Server] ...finished evaluation!                
	=> Loss: 7.8754                
	=> Accuracy: 7.62%

[INFO](2026/08/19/ 12:37:16 AM) [Round: 0236] Select clients...!
[INFO](2026/08/19/ 12:37:16 AM) [Round: 0236] ...successfully transmitted models to 10 selected clients!
[INFO](2026/08/19/ 12:37:16 AM) [Round: 0236] Start updating selected 10 clients...!
[INFO](2026/08/19/ 12:37:28 AM) [Round: 0236] ...10 clients are selected and updated (with total sample size: 54)!
[INFO](2026/08/19/ 12:37:28 AM) [Round: 0236] Aggregate updated weights of 10 clients...!
[INFO](2026/08/19/ 12:37:28 AM) [Round: 0236] ...updated weights of 10 clients are successfully averaged!
[INFO](2026/08/19/ 12:37:30 AM) [Round: 0236] Evaluate global model's performance...!                
	[Server] ...finished evaluation!                
	=> Loss: 12.6487                
	=> Accuracy: 6.67%

[INFO](2026/08/19/ 12:37:30 AM) [Round: 0237] Select clients...!
[INFO](2026/08/19/ 12:37:30 AM) [Round: 0237] ...successfully transmitted models to 10 selected clients!
[INFO](2026/08/19/ 12:37:30 AM) [Round: 0237] Start updating selected 10 clients...!
[INFO](2026/08/19/ 12:37:42 AM) [Round: 0237] ...10 clients are selected and updated (with total sample size: 31)!
[INFO](2026/08/19/ 12:37:42 AM) [Round: 0237] Aggregate updated weights of 10 clients...!
[INFO](2026/08/19/ 12:37:42 AM) [Round: 0237] ...updated weights of 10 clients are successfully averaged!
[INFO](2026/08/19/ 12:37:44 AM) [Round: 0237] Evaluate global model's performance...!                
	[Server] ...finished evaluation!                
	=> Loss: 9.1816                
	=> Accuracy: 5.71%

[INFO](2026/08/19/ 12:37:44 AM) [Round: 0238] Select clients...!
[INFO](2026/08/19/ 12:37:44 AM) [Round: 0238] ...successfully transmitted models to 10 selected clients!
[INFO](2026/08/19/ 12:37:45 AM) [Round: 0238] Start updating selected 10 clients...!
[INFO](2026/08/19/ 12:37:55 AM) [Round: 0238] ...10 clients are selected and updated (with total sample size: 29)!
[INFO](2026/08/19/ 12:37:55 AM) [Round: 0238] Aggregate updated weights of 10 clients...!
[INFO](2026/08/19/ 12:37:55 AM) [Round: 0238] ...updated weights of 10 clients are successfully averaged!
[INFO](2026/08/19/ 12:37:57 AM) [Round: 0238] Evaluate global model's performance...!                
	[Server] ...finished evaluation!                
	=> Loss: 13.8210                
	=> Accuracy: 6.67%

[INFO](2026/08/19/ 12:37:57 AM) [Round: 0239] Select clients...!
[INFO](2026/08/19/ 12:37:58 AM) [Round: 0239] ...successfully transmitted models to 10 selected clients!
[INFO](2026/08/19/ 12:37:58 AM) [Round: 0239] Start updating selected 10 clients...!
[INFO](2026/08/19/ 12:38:09 AM) [Round: 0239] ...10 clients are selected and updated (with total sample size: 31)!
[INFO](2026/08/19/ 12:38:09 AM) [Round: 0239] Aggregate updated weights of 10 clients...!
[INFO](2026/08/19/ 12:38:09 AM) [Round: 0239] ...updated weights of 10 clients are successfully averaged!
[INFO](2026/08/19/ 12:38:12 AM) [Round: 0239] Evaluate global model's performance...!                
	[Server] ...finished evaluation!                
	=> Loss: 15.0906                
	=> Accuracy: 5.95%

[INFO](2026/08/19/ 12:38:12 AM) [Round: 0240] Select clients...!
[INFO](2026/08/19/ 12:38:12 AM) [Round: 0240] ...successfully transmitted models to 10 selected clients!
[INFO](2026/08/19/ 12:38:12 AM) [Round: 0240] Start updating selected 10 clients...!
[INFO](2026/08/19/ 12:38:23 AM) [Round: 0240] ...10 clients are selected and updated (with total sample size: 37)!
[INFO](2026/08/19/ 12:38:23 AM) [Round: 0240] Aggregate updated weights of 10 clients...!
[INFO](2026/08/19/ 12:38:23 AM) [Round: 0240] ...updated weights of 10 clients are successfully averaged!
[INFO](2026/08/19/ 12:38:25 AM) [Round: 0240] Evaluate global model's performance...!                
	[Server] ...finished evaluation!                
	=> Loss: 14.0562                
	=> Accuracy: 6.67%

[INFO](2026/08/19/ 12:38:26 AM) [Round: 0241] Select clients...!
[INFO](2026/08/19/ 12:38:26 AM) [Round: 0241] ...successfully transmitted models to 10 selected clients!
[INFO](2026/08/19/ 12:38:26 AM) [Round: 0241] Start updating selected 10 clients...!
[INFO](2026/08/19/ 12:38:37 AM) [Round: 0241] ...10 clients are selected and updated (with total sample size: 29)!
[INFO](2026/08/19/ 12:38:37 AM) [Round: 0241] Aggregate updated weights of 10 clients...!
[INFO](2026/08/19/ 12:38:37 AM) [Round: 0241] ...updated weights of 10 clients are successfully averaged!
[INFO](2026/08/19/ 12:38:40 AM) [Round: 0241] Evaluate global model's performance...!                
	[Server] ...finished evaluation!                
	=> Loss: 9.2530                
	=> Accuracy: 6.67%

[INFO](2026/08/19/ 12:38:40 AM) [Round: 0242] Select clients...!
[INFO](2026/08/19/ 12:38:40 AM) [Round: 0242] ...successfully transmitted models to 10 selected clients!
[INFO](2026/08/19/ 12:38:40 AM) [Round: 0242] Start updating selected 10 clients...!
[INFO](2026/08/19/ 12:38:53 AM) [Round: 0242] ...10 clients are selected and updated (with total sample size: 59)!
[INFO](2026/08/19/ 12:38:53 AM) [Round: 0242] Aggregate updated weights of 10 clients...!
[INFO](2026/08/19/ 12:38:53 AM) [Round: 0242] ...updated weights of 10 clients are successfully averaged!
[INFO](2026/08/19/ 12:38:55 AM) [Round: 0242] Evaluate global model's performance...!                
	[Server] ...finished evaluation!                
	=> Loss: 15.3322                
	=> Accuracy: 7.38%

[INFO](2026/08/19/ 12:38:56 AM) [Round: 0243] Select clients...!
[INFO](2026/08/19/ 12:38:56 AM) [Round: 0243] ...successfully transmitted models to 10 selected clients!
[INFO](2026/08/19/ 12:38:56 AM) [Round: 0243] Start updating selected 10 clients...!
[INFO](2026/08/19/ 12:39:06 AM) [Round: 0243] ...10 clients are selected and updated (with total sample size: 25)!
[INFO](2026/08/19/ 12:39:06 AM) [Round: 0243] Aggregate updated weights of 10 clients...!
[INFO](2026/08/19/ 12:39:06 AM) [Round: 0243] ...updated weights of 10 clients are successfully averaged!
[INFO](2026/08/19/ 12:39:08 AM) [Round: 0243] Evaluate global model's performance...!                
	[Server] ...finished evaluation!                
	=> Loss: 12.2738                
	=> Accuracy: 6.19%

[INFO](2026/08/19/ 12:39:08 AM) [Round: 0244] Select clients...!
[INFO](2026/08/19/ 12:39:09 AM) [Round: 0244] ...successfully transmitted models to 10 selected clients!
[INFO](2026/08/19/ 12:39:09 AM) [Round: 0244] Start updating selected 10 clients...!
[INFO](2026/08/19/ 12:39:18 AM) [Round: 0244] ...10 clients are selected and updated (with total sample size: 29)!
[INFO](2026/08/19/ 12:39:18 AM) [Round: 0244] Aggregate updated weights of 10 clients...!
[INFO](2026/08/19/ 12:39:19 AM) [Round: 0244] ...updated weights of 10 clients are successfully averaged!
[INFO](2026/08/19/ 12:39:21 AM) [Round: 0244] Evaluate global model's performance...!                
	[Server] ...finished evaluation!                
	=> Loss: 10.1839                
	=> Accuracy: 8.57%

[INFO](2026/08/19/ 12:39:21 AM) [Round: 0245] Select clients...!
[INFO](2026/08/19/ 12:39:22 AM) [Round: 0245] ...successfully transmitted models to 10 selected clients!
[INFO](2026/08/19/ 12:39:22 AM) [Round: 0245] Start updating selected 10 clients...!
[INFO](2026/08/19/ 12:39:33 AM) [Round: 0245] ...10 clients are selected and updated (with total sample size: 54)!
[INFO](2026/08/19/ 12:39:33 AM) [Round: 0245] Aggregate updated weights of 10 clients...!
[INFO](2026/08/19/ 12:39:34 AM) [Round: 0245] ...updated weights of 10 clients are successfully averaged!
[INFO](2026/08/19/ 12:39:35 AM) [Round: 0245] Evaluate global model's performance...!                
	[Server] ...finished evaluation!                
	=> Loss: 10.5706                
	=> Accuracy: 7.38%

[INFO](2026/08/19/ 12:39:36 AM) [Round: 0246] Select clients...!
[INFO](2026/08/19/ 12:39:36 AM) [Round: 0246] ...successfully transmitted models to 10 selected clients!
[INFO](2026/08/19/ 12:39:36 AM) [Round: 0246] Start updating selected 10 clients...!
[INFO](2026/08/19/ 12:39:47 AM) [Round: 0246] ...10 clients are selected and updated (with total sample size: 25)!
[INFO](2026/08/19/ 12:39:47 AM) [Round: 0246] Aggregate updated weights of 10 clients...!
[INFO](2026/08/19/ 12:39:47 AM) [Round: 0246] ...updated weights of 10 clients are successfully averaged!
[INFO](2026/08/19/ 12:39:49 AM) [Round: 0246] Evaluate global model's performance...!                
	[Server] ...finished evaluation!                
	=> Loss: 14.0804                
	=> Accuracy: 6.67%

[INFO](2026/08/19/ 12:39:49 AM) [Round: 0247] Select clients...!
[INFO](2026/08/19/ 12:39:50 AM) [Round: 0247] ...successfully transmitted models to 10 selected clients!
[INFO](2026/08/19/ 12:39:50 AM) [Round: 0247] Start updating selected 10 clients...!
[INFO](2026/08/19/ 12:40:03 AM) [Round: 0247] ...10 clients are selected and updated (with total sample size: 35)!
[INFO](2026/08/19/ 12:40:03 AM) [Round: 0247] Aggregate updated weights of 10 clients...!
[INFO](2026/08/19/ 12:40:03 AM) [Round: 0247] ...updated weights of 10 clients are successfully averaged!
[INFO](2026/08/19/ 12:40:06 AM) [Round: 0247] Evaluate global model's performance...!                
	[Server] ...finished evaluation!                
	=> Loss: 11.8853                
	=> Accuracy: 7.38%

[INFO](2026/08/19/ 12:40:06 AM) [Round: 0248] Select clients...!
[INFO](2026/08/19/ 12:40:06 AM) [Round: 0248] ...successfully transmitted models to 10 selected clients!
[INFO](2026/08/19/ 12:40:06 AM) [Round: 0248] Start updating selected 10 clients...!
[INFO](2026/08/19/ 12:40:15 AM) [Round: 0248] ...10 clients are selected and updated (with total sample size: 29)!
[INFO](2026/08/19/ 12:40:16 AM) [Round: 0248] Aggregate updated weights of 10 clients...!
[INFO](2026/08/19/ 12:40:16 AM) [Round: 0248] ...updated weights of 10 clients are successfully averaged!
[INFO](2026/08/19/ 12:40:18 AM) [Round: 0248] Evaluate global model's performance...!                
	[Server] ...finished evaluation!                
	=> Loss: 16.0704                
	=> Accuracy: 5.71%

[INFO](2026/08/19/ 12:40:18 AM) [Round: 0249] Select clients...!
[INFO](2026/08/19/ 12:40:18 AM) [Round: 0249] ...successfully transmitted models to 10 selected clients!
[INFO](2026/08/19/ 12:40:19 AM) [Round: 0249] Start updating selected 10 clients...!
[INFO](2026/08/19/ 12:40:30 AM) [Round: 0249] ...10 clients are selected and updated (with total sample size: 25)!
[INFO](2026/08/19/ 12:40:30 AM) [Round: 0249] Aggregate updated weights of 10 clients...!
[INFO](2026/08/19/ 12:40:30 AM) [Round: 0249] ...updated weights of 10 clients are successfully averaged!
[INFO](2026/08/19/ 12:40:32 AM) [Round: 0249] Evaluate global model's performance...!                
	[Server] ...finished evaluation!                
	=> Loss: 19.3792                
	=> Accuracy: 5.71%

[INFO](2026/08/19/ 12:40:32 AM) [Round: 0250] Select clients...!
[INFO](2026/08/19/ 12:40:33 AM) [Round: 0250] ...successfully transmitted models to 10 selected clients!
[INFO](2026/08/19/ 12:40:33 AM) [Round: 0250] Start updating selected 10 clients...!
[INFO](2026/08/19/ 12:40:42 AM) [Round: 0250] ...10 clients are selected and updated (with total sample size: 29)!
[INFO](2026/08/19/ 12:40:43 AM) [Round: 0250] Aggregate updated weights of 10 clients...!
[INFO](2026/08/19/ 12:40:43 AM) [Round: 0250] ...updated weights of 10 clients are successfully averaged!
[INFO](2026/08/19/ 12:40:45 AM) [Round: 0250] Evaluate global model's performance...!                
	[Server] ...finished evaluation!                
	=> Loss: 12.7329                
	=> Accuracy: 7.86%

[INFO](2026/08/19/ 12:40:45 AM) [Round: 0251] Select clients...!
[INFO](2026/08/19/ 12:40:45 AM) [Round: 0251] ...successfully transmitted models to 10 selected clients!
[INFO](2026/08/19/ 12:40:45 AM) [Round: 0251] Start updating selected 10 clients...!
[INFO](2026/08/19/ 12:40:56 AM) [Round: 0251] ...10 clients are selected and updated (with total sample size: 37)!
[INFO](2026/08/19/ 12:40:56 AM) [Round: 0251] Aggregate updated weights of 10 clients...!
[INFO](2026/08/19/ 12:40:56 AM) [Round: 0251] ...updated weights of 10 clients are successfully averaged!
[INFO](2026/08/19/ 12:40:59 AM) [Round: 0251] Evaluate global model's performance...!                
	[Server] ...finished evaluation!                
	=> Loss: 13.2060                
	=> Accuracy: 5.00%

[INFO](2026/08/19/ 12:40:59 AM) [Round: 0252] Select clients...!
[INFO](2026/08/19/ 12:40:59 AM) [Round: 0252] ...successfully transmitted models to 10 selected clients!
[INFO](2026/08/19/ 12:40:59 AM) [Round: 0252] Start updating selected 10 clients...!
[INFO](2026/08/19/ 12:41:11 AM) [Round: 0252] ...10 clients are selected and updated (with total sample size: 29)!
[INFO](2026/08/19/ 12:41:11 AM) [Round: 0252] Aggregate updated weights of 10 clients...!
[INFO](2026/08/19/ 12:41:11 AM) [Round: 0252] ...updated weights of 10 clients are successfully averaged!
[INFO](2026/08/19/ 12:41:13 AM) [Round: 0252] Evaluate global model's performance...!                
	[Server] ...finished evaluation!                
	=> Loss: 14.7291                
	=> Accuracy: 8.33%

[INFO](2026/08/19/ 12:41:13 AM) [Round: 0253] Select clients...!
[INFO](2026/08/19/ 12:41:14 AM) [Round: 0253] ...successfully transmitted models to 10 selected clients!
[INFO](2026/08/19/ 12:41:14 AM) [Round: 0253] Start updating selected 10 clients...!
[INFO](2026/08/19/ 12:41:25 AM) [Round: 0253] ...10 clients are selected and updated (with total sample size: 42)!
[INFO](2026/08/19/ 12:41:25 AM) [Round: 0253] Aggregate updated weights of 10 clients...!
[INFO](2026/08/19/ 12:41:26 AM) [Round: 0253] ...updated weights of 10 clients are successfully averaged!
[INFO](2026/08/19/ 12:41:28 AM) [Round: 0253] Evaluate global model's performance...!                
	[Server] ...finished evaluation!                
	=> Loss: 12.2199                
	=> Accuracy: 6.43%

[INFO](2026/08/19/ 12:41:28 AM) [Round: 0254] Select clients...!
[INFO](2026/08/19/ 12:41:29 AM) [Round: 0254] ...successfully transmitted models to 10 selected clients!
[INFO](2026/08/19/ 12:41:29 AM) [Round: 0254] Start updating selected 10 clients...!
[INFO](2026/08/19/ 12:41:40 AM) [Round: 0254] ...10 clients are selected and updated (with total sample size: 52)!
[INFO](2026/08/19/ 12:41:40 AM) [Round: 0254] Aggregate updated weights of 10 clients...!
[INFO](2026/08/19/ 12:41:40 AM) [Round: 0254] ...updated weights of 10 clients are successfully averaged!
[INFO](2026/08/19/ 12:41:42 AM) [Round: 0254] Evaluate global model's performance...!                
	[Server] ...finished evaluation!                
	=> Loss: 13.8562                
	=> Accuracy: 5.48%

[INFO](2026/08/19/ 12:41:42 AM) [Round: 0255] Select clients...!
[INFO](2026/08/19/ 12:41:43 AM) [Round: 0255] ...successfully transmitted models to 10 selected clients!
[INFO](2026/08/19/ 12:41:43 AM) [Round: 0255] Start updating selected 10 clients...!
[INFO](2026/08/19/ 12:41:54 AM) [Round: 0255] ...10 clients are selected and updated (with total sample size: 59)!
[INFO](2026/08/19/ 12:41:54 AM) [Round: 0255] Aggregate updated weights of 10 clients...!
[INFO](2026/08/19/ 12:41:55 AM) [Round: 0255] ...updated weights of 10 clients are successfully averaged!
[INFO](2026/08/19/ 12:41:57 AM) [Round: 0255] Evaluate global model's performance...!                
	[Server] ...finished evaluation!                
	=> Loss: 13.6803                
	=> Accuracy: 6.90%

[INFO](2026/08/19/ 12:41:57 AM) [Round: 0256] Select clients...!
[INFO](2026/08/19/ 12:41:57 AM) [Round: 0256] ...successfully transmitted models to 10 selected clients!
[INFO](2026/08/19/ 12:41:57 AM) [Round: 0256] Start updating selected 10 clients...!
[INFO](2026/08/19/ 12:42:10 AM) [Round: 0256] ...10 clients are selected and updated (with total sample size: 59)!
[INFO](2026/08/19/ 12:42:10 AM) [Round: 0256] Aggregate updated weights of 10 clients...!
[INFO](2026/08/19/ 12:42:11 AM) [Round: 0256] ...updated weights of 10 clients are successfully averaged!
[INFO](2026/08/19/ 12:42:13 AM) [Round: 0256] Evaluate global model's performance...!                
	[Server] ...finished evaluation!                
	=> Loss: 16.2280                
	=> Accuracy: 5.48%

[INFO](2026/08/19/ 12:42:13 AM) [Round: 0257] Select clients...!
[INFO](2026/08/19/ 12:42:13 AM) [Round: 0257] ...successfully transmitted models to 10 selected clients!
[INFO](2026/08/19/ 12:42:13 AM) [Round: 0257] Start updating selected 10 clients...!
[INFO](2026/08/19/ 12:42:25 AM) [Round: 0257] ...10 clients are selected and updated (with total sample size: 29)!
[INFO](2026/08/19/ 12:42:25 AM) [Round: 0257] Aggregate updated weights of 10 clients...!
[INFO](2026/08/19/ 12:42:25 AM) [Round: 0257] ...updated weights of 10 clients are successfully averaged!
[INFO](2026/08/19/ 12:42:27 AM) [Round: 0257] Evaluate global model's performance...!                
	[Server] ...finished evaluation!                
	=> Loss: 15.4507                
	=> Accuracy: 8.33%

[INFO](2026/08/19/ 12:42:27 AM) [Round: 0258] Select clients...!
[INFO](2026/08/19/ 12:42:27 AM) [Round: 0258] ...successfully transmitted models to 10 selected clients!
[INFO](2026/08/19/ 12:42:28 AM) [Round: 0258] Start updating selected 10 clients...!
[INFO](2026/08/19/ 12:42:39 AM) [Round: 0258] ...10 clients are selected and updated (with total sample size: 44)!
[INFO](2026/08/19/ 12:42:39 AM) [Round: 0258] Aggregate updated weights of 10 clients...!
[INFO](2026/08/19/ 12:42:39 AM) [Round: 0258] ...updated weights of 10 clients are successfully averaged!
[INFO](2026/08/19/ 12:42:41 AM) [Round: 0258] Evaluate global model's performance...!                
	[Server] ...finished evaluation!                
	=> Loss: 14.4554                
	=> Accuracy: 6.43%

[INFO](2026/08/19/ 12:42:41 AM) [Round: 0259] Select clients...!
[INFO](2026/08/19/ 12:42:42 AM) [Round: 0259] ...successfully transmitted models to 10 selected clients!
[INFO](2026/08/19/ 12:42:42 AM) [Round: 0259] Start updating selected 10 clients...!
[INFO](2026/08/19/ 12:42:53 AM) [Round: 0259] ...10 clients are selected and updated (with total sample size: 54)!
[INFO](2026/08/19/ 12:42:53 AM) [Round: 0259] Aggregate updated weights of 10 clients...!
[INFO](2026/08/19/ 12:42:53 AM) [Round: 0259] ...updated weights of 10 clients are successfully averaged!
[INFO](2026/08/19/ 12:42:55 AM) [Round: 0259] Evaluate global model's performance...!                
	[Server] ...finished evaluation!                
	=> Loss: 14.3000                
	=> Accuracy: 12.14%

[INFO](2026/08/19/ 12:42:55 AM) [Round: 0260] Select clients...!
[INFO](2026/08/19/ 12:42:56 AM) [Round: 0260] ...successfully transmitted models to 10 selected clients!
[INFO](2026/08/19/ 12:42:56 AM) [Round: 0260] Start updating selected 10 clients...!
[INFO](2026/08/19/ 12:43:06 AM) [Round: 0260] ...10 clients are selected and updated (with total sample size: 37)!
[INFO](2026/08/19/ 12:43:07 AM) [Round: 0260] Aggregate updated weights of 10 clients...!
[INFO](2026/08/19/ 12:43:07 AM) [Round: 0260] ...updated weights of 10 clients are successfully averaged!
[INFO](2026/08/19/ 12:43:09 AM) [Round: 0260] Evaluate global model's performance...!                
	[Server] ...finished evaluation!                
	=> Loss: 12.4957                
	=> Accuracy: 8.57%

[INFO](2026/08/19/ 12:43:09 AM) [Round: 0261] Select clients...!
[INFO](2026/08/19/ 12:43:09 AM) [Round: 0261] ...successfully transmitted models to 10 selected clients!
[INFO](2026/08/19/ 12:43:09 AM) [Round: 0261] Start updating selected 10 clients...!
[INFO](2026/08/19/ 12:43:20 AM) [Round: 0261] ...10 clients are selected and updated (with total sample size: 25)!
[INFO](2026/08/19/ 12:43:20 AM) [Round: 0261] Aggregate updated weights of 10 clients...!
[INFO](2026/08/19/ 12:43:20 AM) [Round: 0261] ...updated weights of 10 clients are successfully averaged!
[INFO](2026/08/19/ 12:43:23 AM) [Round: 0261] Evaluate global model's performance...!                
	[Server] ...finished evaluation!                
	=> Loss: 8.1891                
	=> Accuracy: 7.38%

[INFO](2026/08/19/ 12:43:23 AM) [Round: 0262] Select clients...!
[INFO](2026/08/19/ 12:43:24 AM) [Round: 0262] ...successfully transmitted models to 10 selected clients!
[INFO](2026/08/19/ 12:43:24 AM) [Round: 0262] Start updating selected 10 clients...!
[INFO](2026/08/19/ 12:43:35 AM) [Round: 0262] ...10 clients are selected and updated (with total sample size: 52)!
[INFO](2026/08/19/ 12:43:35 AM) [Round: 0262] Aggregate updated weights of 10 clients...!
[INFO](2026/08/19/ 12:43:36 AM) [Round: 0262] ...updated weights of 10 clients are successfully averaged!
[INFO](2026/08/19/ 12:43:38 AM) [Round: 0262] Evaluate global model's performance...!                
	[Server] ...finished evaluation!                
	=> Loss: 14.6931                
	=> Accuracy: 8.81%

[INFO](2026/08/19/ 12:43:38 AM) [Round: 0263] Select clients...!
[INFO](2026/08/19/ 12:43:38 AM) [Round: 0263] ...successfully transmitted models to 10 selected clients!
[INFO](2026/08/19/ 12:43:38 AM) [Round: 0263] Start updating selected 10 clients...!
[INFO](2026/08/19/ 12:43:50 AM) [Round: 0263] ...10 clients are selected and updated (with total sample size: 37)!
[INFO](2026/08/19/ 12:43:50 AM) [Round: 0263] Aggregate updated weights of 10 clients...!
[INFO](2026/08/19/ 12:43:50 AM) [Round: 0263] ...updated weights of 10 clients are successfully averaged!
[INFO](2026/08/19/ 12:43:52 AM) [Round: 0263] Evaluate global model's performance...!                
	[Server] ...finished evaluation!                
	=> Loss: 15.8868                
	=> Accuracy: 8.81%

[INFO](2026/08/19/ 12:43:53 AM) [Round: 0264] Select clients...!
[INFO](2026/08/19/ 12:43:53 AM) [Round: 0264] ...successfully transmitted models to 10 selected clients!
[INFO](2026/08/19/ 12:43:53 AM) [Round: 0264] Start updating selected 10 clients...!
[INFO](2026/08/19/ 12:44:05 AM) [Round: 0264] ...10 clients are selected and updated (with total sample size: 35)!
[INFO](2026/08/19/ 12:44:05 AM) [Round: 0264] Aggregate updated weights of 10 clients...!
[INFO](2026/08/19/ 12:44:05 AM) [Round: 0264] ...updated weights of 10 clients are successfully averaged!
[INFO](2026/08/19/ 12:44:08 AM) [Round: 0264] Evaluate global model's performance...!                
	[Server] ...finished evaluation!                
	=> Loss: 11.8707                
	=> Accuracy: 8.57%

[INFO](2026/08/19/ 12:44:08 AM) [Round: 0265] Select clients...!
[INFO](2026/08/19/ 12:44:08 AM) [Round: 0265] ...successfully transmitted models to 10 selected clients!
[INFO](2026/08/19/ 12:44:09 AM) [Round: 0265] Start updating selected 10 clients...!
[INFO](2026/08/19/ 12:44:20 AM) [Round: 0265] ...10 clients are selected and updated (with total sample size: 37)!
[INFO](2026/08/19/ 12:44:20 AM) [Round: 0265] Aggregate updated weights of 10 clients...!
[INFO](2026/08/19/ 12:44:20 AM) [Round: 0265] ...updated weights of 10 clients are successfully averaged!
[INFO](2026/08/19/ 12:44:22 AM) [Round: 0265] Evaluate global model's performance...!                
	[Server] ...finished evaluation!                
	=> Loss: 11.7900                
	=> Accuracy: 5.48%

[INFO](2026/08/19/ 12:44:23 AM) [Round: 0266] Select clients...!
[INFO](2026/08/19/ 12:44:23 AM) [Round: 0266] ...successfully transmitted models to 10 selected clients!
[INFO](2026/08/19/ 12:44:23 AM) [Round: 0266] Start updating selected 10 clients...!
[INFO](2026/08/19/ 12:44:32 AM) [Round: 0266] ...10 clients are selected and updated (with total sample size: 29)!
[INFO](2026/08/19/ 12:44:33 AM) [Round: 0266] Aggregate updated weights of 10 clients...!
[INFO](2026/08/19/ 12:44:33 AM) [Round: 0266] ...updated weights of 10 clients are successfully averaged!
[INFO](2026/08/19/ 12:44:35 AM) [Round: 0266] Evaluate global model's performance...!                
	[Server] ...finished evaluation!                
	=> Loss: 17.8467                
	=> Accuracy: 4.29%

[INFO](2026/08/19/ 12:44:35 AM) [Round: 0267] Select clients...!
[INFO](2026/08/19/ 12:44:35 AM) [Round: 0267] ...successfully transmitted models to 10 selected clients!
[INFO](2026/08/19/ 12:44:36 AM) [Round: 0267] Start updating selected 10 clients...!
[INFO](2026/08/19/ 12:44:47 AM) [Round: 0267] ...10 clients are selected and updated (with total sample size: 54)!
[INFO](2026/08/19/ 12:44:47 AM) [Round: 0267] Aggregate updated weights of 10 clients...!
[INFO](2026/08/19/ 12:44:48 AM) [Round: 0267] ...updated weights of 10 clients are successfully averaged!
[INFO](2026/08/19/ 12:44:50 AM) [Round: 0267] Evaluate global model's performance...!                
	[Server] ...finished evaluation!                
	=> Loss: 19.9102                
	=> Accuracy: 8.81%

[INFO](2026/08/19/ 12:44:50 AM) [Round: 0268] Select clients...!
[INFO](2026/08/19/ 12:44:50 AM) [Round: 0268] ...successfully transmitted models to 10 selected clients!
[INFO](2026/08/19/ 12:44:50 AM) [Round: 0268] Start updating selected 10 clients...!
[INFO](2026/08/19/ 12:45:03 AM) [Round: 0268] ...10 clients are selected and updated (with total sample size: 54)!
[INFO](2026/08/19/ 12:45:03 AM) [Round: 0268] Aggregate updated weights of 10 clients...!
[INFO](2026/08/19/ 12:45:03 AM) [Round: 0268] ...updated weights of 10 clients are successfully averaged!
[INFO](2026/08/19/ 12:45:05 AM) [Round: 0268] Evaluate global model's performance...!                
	[Server] ...finished evaluation!                
	=> Loss: 15.3315                
	=> Accuracy: 4.29%

[INFO](2026/08/19/ 12:45:05 AM) [Round: 0269] Select clients...!
[INFO](2026/08/19/ 12:45:06 AM) [Round: 0269] ...successfully transmitted models to 10 selected clients!
[INFO](2026/08/19/ 12:45:06 AM) [Round: 0269] Start updating selected 10 clients...!
[INFO](2026/08/19/ 12:45:17 AM) [Round: 0269] ...10 clients are selected and updated (with total sample size: 54)!
[INFO](2026/08/19/ 12:45:17 AM) [Round: 0269] Aggregate updated weights of 10 clients...!
[INFO](2026/08/19/ 12:45:17 AM) [Round: 0269] ...updated weights of 10 clients are successfully averaged!
[INFO](2026/08/19/ 12:45:19 AM) [Round: 0269] Evaluate global model's performance...!                
	[Server] ...finished evaluation!                
	=> Loss: 13.7294                
	=> Accuracy: 6.90%

[INFO](2026/08/19/ 12:45:20 AM) [Round: 0270] Select clients...!
[INFO](2026/08/19/ 12:45:20 AM) [Round: 0270] ...successfully transmitted models to 10 selected clients!
[INFO](2026/08/19/ 12:45:20 AM) [Round: 0270] Start updating selected 10 clients...!
[INFO](2026/08/19/ 12:45:33 AM) [Round: 0270] ...10 clients are selected and updated (with total sample size: 29)!
[INFO](2026/08/19/ 12:45:33 AM) [Round: 0270] Aggregate updated weights of 10 clients...!
[INFO](2026/08/19/ 12:45:33 AM) [Round: 0270] ...updated weights of 10 clients are successfully averaged!
[INFO](2026/08/19/ 12:45:35 AM) [Round: 0270] Evaluate global model's performance...!                
	[Server] ...finished evaluation!                
	=> Loss: 13.1047                
	=> Accuracy: 7.14%

[INFO](2026/08/19/ 12:45:35 AM) [Round: 0271] Select clients...!
[INFO](2026/08/19/ 12:45:35 AM) [Round: 0271] ...successfully transmitted models to 10 selected clients!
[INFO](2026/08/19/ 12:45:36 AM) [Round: 0271] Start updating selected 10 clients...!
[INFO](2026/08/19/ 12:45:47 AM) [Round: 0271] ...10 clients are selected and updated (with total sample size: 37)!
[INFO](2026/08/19/ 12:45:47 AM) [Round: 0271] Aggregate updated weights of 10 clients...!
[INFO](2026/08/19/ 12:45:47 AM) [Round: 0271] ...updated weights of 10 clients are successfully averaged!
[INFO](2026/08/19/ 12:45:50 AM) [Round: 0271] Evaluate global model's performance...!                
	[Server] ...finished evaluation!                
	=> Loss: 10.0755                
	=> Accuracy: 5.71%

[INFO](2026/08/19/ 12:45:50 AM) [Round: 0272] Select clients...!
[INFO](2026/08/19/ 12:45:50 AM) [Round: 0272] ...successfully transmitted models to 10 selected clients!
[INFO](2026/08/19/ 12:45:50 AM) [Round: 0272] Start updating selected 10 clients...!
[INFO](2026/08/19/ 12:46:02 AM) [Round: 0272] ...10 clients are selected and updated (with total sample size: 29)!
[INFO](2026/08/19/ 12:46:02 AM) [Round: 0272] Aggregate updated weights of 10 clients...!
[INFO](2026/08/19/ 12:46:03 AM) [Round: 0272] ...updated weights of 10 clients are successfully averaged!
[INFO](2026/08/19/ 12:46:05 AM) [Round: 0272] Evaluate global model's performance...!                
	[Server] ...finished evaluation!                
	=> Loss: 12.5670                
	=> Accuracy: 8.10%

[INFO](2026/08/19/ 12:46:05 AM) [Round: 0273] Select clients...!
[INFO](2026/08/19/ 12:46:05 AM) [Round: 0273] ...successfully transmitted models to 10 selected clients!
[INFO](2026/08/19/ 12:46:05 AM) [Round: 0273] Start updating selected 10 clients...!
[INFO](2026/08/19/ 12:46:18 AM) [Round: 0273] ...10 clients are selected and updated (with total sample size: 54)!
[INFO](2026/08/19/ 12:46:18 AM) [Round: 0273] Aggregate updated weights of 10 clients...!
[INFO](2026/08/19/ 12:46:18 AM) [Round: 0273] ...updated weights of 10 clients are successfully averaged!
[INFO](2026/08/19/ 12:46:20 AM) [Round: 0273] Evaluate global model's performance...!                
	[Server] ...finished evaluation!                
	=> Loss: 13.7476                
	=> Accuracy: 7.86%

[INFO](2026/08/19/ 12:46:20 AM) [Round: 0274] Select clients...!
[INFO](2026/08/19/ 12:46:21 AM) [Round: 0274] ...successfully transmitted models to 10 selected clients!
[INFO](2026/08/19/ 12:46:21 AM) [Round: 0274] Start updating selected 10 clients...!
[INFO](2026/08/19/ 12:46:32 AM) [Round: 0274] ...10 clients are selected and updated (with total sample size: 29)!
[INFO](2026/08/19/ 12:46:33 AM) [Round: 0274] Aggregate updated weights of 10 clients...!
[INFO](2026/08/19/ 12:46:33 AM) [Round: 0274] ...updated weights of 10 clients are successfully averaged!
[INFO](2026/08/19/ 12:46:34 AM) [Round: 0274] Evaluate global model's performance...!                
	[Server] ...finished evaluation!                
	=> Loss: 13.4092                
	=> Accuracy: 8.33%

[INFO](2026/08/19/ 12:46:35 AM) [Round: 0275] Select clients...!
[INFO](2026/08/19/ 12:46:35 AM) [Round: 0275] ...successfully transmitted models to 10 selected clients!
[INFO](2026/08/19/ 12:46:35 AM) [Round: 0275] Start updating selected 10 clients...!
[INFO](2026/08/19/ 12:46:46 AM) [Round: 0275] ...10 clients are selected and updated (with total sample size: 35)!
[INFO](2026/08/19/ 12:46:47 AM) [Round: 0275] Aggregate updated weights of 10 clients...!
[INFO](2026/08/19/ 12:46:47 AM) [Round: 0275] ...updated weights of 10 clients are successfully averaged!
[INFO](2026/08/19/ 12:46:49 AM) [Round: 0275] Evaluate global model's performance...!                
	[Server] ...finished evaluation!                
	=> Loss: 8.0552                
	=> Accuracy: 6.90%

[INFO](2026/08/19/ 12:46:49 AM) [Round: 0276] Select clients...!
[INFO](2026/08/19/ 12:46:49 AM) [Round: 0276] ...successfully transmitted models to 10 selected clients!
[INFO](2026/08/19/ 12:46:50 AM) [Round: 0276] Start updating selected 10 clients...!
[INFO](2026/08/19/ 12:47:01 AM) [Round: 0276] ...10 clients are selected and updated (with total sample size: 29)!
[INFO](2026/08/19/ 12:47:02 AM) [Round: 0276] Aggregate updated weights of 10 clients...!
[INFO](2026/08/19/ 12:47:02 AM) [Round: 0276] ...updated weights of 10 clients are successfully averaged!
[INFO](2026/08/19/ 12:47:04 AM) [Round: 0276] Evaluate global model's performance...!                
	[Server] ...finished evaluation!                
	=> Loss: 19.5308                
	=> Accuracy: 6.67%

[INFO](2026/08/19/ 12:47:04 AM) [Round: 0277] Select clients...!
[INFO](2026/08/19/ 12:47:05 AM) [Round: 0277] ...successfully transmitted models to 10 selected clients!
[INFO](2026/08/19/ 12:47:05 AM) [Round: 0277] Start updating selected 10 clients...!
[INFO](2026/08/19/ 12:47:15 AM) [Round: 0277] ...10 clients are selected and updated (with total sample size: 29)!
[INFO](2026/08/19/ 12:47:15 AM) [Round: 0277] Aggregate updated weights of 10 clients...!
[INFO](2026/08/19/ 12:47:15 AM) [Round: 0277] ...updated weights of 10 clients are successfully averaged!
[INFO](2026/08/19/ 12:47:17 AM) [Round: 0277] Evaluate global model's performance...!                
	[Server] ...finished evaluation!                
	=> Loss: 15.0558                
	=> Accuracy: 9.05%

[INFO](2026/08/19/ 12:47:17 AM) [Round: 0278] Select clients...!
[INFO](2026/08/19/ 12:47:18 AM) [Round: 0278] ...successfully transmitted models to 10 selected clients!
[INFO](2026/08/19/ 12:47:18 AM) [Round: 0278] Start updating selected 10 clients...!
[INFO](2026/08/19/ 12:47:30 AM) [Round: 0278] ...10 clients are selected and updated (with total sample size: 54)!
[INFO](2026/08/19/ 12:47:31 AM) [Round: 0278] Aggregate updated weights of 10 clients...!
[INFO](2026/08/19/ 12:47:31 AM) [Round: 0278] ...updated weights of 10 clients are successfully averaged!
[INFO](2026/08/19/ 12:47:33 AM) [Round: 0278] Evaluate global model's performance...!                
	[Server] ...finished evaluation!                
	=> Loss: 12.7299                
	=> Accuracy: 5.48%

[INFO](2026/08/19/ 12:47:33 AM) [Round: 0279] Select clients...!
[INFO](2026/08/19/ 12:47:34 AM) [Round: 0279] ...successfully transmitted models to 10 selected clients!
[INFO](2026/08/19/ 12:47:34 AM) [Round: 0279] Start updating selected 10 clients...!
[INFO](2026/08/19/ 12:47:45 AM) [Round: 0279] ...10 clients are selected and updated (with total sample size: 25)!
[INFO](2026/08/19/ 12:47:45 AM) [Round: 0279] Aggregate updated weights of 10 clients...!
[INFO](2026/08/19/ 12:47:46 AM) [Round: 0279] ...updated weights of 10 clients are successfully averaged!
[INFO](2026/08/19/ 12:47:48 AM) [Round: 0279] Evaluate global model's performance...!                
	[Server] ...finished evaluation!                
	=> Loss: 12.7720                
	=> Accuracy: 7.38%

[INFO](2026/08/19/ 12:47:48 AM) [Round: 0280] Select clients...!
[INFO](2026/08/19/ 12:47:49 AM) [Round: 0280] ...successfully transmitted models to 10 selected clients!
[INFO](2026/08/19/ 12:47:49 AM) [Round: 0280] Start updating selected 10 clients...!
[INFO](2026/08/19/ 12:48:00 AM) [Round: 0280] ...10 clients are selected and updated (with total sample size: 59)!
[INFO](2026/08/19/ 12:48:00 AM) [Round: 0280] Aggregate updated weights of 10 clients...!
[INFO](2026/08/19/ 12:48:01 AM) [Round: 0280] ...updated weights of 10 clients are successfully averaged!
[INFO](2026/08/19/ 12:48:03 AM) [Round: 0280] Evaluate global model's performance...!                
	[Server] ...finished evaluation!                
	=> Loss: 19.8649                
	=> Accuracy: 5.71%

[INFO](2026/08/19/ 12:48:03 AM) [Round: 0281] Select clients...!
[INFO](2026/08/19/ 12:48:04 AM) [Round: 0281] ...successfully transmitted models to 10 selected clients!
[INFO](2026/08/19/ 12:48:04 AM) [Round: 0281] Start updating selected 10 clients...!
[INFO](2026/08/19/ 12:48:15 AM) [Round: 0281] ...10 clients are selected and updated (with total sample size: 59)!
[INFO](2026/08/19/ 12:48:15 AM) [Round: 0281] Aggregate updated weights of 10 clients...!
[INFO](2026/08/19/ 12:48:15 AM) [Round: 0281] ...updated weights of 10 clients are successfully averaged!
[INFO](2026/08/19/ 12:48:18 AM) [Round: 0281] Evaluate global model's performance...!                
	[Server] ...finished evaluation!                
	=> Loss: 23.5578                
	=> Accuracy: 7.14%

[INFO](2026/08/19/ 12:48:18 AM) [Round: 0282] Select clients...!
[INFO](2026/08/19/ 12:48:18 AM) [Round: 0282] ...successfully transmitted models to 10 selected clients!
[INFO](2026/08/19/ 12:48:18 AM) [Round: 0282] Start updating selected 10 clients...!
[INFO](2026/08/19/ 12:48:31 AM) [Round: 0282] ...10 clients are selected and updated (with total sample size: 35)!
[INFO](2026/08/19/ 12:48:31 AM) [Round: 0282] Aggregate updated weights of 10 clients...!
[INFO](2026/08/19/ 12:48:31 AM) [Round: 0282] ...updated weights of 10 clients are successfully averaged!
[INFO](2026/08/19/ 12:48:33 AM) [Round: 0282] Evaluate global model's performance...!                
	[Server] ...finished evaluation!                
	=> Loss: 18.2448                
	=> Accuracy: 6.19%

[INFO](2026/08/19/ 12:48:33 AM) [Round: 0283] Select clients...!
[INFO](2026/08/19/ 12:48:33 AM) [Round: 0283] ...successfully transmitted models to 10 selected clients!
[INFO](2026/08/19/ 12:48:34 AM) [Round: 0283] Start updating selected 10 clients...!
[INFO](2026/08/19/ 12:48:45 AM) [Round: 0283] ...10 clients are selected and updated (with total sample size: 42)!
[INFO](2026/08/19/ 12:48:45 AM) [Round: 0283] Aggregate updated weights of 10 clients...!
[INFO](2026/08/19/ 12:48:45 AM) [Round: 0283] ...updated weights of 10 clients are successfully averaged!
[INFO](2026/08/19/ 12:48:48 AM) [Round: 0283] Evaluate global model's performance...!                
	[Server] ...finished evaluation!                
	=> Loss: 18.0710                
	=> Accuracy: 5.48%

[INFO](2026/08/19/ 12:48:48 AM) [Round: 0284] Select clients...!
[INFO](2026/08/19/ 12:48:48 AM) [Round: 0284] ...successfully transmitted models to 10 selected clients!
[INFO](2026/08/19/ 12:48:48 AM) [Round: 0284] Start updating selected 10 clients...!
[INFO](2026/08/19/ 12:48:59 AM) [Round: 0284] ...10 clients are selected and updated (with total sample size: 37)!
[INFO](2026/08/19/ 12:48:59 AM) [Round: 0284] Aggregate updated weights of 10 clients...!
[INFO](2026/08/19/ 12:48:59 AM) [Round: 0284] ...updated weights of 10 clients are successfully averaged!
[INFO](2026/08/19/ 12:49:01 AM) [Round: 0284] Evaluate global model's performance...!                
	[Server] ...finished evaluation!                
	=> Loss: 16.7139                
	=> Accuracy: 3.57%

[INFO](2026/08/19/ 12:49:01 AM) [Round: 0285] Select clients...!
[INFO](2026/08/19/ 12:49:02 AM) [Round: 0285] ...successfully transmitted models to 10 selected clients!
[INFO](2026/08/19/ 12:49:02 AM) [Round: 0285] Start updating selected 10 clients...!
[INFO](2026/08/19/ 12:49:25 AM) [Round: 0285] ...10 clients are selected and updated (with total sample size: 59)!
[INFO](2026/08/19/ 12:49:25 AM) [Round: 0285] Aggregate updated weights of 10 clients...!
[INFO](2026/08/19/ 12:49:25 AM) [Round: 0285] ...updated weights of 10 clients are successfully averaged!
[INFO](2026/08/19/ 12:49:57 AM) [Round: 0285] Evaluate global model's performance...!                
	[Server] ...finished evaluation!                
	=> Loss: 23.7038                
	=> Accuracy: 5.48%

[INFO](2026/08/19/ 12:49:57 AM) [Round: 0286] Select clients...!
[INFO](2026/08/19/ 12:49:58 AM) [Round: 0286] ...successfully transmitted models to 10 selected clients!
[INFO](2026/08/19/ 12:49:58 AM) [Round: 0286] Start updating selected 10 clients...!
[INFO](2026/08/19/ 12:50:35 AM) [Round: 0286] ...10 clients are selected and updated (with total sample size: 54)!
[INFO](2026/08/19/ 12:50:35 AM) [Round: 0286] Aggregate updated weights of 10 clients...!
[INFO](2026/08/19/ 12:50:35 AM) [Round: 0286] ...updated weights of 10 clients are successfully averaged!
[INFO](2026/08/19/ 12:50:37 AM) [Round: 0286] Evaluate global model's performance...!                
	[Server] ...finished evaluation!                
	=> Loss: 18.9022                
	=> Accuracy: 5.24%

[INFO](2026/08/19/ 12:50:37 AM) [Round: 0287] Select clients...!
[INFO](2026/08/19/ 12:50:37 AM) [Round: 0287] ...successfully transmitted models to 10 selected clients!
[INFO](2026/08/19/ 12:50:37 AM) [Round: 0287] Start updating selected 10 clients...!
[INFO](2026/08/19/ 12:50:57 AM) [Round: 0287] ...10 clients are selected and updated (with total sample size: 54)!
[INFO](2026/08/19/ 12:50:57 AM) [Round: 0287] Aggregate updated weights of 10 clients...!
[INFO](2026/08/19/ 12:50:58 AM) [Round: 0287] ...updated weights of 10 clients are successfully averaged!
[INFO](2026/08/19/ 12:51:00 AM) [Round: 0287] Evaluate global model's performance...!                
	[Server] ...finished evaluation!                
	=> Loss: 15.9466                
	=> Accuracy: 6.67%

[INFO](2026/08/19/ 12:51:00 AM) [Round: 0288] Select clients...!
[INFO](2026/08/19/ 12:51:01 AM) [Round: 0288] ...successfully transmitted models to 10 selected clients!
[INFO](2026/08/19/ 12:51:01 AM) [Round: 0288] Start updating selected 10 clients...!
[INFO](2026/08/19/ 12:51:32 AM) [Round: 0288] ...10 clients are selected and updated (with total sample size: 29)!
[INFO](2026/08/19/ 12:51:32 AM) [Round: 0288] Aggregate updated weights of 10 clients...!
[INFO](2026/08/19/ 12:51:33 AM) [Round: 0288] ...updated weights of 10 clients are successfully averaged!
[INFO](2026/08/19/ 12:51:35 AM) [Round: 0288] Evaluate global model's performance...!                
	[Server] ...finished evaluation!                
	=> Loss: 13.0527                
	=> Accuracy: 8.10%

[INFO](2026/08/19/ 12:51:35 AM) [Round: 0289] Select clients...!
[INFO](2026/08/19/ 12:51:36 AM) [Round: 0289] ...successfully transmitted models to 10 selected clients!
[INFO](2026/08/19/ 12:51:36 AM) [Round: 0289] Start updating selected 10 clients...!
[INFO](2026/08/19/ 12:51:55 AM) [Round: 0289] ...10 clients are selected and updated (with total sample size: 42)!
[INFO](2026/08/19/ 12:51:55 AM) [Round: 0289] Aggregate updated weights of 10 clients...!
[INFO](2026/08/19/ 12:51:56 AM) [Round: 0289] ...updated weights of 10 clients are successfully averaged!
[INFO](2026/08/19/ 12:51:58 AM) [Round: 0289] Evaluate global model's performance...!                
	[Server] ...finished evaluation!                
	=> Loss: 23.9081                
	=> Accuracy: 8.57%

[INFO](2026/08/19/ 12:51:58 AM) [Round: 0290] Select clients...!
[INFO](2026/08/19/ 12:51:58 AM) [Round: 0290] ...successfully transmitted models to 10 selected clients!
[INFO](2026/08/19/ 12:51:58 AM) [Round: 0290] Start updating selected 10 clients...!
[INFO](2026/08/19/ 12:52:15 AM) [Round: 0290] ...10 clients are selected and updated (with total sample size: 54)!
[INFO](2026/08/19/ 12:52:15 AM) [Round: 0290] Aggregate updated weights of 10 clients...!
[INFO](2026/08/19/ 12:52:15 AM) [Round: 0290] ...updated weights of 10 clients are successfully averaged!
[INFO](2026/08/19/ 12:52:17 AM) [Round: 0290] Evaluate global model's performance...!                
	[Server] ...finished evaluation!                
	=> Loss: 22.5392                
	=> Accuracy: 4.76%

[INFO](2026/08/19/ 12:52:17 AM) [Round: 0291] Select clients...!
[INFO](2026/08/19/ 12:52:17 AM) [Round: 0291] ...successfully transmitted models to 10 selected clients!
[INFO](2026/08/19/ 12:52:18 AM) [Round: 0291] Start updating selected 10 clients...!
[INFO](2026/08/19/ 12:52:43 AM) [Round: 0291] ...10 clients are selected and updated (with total sample size: 25)!
[INFO](2026/08/19/ 12:52:43 AM) [Round: 0291] Aggregate updated weights of 10 clients...!
[INFO](2026/08/19/ 12:52:43 AM) [Round: 0291] ...updated weights of 10 clients are successfully averaged!
[INFO](2026/08/19/ 12:52:46 AM) [Round: 0291] Evaluate global model's performance...!                
	[Server] ...finished evaluation!                
	=> Loss: 19.9370                
	=> Accuracy: 7.62%

[INFO](2026/08/19/ 12:52:46 AM) [Round: 0292] Select clients...!
[INFO](2026/08/19/ 12:52:46 AM) [Round: 0292] ...successfully transmitted models to 10 selected clients!
[INFO](2026/08/19/ 12:52:46 AM) [Round: 0292] Start updating selected 10 clients...!
[INFO](2026/08/19/ 12:53:06 AM) [Round: 0292] ...10 clients are selected and updated (with total sample size: 37)!
[INFO](2026/08/19/ 12:53:06 AM) [Round: 0292] Aggregate updated weights of 10 clients...!
[INFO](2026/08/19/ 12:53:06 AM) [Round: 0292] ...updated weights of 10 clients are successfully averaged!
[INFO](2026/08/19/ 12:53:08 AM) [Round: 0292] Evaluate global model's performance...!                
	[Server] ...finished evaluation!                
	=> Loss: 22.9109                
	=> Accuracy: 5.71%

[INFO](2026/08/19/ 12:53:08 AM) [Round: 0293] Select clients...!
[INFO](2026/08/19/ 12:53:09 AM) [Round: 0293] ...successfully transmitted models to 10 selected clients!
[INFO](2026/08/19/ 12:53:09 AM) [Round: 0293] Start updating selected 10 clients...!
[INFO](2026/08/19/ 12:53:23 AM) [Round: 0293] ...10 clients are selected and updated (with total sample size: 54)!
[INFO](2026/08/19/ 12:53:23 AM) [Round: 0293] Aggregate updated weights of 10 clients...!
[INFO](2026/08/19/ 12:53:23 AM) [Round: 0293] ...updated weights of 10 clients are successfully averaged!
[INFO](2026/08/19/ 12:53:26 AM) [Round: 0293] Evaluate global model's performance...!                
	[Server] ...finished evaluation!                
	=> Loss: 22.7347                
	=> Accuracy: 6.19%

[INFO](2026/08/19/ 12:53:26 AM) [Round: 0294] Select clients...!
[INFO](2026/08/19/ 12:53:27 AM) [Round: 0294] ...successfully transmitted models to 10 selected clients!
[INFO](2026/08/19/ 12:53:27 AM) [Round: 0294] Start updating selected 10 clients...!
[INFO](2026/08/19/ 12:53:40 AM) [Round: 0294] ...10 clients are selected and updated (with total sample size: 29)!
[INFO](2026/08/19/ 12:53:40 AM) [Round: 0294] Aggregate updated weights of 10 clients...!
[INFO](2026/08/19/ 12:53:40 AM) [Round: 0294] ...updated weights of 10 clients are successfully averaged!
[INFO](2026/08/19/ 12:53:42 AM) [Round: 0294] Evaluate global model's performance...!                
	[Server] ...finished evaluation!                
	=> Loss: 21.4918                
	=> Accuracy: 5.95%

[INFO](2026/08/19/ 12:53:42 AM) [Round: 0295] Select clients...!
[INFO](2026/08/19/ 12:53:43 AM) [Round: 0295] ...successfully transmitted models to 10 selected clients!
[INFO](2026/08/19/ 12:53:43 AM) [Round: 0295] Start updating selected 10 clients...!
[INFO](2026/08/19/ 12:53:55 AM) [Round: 0295] ...10 clients are selected and updated (with total sample size: 54)!
[INFO](2026/08/19/ 12:53:55 AM) [Round: 0295] Aggregate updated weights of 10 clients...!
[INFO](2026/08/19/ 12:53:56 AM) [Round: 0295] ...updated weights of 10 clients are successfully averaged!
[INFO](2026/08/19/ 12:53:58 AM) [Round: 0295] Evaluate global model's performance...!                
	[Server] ...finished evaluation!                
	=> Loss: 17.1242                
	=> Accuracy: 6.67%

[INFO](2026/08/19/ 12:53:58 AM) [Round: 0296] Select clients...!
[INFO](2026/08/19/ 12:53:58 AM) [Round: 0296] ...successfully transmitted models to 10 selected clients!
[INFO](2026/08/19/ 12:53:59 AM) [Round: 0296] Start updating selected 10 clients...!
[INFO](2026/08/19/ 12:54:10 AM) [Round: 0296] ...10 clients are selected and updated (with total sample size: 52)!
[INFO](2026/08/19/ 12:54:10 AM) [Round: 0296] Aggregate updated weights of 10 clients...!
[INFO](2026/08/19/ 12:54:10 AM) [Round: 0296] ...updated weights of 10 clients are successfully averaged!
[INFO](2026/08/19/ 12:54:12 AM) [Round: 0296] Evaluate global model's performance...!                
	[Server] ...finished evaluation!                
	=> Loss: 16.6931                
	=> Accuracy: 6.90%

[INFO](2026/08/19/ 12:54:12 AM) [Round: 0297] Select clients...!
[INFO](2026/08/19/ 12:54:13 AM) [Round: 0297] ...successfully transmitted models to 10 selected clients!
[INFO](2026/08/19/ 12:54:13 AM) [Round: 0297] Start updating selected 10 clients...!
[INFO](2026/08/19/ 12:54:29 AM) [Round: 0297] ...10 clients are selected and updated (with total sample size: 29)!
[INFO](2026/08/19/ 12:54:29 AM) [Round: 0297] Aggregate updated weights of 10 clients...!
[INFO](2026/08/19/ 12:54:29 AM) [Round: 0297] ...updated weights of 10 clients are successfully averaged!
[INFO](2026/08/19/ 12:54:31 AM) [Round: 0297] Evaluate global model's performance...!                
	[Server] ...finished evaluation!                
	=> Loss: 18.8657                
	=> Accuracy: 4.76%

[INFO](2026/08/19/ 12:54:32 AM) [Round: 0298] Select clients...!
[INFO](2026/08/19/ 12:54:32 AM) [Round: 0298] ...successfully transmitted models to 10 selected clients!
[INFO](2026/08/19/ 12:54:32 AM) [Round: 0298] Start updating selected 10 clients...!
[INFO](2026/08/19/ 12:54:43 AM) [Round: 0298] ...10 clients are selected and updated (with total sample size: 37)!
[INFO](2026/08/19/ 12:54:43 AM) [Round: 0298] Aggregate updated weights of 10 clients...!
[INFO](2026/08/19/ 12:54:43 AM) [Round: 0298] ...updated weights of 10 clients are successfully averaged!
[INFO](2026/08/19/ 12:54:45 AM) [Round: 0298] Evaluate global model's performance...!                
	[Server] ...finished evaluation!                
	=> Loss: 24.8165                
	=> Accuracy: 4.52%

[INFO](2026/08/19/ 12:54:45 AM) [Round: 0299] Select clients...!
[INFO](2026/08/19/ 12:54:46 AM) [Round: 0299] ...successfully transmitted models to 10 selected clients!
[INFO](2026/08/19/ 12:54:46 AM) [Round: 0299] Start updating selected 10 clients...!
[INFO](2026/08/19/ 12:54:58 AM) [Round: 0299] ...10 clients are selected and updated (with total sample size: 42)!
[INFO](2026/08/19/ 12:54:58 AM) [Round: 0299] Aggregate updated weights of 10 clients...!
[INFO](2026/08/19/ 12:54:59 AM) [Round: 0299] ...updated weights of 10 clients are successfully averaged!
[INFO](2026/08/19/ 12:55:01 AM) [Round: 0299] Evaluate global model's performance...!                
	[Server] ...finished evaluation!                
	=> Loss: 7.9431                
	=> Accuracy: 5.00%

[INFO](2026/08/19/ 12:55:01 AM) [Round: 0300] Select clients...!
[INFO](2026/08/19/ 12:55:02 AM) [Round: 0300] ...successfully transmitted models to 10 selected clients!
[INFO](2026/08/19/ 12:55:02 AM) [Round: 0300] Start updating selected 10 clients...!
[INFO](2026/08/19/ 12:55:12 AM) [Round: 0300] ...10 clients are selected and updated (with total sample size: 29)!
[INFO](2026/08/19/ 12:55:12 AM) [Round: 0300] Aggregate updated weights of 10 clients...!
[INFO](2026/08/19/ 12:55:13 AM) [Round: 0300] ...updated weights of 10 clients are successfully averaged!
[INFO](2026/08/19/ 12:55:15 AM) [Round: 0300] Evaluate global model's performance...!                
	[Server] ...finished evaluation!                
	=> Loss: 10.1741                
	=> Accuracy: 6.19%

[INFO](2026/08/19/ 12:55:15 AM) [Round: 0301] Select clients...!
[INFO](2026/08/19/ 12:55:15 AM) [Round: 0301] ...successfully transmitted models to 10 selected clients!
[INFO](2026/08/19/ 12:55:15 AM) [Round: 0301] Start updating selected 10 clients...!
[INFO](2026/08/19/ 12:55:25 AM) [Round: 0301] ...10 clients are selected and updated (with total sample size: 37)!
[INFO](2026/08/19/ 12:55:25 AM) [Round: 0301] Aggregate updated weights of 10 clients...!
[INFO](2026/08/19/ 12:55:25 AM) [Round: 0301] ...updated weights of 10 clients are successfully averaged!
[INFO](2026/08/19/ 12:55:27 AM) [Round: 0301] Evaluate global model's performance...!                
	[Server] ...finished evaluation!                
	=> Loss: 25.6948                
	=> Accuracy: 2.62%

[INFO](2026/08/19/ 12:55:27 AM) [Round: 0302] Select clients...!
[INFO](2026/08/19/ 12:55:28 AM) [Round: 0302] ...successfully transmitted models to 10 selected clients!
[INFO](2026/08/19/ 12:55:28 AM) [Round: 0302] Start updating selected 10 clients...!
[INFO](2026/08/19/ 12:55:40 AM) [Round: 0302] ...10 clients are selected and updated (with total sample size: 37)!
[INFO](2026/08/19/ 12:55:40 AM) [Round: 0302] Aggregate updated weights of 10 clients...!
[INFO](2026/08/19/ 12:55:40 AM) [Round: 0302] ...updated weights of 10 clients are successfully averaged!
[INFO](2026/08/19/ 12:55:42 AM) [Round: 0302] Evaluate global model's performance...!                
	[Server] ...finished evaluation!                
	=> Loss: 22.7023                
	=> Accuracy: 4.52%

[INFO](2026/08/19/ 12:55:42 AM) [Round: 0303] Select clients...!
[INFO](2026/08/19/ 12:55:42 AM) [Round: 0303] ...successfully transmitted models to 10 selected clients!
[INFO](2026/08/19/ 12:55:42 AM) [Round: 0303] Start updating selected 10 clients...!
[INFO](2026/08/19/ 12:55:53 AM) [Round: 0303] ...10 clients are selected and updated (with total sample size: 29)!
[INFO](2026/08/19/ 12:55:53 AM) [Round: 0303] Aggregate updated weights of 10 clients...!
[INFO](2026/08/19/ 12:55:54 AM) [Round: 0303] ...updated weights of 10 clients are successfully averaged!
[INFO](2026/08/19/ 12:55:55 AM) [Round: 0303] Evaluate global model's performance...!                
	[Server] ...finished evaluation!                
	=> Loss: 17.8379                
	=> Accuracy: 5.95%

[INFO](2026/08/19/ 12:55:55 AM) [Round: 0304] Select clients...!
[INFO](2026/08/19/ 12:55:56 AM) [Round: 0304] ...successfully transmitted models to 10 selected clients!
[INFO](2026/08/19/ 12:55:56 AM) [Round: 0304] Start updating selected 10 clients...!
[INFO](2026/08/19/ 12:56:07 AM) [Round: 0304] ...10 clients are selected and updated (with total sample size: 25)!
[INFO](2026/08/19/ 12:56:08 AM) [Round: 0304] Aggregate updated weights of 10 clients...!
[INFO](2026/08/19/ 12:56:08 AM) [Round: 0304] ...updated weights of 10 clients are successfully averaged!
[INFO](2026/08/19/ 12:56:10 AM) [Round: 0304] Evaluate global model's performance...!                
	[Server] ...finished evaluation!                
	=> Loss: 17.4584                
	=> Accuracy: 4.52%

[INFO](2026/08/19/ 12:56:10 AM) [Round: 0305] Select clients...!
[INFO](2026/08/19/ 12:56:11 AM) [Round: 0305] ...successfully transmitted models to 10 selected clients!
[INFO](2026/08/19/ 12:56:11 AM) [Round: 0305] Start updating selected 10 clients...!
[INFO](2026/08/19/ 12:56:21 AM) [Round: 0305] ...10 clients are selected and updated (with total sample size: 29)!
[INFO](2026/08/19/ 12:56:22 AM) [Round: 0305] Aggregate updated weights of 10 clients...!
[INFO](2026/08/19/ 12:56:22 AM) [Round: 0305] ...updated weights of 10 clients are successfully averaged!
[INFO](2026/08/19/ 12:56:24 AM) [Round: 0305] Evaluate global model's performance...!                
	[Server] ...finished evaluation!                
	=> Loss: 21.7137                
	=> Accuracy: 4.76%

[INFO](2026/08/19/ 12:56:24 AM) [Round: 0306] Select clients...!
[INFO](2026/08/19/ 12:56:24 AM) [Round: 0306] ...successfully transmitted models to 10 selected clients!
[INFO](2026/08/19/ 12:56:24 AM) [Round: 0306] Start updating selected 10 clients...!
[INFO](2026/08/19/ 12:56:36 AM) [Round: 0306] ...10 clients are selected and updated (with total sample size: 54)!
[INFO](2026/08/19/ 12:56:37 AM) [Round: 0306] Aggregate updated weights of 10 clients...!
[INFO](2026/08/19/ 12:56:37 AM) [Round: 0306] ...updated weights of 10 clients are successfully averaged!
[INFO](2026/08/19/ 12:56:39 AM) [Round: 0306] Evaluate global model's performance...!                
	[Server] ...finished evaluation!                
	=> Loss: 14.3545                
	=> Accuracy: 7.38%

[INFO](2026/08/19/ 12:56:39 AM) [Round: 0307] Select clients...!
[INFO](2026/08/19/ 12:56:39 AM) [Round: 0307] ...successfully transmitted models to 10 selected clients!
[INFO](2026/08/19/ 12:56:39 AM) [Round: 0307] Start updating selected 10 clients...!
[INFO](2026/08/19/ 12:56:52 AM) [Round: 0307] ...10 clients are selected and updated (with total sample size: 29)!
[INFO](2026/08/19/ 12:56:52 AM) [Round: 0307] Aggregate updated weights of 10 clients...!
[INFO](2026/08/19/ 12:56:52 AM) [Round: 0307] ...updated weights of 10 clients are successfully averaged!
[INFO](2026/08/19/ 12:56:54 AM) [Round: 0307] Evaluate global model's performance...!                
	[Server] ...finished evaluation!                
	=> Loss: 18.9133                
	=> Accuracy: 5.71%

[INFO](2026/08/19/ 12:56:54 AM) [Round: 0308] Select clients...!
[INFO](2026/08/19/ 12:56:54 AM) [Round: 0308] ...successfully transmitted models to 10 selected clients!
[INFO](2026/08/19/ 12:56:55 AM) [Round: 0308] Start updating selected 10 clients...!
[INFO](2026/08/19/ 12:57:07 AM) [Round: 0308] ...10 clients are selected and updated (with total sample size: 37)!
[INFO](2026/08/19/ 12:57:07 AM) [Round: 0308] Aggregate updated weights of 10 clients...!
[INFO](2026/08/19/ 12:57:07 AM) [Round: 0308] ...updated weights of 10 clients are successfully averaged!
[INFO](2026/08/19/ 12:57:09 AM) [Round: 0308] Evaluate global model's performance...!                
	[Server] ...finished evaluation!                
	=> Loss: 25.0620                
	=> Accuracy: 5.00%

[INFO](2026/08/19/ 12:57:09 AM) [Round: 0309] Select clients...!
[INFO](2026/08/19/ 12:57:09 AM) [Round: 0309] ...successfully transmitted models to 10 selected clients!
[INFO](2026/08/19/ 12:57:10 AM) [Round: 0309] Start updating selected 10 clients...!
[INFO](2026/08/19/ 12:57:22 AM) [Round: 0309] ...10 clients are selected and updated (with total sample size: 54)!
[INFO](2026/08/19/ 12:57:22 AM) [Round: 0309] Aggregate updated weights of 10 clients...!
[INFO](2026/08/19/ 12:57:22 AM) [Round: 0309] ...updated weights of 10 clients are successfully averaged!
[INFO](2026/08/19/ 12:57:24 AM) [Round: 0309] Evaluate global model's performance...!                
	[Server] ...finished evaluation!                
	=> Loss: 17.4216                
	=> Accuracy: 2.62%

[INFO](2026/08/19/ 12:57:24 AM) [Round: 0310] Select clients...!
[INFO](2026/08/19/ 12:57:24 AM) [Round: 0310] ...successfully transmitted models to 10 selected clients!
[INFO](2026/08/19/ 12:57:24 AM) [Round: 0310] Start updating selected 10 clients...!
[INFO](2026/08/19/ 12:57:36 AM) [Round: 0310] ...10 clients are selected and updated (with total sample size: 29)!
[INFO](2026/08/19/ 12:57:36 AM) [Round: 0310] Aggregate updated weights of 10 clients...!
[INFO](2026/08/19/ 12:57:36 AM) [Round: 0310] ...updated weights of 10 clients are successfully averaged!
[INFO](2026/08/19/ 12:57:39 AM) [Round: 0310] Evaluate global model's performance...!                
	[Server] ...finished evaluation!                
	=> Loss: 20.2823                
	=> Accuracy: 6.67%

[INFO](2026/08/19/ 12:57:39 AM) [Round: 0311] Select clients...!
[INFO](2026/08/19/ 12:57:39 AM) [Round: 0311] ...successfully transmitted models to 10 selected clients!
[INFO](2026/08/19/ 12:57:39 AM) [Round: 0311] Start updating selected 10 clients...!
[INFO](2026/08/19/ 12:57:51 AM) [Round: 0311] ...10 clients are selected and updated (with total sample size: 29)!
[INFO](2026/08/19/ 12:57:51 AM) [Round: 0311] Aggregate updated weights of 10 clients...!
[INFO](2026/08/19/ 12:57:51 AM) [Round: 0311] ...updated weights of 10 clients are successfully averaged!
[INFO](2026/08/19/ 12:57:53 AM) [Round: 0311] Evaluate global model's performance...!                
	[Server] ...finished evaluation!                
	=> Loss: 24.0122                
	=> Accuracy: 3.10%

[INFO](2026/08/19/ 12:57:53 AM) [Round: 0312] Select clients...!
[INFO](2026/08/19/ 12:57:54 AM) [Round: 0312] ...successfully transmitted models to 10 selected clients!
[INFO](2026/08/19/ 12:57:54 AM) [Round: 0312] Start updating selected 10 clients...!
[INFO](2026/08/19/ 12:58:04 AM) [Round: 0312] ...10 clients are selected and updated (with total sample size: 52)!
[INFO](2026/08/19/ 12:58:05 AM) [Round: 0312] Aggregate updated weights of 10 clients...!
[INFO](2026/08/19/ 12:58:05 AM) [Round: 0312] ...updated weights of 10 clients are successfully averaged!
[INFO](2026/08/19/ 12:58:07 AM) [Round: 0312] Evaluate global model's performance...!                
	[Server] ...finished evaluation!                
	=> Loss: 17.9298                
	=> Accuracy: 3.10%

[INFO](2026/08/19/ 12:58:07 AM) [Round: 0313] Select clients...!
[INFO](2026/08/19/ 12:58:08 AM) [Round: 0313] ...successfully transmitted models to 10 selected clients!
[INFO](2026/08/19/ 12:58:08 AM) [Round: 0313] Start updating selected 10 clients...!
[INFO](2026/08/19/ 12:58:18 AM) [Round: 0313] ...10 clients are selected and updated (with total sample size: 29)!
[INFO](2026/08/19/ 12:58:18 AM) [Round: 0313] Aggregate updated weights of 10 clients...!
[INFO](2026/08/19/ 12:58:19 AM) [Round: 0313] ...updated weights of 10 clients are successfully averaged!
[INFO](2026/08/19/ 12:58:20 AM) [Round: 0313] Evaluate global model's performance...!                
	[Server] ...finished evaluation!                
	=> Loss: 15.3028                
	=> Accuracy: 5.48%

[INFO](2026/08/19/ 12:58:21 AM) [Round: 0314] Select clients...!
[INFO](2026/08/19/ 12:58:21 AM) [Round: 0314] ...successfully transmitted models to 10 selected clients!
[INFO](2026/08/19/ 12:58:21 AM) [Round: 0314] Start updating selected 10 clients...!
[INFO](2026/08/19/ 12:58:33 AM) [Round: 0314] ...10 clients are selected and updated (with total sample size: 54)!
[INFO](2026/08/19/ 12:58:33 AM) [Round: 0314] Aggregate updated weights of 10 clients...!
[INFO](2026/08/19/ 12:58:33 AM) [Round: 0314] ...updated weights of 10 clients are successfully averaged!
[INFO](2026/08/19/ 12:58:35 AM) [Round: 0314] Evaluate global model's performance...!                
	[Server] ...finished evaluation!                
	=> Loss: 25.5949                
	=> Accuracy: 6.19%

[INFO](2026/08/19/ 12:58:35 AM) [Round: 0315] Select clients...!
[INFO](2026/08/19/ 12:58:35 AM) [Round: 0315] ...successfully transmitted models to 10 selected clients!
[INFO](2026/08/19/ 12:58:35 AM) [Round: 0315] Start updating selected 10 clients...!
[INFO](2026/08/19/ 12:58:48 AM) [Round: 0315] ...10 clients are selected and updated (with total sample size: 37)!
[INFO](2026/08/19/ 12:58:48 AM) [Round: 0315] Aggregate updated weights of 10 clients...!
[INFO](2026/08/19/ 12:58:48 AM) [Round: 0315] ...updated weights of 10 clients are successfully averaged!
[INFO](2026/08/19/ 12:58:50 AM) [Round: 0315] Evaluate global model's performance...!                
	[Server] ...finished evaluation!                
	=> Loss: 24.0425                
	=> Accuracy: 3.33%

[INFO](2026/08/19/ 12:58:50 AM) [Round: 0316] Select clients...!
[INFO](2026/08/19/ 12:58:51 AM) [Round: 0316] ...successfully transmitted models to 10 selected clients!
[INFO](2026/08/19/ 12:58:51 AM) [Round: 0316] Start updating selected 10 clients...!
[INFO](2026/08/19/ 12:59:01 AM) [Round: 0316] ...10 clients are selected and updated (with total sample size: 37)!
[INFO](2026/08/19/ 12:59:01 AM) [Round: 0316] Aggregate updated weights of 10 clients...!
[INFO](2026/08/19/ 12:59:02 AM) [Round: 0316] ...updated weights of 10 clients are successfully averaged!
[INFO](2026/08/19/ 12:59:04 AM) [Round: 0316] Evaluate global model's performance...!                
	[Server] ...finished evaluation!                
	=> Loss: 31.3463                
	=> Accuracy: 4.05%

[INFO](2026/08/19/ 12:59:04 AM) [Round: 0317] Select clients...!
[INFO](2026/08/19/ 12:59:04 AM) [Round: 0317] ...successfully transmitted models to 10 selected clients!
[INFO](2026/08/19/ 12:59:05 AM) [Round: 0317] Start updating selected 10 clients...!
[INFO](2026/08/19/ 12:59:15 AM) [Round: 0317] ...10 clients are selected and updated (with total sample size: 35)!
[INFO](2026/08/19/ 12:59:15 AM) [Round: 0317] Aggregate updated weights of 10 clients...!
[INFO](2026/08/19/ 12:59:16 AM) [Round: 0317] ...updated weights of 10 clients are successfully averaged!
[INFO](2026/08/19/ 12:59:18 AM) [Round: 0317] Evaluate global model's performance...!                
	[Server] ...finished evaluation!                
	=> Loss: 17.7938                
	=> Accuracy: 3.81%

[INFO](2026/08/19/ 12:59:18 AM) [Round: 0318] Select clients...!
[INFO](2026/08/19/ 12:59:19 AM) [Round: 0318] ...successfully transmitted models to 10 selected clients!
[INFO](2026/08/19/ 12:59:19 AM) [Round: 0318] Start updating selected 10 clients...!
[INFO](2026/08/19/ 12:59:30 AM) [Round: 0318] ...10 clients are selected and updated (with total sample size: 42)!
[INFO](2026/08/19/ 12:59:30 AM) [Round: 0318] Aggregate updated weights of 10 clients...!
[INFO](2026/08/19/ 12:59:30 AM) [Round: 0318] ...updated weights of 10 clients are successfully averaged!
[INFO](2026/08/19/ 12:59:32 AM) [Round: 0318] Evaluate global model's performance...!                
	[Server] ...finished evaluation!                
	=> Loss: 27.2978                
	=> Accuracy: 3.10%

[INFO](2026/08/19/ 12:59:32 AM) [Round: 0319] Select clients...!
[INFO](2026/08/19/ 12:59:33 AM) [Round: 0319] ...successfully transmitted models to 10 selected clients!
[INFO](2026/08/19/ 12:59:33 AM) [Round: 0319] Start updating selected 10 clients...!
[INFO](2026/08/19/ 12:59:45 AM) [Round: 0319] ...10 clients are selected and updated (with total sample size: 54)!
[INFO](2026/08/19/ 12:59:45 AM) [Round: 0319] Aggregate updated weights of 10 clients...!
[INFO](2026/08/19/ 12:59:45 AM) [Round: 0319] ...updated weights of 10 clients are successfully averaged!
[INFO](2026/08/19/ 12:59:47 AM) [Round: 0319] Evaluate global model's performance...!                
	[Server] ...finished evaluation!                
	=> Loss: 21.2260                
	=> Accuracy: 2.62%

[INFO](2026/08/19/ 12:59:47 AM) [Round: 0320] Select clients...!
[INFO](2026/08/19/ 12:59:48 AM) [Round: 0320] ...successfully transmitted models to 10 selected clients!
[INFO](2026/08/19/ 12:59:48 AM) [Round: 0320] Start updating selected 10 clients...!
[INFO](2026/08/19/ 01:00:00 AM) [Round: 0320] ...10 clients are selected and updated (with total sample size: 54)!
[INFO](2026/08/19/ 01:00:00 AM) [Round: 0320] Aggregate updated weights of 10 clients...!
[INFO](2026/08/19/ 01:00:01 AM) [Round: 0320] ...updated weights of 10 clients are successfully averaged!
[INFO](2026/08/19/ 01:00:03 AM) [Round: 0320] Evaluate global model's performance...!                
	[Server] ...finished evaluation!                
	=> Loss: 21.9077                
	=> Accuracy: 3.57%

[INFO](2026/08/19/ 01:00:03 AM) [Round: 0321] Select clients...!
[INFO](2026/08/19/ 01:00:03 AM) [Round: 0321] ...successfully transmitted models to 10 selected clients!
[INFO](2026/08/19/ 01:00:04 AM) [Round: 0321] Start updating selected 10 clients...!
[INFO](2026/08/19/ 01:00:15 AM) [Round: 0321] ...10 clients are selected and updated (with total sample size: 25)!
[INFO](2026/08/19/ 01:00:15 AM) [Round: 0321] Aggregate updated weights of 10 clients...!
[INFO](2026/08/19/ 01:00:16 AM) [Round: 0321] ...updated weights of 10 clients are successfully averaged!
[INFO](2026/08/19/ 01:00:18 AM) [Round: 0321] Evaluate global model's performance...!                
	[Server] ...finished evaluation!                
	=> Loss: 15.6128                
	=> Accuracy: 1.90%

[INFO](2026/08/19/ 01:00:18 AM) [Round: 0322] Select clients...!
[INFO](2026/08/19/ 01:00:18 AM) [Round: 0322] ...successfully transmitted models to 10 selected clients!
[INFO](2026/08/19/ 01:00:19 AM) [Round: 0322] Start updating selected 10 clients...!
[INFO](2026/08/19/ 01:00:30 AM) [Round: 0322] ...10 clients are selected and updated (with total sample size: 29)!
[INFO](2026/08/19/ 01:00:30 AM) [Round: 0322] Aggregate updated weights of 10 clients...!
[INFO](2026/08/19/ 01:00:30 AM) [Round: 0322] ...updated weights of 10 clients are successfully averaged!
[INFO](2026/08/19/ 01:00:33 AM) [Round: 0322] Evaluate global model's performance...!                
	[Server] ...finished evaluation!                
	=> Loss: 16.0011                
	=> Accuracy: 3.57%

[INFO](2026/08/19/ 01:00:33 AM) [Round: 0323] Select clients...!
[INFO](2026/08/19/ 01:00:33 AM) [Round: 0323] ...successfully transmitted models to 10 selected clients!
[INFO](2026/08/19/ 01:00:34 AM) [Round: 0323] Start updating selected 10 clients...!
[INFO](2026/08/19/ 01:00:45 AM) [Round: 0323] ...10 clients are selected and updated (with total sample size: 25)!
[INFO](2026/08/19/ 01:00:45 AM) [Round: 0323] Aggregate updated weights of 10 clients...!
[INFO](2026/08/19/ 01:00:45 AM) [Round: 0323] ...updated weights of 10 clients are successfully averaged!
[INFO](2026/08/19/ 01:00:47 AM) [Round: 0323] Evaluate global model's performance...!                
	[Server] ...finished evaluation!                
	=> Loss: 13.2495                
	=> Accuracy: 1.67%

[INFO](2026/08/19/ 01:00:47 AM) [Round: 0324] Select clients...!
[INFO](2026/08/19/ 01:00:48 AM) [Round: 0324] ...successfully transmitted models to 10 selected clients!
[INFO](2026/08/19/ 01:00:48 AM) [Round: 0324] Start updating selected 10 clients...!
[INFO](2026/08/19/ 01:01:01 AM) [Round: 0324] ...10 clients are selected and updated (with total sample size: 37)!
[INFO](2026/08/19/ 01:01:01 AM) [Round: 0324] Aggregate updated weights of 10 clients...!
[INFO](2026/08/19/ 01:01:01 AM) [Round: 0324] ...updated weights of 10 clients are successfully averaged!
[INFO](2026/08/19/ 01:01:04 AM) [Round: 0324] Evaluate global model's performance...!                
	[Server] ...finished evaluation!                
	=> Loss: 30.2514                
	=> Accuracy: 2.38%

[INFO](2026/08/19/ 01:01:04 AM) [Round: 0325] Select clients...!
[INFO](2026/08/19/ 01:01:04 AM) [Round: 0325] ...successfully transmitted models to 10 selected clients!
[INFO](2026/08/19/ 01:01:04 AM) [Round: 0325] Start updating selected 10 clients...!
[INFO](2026/08/19/ 01:01:14 AM) [Round: 0325] ...10 clients are selected and updated (with total sample size: 29)!
[INFO](2026/08/19/ 01:01:14 AM) [Round: 0325] Aggregate updated weights of 10 clients...!
[INFO](2026/08/19/ 01:01:14 AM) [Round: 0325] ...updated weights of 10 clients are successfully averaged!
[INFO](2026/08/19/ 01:01:16 AM) [Round: 0325] Evaluate global model's performance...!                
	[Server] ...finished evaluation!                
	=> Loss: 26.3487                
	=> Accuracy: 4.05%

[INFO](2026/08/19/ 01:01:17 AM) [Round: 0326] Select clients...!
[INFO](2026/08/19/ 01:01:17 AM) [Round: 0326] ...successfully transmitted models to 10 selected clients!
[INFO](2026/08/19/ 01:01:17 AM) [Round: 0326] Start updating selected 10 clients...!
[INFO](2026/08/19/ 01:01:28 AM) [Round: 0326] ...10 clients are selected and updated (with total sample size: 29)!
[INFO](2026/08/19/ 01:01:28 AM) [Round: 0326] Aggregate updated weights of 10 clients...!
[INFO](2026/08/19/ 01:01:28 AM) [Round: 0326] ...updated weights of 10 clients are successfully averaged!
[INFO](2026/08/19/ 01:01:30 AM) [Round: 0326] Evaluate global model's performance...!                
	[Server] ...finished evaluation!                
	=> Loss: 19.9044                
	=> Accuracy: 3.10%

[INFO](2026/08/19/ 01:01:30 AM) [Round: 0327] Select clients...!
[INFO](2026/08/19/ 01:01:31 AM) [Round: 0327] ...successfully transmitted models to 10 selected clients!
[INFO](2026/08/19/ 01:01:31 AM) [Round: 0327] Start updating selected 10 clients...!
[INFO](2026/08/19/ 01:01:42 AM) [Round: 0327] ...10 clients are selected and updated (with total sample size: 29)!
[INFO](2026/08/19/ 01:01:42 AM) [Round: 0327] Aggregate updated weights of 10 clients...!
[INFO](2026/08/19/ 01:01:42 AM) [Round: 0327] ...updated weights of 10 clients are successfully averaged!
[INFO](2026/08/19/ 01:01:44 AM) [Round: 0327] Evaluate global model's performance...!                
	[Server] ...finished evaluation!                
	=> Loss: 14.4649                
	=> Accuracy: 3.57%

[INFO](2026/08/19/ 01:01:44 AM) [Round: 0328] Select clients...!
[INFO](2026/08/19/ 01:01:45 AM) [Round: 0328] ...successfully transmitted models to 10 selected clients!
[INFO](2026/08/19/ 01:01:45 AM) [Round: 0328] Start updating selected 10 clients...!
[INFO](2026/08/19/ 01:01:56 AM) [Round: 0328] ...10 clients are selected and updated (with total sample size: 25)!
[INFO](2026/08/19/ 01:01:56 AM) [Round: 0328] Aggregate updated weights of 10 clients...!
[INFO](2026/08/19/ 01:01:56 AM) [Round: 0328] ...updated weights of 10 clients are successfully averaged!
[INFO](2026/08/19/ 01:01:58 AM) [Round: 0328] Evaluate global model's performance...!                
	[Server] ...finished evaluation!                
	=> Loss: 38.4389                
	=> Accuracy: 3.10%

[INFO](2026/08/19/ 01:01:58 AM) [Round: 0329] Select clients...!
[INFO](2026/08/19/ 01:01:58 AM) [Round: 0329] ...successfully transmitted models to 10 selected clients!
[INFO](2026/08/19/ 01:01:58 AM) [Round: 0329] Start updating selected 10 clients...!
[INFO](2026/08/19/ 01:02:09 AM) [Round: 0329] ...10 clients are selected and updated (with total sample size: 25)!
[INFO](2026/08/19/ 01:02:09 AM) [Round: 0329] Aggregate updated weights of 10 clients...!
[INFO](2026/08/19/ 01:02:09 AM) [Round: 0329] ...updated weights of 10 clients are successfully averaged!
[INFO](2026/08/19/ 01:02:11 AM) [Round: 0329] Evaluate global model's performance...!                
	[Server] ...finished evaluation!                
	=> Loss: 19.7562                
	=> Accuracy: 4.05%

[INFO](2026/08/19/ 01:02:12 AM) [Round: 0330] Select clients...!
[INFO](2026/08/19/ 01:02:12 AM) [Round: 0330] ...successfully transmitted models to 10 selected clients!
[INFO](2026/08/19/ 01:02:12 AM) [Round: 0330] Start updating selected 10 clients...!
[INFO](2026/08/19/ 01:02:23 AM) [Round: 0330] ...10 clients are selected and updated (with total sample size: 54)!
[INFO](2026/08/19/ 01:02:23 AM) [Round: 0330] Aggregate updated weights of 10 clients...!
[INFO](2026/08/19/ 01:02:24 AM) [Round: 0330] ...updated weights of 10 clients are successfully averaged!
[INFO](2026/08/19/ 01:02:26 AM) [Round: 0330] Evaluate global model's performance...!                
	[Server] ...finished evaluation!                
	=> Loss: 15.2755                
	=> Accuracy: 4.52%

[INFO](2026/08/19/ 01:02:26 AM) [Round: 0331] Select clients...!
[INFO](2026/08/19/ 01:02:26 AM) [Round: 0331] ...successfully transmitted models to 10 selected clients!
[INFO](2026/08/19/ 01:02:26 AM) [Round: 0331] Start updating selected 10 clients...!
[INFO](2026/08/19/ 01:02:37 AM) [Round: 0331] ...10 clients are selected and updated (with total sample size: 29)!
[INFO](2026/08/19/ 01:02:37 AM) [Round: 0331] Aggregate updated weights of 10 clients...!
[INFO](2026/08/19/ 01:02:37 AM) [Round: 0331] ...updated weights of 10 clients are successfully averaged!
[INFO](2026/08/19/ 01:02:39 AM) [Round: 0331] Evaluate global model's performance...!                
	[Server] ...finished evaluation!                
	=> Loss: 24.1209                
	=> Accuracy: 1.67%

[INFO](2026/08/19/ 01:02:39 AM) [Round: 0332] Select clients...!
[INFO](2026/08/19/ 01:02:40 AM) [Round: 0332] ...successfully transmitted models to 10 selected clients!
[INFO](2026/08/19/ 01:02:40 AM) [Round: 0332] Start updating selected 10 clients...!
[INFO](2026/08/19/ 01:02:51 AM) [Round: 0332] ...10 clients are selected and updated (with total sample size: 29)!
[INFO](2026/08/19/ 01:02:51 AM) [Round: 0332] Aggregate updated weights of 10 clients...!
[INFO](2026/08/19/ 01:02:51 AM) [Round: 0332] ...updated weights of 10 clients are successfully averaged!
[INFO](2026/08/19/ 01:02:53 AM) [Round: 0332] Evaluate global model's performance...!                
	[Server] ...finished evaluation!                
	=> Loss: 23.8465                
	=> Accuracy: 4.05%

[INFO](2026/08/19/ 01:02:53 AM) [Round: 0333] Select clients...!
[INFO](2026/08/19/ 01:02:54 AM) [Round: 0333] ...successfully transmitted models to 10 selected clients!
[INFO](2026/08/19/ 01:02:54 AM) [Round: 0333] Start updating selected 10 clients...!
[INFO](2026/08/19/ 01:03:06 AM) [Round: 0333] ...10 clients are selected and updated (with total sample size: 42)!
[INFO](2026/08/19/ 01:03:06 AM) [Round: 0333] Aggregate updated weights of 10 clients...!
[INFO](2026/08/19/ 01:03:06 AM) [Round: 0333] ...updated weights of 10 clients are successfully averaged!
[INFO](2026/08/19/ 01:03:08 AM) [Round: 0333] Evaluate global model's performance...!                
	[Server] ...finished evaluation!                
	=> Loss: 23.5471                
	=> Accuracy: 3.33%

[INFO](2026/08/19/ 01:03:08 AM) [Round: 0334] Select clients...!
[INFO](2026/08/19/ 01:03:09 AM) [Round: 0334] ...successfully transmitted models to 10 selected clients!
[INFO](2026/08/19/ 01:03:09 AM) [Round: 0334] Start updating selected 10 clients...!
[INFO](2026/08/19/ 01:03:19 AM) [Round: 0334] ...10 clients are selected and updated (with total sample size: 29)!
[INFO](2026/08/19/ 01:03:19 AM) [Round: 0334] Aggregate updated weights of 10 clients...!
[INFO](2026/08/19/ 01:03:19 AM) [Round: 0334] ...updated weights of 10 clients are successfully averaged!
[INFO](2026/08/19/ 01:03:21 AM) [Round: 0334] Evaluate global model's performance...!                
	[Server] ...finished evaluation!                
	=> Loss: 18.9421                
	=> Accuracy: 4.29%

[INFO](2026/08/19/ 01:03:21 AM) [Round: 0335] Select clients...!
[INFO](2026/08/19/ 01:03:22 AM) [Round: 0335] ...successfully transmitted models to 10 selected clients!
[INFO](2026/08/19/ 01:03:22 AM) [Round: 0335] Start updating selected 10 clients...!
[INFO](2026/08/19/ 01:03:34 AM) [Round: 0335] ...10 clients are selected and updated (with total sample size: 25)!
[INFO](2026/08/19/ 01:03:34 AM) [Round: 0335] Aggregate updated weights of 10 clients...!
[INFO](2026/08/19/ 01:03:34 AM) [Round: 0335] ...updated weights of 10 clients are successfully averaged!
[INFO](2026/08/19/ 01:03:36 AM) [Round: 0335] Evaluate global model's performance...!                
	[Server] ...finished evaluation!                
	=> Loss: 15.0221                
	=> Accuracy: 1.67%

[INFO](2026/08/19/ 01:03:36 AM) [Round: 0336] Select clients...!
[INFO](2026/08/19/ 01:03:36 AM) [Round: 0336] ...successfully transmitted models to 10 selected clients!
[INFO](2026/08/19/ 01:03:36 AM) [Round: 0336] Start updating selected 10 clients...!
[INFO](2026/08/19/ 01:03:46 AM) [Round: 0336] ...10 clients are selected and updated (with total sample size: 37)!
[INFO](2026/08/19/ 01:03:46 AM) [Round: 0336] Aggregate updated weights of 10 clients...!
[INFO](2026/08/19/ 01:03:46 AM) [Round: 0336] ...updated weights of 10 clients are successfully averaged!
[INFO](2026/08/19/ 01:03:48 AM) [Round: 0336] Evaluate global model's performance...!                
	[Server] ...finished evaluation!                
	=> Loss: 20.2612                
	=> Accuracy: 4.29%

[INFO](2026/08/19/ 01:03:48 AM) [Round: 0337] Select clients...!
[INFO](2026/08/19/ 01:03:49 AM) [Round: 0337] ...successfully transmitted models to 10 selected clients!
[INFO](2026/08/19/ 01:03:49 AM) [Round: 0337] Start updating selected 10 clients...!
[INFO](2026/08/19/ 01:04:01 AM) [Round: 0337] ...10 clients are selected and updated (with total sample size: 25)!
[INFO](2026/08/19/ 01:04:01 AM) [Round: 0337] Aggregate updated weights of 10 clients...!
[INFO](2026/08/19/ 01:04:01 AM) [Round: 0337] ...updated weights of 10 clients are successfully averaged!
[INFO](2026/08/19/ 01:04:03 AM) [Round: 0337] Evaluate global model's performance...!                
	[Server] ...finished evaluation!                
	=> Loss: 16.4471                
	=> Accuracy: 3.10%

[INFO](2026/08/19/ 01:04:03 AM) [Round: 0338] Select clients...!
[INFO](2026/08/19/ 01:04:04 AM) [Round: 0338] ...successfully transmitted models to 10 selected clients!
[INFO](2026/08/19/ 01:04:04 AM) [Round: 0338] Start updating selected 10 clients...!
[INFO](2026/08/19/ 01:04:14 AM) [Round: 0338] ...10 clients are selected and updated (with total sample size: 25)!
[INFO](2026/08/19/ 01:04:14 AM) [Round: 0338] Aggregate updated weights of 10 clients...!
[INFO](2026/08/19/ 01:04:15 AM) [Round: 0338] ...updated weights of 10 clients are successfully averaged!
[INFO](2026/08/19/ 01:04:17 AM) [Round: 0338] Evaluate global model's performance...!                
	[Server] ...finished evaluation!                
	=> Loss: 23.1218                
	=> Accuracy: 3.81%

[INFO](2026/08/19/ 01:04:17 AM) [Round: 0339] Select clients...!
[INFO](2026/08/19/ 01:04:17 AM) [Round: 0339] ...successfully transmitted models to 10 selected clients!
[INFO](2026/08/19/ 01:04:17 AM) [Round: 0339] Start updating selected 10 clients...!
[INFO](2026/08/19/ 01:04:29 AM) [Round: 0339] ...10 clients are selected and updated (with total sample size: 54)!
[INFO](2026/08/19/ 01:04:29 AM) [Round: 0339] Aggregate updated weights of 10 clients...!
[INFO](2026/08/19/ 01:04:29 AM) [Round: 0339] ...updated weights of 10 clients are successfully averaged!
[INFO](2026/08/19/ 01:04:32 AM) [Round: 0339] Evaluate global model's performance...!                
	[Server] ...finished evaluation!                
	=> Loss: 19.0109                
	=> Accuracy: 3.10%

[INFO](2026/08/19/ 01:04:32 AM) [Round: 0340] Select clients...!
[INFO](2026/08/19/ 01:04:32 AM) [Round: 0340] ...successfully transmitted models to 10 selected clients!
[INFO](2026/08/19/ 01:04:32 AM) [Round: 0340] Start updating selected 10 clients...!
[INFO](2026/08/19/ 01:04:46 AM) [Round: 0340] ...10 clients are selected and updated (with total sample size: 35)!
[INFO](2026/08/19/ 01:04:46 AM) [Round: 0340] Aggregate updated weights of 10 clients...!
[INFO](2026/08/19/ 01:04:46 AM) [Round: 0340] ...updated weights of 10 clients are successfully averaged!
[INFO](2026/08/19/ 01:04:48 AM) [Round: 0340] Evaluate global model's performance...!                
	[Server] ...finished evaluation!                
	=> Loss: 21.1463                
	=> Accuracy: 2.86%

[INFO](2026/08/19/ 01:04:48 AM) [Round: 0341] Select clients...!
[INFO](2026/08/19/ 01:04:49 AM) [Round: 0341] ...successfully transmitted models to 10 selected clients!
[INFO](2026/08/19/ 01:04:49 AM) [Round: 0341] Start updating selected 10 clients...!
[INFO](2026/08/19/ 01:05:00 AM) [Round: 0341] ...10 clients are selected and updated (with total sample size: 37)!
[INFO](2026/08/19/ 01:05:00 AM) [Round: 0341] Aggregate updated weights of 10 clients...!
[INFO](2026/08/19/ 01:05:00 AM) [Round: 0341] ...updated weights of 10 clients are successfully averaged!
[INFO](2026/08/19/ 01:05:02 AM) [Round: 0341] Evaluate global model's performance...!                
	[Server] ...finished evaluation!                
	=> Loss: 22.9959                
	=> Accuracy: 3.33%

[INFO](2026/08/19/ 01:05:02 AM) [Round: 0342] Select clients...!
[INFO](2026/08/19/ 01:05:03 AM) [Round: 0342] ...successfully transmitted models to 10 selected clients!
[INFO](2026/08/19/ 01:05:03 AM) [Round: 0342] Start updating selected 10 clients...!
[INFO](2026/08/19/ 01:05:14 AM) [Round: 0342] ...10 clients are selected and updated (with total sample size: 37)!
[INFO](2026/08/19/ 01:05:14 AM) [Round: 0342] Aggregate updated weights of 10 clients...!
[INFO](2026/08/19/ 01:05:14 AM) [Round: 0342] ...updated weights of 10 clients are successfully averaged!
[INFO](2026/08/19/ 01:05:16 AM) [Round: 0342] Evaluate global model's performance...!                
	[Server] ...finished evaluation!                
	=> Loss: 21.9620                
	=> Accuracy: 5.00%

[INFO](2026/08/19/ 01:05:16 AM) [Round: 0343] Select clients...!
[INFO](2026/08/19/ 01:05:17 AM) [Round: 0343] ...successfully transmitted models to 10 selected clients!
[INFO](2026/08/19/ 01:05:17 AM) [Round: 0343] Start updating selected 10 clients...!
[INFO](2026/08/19/ 01:05:28 AM) [Round: 0343] ...10 clients are selected and updated (with total sample size: 52)!
[INFO](2026/08/19/ 01:05:28 AM) [Round: 0343] Aggregate updated weights of 10 clients...!
[INFO](2026/08/19/ 01:05:29 AM) [Round: 0343] ...updated weights of 10 clients are successfully averaged!
[INFO](2026/08/19/ 01:05:31 AM) [Round: 0343] Evaluate global model's performance...!                
	[Server] ...finished evaluation!                
	=> Loss: 14.9160                
	=> Accuracy: 5.24%

[INFO](2026/08/19/ 01:05:31 AM) [Round: 0344] Select clients...!
[INFO](2026/08/19/ 01:05:31 AM) [Round: 0344] ...successfully transmitted models to 10 selected clients!
[INFO](2026/08/19/ 01:05:32 AM) [Round: 0344] Start updating selected 10 clients...!
[INFO](2026/08/19/ 01:05:43 AM) [Round: 0344] ...10 clients are selected and updated (with total sample size: 54)!
[INFO](2026/08/19/ 01:05:43 AM) [Round: 0344] Aggregate updated weights of 10 clients...!
[INFO](2026/08/19/ 01:05:43 AM) [Round: 0344] ...updated weights of 10 clients are successfully averaged!
[INFO](2026/08/19/ 01:05:45 AM) [Round: 0344] Evaluate global model's performance...!                
	[Server] ...finished evaluation!                
	=> Loss: 18.2507                
	=> Accuracy: 5.24%

[INFO](2026/08/19/ 01:05:45 AM) [Round: 0345] Select clients...!
[INFO](2026/08/19/ 01:05:46 AM) [Round: 0345] ...successfully transmitted models to 10 selected clients!
[INFO](2026/08/19/ 01:05:46 AM) [Round: 0345] Start updating selected 10 clients...!
[INFO](2026/08/19/ 01:05:57 AM) [Round: 0345] ...10 clients are selected and updated (with total sample size: 29)!
[INFO](2026/08/19/ 01:05:57 AM) [Round: 0345] Aggregate updated weights of 10 clients...!
[INFO](2026/08/19/ 01:05:57 AM) [Round: 0345] ...updated weights of 10 clients are successfully averaged!
[INFO](2026/08/19/ 01:05:59 AM) [Round: 0345] Evaluate global model's performance...!                
	[Server] ...finished evaluation!                
	=> Loss: 19.7835                
	=> Accuracy: 4.52%

[INFO](2026/08/19/ 01:05:59 AM) [Round: 0346] Select clients...!
[INFO](2026/08/19/ 01:06:00 AM) [Round: 0346] ...successfully transmitted models to 10 selected clients!
[INFO](2026/08/19/ 01:06:00 AM) [Round: 0346] Start updating selected 10 clients...!
[INFO](2026/08/19/ 01:06:11 AM) [Round: 0346] ...10 clients are selected and updated (with total sample size: 52)!
[INFO](2026/08/19/ 01:06:11 AM) [Round: 0346] Aggregate updated weights of 10 clients...!
[INFO](2026/08/19/ 01:06:11 AM) [Round: 0346] ...updated weights of 10 clients are successfully averaged!
[INFO](2026/08/19/ 01:06:13 AM) [Round: 0346] Evaluate global model's performance...!                
	[Server] ...finished evaluation!                
	=> Loss: 14.3857                
	=> Accuracy: 3.81%

[INFO](2026/08/19/ 01:06:13 AM) [Round: 0347] Select clients...!
[INFO](2026/08/19/ 01:06:13 AM) [Round: 0347] ...successfully transmitted models to 10 selected clients!
[INFO](2026/08/19/ 01:06:14 AM) [Round: 0347] Start updating selected 10 clients...!
[INFO](2026/08/19/ 01:06:25 AM) [Round: 0347] ...10 clients are selected and updated (with total sample size: 54)!
[INFO](2026/08/19/ 01:06:25 AM) [Round: 0347] Aggregate updated weights of 10 clients...!
[INFO](2026/08/19/ 01:06:25 AM) [Round: 0347] ...updated weights of 10 clients are successfully averaged!
[INFO](2026/08/19/ 01:06:27 AM) [Round: 0347] Evaluate global model's performance...!                
	[Server] ...finished evaluation!                
	=> Loss: 14.3561                
	=> Accuracy: 5.24%

[INFO](2026/08/19/ 01:06:27 AM) [Round: 0348] Select clients...!
[INFO](2026/08/19/ 01:06:28 AM) [Round: 0348] ...successfully transmitted models to 10 selected clients!
[INFO](2026/08/19/ 01:06:28 AM) [Round: 0348] Start updating selected 10 clients...!
[INFO](2026/08/19/ 01:06:39 AM) [Round: 0348] ...10 clients are selected and updated (with total sample size: 29)!
[INFO](2026/08/19/ 01:06:39 AM) [Round: 0348] Aggregate updated weights of 10 clients...!
[INFO](2026/08/19/ 01:06:39 AM) [Round: 0348] ...updated weights of 10 clients are successfully averaged!
[INFO](2026/08/19/ 01:06:41 AM) [Round: 0348] Evaluate global model's performance...!                
	[Server] ...finished evaluation!                
	=> Loss: 16.9236                
	=> Accuracy: 7.14%

[INFO](2026/08/19/ 01:06:42 AM) [Round: 0349] Select clients...!
[INFO](2026/08/19/ 01:06:42 AM) [Round: 0349] ...successfully transmitted models to 10 selected clients!
[INFO](2026/08/19/ 01:06:42 AM) [Round: 0349] Start updating selected 10 clients...!
[INFO](2026/08/19/ 01:06:53 AM) [Round: 0349] ...10 clients are selected and updated (with total sample size: 54)!
[INFO](2026/08/19/ 01:06:53 AM) [Round: 0349] Aggregate updated weights of 10 clients...!
[INFO](2026/08/19/ 01:06:53 AM) [Round: 0349] ...updated weights of 10 clients are successfully averaged!
[INFO](2026/08/19/ 01:06:55 AM) [Round: 0349] Evaluate global model's performance...!                
	[Server] ...finished evaluation!                
	=> Loss: 17.0959                
	=> Accuracy: 5.71%

[INFO](2026/08/19/ 01:06:55 AM) [Round: 0350] Select clients...!
[INFO](2026/08/19/ 01:06:56 AM) [Round: 0350] ...successfully transmitted models to 10 selected clients!
[INFO](2026/08/19/ 01:06:56 AM) [Round: 0350] Start updating selected 10 clients...!
[INFO](2026/08/19/ 01:07:07 AM) [Round: 0350] ...10 clients are selected and updated (with total sample size: 37)!
[INFO](2026/08/19/ 01:07:07 AM) [Round: 0350] Aggregate updated weights of 10 clients...!
[INFO](2026/08/19/ 01:07:07 AM) [Round: 0350] ...updated weights of 10 clients are successfully averaged!
[INFO](2026/08/19/ 01:07:10 AM) [Round: 0350] Evaluate global model's performance...!                
	[Server] ...finished evaluation!                
	=> Loss: 10.8105                
	=> Accuracy: 7.38%

[INFO](2026/08/19/ 01:07:10 AM) [Round: 0351] Select clients...!
[INFO](2026/08/19/ 01:07:10 AM) [Round: 0351] ...successfully transmitted models to 10 selected clients!
[INFO](2026/08/19/ 01:07:10 AM) [Round: 0351] Start updating selected 10 clients...!
[INFO](2026/08/19/ 01:07:22 AM) [Round: 0351] ...10 clients are selected and updated (with total sample size: 54)!
[INFO](2026/08/19/ 01:07:22 AM) [Round: 0351] Aggregate updated weights of 10 clients...!
[INFO](2026/08/19/ 01:07:22 AM) [Round: 0351] ...updated weights of 10 clients are successfully averaged!
[INFO](2026/08/19/ 01:07:24 AM) [Round: 0351] Evaluate global model's performance...!                
	[Server] ...finished evaluation!                
	=> Loss: 24.3170                
	=> Accuracy: 4.05%

[INFO](2026/08/19/ 01:07:25 AM) [Round: 0352] Select clients...!
[INFO](2026/08/19/ 01:07:25 AM) [Round: 0352] ...successfully transmitted models to 10 selected clients!
[INFO](2026/08/19/ 01:07:25 AM) [Round: 0352] Start updating selected 10 clients...!
[INFO](2026/08/19/ 01:07:36 AM) [Round: 0352] ...10 clients are selected and updated (with total sample size: 35)!
[INFO](2026/08/19/ 01:07:36 AM) [Round: 0352] Aggregate updated weights of 10 clients...!
[INFO](2026/08/19/ 01:07:36 AM) [Round: 0352] ...updated weights of 10 clients are successfully averaged!
[INFO](2026/08/19/ 01:07:38 AM) [Round: 0352] Evaluate global model's performance...!                
	[Server] ...finished evaluation!                
	=> Loss: 19.6224                
	=> Accuracy: 3.81%

[INFO](2026/08/19/ 01:07:38 AM) [Round: 0353] Select clients...!
[INFO](2026/08/19/ 01:07:39 AM) [Round: 0353] ...successfully transmitted models to 10 selected clients!
[INFO](2026/08/19/ 01:07:39 AM) [Round: 0353] Start updating selected 10 clients...!
[INFO](2026/08/19/ 01:07:49 AM) [Round: 0353] ...10 clients are selected and updated (with total sample size: 29)!
[INFO](2026/08/19/ 01:07:49 AM) [Round: 0353] Aggregate updated weights of 10 clients...!
[INFO](2026/08/19/ 01:07:49 AM) [Round: 0353] ...updated weights of 10 clients are successfully averaged!
[INFO](2026/08/19/ 01:07:51 AM) [Round: 0353] Evaluate global model's performance...!                
	[Server] ...finished evaluation!                
	=> Loss: 17.5753                
	=> Accuracy: 5.95%

[INFO](2026/08/19/ 01:07:51 AM) [Round: 0354] Select clients...!
[INFO](2026/08/19/ 01:07:51 AM) [Round: 0354] ...successfully transmitted models to 10 selected clients!
[INFO](2026/08/19/ 01:07:51 AM) [Round: 0354] Start updating selected 10 clients...!
[INFO](2026/08/19/ 01:08:01 AM) [Round: 0354] ...10 clients are selected and updated (with total sample size: 29)!
[INFO](2026/08/19/ 01:08:01 AM) [Round: 0354] Aggregate updated weights of 10 clients...!
[INFO](2026/08/19/ 01:08:01 AM) [Round: 0354] ...updated weights of 10 clients are successfully averaged!
[INFO](2026/08/19/ 01:08:03 AM) [Round: 0354] Evaluate global model's performance...!                
	[Server] ...finished evaluation!                
	=> Loss: 16.7572                
	=> Accuracy: 5.00%

[INFO](2026/08/19/ 01:08:03 AM) [Round: 0355] Select clients...!
[INFO](2026/08/19/ 01:08:04 AM) [Round: 0355] ...successfully transmitted models to 10 selected clients!
[INFO](2026/08/19/ 01:08:04 AM) [Round: 0355] Start updating selected 10 clients...!
[INFO](2026/08/19/ 01:08:15 AM) [Round: 0355] ...10 clients are selected and updated (with total sample size: 35)!
[INFO](2026/08/19/ 01:08:15 AM) [Round: 0355] Aggregate updated weights of 10 clients...!
[INFO](2026/08/19/ 01:08:15 AM) [Round: 0355] ...updated weights of 10 clients are successfully averaged!
[INFO](2026/08/19/ 01:08:17 AM) [Round: 0355] Evaluate global model's performance...!                
	[Server] ...finished evaluation!                
	=> Loss: 18.8895                
	=> Accuracy: 6.19%

[INFO](2026/08/19/ 01:08:17 AM) [Round: 0356] Select clients...!
[INFO](2026/08/19/ 01:08:18 AM) [Round: 0356] ...successfully transmitted models to 10 selected clients!
[INFO](2026/08/19/ 01:08:18 AM) [Round: 0356] Start updating selected 10 clients...!
[INFO](2026/08/19/ 01:08:30 AM) [Round: 0356] ...10 clients are selected and updated (with total sample size: 54)!
[INFO](2026/08/19/ 01:08:30 AM) [Round: 0356] Aggregate updated weights of 10 clients...!
[INFO](2026/08/19/ 01:08:30 AM) [Round: 0356] ...updated weights of 10 clients are successfully averaged!
[INFO](2026/08/19/ 01:08:32 AM) [Round: 0356] Evaluate global model's performance...!                
	[Server] ...finished evaluation!                
	=> Loss: 24.4292                
	=> Accuracy: 6.19%

[INFO](2026/08/19/ 01:08:32 AM) [Round: 0357] Select clients...!
[INFO](2026/08/19/ 01:08:32 AM) [Round: 0357] ...successfully transmitted models to 10 selected clients!
[INFO](2026/08/19/ 01:08:33 AM) [Round: 0357] Start updating selected 10 clients...!
[INFO](2026/08/19/ 01:08:44 AM) [Round: 0357] ...10 clients are selected and updated (with total sample size: 54)!
[INFO](2026/08/19/ 01:08:44 AM) [Round: 0357] Aggregate updated weights of 10 clients...!
[INFO](2026/08/19/ 01:08:44 AM) [Round: 0357] ...updated weights of 10 clients are successfully averaged!
[INFO](2026/08/19/ 01:08:46 AM) [Round: 0357] Evaluate global model's performance...!                
	[Server] ...finished evaluation!                
	=> Loss: 16.7051                
	=> Accuracy: 7.38%

[INFO](2026/08/19/ 01:08:46 AM) [Round: 0358] Select clients...!
[INFO](2026/08/19/ 01:08:47 AM) [Round: 0358] ...successfully transmitted models to 10 selected clients!
[INFO](2026/08/19/ 01:08:47 AM) [Round: 0358] Start updating selected 10 clients...!
[INFO](2026/08/19/ 01:08:59 AM) [Round: 0358] ...10 clients are selected and updated (with total sample size: 54)!
[INFO](2026/08/19/ 01:08:59 AM) [Round: 0358] Aggregate updated weights of 10 clients...!
[INFO](2026/08/19/ 01:08:59 AM) [Round: 0358] ...updated weights of 10 clients are successfully averaged!
[INFO](2026/08/19/ 01:09:01 AM) [Round: 0358] Evaluate global model's performance...!                
	[Server] ...finished evaluation!                
	=> Loss: 19.4936                
	=> Accuracy: 6.90%

[INFO](2026/08/19/ 01:09:01 AM) [Round: 0359] Select clients...!
[INFO](2026/08/19/ 01:09:02 AM) [Round: 0359] ...successfully transmitted models to 10 selected clients!
[INFO](2026/08/19/ 01:09:02 AM) [Round: 0359] Start updating selected 10 clients...!
[INFO](2026/08/19/ 01:09:13 AM) [Round: 0359] ...10 clients are selected and updated (with total sample size: 25)!
[INFO](2026/08/19/ 01:09:13 AM) [Round: 0359] Aggregate updated weights of 10 clients...!
[INFO](2026/08/19/ 01:09:13 AM) [Round: 0359] ...updated weights of 10 clients are successfully averaged!
[INFO](2026/08/19/ 01:09:15 AM) [Round: 0359] Evaluate global model's performance...!                
	[Server] ...finished evaluation!                
	=> Loss: 22.4771                
	=> Accuracy: 6.19%

[INFO](2026/08/19/ 01:09:15 AM) [Round: 0360] Select clients...!
[INFO](2026/08/19/ 01:09:15 AM) [Round: 0360] ...successfully transmitted models to 10 selected clients!
[INFO](2026/08/19/ 01:09:15 AM) [Round: 0360] Start updating selected 10 clients...!
[INFO](2026/08/19/ 01:09:27 AM) [Round: 0360] ...10 clients are selected and updated (with total sample size: 59)!
[INFO](2026/08/19/ 01:09:27 AM) [Round: 0360] Aggregate updated weights of 10 clients...!
[INFO](2026/08/19/ 01:09:28 AM) [Round: 0360] ...updated weights of 10 clients are successfully averaged!
[INFO](2026/08/19/ 01:09:29 AM) [Round: 0360] Evaluate global model's performance...!                
	[Server] ...finished evaluation!                
	=> Loss: 22.0153                
	=> Accuracy: 6.43%

[INFO](2026/08/19/ 01:09:30 AM) [Round: 0361] Select clients...!
[INFO](2026/08/19/ 01:09:30 AM) [Round: 0361] ...successfully transmitted models to 10 selected clients!
[INFO](2026/08/19/ 01:09:30 AM) [Round: 0361] Start updating selected 10 clients...!
[INFO](2026/08/19/ 01:09:40 AM) [Round: 0361] ...10 clients are selected and updated (with total sample size: 54)!
[INFO](2026/08/19/ 01:09:41 AM) [Round: 0361] Aggregate updated weights of 10 clients...!
[INFO](2026/08/19/ 01:09:41 AM) [Round: 0361] ...updated weights of 10 clients are successfully averaged!
[INFO](2026/08/19/ 01:09:43 AM) [Round: 0361] Evaluate global model's performance...!                
	[Server] ...finished evaluation!                
	=> Loss: 15.2052                
	=> Accuracy: 7.14%

[INFO](2026/08/19/ 01:09:43 AM) [Round: 0362] Select clients...!
[INFO](2026/08/19/ 01:09:43 AM) [Round: 0362] ...successfully transmitted models to 10 selected clients!
[INFO](2026/08/19/ 01:09:44 AM) [Round: 0362] Start updating selected 10 clients...!
[INFO](2026/08/19/ 01:09:55 AM) [Round: 0362] ...10 clients are selected and updated (with total sample size: 37)!
[INFO](2026/08/19/ 01:09:55 AM) [Round: 0362] Aggregate updated weights of 10 clients...!
[INFO](2026/08/19/ 01:09:55 AM) [Round: 0362] ...updated weights of 10 clients are successfully averaged!
[INFO](2026/08/19/ 01:09:57 AM) [Round: 0362] Evaluate global model's performance...!                
	[Server] ...finished evaluation!                
	=> Loss: 19.8134                
	=> Accuracy: 5.00%

[INFO](2026/08/19/ 01:09:57 AM) [Round: 0363] Select clients...!
[INFO](2026/08/19/ 01:09:58 AM) [Round: 0363] ...successfully transmitted models to 10 selected clients!
[INFO](2026/08/19/ 01:09:58 AM) [Round: 0363] Start updating selected 10 clients...!
[INFO](2026/08/19/ 01:10:09 AM) [Round: 0363] ...10 clients are selected and updated (with total sample size: 35)!
[INFO](2026/08/19/ 01:10:09 AM) [Round: 0363] Aggregate updated weights of 10 clients...!
[INFO](2026/08/19/ 01:10:09 AM) [Round: 0363] ...updated weights of 10 clients are successfully averaged!
[INFO](2026/08/19/ 01:10:11 AM) [Round: 0363] Evaluate global model's performance...!                
	[Server] ...finished evaluation!                
	=> Loss: 13.0182                
	=> Accuracy: 6.90%

[INFO](2026/08/19/ 01:10:11 AM) [Round: 0364] Select clients...!
[INFO](2026/08/19/ 01:10:11 AM) [Round: 0364] ...successfully transmitted models to 10 selected clients!
[INFO](2026/08/19/ 01:10:12 AM) [Round: 0364] Start updating selected 10 clients...!
[INFO](2026/08/19/ 01:10:23 AM) [Round: 0364] ...10 clients are selected and updated (with total sample size: 42)!
[INFO](2026/08/19/ 01:10:23 AM) [Round: 0364] Aggregate updated weights of 10 clients...!
[INFO](2026/08/19/ 01:10:23 AM) [Round: 0364] ...updated weights of 10 clients are successfully averaged!
[INFO](2026/08/19/ 01:10:26 AM) [Round: 0364] Evaluate global model's performance...!                
	[Server] ...finished evaluation!                
	=> Loss: 23.5815                
	=> Accuracy: 3.81%

[INFO](2026/08/19/ 01:10:26 AM) [Round: 0365] Select clients...!
[INFO](2026/08/19/ 01:10:26 AM) [Round: 0365] ...successfully transmitted models to 10 selected clients!
[INFO](2026/08/19/ 01:10:26 AM) [Round: 0365] Start updating selected 10 clients...!
[INFO](2026/08/19/ 01:10:37 AM) [Round: 0365] ...10 clients are selected and updated (with total sample size: 25)!
[INFO](2026/08/19/ 01:10:37 AM) [Round: 0365] Aggregate updated weights of 10 clients...!
[INFO](2026/08/19/ 01:10:37 AM) [Round: 0365] ...updated weights of 10 clients are successfully averaged!
[INFO](2026/08/19/ 01:10:39 AM) [Round: 0365] Evaluate global model's performance...!                
	[Server] ...finished evaluation!                
	=> Loss: 20.6807                
	=> Accuracy: 2.14%

[INFO](2026/08/19/ 01:10:39 AM) [Round: 0366] Select clients...!
[INFO](2026/08/19/ 01:10:39 AM) [Round: 0366] ...successfully transmitted models to 10 selected clients!
[INFO](2026/08/19/ 01:10:40 AM) [Round: 0366] Start updating selected 10 clients...!
[INFO](2026/08/19/ 01:10:50 AM) [Round: 0366] ...10 clients are selected and updated (with total sample size: 35)!
[INFO](2026/08/19/ 01:10:51 AM) [Round: 0366] Aggregate updated weights of 10 clients...!
[INFO](2026/08/19/ 01:10:51 AM) [Round: 0366] ...updated weights of 10 clients are successfully averaged!
[INFO](2026/08/19/ 01:10:53 AM) [Round: 0366] Evaluate global model's performance...!                
	[Server] ...finished evaluation!                
	=> Loss: 17.7477                
	=> Accuracy: 5.48%

[INFO](2026/08/19/ 01:10:53 AM) [Round: 0367] Select clients...!
[INFO](2026/08/19/ 01:10:53 AM) [Round: 0367] ...successfully transmitted models to 10 selected clients!
[INFO](2026/08/19/ 01:10:53 AM) [Round: 0367] Start updating selected 10 clients...!
[INFO](2026/08/19/ 01:11:06 AM) [Round: 0367] ...10 clients are selected and updated (with total sample size: 37)!
[INFO](2026/08/19/ 01:11:06 AM) [Round: 0367] Aggregate updated weights of 10 clients...!
[INFO](2026/08/19/ 01:11:06 AM) [Round: 0367] ...updated weights of 10 clients are successfully averaged!
[INFO](2026/08/19/ 01:11:08 AM) [Round: 0367] Evaluate global model's performance...!                
	[Server] ...finished evaluation!                
	=> Loss: 19.1602                
	=> Accuracy: 5.24%

[INFO](2026/08/19/ 01:11:08 AM) [Round: 0368] Select clients...!
[INFO](2026/08/19/ 01:11:08 AM) [Round: 0368] ...successfully transmitted models to 10 selected clients!
[INFO](2026/08/19/ 01:11:09 AM) [Round: 0368] Start updating selected 10 clients...!
[INFO](2026/08/19/ 01:11:20 AM) [Round: 0368] ...10 clients are selected and updated (with total sample size: 59)!
[INFO](2026/08/19/ 01:11:20 AM) [Round: 0368] Aggregate updated weights of 10 clients...!
[INFO](2026/08/19/ 01:11:20 AM) [Round: 0368] ...updated weights of 10 clients are successfully averaged!
[INFO](2026/08/19/ 01:11:22 AM) [Round: 0368] Evaluate global model's performance...!                
	[Server] ...finished evaluation!                
	=> Loss: 19.4486                
	=> Accuracy: 5.00%

[INFO](2026/08/19/ 01:11:22 AM) [Round: 0369] Select clients...!
[INFO](2026/08/19/ 01:11:23 AM) [Round: 0369] ...successfully transmitted models to 10 selected clients!
[INFO](2026/08/19/ 01:11:23 AM) [Round: 0369] Start updating selected 10 clients...!
[INFO](2026/08/19/ 01:11:34 AM) [Round: 0369] ...10 clients are selected and updated (with total sample size: 29)!
[INFO](2026/08/19/ 01:11:34 AM) [Round: 0369] Aggregate updated weights of 10 clients...!
[INFO](2026/08/19/ 01:11:34 AM) [Round: 0369] ...updated weights of 10 clients are successfully averaged!
[INFO](2026/08/19/ 01:11:36 AM) [Round: 0369] Evaluate global model's performance...!                
	[Server] ...finished evaluation!                
	=> Loss: 24.1094                
	=> Accuracy: 3.10%

[INFO](2026/08/19/ 01:11:36 AM) [Round: 0370] Select clients...!
[INFO](2026/08/19/ 01:11:36 AM) [Round: 0370] ...successfully transmitted models to 10 selected clients!
[INFO](2026/08/19/ 01:11:36 AM) [Round: 0370] Start updating selected 10 clients...!
[INFO](2026/08/19/ 01:11:49 AM) [Round: 0370] ...10 clients are selected and updated (with total sample size: 54)!
[INFO](2026/08/19/ 01:11:49 AM) [Round: 0370] Aggregate updated weights of 10 clients...!
[INFO](2026/08/19/ 01:11:50 AM) [Round: 0370] ...updated weights of 10 clients are successfully averaged!
[INFO](2026/08/19/ 01:11:52 AM) [Round: 0370] Evaluate global model's performance...!                
	[Server] ...finished evaluation!                
	=> Loss: 20.1970                
	=> Accuracy: 3.81%

[INFO](2026/08/19/ 01:11:52 AM) [Round: 0371] Select clients...!
[INFO](2026/08/19/ 01:11:53 AM) [Round: 0371] ...successfully transmitted models to 10 selected clients!
[INFO](2026/08/19/ 01:11:53 AM) [Round: 0371] Start updating selected 10 clients...!
[INFO](2026/08/19/ 01:12:06 AM) [Round: 0371] ...10 clients are selected and updated (with total sample size: 54)!
[INFO](2026/08/19/ 01:12:06 AM) [Round: 0371] Aggregate updated weights of 10 clients...!
[INFO](2026/08/19/ 01:12:06 AM) [Round: 0371] ...updated weights of 10 clients are successfully averaged!
[INFO](2026/08/19/ 01:12:08 AM) [Round: 0371] Evaluate global model's performance...!                
	[Server] ...finished evaluation!                
	=> Loss: 16.7896                
	=> Accuracy: 8.33%

[INFO](2026/08/19/ 01:12:08 AM) [Round: 0372] Select clients...!
[INFO](2026/08/19/ 01:12:09 AM) [Round: 0372] ...successfully transmitted models to 10 selected clients!
[INFO](2026/08/19/ 01:12:09 AM) [Round: 0372] Start updating selected 10 clients...!
[INFO](2026/08/19/ 01:12:20 AM) [Round: 0372] ...10 clients are selected and updated (with total sample size: 37)!
[INFO](2026/08/19/ 01:12:20 AM) [Round: 0372] Aggregate updated weights of 10 clients...!
[INFO](2026/08/19/ 01:12:21 AM) [Round: 0372] ...updated weights of 10 clients are successfully averaged!
[INFO](2026/08/19/ 01:12:23 AM) [Round: 0372] Evaluate global model's performance...!                
	[Server] ...finished evaluation!                
	=> Loss: 14.3950                
	=> Accuracy: 4.05%

[INFO](2026/08/19/ 01:12:23 AM) [Round: 0373] Select clients...!
[INFO](2026/08/19/ 01:12:23 AM) [Round: 0373] ...successfully transmitted models to 10 selected clients!
[INFO](2026/08/19/ 01:12:24 AM) [Round: 0373] Start updating selected 10 clients...!
[INFO](2026/08/19/ 01:12:35 AM) [Round: 0373] ...10 clients are selected and updated (with total sample size: 54)!
[INFO](2026/08/19/ 01:12:35 AM) [Round: 0373] Aggregate updated weights of 10 clients...!
[INFO](2026/08/19/ 01:12:36 AM) [Round: 0373] ...updated weights of 10 clients are successfully averaged!
[INFO](2026/08/19/ 01:12:38 AM) [Round: 0373] Evaluate global model's performance...!                
	[Server] ...finished evaluation!                
	=> Loss: 20.2945                
	=> Accuracy: 6.90%

[INFO](2026/08/19/ 01:12:38 AM) [Round: 0374] Select clients...!
[INFO](2026/08/19/ 01:12:39 AM) [Round: 0374] ...successfully transmitted models to 10 selected clients!
[INFO](2026/08/19/ 01:12:39 AM) [Round: 0374] Start updating selected 10 clients...!
[INFO](2026/08/19/ 01:12:50 AM) [Round: 0374] ...10 clients are selected and updated (with total sample size: 54)!
[INFO](2026/08/19/ 01:12:50 AM) [Round: 0374] Aggregate updated weights of 10 clients...!
[INFO](2026/08/19/ 01:12:50 AM) [Round: 0374] ...updated weights of 10 clients are successfully averaged!
[INFO](2026/08/19/ 01:12:53 AM) [Round: 0374] Evaluate global model's performance...!                
	[Server] ...finished evaluation!                
	=> Loss: 22.8173                
	=> Accuracy: 4.52%

[INFO](2026/08/19/ 01:12:53 AM) [Round: 0375] Select clients...!
[INFO](2026/08/19/ 01:12:53 AM) [Round: 0375] ...successfully transmitted models to 10 selected clients!
[INFO](2026/08/19/ 01:12:53 AM) [Round: 0375] Start updating selected 10 clients...!
[INFO](2026/08/19/ 01:13:05 AM) [Round: 0375] ...10 clients are selected and updated (with total sample size: 54)!
[INFO](2026/08/19/ 01:13:05 AM) [Round: 0375] Aggregate updated weights of 10 clients...!
[INFO](2026/08/19/ 01:13:06 AM) [Round: 0375] ...updated weights of 10 clients are successfully averaged!
[INFO](2026/08/19/ 01:13:07 AM) [Round: 0375] Evaluate global model's performance...!                
	[Server] ...finished evaluation!                
	=> Loss: 19.2251                
	=> Accuracy: 6.43%

[INFO](2026/08/19/ 01:13:07 AM) [Round: 0376] Select clients...!
[INFO](2026/08/19/ 01:13:08 AM) [Round: 0376] ...successfully transmitted models to 10 selected clients!
[INFO](2026/08/19/ 01:13:08 AM) [Round: 0376] Start updating selected 10 clients...!
[INFO](2026/08/19/ 01:13:20 AM) [Round: 0376] ...10 clients are selected and updated (with total sample size: 54)!
[INFO](2026/08/19/ 01:13:20 AM) [Round: 0376] Aggregate updated weights of 10 clients...!
[INFO](2026/08/19/ 01:13:21 AM) [Round: 0376] ...updated weights of 10 clients are successfully averaged!
[INFO](2026/08/19/ 01:13:22 AM) [Round: 0376] Evaluate global model's performance...!                
	[Server] ...finished evaluation!                
	=> Loss: 17.4540                
	=> Accuracy: 6.43%

[INFO](2026/08/19/ 01:13:23 AM) [Round: 0377] Select clients...!
[INFO](2026/08/19/ 01:13:23 AM) [Round: 0377] ...successfully transmitted models to 10 selected clients!
[INFO](2026/08/19/ 01:13:23 AM) [Round: 0377] Start updating selected 10 clients...!
[INFO](2026/08/19/ 01:13:34 AM) [Round: 0377] ...10 clients are selected and updated (with total sample size: 59)!
[INFO](2026/08/19/ 01:13:35 AM) [Round: 0377] Aggregate updated weights of 10 clients...!
[INFO](2026/08/19/ 01:13:35 AM) [Round: 0377] ...updated weights of 10 clients are successfully averaged!
[INFO](2026/08/19/ 01:13:37 AM) [Round: 0377] Evaluate global model's performance...!                
	[Server] ...finished evaluation!                
	=> Loss: 16.6032                
	=> Accuracy: 4.05%

[INFO](2026/08/19/ 01:13:37 AM) [Round: 0378] Select clients...!
[INFO](2026/08/19/ 01:13:37 AM) [Round: 0378] ...successfully transmitted models to 10 selected clients!
[INFO](2026/08/19/ 01:13:38 AM) [Round: 0378] Start updating selected 10 clients...!
[INFO](2026/08/19/ 01:13:50 AM) [Round: 0378] ...10 clients are selected and updated (with total sample size: 54)!
[INFO](2026/08/19/ 01:13:50 AM) [Round: 0378] Aggregate updated weights of 10 clients...!
[INFO](2026/08/19/ 01:13:50 AM) [Round: 0378] ...updated weights of 10 clients are successfully averaged!
[INFO](2026/08/19/ 01:13:52 AM) [Round: 0378] Evaluate global model's performance...!                
	[Server] ...finished evaluation!                
	=> Loss: 24.6104                
	=> Accuracy: 5.00%

[INFO](2026/08/19/ 01:13:52 AM) [Round: 0379] Select clients...!
[INFO](2026/08/19/ 01:13:53 AM) [Round: 0379] ...successfully transmitted models to 10 selected clients!
[INFO](2026/08/19/ 01:13:53 AM) [Round: 0379] Start updating selected 10 clients...!
[INFO](2026/08/19/ 01:14:05 AM) [Round: 0379] ...10 clients are selected and updated (with total sample size: 54)!
[INFO](2026/08/19/ 01:14:05 AM) [Round: 0379] Aggregate updated weights of 10 clients...!
[INFO](2026/08/19/ 01:14:05 AM) [Round: 0379] ...updated weights of 10 clients are successfully averaged!
[INFO](2026/08/19/ 01:14:07 AM) [Round: 0379] Evaluate global model's performance...!                
	[Server] ...finished evaluation!                
	=> Loss: 24.4721                
	=> Accuracy: 5.71%

[INFO](2026/08/19/ 01:14:07 AM) [Round: 0380] Select clients...!
[INFO](2026/08/19/ 01:14:07 AM) [Round: 0380] ...successfully transmitted models to 10 selected clients!
[INFO](2026/08/19/ 01:14:08 AM) [Round: 0380] Start updating selected 10 clients...!
[INFO](2026/08/19/ 01:14:16 AM) [Round: 0380] ...10 clients are selected and updated (with total sample size: 29)!
[INFO](2026/08/19/ 01:14:16 AM) [Round: 0380] Aggregate updated weights of 10 clients...!
[INFO](2026/08/19/ 01:14:17 AM) [Round: 0380] ...updated weights of 10 clients are successfully averaged!
[INFO](2026/08/19/ 01:14:19 AM) [Round: 0380] Evaluate global model's performance...!                
	[Server] ...finished evaluation!                
	=> Loss: 25.7387                
	=> Accuracy: 4.29%

[INFO](2026/08/19/ 01:14:19 AM) [Round: 0381] Select clients...!
[INFO](2026/08/19/ 01:14:19 AM) [Round: 0381] ...successfully transmitted models to 10 selected clients!
[INFO](2026/08/19/ 01:14:20 AM) [Round: 0381] Start updating selected 10 clients...!
[INFO](2026/08/19/ 01:14:33 AM) [Round: 0381] ...10 clients are selected and updated (with total sample size: 42)!
[INFO](2026/08/19/ 01:14:33 AM) [Round: 0381] Aggregate updated weights of 10 clients...!
[INFO](2026/08/19/ 01:14:33 AM) [Round: 0381] ...updated weights of 10 clients are successfully averaged!
[INFO](2026/08/19/ 01:14:35 AM) [Round: 0381] Evaluate global model's performance...!                
	[Server] ...finished evaluation!                
	=> Loss: 20.2497                
	=> Accuracy: 4.05%

[INFO](2026/08/19/ 01:14:35 AM) [Round: 0382] Select clients...!
[INFO](2026/08/19/ 01:14:36 AM) [Round: 0382] ...successfully transmitted models to 10 selected clients!
[INFO](2026/08/19/ 01:14:36 AM) [Round: 0382] Start updating selected 10 clients...!
[INFO](2026/08/19/ 01:14:47 AM) [Round: 0382] ...10 clients are selected and updated (with total sample size: 54)!
[INFO](2026/08/19/ 01:14:47 AM) [Round: 0382] Aggregate updated weights of 10 clients...!
[INFO](2026/08/19/ 01:14:48 AM) [Round: 0382] ...updated weights of 10 clients are successfully averaged!
[INFO](2026/08/19/ 01:14:50 AM) [Round: 0382] Evaluate global model's performance...!                
	[Server] ...finished evaluation!                
	=> Loss: 21.3864                
	=> Accuracy: 7.62%

[INFO](2026/08/19/ 01:14:50 AM) [Round: 0383] Select clients...!
[INFO](2026/08/19/ 01:14:50 AM) [Round: 0383] ...successfully transmitted models to 10 selected clients!
[INFO](2026/08/19/ 01:14:50 AM) [Round: 0383] Start updating selected 10 clients...!
[INFO](2026/08/19/ 01:15:01 AM) [Round: 0383] ...10 clients are selected and updated (with total sample size: 29)!
[INFO](2026/08/19/ 01:15:02 AM) [Round: 0383] Aggregate updated weights of 10 clients...!
[INFO](2026/08/19/ 01:15:02 AM) [Round: 0383] ...updated weights of 10 clients are successfully averaged!
[INFO](2026/08/19/ 01:15:04 AM) [Round: 0383] Evaluate global model's performance...!                
	[Server] ...finished evaluation!                
	=> Loss: 21.7157                
	=> Accuracy: 6.43%

[INFO](2026/08/19/ 01:15:04 AM) [Round: 0384] Select clients...!
[INFO](2026/08/19/ 01:15:04 AM) [Round: 0384] ...successfully transmitted models to 10 selected clients!
[INFO](2026/08/19/ 01:15:04 AM) [Round: 0384] Start updating selected 10 clients...!
[INFO](2026/08/19/ 01:15:16 AM) [Round: 0384] ...10 clients are selected and updated (with total sample size: 29)!
[INFO](2026/08/19/ 01:15:16 AM) [Round: 0384] Aggregate updated weights of 10 clients...!
[INFO](2026/08/19/ 01:15:16 AM) [Round: 0384] ...updated weights of 10 clients are successfully averaged!
[INFO](2026/08/19/ 01:15:18 AM) [Round: 0384] Evaluate global model's performance...!                
	[Server] ...finished evaluation!                
	=> Loss: 26.8062                
	=> Accuracy: 5.48%

[INFO](2026/08/19/ 01:15:18 AM) [Round: 0385] Select clients...!
[INFO](2026/08/19/ 01:15:19 AM) [Round: 0385] ...successfully transmitted models to 10 selected clients!
[INFO](2026/08/19/ 01:15:19 AM) [Round: 0385] Start updating selected 10 clients...!
[INFO](2026/08/19/ 01:15:30 AM) [Round: 0385] ...10 clients are selected and updated (with total sample size: 42)!
[INFO](2026/08/19/ 01:15:30 AM) [Round: 0385] Aggregate updated weights of 10 clients...!
[INFO](2026/08/19/ 01:15:30 AM) [Round: 0385] ...updated weights of 10 clients are successfully averaged!
[INFO](2026/08/19/ 01:15:32 AM) [Round: 0385] Evaluate global model's performance...!                
	[Server] ...finished evaluation!                
	=> Loss: 27.7784                
	=> Accuracy: 4.29%

[INFO](2026/08/19/ 01:15:32 AM) [Round: 0386] Select clients...!
[INFO](2026/08/19/ 01:15:33 AM) [Round: 0386] ...successfully transmitted models to 10 selected clients!
[INFO](2026/08/19/ 01:15:33 AM) [Round: 0386] Start updating selected 10 clients...!
[INFO](2026/08/19/ 01:15:44 AM) [Round: 0386] ...10 clients are selected and updated (with total sample size: 43)!
[INFO](2026/08/19/ 01:15:44 AM) [Round: 0386] Aggregate updated weights of 10 clients...!
[INFO](2026/08/19/ 01:15:44 AM) [Round: 0386] ...updated weights of 10 clients are successfully averaged!
[INFO](2026/08/19/ 01:15:46 AM) [Round: 0386] Evaluate global model's performance...!                
	[Server] ...finished evaluation!                
	=> Loss: 30.9294                
	=> Accuracy: 5.48%

[INFO](2026/08/19/ 01:15:46 AM) [Round: 0387] Select clients...!
[INFO](2026/08/19/ 01:15:47 AM) [Round: 0387] ...successfully transmitted models to 10 selected clients!
[INFO](2026/08/19/ 01:15:47 AM) [Round: 0387] Start updating selected 10 clients...!
[INFO](2026/08/19/ 01:16:00 AM) [Round: 0387] ...10 clients are selected and updated (with total sample size: 54)!
[INFO](2026/08/19/ 01:16:00 AM) [Round: 0387] Aggregate updated weights of 10 clients...!
[INFO](2026/08/19/ 01:16:00 AM) [Round: 0387] ...updated weights of 10 clients are successfully averaged!
[INFO](2026/08/19/ 01:16:03 AM) [Round: 0387] Evaluate global model's performance...!                
	[Server] ...finished evaluation!                
	=> Loss: 22.9581                
	=> Accuracy: 3.81%

[INFO](2026/08/19/ 01:16:03 AM) [Round: 0388] Select clients...!
[INFO](2026/08/19/ 01:16:03 AM) [Round: 0388] ...successfully transmitted models to 10 selected clients!
[INFO](2026/08/19/ 01:16:03 AM) [Round: 0388] Start updating selected 10 clients...!
[INFO](2026/08/19/ 01:16:14 AM) [Round: 0388] ...10 clients are selected and updated (with total sample size: 25)!
[INFO](2026/08/19/ 01:16:14 AM) [Round: 0388] Aggregate updated weights of 10 clients...!
[INFO](2026/08/19/ 01:16:15 AM) [Round: 0388] ...updated weights of 10 clients are successfully averaged!
[INFO](2026/08/19/ 01:16:16 AM) [Round: 0388] Evaluate global model's performance...!                
	[Server] ...finished evaluation!                
	=> Loss: 23.6092                
	=> Accuracy: 5.71%

[INFO](2026/08/19/ 01:16:16 AM) [Round: 0389] Select clients...!
[INFO](2026/08/19/ 01:16:17 AM) [Round: 0389] ...successfully transmitted models to 10 selected clients!
[INFO](2026/08/19/ 01:16:17 AM) [Round: 0389] Start updating selected 10 clients...!
[INFO](2026/08/19/ 01:16:28 AM) [Round: 0389] ...10 clients are selected and updated (with total sample size: 59)!
[INFO](2026/08/19/ 01:16:28 AM) [Round: 0389] Aggregate updated weights of 10 clients...!
[INFO](2026/08/19/ 01:16:28 AM) [Round: 0389] ...updated weights of 10 clients are successfully averaged!
[INFO](2026/08/19/ 01:16:30 AM) [Round: 0389] Evaluate global model's performance...!                
	[Server] ...finished evaluation!                
	=> Loss: 26.0778                
	=> Accuracy: 5.48%

[INFO](2026/08/19/ 01:16:30 AM) [Round: 0390] Select clients...!
[INFO](2026/08/19/ 01:16:31 AM) [Round: 0390] ...successfully transmitted models to 10 selected clients!
[INFO](2026/08/19/ 01:16:31 AM) [Round: 0390] Start updating selected 10 clients...!
[INFO](2026/08/19/ 01:16:42 AM) [Round: 0390] ...10 clients are selected and updated (with total sample size: 29)!
[INFO](2026/08/19/ 01:16:43 AM) [Round: 0390] Aggregate updated weights of 10 clients...!
[INFO](2026/08/19/ 01:16:43 AM) [Round: 0390] ...updated weights of 10 clients are successfully averaged!
[INFO](2026/08/19/ 01:16:45 AM) [Round: 0390] Evaluate global model's performance...!                
	[Server] ...finished evaluation!                
	=> Loss: 28.2081                
	=> Accuracy: 5.24%

[INFO](2026/08/19/ 01:16:45 AM) [Round: 0391] Select clients...!
[INFO](2026/08/19/ 01:16:45 AM) [Round: 0391] ...successfully transmitted models to 10 selected clients!
[INFO](2026/08/19/ 01:16:45 AM) [Round: 0391] Start updating selected 10 clients...!
[INFO](2026/08/19/ 01:16:56 AM) [Round: 0391] ...10 clients are selected and updated (with total sample size: 25)!
[INFO](2026/08/19/ 01:16:56 AM) [Round: 0391] Aggregate updated weights of 10 clients...!
[INFO](2026/08/19/ 01:16:56 AM) [Round: 0391] ...updated weights of 10 clients are successfully averaged!
[INFO](2026/08/19/ 01:16:59 AM) [Round: 0391] Evaluate global model's performance...!                
	[Server] ...finished evaluation!                
	=> Loss: 29.9242                
	=> Accuracy: 4.52%

[INFO](2026/08/19/ 01:16:59 AM) [Round: 0392] Select clients...!
[INFO](2026/08/19/ 01:16:59 AM) [Round: 0392] ...successfully transmitted models to 10 selected clients!
[INFO](2026/08/19/ 01:16:59 AM) [Round: 0392] Start updating selected 10 clients...!
[INFO](2026/08/19/ 01:17:10 AM) [Round: 0392] ...10 clients are selected and updated (with total sample size: 37)!
[INFO](2026/08/19/ 01:17:10 AM) [Round: 0392] Aggregate updated weights of 10 clients...!
[INFO](2026/08/19/ 01:17:10 AM) [Round: 0392] ...updated weights of 10 clients are successfully averaged!
[INFO](2026/08/19/ 01:17:12 AM) [Round: 0392] Evaluate global model's performance...!                
	[Server] ...finished evaluation!                
	=> Loss: 24.5671                
	=> Accuracy: 3.81%

[INFO](2026/08/19/ 01:17:12 AM) [Round: 0393] Select clients...!
[INFO](2026/08/19/ 01:17:13 AM) [Round: 0393] ...successfully transmitted models to 10 selected clients!
[INFO](2026/08/19/ 01:17:13 AM) [Round: 0393] Start updating selected 10 clients...!
[INFO](2026/08/19/ 01:17:23 AM) [Round: 0393] ...10 clients are selected and updated (with total sample size: 37)!
[INFO](2026/08/19/ 01:17:23 AM) [Round: 0393] Aggregate updated weights of 10 clients...!
[INFO](2026/08/19/ 01:17:24 AM) [Round: 0393] ...updated weights of 10 clients are successfully averaged!
[INFO](2026/08/19/ 01:17:26 AM) [Round: 0393] Evaluate global model's performance...!                
	[Server] ...finished evaluation!                
	=> Loss: 19.1268                
	=> Accuracy: 5.24%

[INFO](2026/08/19/ 01:17:26 AM) [Round: 0394] Select clients...!
[INFO](2026/08/19/ 01:17:27 AM) [Round: 0394] ...successfully transmitted models to 10 selected clients!
[INFO](2026/08/19/ 01:17:27 AM) [Round: 0394] Start updating selected 10 clients...!
[INFO](2026/08/19/ 01:17:38 AM) [Round: 0394] ...10 clients are selected and updated (with total sample size: 29)!
[INFO](2026/08/19/ 01:17:38 AM) [Round: 0394] Aggregate updated weights of 10 clients...!
[INFO](2026/08/19/ 01:17:38 AM) [Round: 0394] ...updated weights of 10 clients are successfully averaged!
[INFO](2026/08/19/ 01:17:40 AM) [Round: 0394] Evaluate global model's performance...!                
	[Server] ...finished evaluation!                
	=> Loss: 22.9941                
	=> Accuracy: 5.71%

[INFO](2026/08/19/ 01:17:41 AM) [Round: 0395] Select clients...!
[INFO](2026/08/19/ 01:17:41 AM) [Round: 0395] ...successfully transmitted models to 10 selected clients!
[INFO](2026/08/19/ 01:17:41 AM) [Round: 0395] Start updating selected 10 clients...!
[INFO](2026/08/19/ 01:17:52 AM) [Round: 0395] ...10 clients are selected and updated (with total sample size: 37)!
[INFO](2026/08/19/ 01:17:52 AM) [Round: 0395] Aggregate updated weights of 10 clients...!
[INFO](2026/08/19/ 01:17:53 AM) [Round: 0395] ...updated weights of 10 clients are successfully averaged!
[INFO](2026/08/19/ 01:17:54 AM) [Round: 0395] Evaluate global model's performance...!                
	[Server] ...finished evaluation!                
	=> Loss: 20.2232                
	=> Accuracy: 3.57%

[INFO](2026/08/19/ 01:17:55 AM) [Round: 0396] Select clients...!
[INFO](2026/08/19/ 01:17:55 AM) [Round: 0396] ...successfully transmitted models to 10 selected clients!
[INFO](2026/08/19/ 01:17:55 AM) [Round: 0396] Start updating selected 10 clients...!
[INFO](2026/08/19/ 01:18:05 AM) [Round: 0396] ...10 clients are selected and updated (with total sample size: 29)!
[INFO](2026/08/19/ 01:18:05 AM) [Round: 0396] Aggregate updated weights of 10 clients...!
[INFO](2026/08/19/ 01:18:05 AM) [Round: 0396] ...updated weights of 10 clients are successfully averaged!
[INFO](2026/08/19/ 01:18:07 AM) [Round: 0396] Evaluate global model's performance...!                
	[Server] ...finished evaluation!                
	=> Loss: 29.2076                
	=> Accuracy: 4.52%

[INFO](2026/08/19/ 01:18:08 AM) [Round: 0397] Select clients...!
[INFO](2026/08/19/ 01:18:08 AM) [Round: 0397] ...successfully transmitted models to 10 selected clients!
[INFO](2026/08/19/ 01:18:08 AM) [Round: 0397] Start updating selected 10 clients...!
[INFO](2026/08/19/ 01:18:19 AM) [Round: 0397] ...10 clients are selected and updated (with total sample size: 25)!
[INFO](2026/08/19/ 01:18:19 AM) [Round: 0397] Aggregate updated weights of 10 clients...!
[INFO](2026/08/19/ 01:18:19 AM) [Round: 0397] ...updated weights of 10 clients are successfully averaged!
[INFO](2026/08/19/ 01:18:21 AM) [Round: 0397] Evaluate global model's performance...!                
	[Server] ...finished evaluation!                
	=> Loss: 17.5797                
	=> Accuracy: 2.86%

[INFO](2026/08/19/ 01:18:21 AM) [Round: 0398] Select clients...!
[INFO](2026/08/19/ 01:18:22 AM) [Round: 0398] ...successfully transmitted models to 10 selected clients!
[INFO](2026/08/19/ 01:18:22 AM) [Round: 0398] Start updating selected 10 clients...!
[INFO](2026/08/19/ 01:18:33 AM) [Round: 0398] ...10 clients are selected and updated (with total sample size: 25)!
[INFO](2026/08/19/ 01:18:33 AM) [Round: 0398] Aggregate updated weights of 10 clients...!
[INFO](2026/08/19/ 01:18:33 AM) [Round: 0398] ...updated weights of 10 clients are successfully averaged!
[INFO](2026/08/19/ 01:18:35 AM) [Round: 0398] Evaluate global model's performance...!                
	[Server] ...finished evaluation!                
	=> Loss: 22.7112                
	=> Accuracy: 4.29%

[INFO](2026/08/19/ 01:18:35 AM) [Round: 0399] Select clients...!
[INFO](2026/08/19/ 01:18:36 AM) [Round: 0399] ...successfully transmitted models to 10 selected clients!
[INFO](2026/08/19/ 01:18:36 AM) [Round: 0399] Start updating selected 10 clients...!
[INFO](2026/08/19/ 01:18:47 AM) [Round: 0399] ...10 clients are selected and updated (with total sample size: 35)!
[INFO](2026/08/19/ 01:18:47 AM) [Round: 0399] Aggregate updated weights of 10 clients...!
[INFO](2026/08/19/ 01:18:48 AM) [Round: 0399] ...updated weights of 10 clients are successfully averaged!
[INFO](2026/08/19/ 01:18:50 AM) [Round: 0399] Evaluate global model's performance...!                
	[Server] ...finished evaluation!                
	=> Loss: 17.6075                
	=> Accuracy: 4.05%

[INFO](2026/08/19/ 01:18:50 AM) [Round: 0400] Select clients...!
[INFO](2026/08/19/ 01:18:50 AM) [Round: 0400] ...successfully transmitted models to 10 selected clients!
[INFO](2026/08/19/ 01:18:50 AM) [Round: 0400] Start updating selected 10 clients...!
[INFO](2026/08/19/ 01:19:02 AM) [Round: 0400] ...10 clients are selected and updated (with total sample size: 29)!
[INFO](2026/08/19/ 01:19:02 AM) [Round: 0400] Aggregate updated weights of 10 clients...!
[INFO](2026/08/19/ 01:19:02 AM) [Round: 0400] ...updated weights of 10 clients are successfully averaged!
[INFO](2026/08/19/ 01:19:05 AM) [Round: 0400] Evaluate global model's performance...!                
	[Server] ...finished evaluation!                
	=> Loss: 27.1158                
	=> Accuracy: 3.81%

[INFO](2026/08/19/ 01:19:05 AM) [Round: 0401] Select clients...!
[INFO](2026/08/19/ 01:19:05 AM) [Round: 0401] ...successfully transmitted models to 10 selected clients!
[INFO](2026/08/19/ 01:19:05 AM) [Round: 0401] Start updating selected 10 clients...!
[INFO](2026/08/19/ 01:19:16 AM) [Round: 0401] ...10 clients are selected and updated (with total sample size: 35)!
[INFO](2026/08/19/ 01:19:16 AM) [Round: 0401] Aggregate updated weights of 10 clients...!
[INFO](2026/08/19/ 01:19:17 AM) [Round: 0401] ...updated weights of 10 clients are successfully averaged!
[INFO](2026/08/19/ 01:19:19 AM) [Round: 0401] Evaluate global model's performance...!                
	[Server] ...finished evaluation!                
	=> Loss: 24.9442                
	=> Accuracy: 2.62%

[INFO](2026/08/19/ 01:19:19 AM) [Round: 0402] Select clients...!
[INFO](2026/08/19/ 01:19:19 AM) [Round: 0402] ...successfully transmitted models to 10 selected clients!
[INFO](2026/08/19/ 01:19:20 AM) [Round: 0402] Start updating selected 10 clients...!
[INFO](2026/08/19/ 01:19:31 AM) [Round: 0402] ...10 clients are selected and updated (with total sample size: 29)!
[INFO](2026/08/19/ 01:19:31 AM) [Round: 0402] Aggregate updated weights of 10 clients...!
[INFO](2026/08/19/ 01:19:31 AM) [Round: 0402] ...updated weights of 10 clients are successfully averaged!
[INFO](2026/08/19/ 01:19:33 AM) [Round: 0402] Evaluate global model's performance...!                
	[Server] ...finished evaluation!                
	=> Loss: 25.7417                
	=> Accuracy: 3.33%

[INFO](2026/08/19/ 01:19:33 AM) [Round: 0403] Select clients...!
[INFO](2026/08/19/ 01:19:34 AM) [Round: 0403] ...successfully transmitted models to 10 selected clients!
[INFO](2026/08/19/ 01:19:34 AM) [Round: 0403] Start updating selected 10 clients...!
[INFO](2026/08/19/ 01:19:46 AM) [Round: 0403] ...10 clients are selected and updated (with total sample size: 42)!
[INFO](2026/08/19/ 01:19:46 AM) [Round: 0403] Aggregate updated weights of 10 clients...!
[INFO](2026/08/19/ 01:19:46 AM) [Round: 0403] ...updated weights of 10 clients are successfully averaged!
[INFO](2026/08/19/ 01:19:48 AM) [Round: 0403] Evaluate global model's performance...!                
	[Server] ...finished evaluation!                
	=> Loss: 21.7544                
	=> Accuracy: 1.90%

[INFO](2026/08/19/ 01:19:48 AM) [Round: 0404] Select clients...!
[INFO](2026/08/19/ 01:19:48 AM) [Round: 0404] ...successfully transmitted models to 10 selected clients!
[INFO](2026/08/19/ 01:19:48 AM) [Round: 0404] Start updating selected 10 clients...!
[INFO](2026/08/19/ 01:19:58 AM) [Round: 0404] ...10 clients are selected and updated (with total sample size: 37)!
[INFO](2026/08/19/ 01:19:59 AM) [Round: 0404] Aggregate updated weights of 10 clients...!
[INFO](2026/08/19/ 01:19:59 AM) [Round: 0404] ...updated weights of 10 clients are successfully averaged!
[INFO](2026/08/19/ 01:20:01 AM) [Round: 0404] Evaluate global model's performance...!                
	[Server] ...finished evaluation!                
	=> Loss: 24.2816                
	=> Accuracy: 2.14%

[INFO](2026/08/19/ 01:20:01 AM) [Round: 0405] Select clients...!
[INFO](2026/08/19/ 01:20:01 AM) [Round: 0405] ...successfully transmitted models to 10 selected clients!
[INFO](2026/08/19/ 01:20:02 AM) [Round: 0405] Start updating selected 10 clients...!
[INFO](2026/08/19/ 01:20:17 AM) [Round: 0405] ...10 clients are selected and updated (with total sample size: 35)!
[INFO](2026/08/19/ 01:20:17 AM) [Round: 0405] Aggregate updated weights of 10 clients...!
[INFO](2026/08/19/ 01:20:18 AM) [Round: 0405] ...updated weights of 10 clients are successfully averaged!
[INFO](2026/08/19/ 01:20:21 AM) [Round: 0405] Evaluate global model's performance...!                
	[Server] ...finished evaluation!                
	=> Loss: 25.2476                
	=> Accuracy: 2.62%

[INFO](2026/08/19/ 01:20:21 AM) [Round: 0406] Select clients...!
[INFO](2026/08/19/ 01:20:22 AM) [Round: 0406] ...successfully transmitted models to 10 selected clients!
[INFO](2026/08/19/ 01:20:22 AM) [Round: 0406] Start updating selected 10 clients...!
[INFO](2026/08/19/ 01:20:37 AM) [Round: 0406] ...10 clients are selected and updated (with total sample size: 54)!
[INFO](2026/08/19/ 01:20:37 AM) [Round: 0406] Aggregate updated weights of 10 clients...!
[INFO](2026/08/19/ 01:20:38 AM) [Round: 0406] ...updated weights of 10 clients are successfully averaged!
[INFO](2026/08/19/ 01:20:41 AM) [Round: 0406] Evaluate global model's performance...!                
	[Server] ...finished evaluation!                
	=> Loss: 19.0157                
	=> Accuracy: 4.29%

[INFO](2026/08/19/ 01:20:41 AM) [Round: 0407] Select clients...!
[INFO](2026/08/19/ 01:20:42 AM) [Round: 0407] ...successfully transmitted models to 10 selected clients!
[INFO](2026/08/19/ 01:20:42 AM) [Round: 0407] Start updating selected 10 clients...!
[INFO](2026/08/19/ 01:20:57 AM) [Round: 0407] ...10 clients are selected and updated (with total sample size: 35)!
[INFO](2026/08/19/ 01:20:58 AM) [Round: 0407] Aggregate updated weights of 10 clients...!
[INFO](2026/08/19/ 01:20:58 AM) [Round: 0407] ...updated weights of 10 clients are successfully averaged!
[INFO](2026/08/19/ 01:21:01 AM) [Round: 0407] Evaluate global model's performance...!                
	[Server] ...finished evaluation!                
	=> Loss: 22.8961                
	=> Accuracy: 2.86%

[INFO](2026/08/19/ 01:21:01 AM) [Round: 0408] Select clients...!
[INFO](2026/08/19/ 01:21:02 AM) [Round: 0408] ...successfully transmitted models to 10 selected clients!
[INFO](2026/08/19/ 01:21:02 AM) [Round: 0408] Start updating selected 10 clients...!
[INFO](2026/08/19/ 01:21:23 AM) [Round: 0408] ...10 clients are selected and updated (with total sample size: 25)!
[INFO](2026/08/19/ 01:21:23 AM) [Round: 0408] Aggregate updated weights of 10 clients...!
[INFO](2026/08/19/ 01:21:23 AM) [Round: 0408] ...updated weights of 10 clients are successfully averaged!
[INFO](2026/08/19/ 01:21:26 AM) [Round: 0408] Evaluate global model's performance...!                
	[Server] ...finished evaluation!                
	=> Loss: 30.0845                
	=> Accuracy: 3.57%

[INFO](2026/08/19/ 01:21:26 AM) [Round: 0409] Select clients...!
[INFO](2026/08/19/ 01:21:27 AM) [Round: 0409] ...successfully transmitted models to 10 selected clients!
[INFO](2026/08/19/ 01:21:27 AM) [Round: 0409] Start updating selected 10 clients...!
[INFO](2026/08/19/ 01:21:42 AM) [Round: 0409] ...10 clients are selected and updated (with total sample size: 29)!
[INFO](2026/08/19/ 01:21:42 AM) [Round: 0409] Aggregate updated weights of 10 clients...!
[INFO](2026/08/19/ 01:21:42 AM) [Round: 0409] ...updated weights of 10 clients are successfully averaged!
[INFO](2026/08/19/ 01:21:45 AM) [Round: 0409] Evaluate global model's performance...!                
	[Server] ...finished evaluation!                
	=> Loss: 21.0814                
	=> Accuracy: 6.43%

[INFO](2026/08/19/ 01:21:45 AM) [Round: 0410] Select clients...!
[INFO](2026/08/19/ 01:21:46 AM) [Round: 0410] ...successfully transmitted models to 10 selected clients!
[INFO](2026/08/19/ 01:21:46 AM) [Round: 0410] Start updating selected 10 clients...!
[INFO](2026/08/19/ 01:22:01 AM) [Round: 0410] ...10 clients are selected and updated (with total sample size: 54)!
[INFO](2026/08/19/ 01:22:01 AM) [Round: 0410] Aggregate updated weights of 10 clients...!
[INFO](2026/08/19/ 01:22:02 AM) [Round: 0410] ...updated weights of 10 clients are successfully averaged!
[INFO](2026/08/19/ 01:22:04 AM) [Round: 0410] Evaluate global model's performance...!                
	[Server] ...finished evaluation!                
	=> Loss: 27.2904                
	=> Accuracy: 3.57%

[INFO](2026/08/19/ 01:22:05 AM) [Round: 0411] Select clients...!
[INFO](2026/08/19/ 01:22:05 AM) [Round: 0411] ...successfully transmitted models to 10 selected clients!
[INFO](2026/08/19/ 01:22:05 AM) [Round: 0411] Start updating selected 10 clients...!
[INFO](2026/08/19/ 01:22:19 AM) [Round: 0411] ...10 clients are selected and updated (with total sample size: 37)!
[INFO](2026/08/19/ 01:22:19 AM) [Round: 0411] Aggregate updated weights of 10 clients...!
[INFO](2026/08/19/ 01:22:19 AM) [Round: 0411] ...updated weights of 10 clients are successfully averaged!
[INFO](2026/08/19/ 01:22:22 AM) [Round: 0411] Evaluate global model's performance...!                
	[Server] ...finished evaluation!                
	=> Loss: 26.6536                
	=> Accuracy: 3.57%

[INFO](2026/08/19/ 01:22:22 AM) [Round: 0412] Select clients...!
[INFO](2026/08/19/ 01:22:23 AM) [Round: 0412] ...successfully transmitted models to 10 selected clients!
[INFO](2026/08/19/ 01:22:23 AM) [Round: 0412] Start updating selected 10 clients...!
[INFO](2026/08/19/ 01:22:38 AM) [Round: 0412] ...10 clients are selected and updated (with total sample size: 54)!
[INFO](2026/08/19/ 01:22:39 AM) [Round: 0412] Aggregate updated weights of 10 clients...!
[INFO](2026/08/19/ 01:22:39 AM) [Round: 0412] ...updated weights of 10 clients are successfully averaged!
[INFO](2026/08/19/ 01:22:42 AM) [Round: 0412] Evaluate global model's performance...!                
	[Server] ...finished evaluation!                
	=> Loss: 24.2221                
	=> Accuracy: 4.76%

[INFO](2026/08/19/ 01:22:42 AM) [Round: 0413] Select clients...!
[INFO](2026/08/19/ 01:22:43 AM) [Round: 0413] ...successfully transmitted models to 10 selected clients!
[INFO](2026/08/19/ 01:22:43 AM) [Round: 0413] Start updating selected 10 clients...!
[INFO](2026/08/19/ 01:22:59 AM) [Round: 0413] ...10 clients are selected and updated (with total sample size: 35)!
[INFO](2026/08/19/ 01:23:00 AM) [Round: 0413] Aggregate updated weights of 10 clients...!
[INFO](2026/08/19/ 01:23:00 AM) [Round: 0413] ...updated weights of 10 clients are successfully averaged!
[INFO](2026/08/19/ 01:23:03 AM) [Round: 0413] Evaluate global model's performance...!                
	[Server] ...finished evaluation!                
	=> Loss: 24.5774                
	=> Accuracy: 4.29%

[INFO](2026/08/19/ 01:23:03 AM) [Round: 0414] Select clients...!
[INFO](2026/08/19/ 01:23:04 AM) [Round: 0414] ...successfully transmitted models to 10 selected clients!
[INFO](2026/08/19/ 01:23:04 AM) [Round: 0414] Start updating selected 10 clients...!
[INFO](2026/08/19/ 01:23:19 AM) [Round: 0414] ...10 clients are selected and updated (with total sample size: 37)!
[INFO](2026/08/19/ 01:23:19 AM) [Round: 0414] Aggregate updated weights of 10 clients...!
[INFO](2026/08/19/ 01:23:19 AM) [Round: 0414] ...updated weights of 10 clients are successfully averaged!
[INFO](2026/08/19/ 01:23:22 AM) [Round: 0414] Evaluate global model's performance...!                
	[Server] ...finished evaluation!                
	=> Loss: 21.1919                
	=> Accuracy: 4.76%

[INFO](2026/08/19/ 01:23:22 AM) [Round: 0415] Select clients...!
[INFO](2026/08/19/ 01:23:23 AM) [Round: 0415] ...successfully transmitted models to 10 selected clients!
[INFO](2026/08/19/ 01:23:23 AM) [Round: 0415] Start updating selected 10 clients...!
[INFO](2026/08/19/ 01:23:38 AM) [Round: 0415] ...10 clients are selected and updated (with total sample size: 37)!
[INFO](2026/08/19/ 01:23:39 AM) [Round: 0415] Aggregate updated weights of 10 clients...!
[INFO](2026/08/19/ 01:23:39 AM) [Round: 0415] ...updated weights of 10 clients are successfully averaged!
[INFO](2026/08/19/ 01:23:42 AM) [Round: 0415] Evaluate global model's performance...!                
	[Server] ...finished evaluation!                
	=> Loss: 21.4617                
	=> Accuracy: 3.81%

[INFO](2026/08/19/ 01:23:42 AM) [Round: 0416] Select clients...!
[INFO](2026/08/19/ 01:23:42 AM) [Round: 0416] ...successfully transmitted models to 10 selected clients!
[INFO](2026/08/19/ 01:23:42 AM) [Round: 0416] Start updating selected 10 clients...!
[INFO](2026/08/19/ 01:23:58 AM) [Round: 0416] ...10 clients are selected and updated (with total sample size: 37)!
[INFO](2026/08/19/ 01:23:58 AM) [Round: 0416] Aggregate updated weights of 10 clients...!
[INFO](2026/08/19/ 01:23:58 AM) [Round: 0416] ...updated weights of 10 clients are successfully averaged!
[INFO](2026/08/19/ 01:24:01 AM) [Round: 0416] Evaluate global model's performance...!                
	[Server] ...finished evaluation!                
	=> Loss: 16.9362                
	=> Accuracy: 5.48%

[INFO](2026/08/19/ 01:24:01 AM) [Round: 0417] Select clients...!
[INFO](2026/08/19/ 01:24:02 AM) [Round: 0417] ...successfully transmitted models to 10 selected clients!
[INFO](2026/08/19/ 01:24:02 AM) [Round: 0417] Start updating selected 10 clients...!
[INFO](2026/08/19/ 01:24:18 AM) [Round: 0417] ...10 clients are selected and updated (with total sample size: 54)!
[INFO](2026/08/19/ 01:24:18 AM) [Round: 0417] Aggregate updated weights of 10 clients...!
[INFO](2026/08/19/ 01:24:19 AM) [Round: 0417] ...updated weights of 10 clients are successfully averaged!
[INFO](2026/08/19/ 01:24:22 AM) [Round: 0417] Evaluate global model's performance...!                
	[Server] ...finished evaluation!                
	=> Loss: 23.1786                
	=> Accuracy: 4.76%

[INFO](2026/08/19/ 01:24:22 AM) [Round: 0418] Select clients...!
[INFO](2026/08/19/ 01:24:22 AM) [Round: 0418] ...successfully transmitted models to 10 selected clients!
[INFO](2026/08/19/ 01:24:22 AM) [Round: 0418] Start updating selected 10 clients...!
[INFO](2026/08/19/ 01:24:36 AM) [Round: 0418] ...10 clients are selected and updated (with total sample size: 29)!
[INFO](2026/08/19/ 01:24:36 AM) [Round: 0418] Aggregate updated weights of 10 clients...!
[INFO](2026/08/19/ 01:24:37 AM) [Round: 0418] ...updated weights of 10 clients are successfully averaged!
[INFO](2026/08/19/ 01:24:39 AM) [Round: 0418] Evaluate global model's performance...!                
	[Server] ...finished evaluation!                
	=> Loss: 19.4136                
	=> Accuracy: 3.81%

[INFO](2026/08/19/ 01:24:39 AM) [Round: 0419] Select clients...!
[INFO](2026/08/19/ 01:24:40 AM) [Round: 0419] ...successfully transmitted models to 10 selected clients!
[INFO](2026/08/19/ 01:24:40 AM) [Round: 0419] Start updating selected 10 clients...!
[INFO](2026/08/19/ 01:24:54 AM) [Round: 0419] ...10 clients are selected and updated (with total sample size: 25)!
[INFO](2026/08/19/ 01:24:54 AM) [Round: 0419] Aggregate updated weights of 10 clients...!
[INFO](2026/08/19/ 01:24:54 AM) [Round: 0419] ...updated weights of 10 clients are successfully averaged!
[INFO](2026/08/19/ 01:24:57 AM) [Round: 0419] Evaluate global model's performance...!                
	[Server] ...finished evaluation!                
	=> Loss: 26.8193                
	=> Accuracy: 3.33%

[INFO](2026/08/19/ 01:24:58 AM) [Round: 0420] Select clients...!
[INFO](2026/08/19/ 01:24:58 AM) [Round: 0420] ...successfully transmitted models to 10 selected clients!
[INFO](2026/08/19/ 01:24:58 AM) [Round: 0420] Start updating selected 10 clients...!
[INFO](2026/08/19/ 01:25:15 AM) [Round: 0420] ...10 clients are selected and updated (with total sample size: 37)!
[INFO](2026/08/19/ 01:25:15 AM) [Round: 0420] Aggregate updated weights of 10 clients...!
[INFO](2026/08/19/ 01:25:16 AM) [Round: 0420] ...updated weights of 10 clients are successfully averaged!
[INFO](2026/08/19/ 01:25:18 AM) [Round: 0420] Evaluate global model's performance...!                
	[Server] ...finished evaluation!                
	=> Loss: 36.1653                
	=> Accuracy: 5.24%

[INFO](2026/08/19/ 01:25:18 AM) [Round: 0421] Select clients...!
[INFO](2026/08/19/ 01:25:19 AM) [Round: 0421] ...successfully transmitted models to 10 selected clients!
[INFO](2026/08/19/ 01:25:19 AM) [Round: 0421] Start updating selected 10 clients...!
[INFO](2026/08/19/ 01:25:34 AM) [Round: 0421] ...10 clients are selected and updated (with total sample size: 29)!
[INFO](2026/08/19/ 01:25:34 AM) [Round: 0421] Aggregate updated weights of 10 clients...!
[INFO](2026/08/19/ 01:25:35 AM) [Round: 0421] ...updated weights of 10 clients are successfully averaged!
[INFO](2026/08/19/ 01:25:38 AM) [Round: 0421] Evaluate global model's performance...!                
	[Server] ...finished evaluation!                
	=> Loss: 20.1341                
	=> Accuracy: 4.05%

[INFO](2026/08/19/ 01:25:38 AM) [Round: 0422] Select clients...!
[INFO](2026/08/19/ 01:25:38 AM) [Round: 0422] ...successfully transmitted models to 10 selected clients!
[INFO](2026/08/19/ 01:25:39 AM) [Round: 0422] Start updating selected 10 clients...!
[INFO](2026/08/19/ 01:25:51 AM) [Round: 0422] ...10 clients are selected and updated (with total sample size: 25)!
[INFO](2026/08/19/ 01:25:52 AM) [Round: 0422] Aggregate updated weights of 10 clients...!
[INFO](2026/08/19/ 01:25:52 AM) [Round: 0422] ...updated weights of 10 clients are successfully averaged!
[INFO](2026/08/19/ 01:25:55 AM) [Round: 0422] Evaluate global model's performance...!                
	[Server] ...finished evaluation!                
	=> Loss: 21.1037                
	=> Accuracy: 4.05%

[INFO](2026/08/19/ 01:25:55 AM) [Round: 0423] Select clients...!
[INFO](2026/08/19/ 01:25:55 AM) [Round: 0423] ...successfully transmitted models to 10 selected clients!
[INFO](2026/08/19/ 01:25:56 AM) [Round: 0423] Start updating selected 10 clients...!
[INFO](2026/08/19/ 01:26:11 AM) [Round: 0423] ...10 clients are selected and updated (with total sample size: 37)!
[INFO](2026/08/19/ 01:26:11 AM) [Round: 0423] Aggregate updated weights of 10 clients...!
[INFO](2026/08/19/ 01:26:11 AM) [Round: 0423] ...updated weights of 10 clients are successfully averaged!
[INFO](2026/08/19/ 01:26:14 AM) [Round: 0423] Evaluate global model's performance...!                
	[Server] ...finished evaluation!                
	=> Loss: 14.0092                
	=> Accuracy: 7.14%

[INFO](2026/08/19/ 01:26:14 AM) [Round: 0424] Select clients...!
[INFO](2026/08/19/ 01:26:15 AM) [Round: 0424] ...successfully transmitted models to 10 selected clients!
[INFO](2026/08/19/ 01:26:15 AM) [Round: 0424] Start updating selected 10 clients...!
[INFO](2026/08/19/ 01:26:31 AM) [Round: 0424] ...10 clients are selected and updated (with total sample size: 54)!
[INFO](2026/08/19/ 01:26:31 AM) [Round: 0424] Aggregate updated weights of 10 clients...!
[INFO](2026/08/19/ 01:26:31 AM) [Round: 0424] ...updated weights of 10 clients are successfully averaged!
[INFO](2026/08/19/ 01:26:34 AM) [Round: 0424] Evaluate global model's performance...!                
	[Server] ...finished evaluation!                
	=> Loss: 27.0918                
	=> Accuracy: 4.76%

[INFO](2026/08/19/ 01:26:34 AM) [Round: 0425] Select clients...!
[INFO](2026/08/19/ 01:26:35 AM) [Round: 0425] ...successfully transmitted models to 10 selected clients!
[INFO](2026/08/19/ 01:26:35 AM) [Round: 0425] Start updating selected 10 clients...!
[INFO](2026/08/19/ 01:26:50 AM) [Round: 0425] ...10 clients are selected and updated (with total sample size: 54)!
[INFO](2026/08/19/ 01:26:50 AM) [Round: 0425] Aggregate updated weights of 10 clients...!
[INFO](2026/08/19/ 01:26:51 AM) [Round: 0425] ...updated weights of 10 clients are successfully averaged!
[INFO](2026/08/19/ 01:26:54 AM) [Round: 0425] Evaluate global model's performance...!                
	[Server] ...finished evaluation!                
	=> Loss: 23.4809                
	=> Accuracy: 4.76%

[INFO](2026/08/19/ 01:26:54 AM) [Round: 0426] Select clients...!
[INFO](2026/08/19/ 01:26:54 AM) [Round: 0426] ...successfully transmitted models to 10 selected clients!
[INFO](2026/08/19/ 01:26:54 AM) [Round: 0426] Start updating selected 10 clients...!
[INFO](2026/08/19/ 01:27:09 AM) [Round: 0426] ...10 clients are selected and updated (with total sample size: 54)!
[INFO](2026/08/19/ 01:27:09 AM) [Round: 0426] Aggregate updated weights of 10 clients...!
[INFO](2026/08/19/ 01:27:09 AM) [Round: 0426] ...updated weights of 10 clients are successfully averaged!
[INFO](2026/08/19/ 01:27:12 AM) [Round: 0426] Evaluate global model's performance...!                
	[Server] ...finished evaluation!                
	=> Loss: 14.4055                
	=> Accuracy: 6.90%

[INFO](2026/08/19/ 01:27:13 AM) [Round: 0427] Select clients...!
[INFO](2026/08/19/ 01:27:13 AM) [Round: 0427] ...successfully transmitted models to 10 selected clients!
[INFO](2026/08/19/ 01:27:13 AM) [Round: 0427] Start updating selected 10 clients...!
[INFO](2026/08/19/ 01:27:29 AM) [Round: 0427] ...10 clients are selected and updated (with total sample size: 54)!
[INFO](2026/08/19/ 01:27:29 AM) [Round: 0427] Aggregate updated weights of 10 clients...!
[INFO](2026/08/19/ 01:27:29 AM) [Round: 0427] ...updated weights of 10 clients are successfully averaged!
[INFO](2026/08/19/ 01:27:33 AM) [Round: 0427] Evaluate global model's performance...!                
	[Server] ...finished evaluation!                
	=> Loss: 22.2660                
	=> Accuracy: 5.48%

[INFO](2026/08/19/ 01:27:33 AM) [Round: 0428] Select clients...!
[INFO](2026/08/19/ 01:27:34 AM) [Round: 0428] ...successfully transmitted models to 10 selected clients!
[INFO](2026/08/19/ 01:27:34 AM) [Round: 0428] Start updating selected 10 clients...!
[INFO](2026/08/19/ 01:27:48 AM) [Round: 0428] ...10 clients are selected and updated (with total sample size: 25)!
[INFO](2026/08/19/ 01:27:48 AM) [Round: 0428] Aggregate updated weights of 10 clients...!
[INFO](2026/08/19/ 01:27:49 AM) [Round: 0428] ...updated weights of 10 clients are successfully averaged!
[INFO](2026/08/19/ 01:27:52 AM) [Round: 0428] Evaluate global model's performance...!                
	[Server] ...finished evaluation!                
	=> Loss: 19.3633                
	=> Accuracy: 4.76%

[INFO](2026/08/19/ 01:27:52 AM) [Round: 0429] Select clients...!
[INFO](2026/08/19/ 01:27:53 AM) [Round: 0429] ...successfully transmitted models to 10 selected clients!
[INFO](2026/08/19/ 01:27:53 AM) [Round: 0429] Start updating selected 10 clients...!
[INFO](2026/08/19/ 01:28:09 AM) [Round: 0429] ...10 clients are selected and updated (with total sample size: 25)!
[INFO](2026/08/19/ 01:28:09 AM) [Round: 0429] Aggregate updated weights of 10 clients...!
[INFO](2026/08/19/ 01:28:09 AM) [Round: 0429] ...updated weights of 10 clients are successfully averaged!
[INFO](2026/08/19/ 01:28:12 AM) [Round: 0429] Evaluate global model's performance...!                
	[Server] ...finished evaluation!                
	=> Loss: 15.7481                
	=> Accuracy: 5.00%

[INFO](2026/08/19/ 01:28:12 AM) [Round: 0430] Select clients...!
[INFO](2026/08/19/ 01:28:12 AM) [Round: 0430] ...successfully transmitted models to 10 selected clients!
[INFO](2026/08/19/ 01:28:13 AM) [Round: 0430] Start updating selected 10 clients...!
[INFO](2026/08/19/ 01:28:28 AM) [Round: 0430] ...10 clients are selected and updated (with total sample size: 29)!
[INFO](2026/08/19/ 01:28:28 AM) [Round: 0430] Aggregate updated weights of 10 clients...!
[INFO](2026/08/19/ 01:28:28 AM) [Round: 0430] ...updated weights of 10 clients are successfully averaged!
[INFO](2026/08/19/ 01:28:31 AM) [Round: 0430] Evaluate global model's performance...!                
	[Server] ...finished evaluation!                
	=> Loss: 17.8196                
	=> Accuracy: 6.67%

[INFO](2026/08/19/ 01:28:31 AM) [Round: 0431] Select clients...!
[INFO](2026/08/19/ 01:28:32 AM) [Round: 0431] ...successfully transmitted models to 10 selected clients!
[INFO](2026/08/19/ 01:28:32 AM) [Round: 0431] Start updating selected 10 clients...!
[INFO](2026/08/19/ 01:28:49 AM) [Round: 0431] ...10 clients are selected and updated (with total sample size: 42)!
[INFO](2026/08/19/ 01:28:49 AM) [Round: 0431] Aggregate updated weights of 10 clients...!
[INFO](2026/08/19/ 01:28:49 AM) [Round: 0431] ...updated weights of 10 clients are successfully averaged!
[INFO](2026/08/19/ 01:28:52 AM) [Round: 0431] Evaluate global model's performance...!                
	[Server] ...finished evaluation!                
	=> Loss: 14.0841                
	=> Accuracy: 8.81%

[INFO](2026/08/19/ 01:28:52 AM) [Round: 0432] Select clients...!
[INFO](2026/08/19/ 01:28:53 AM) [Round: 0432] ...successfully transmitted models to 10 selected clients!
[INFO](2026/08/19/ 01:28:53 AM) [Round: 0432] Start updating selected 10 clients...!
[INFO](2026/08/19/ 01:29:08 AM) [Round: 0432] ...10 clients are selected and updated (with total sample size: 54)!
[INFO](2026/08/19/ 01:29:08 AM) [Round: 0432] Aggregate updated weights of 10 clients...!
[INFO](2026/08/19/ 01:29:08 AM) [Round: 0432] ...updated weights of 10 clients are successfully averaged!
[INFO](2026/08/19/ 01:29:11 AM) [Round: 0432] Evaluate global model's performance...!                
	[Server] ...finished evaluation!                
	=> Loss: 14.6658                
	=> Accuracy: 5.71%

[INFO](2026/08/19/ 01:29:11 AM) [Round: 0433] Select clients...!
[INFO](2026/08/19/ 01:29:11 AM) [Round: 0433] ...successfully transmitted models to 10 selected clients!
[INFO](2026/08/19/ 01:29:11 AM) [Round: 0433] Start updating selected 10 clients...!
[INFO](2026/08/19/ 01:29:24 AM) [Round: 0433] ...10 clients are selected and updated (with total sample size: 54)!
[INFO](2026/08/19/ 01:29:24 AM) [Round: 0433] Aggregate updated weights of 10 clients...!
[INFO](2026/08/19/ 01:29:25 AM) [Round: 0433] ...updated weights of 10 clients are successfully averaged!
[INFO](2026/08/19/ 01:29:27 AM) [Round: 0433] Evaluate global model's performance...!                
	[Server] ...finished evaluation!                
	=> Loss: 17.5638                
	=> Accuracy: 5.00%

[INFO](2026/08/19/ 01:29:28 AM) [Round: 0434] Select clients...!
[INFO](2026/08/19/ 01:29:28 AM) [Round: 0434] ...successfully transmitted models to 10 selected clients!
[INFO](2026/08/19/ 01:29:28 AM) [Round: 0434] Start updating selected 10 clients...!
[INFO](2026/08/19/ 01:29:45 AM) [Round: 0434] ...10 clients are selected and updated (with total sample size: 37)!
[INFO](2026/08/19/ 01:29:45 AM) [Round: 0434] Aggregate updated weights of 10 clients...!
[INFO](2026/08/19/ 01:29:45 AM) [Round: 0434] ...updated weights of 10 clients are successfully averaged!
[INFO](2026/08/19/ 01:29:48 AM) [Round: 0434] Evaluate global model's performance...!                
	[Server] ...finished evaluation!                
	=> Loss: 21.7819                
	=> Accuracy: 5.95%

[INFO](2026/08/19/ 01:29:48 AM) [Round: 0435] Select clients...!
[INFO](2026/08/19/ 01:29:49 AM) [Round: 0435] ...successfully transmitted models to 10 selected clients!
[INFO](2026/08/19/ 01:29:49 AM) [Round: 0435] Start updating selected 10 clients...!
[INFO](2026/08/19/ 01:30:04 AM) [Round: 0435] ...10 clients are selected and updated (with total sample size: 37)!
[INFO](2026/08/19/ 01:30:04 AM) [Round: 0435] Aggregate updated weights of 10 clients...!
[INFO](2026/08/19/ 01:30:05 AM) [Round: 0435] ...updated weights of 10 clients are successfully averaged!
[INFO](2026/08/19/ 01:30:07 AM) [Round: 0435] Evaluate global model's performance...!                
	[Server] ...finished evaluation!                
	=> Loss: 23.6647                
	=> Accuracy: 2.38%

[INFO](2026/08/19/ 01:30:07 AM) [Round: 0436] Select clients...!
[INFO](2026/08/19/ 01:30:08 AM) [Round: 0436] ...successfully transmitted models to 10 selected clients!
[INFO](2026/08/19/ 01:30:08 AM) [Round: 0436] Start updating selected 10 clients...!
[INFO](2026/08/19/ 01:30:25 AM) [Round: 0436] ...10 clients are selected and updated (with total sample size: 54)!
[INFO](2026/08/19/ 01:30:25 AM) [Round: 0436] Aggregate updated weights of 10 clients...!
[INFO](2026/08/19/ 01:30:26 AM) [Round: 0436] ...updated weights of 10 clients are successfully averaged!
[INFO](2026/08/19/ 01:30:29 AM) [Round: 0436] Evaluate global model's performance...!                
	[Server] ...finished evaluation!                
	=> Loss: 15.5334                
	=> Accuracy: 5.48%

[INFO](2026/08/19/ 01:30:29 AM) [Round: 0437] Select clients...!
[INFO](2026/08/19/ 01:30:30 AM) [Round: 0437] ...successfully transmitted models to 10 selected clients!
[INFO](2026/08/19/ 01:30:30 AM) [Round: 0437] Start updating selected 10 clients...!
[INFO](2026/08/19/ 01:30:46 AM) [Round: 0437] ...10 clients are selected and updated (with total sample size: 42)!
[INFO](2026/08/19/ 01:30:46 AM) [Round: 0437] Aggregate updated weights of 10 clients...!
[INFO](2026/08/19/ 01:30:46 AM) [Round: 0437] ...updated weights of 10 clients are successfully averaged!
[INFO](2026/08/19/ 01:30:49 AM) [Round: 0437] Evaluate global model's performance...!                
	[Server] ...finished evaluation!                
	=> Loss: 17.4410                
	=> Accuracy: 4.05%

[INFO](2026/08/19/ 01:30:49 AM) [Round: 0438] Select clients...!
[INFO](2026/08/19/ 01:30:50 AM) [Round: 0438] ...successfully transmitted models to 10 selected clients!
[INFO](2026/08/19/ 01:30:50 AM) [Round: 0438] Start updating selected 10 clients...!
[INFO](2026/08/19/ 01:31:06 AM) [Round: 0438] ...10 clients are selected and updated (with total sample size: 54)!
[INFO](2026/08/19/ 01:31:06 AM) [Round: 0438] Aggregate updated weights of 10 clients...!
[INFO](2026/08/19/ 01:31:06 AM) [Round: 0438] ...updated weights of 10 clients are successfully averaged!
[INFO](2026/08/19/ 01:31:10 AM) [Round: 0438] Evaluate global model's performance...!                
	[Server] ...finished evaluation!                
	=> Loss: 31.0080                
	=> Accuracy: 4.05%

[INFO](2026/08/19/ 01:31:10 AM) [Round: 0439] Select clients...!
[INFO](2026/08/19/ 01:31:10 AM) [Round: 0439] ...successfully transmitted models to 10 selected clients!
[INFO](2026/08/19/ 01:31:10 AM) [Round: 0439] Start updating selected 10 clients...!
[INFO](2026/08/19/ 01:31:28 AM) [Round: 0439] ...10 clients are selected and updated (with total sample size: 43)!
[INFO](2026/08/19/ 01:31:28 AM) [Round: 0439] Aggregate updated weights of 10 clients...!
[INFO](2026/08/19/ 01:31:29 AM) [Round: 0439] ...updated weights of 10 clients are successfully averaged!
[INFO](2026/08/19/ 01:31:31 AM) [Round: 0439] Evaluate global model's performance...!                
	[Server] ...finished evaluation!                
	=> Loss: 28.1869                
	=> Accuracy: 6.67%

[INFO](2026/08/19/ 01:31:32 AM) [Round: 0440] Select clients...!
[INFO](2026/08/19/ 01:31:32 AM) [Round: 0440] ...successfully transmitted models to 10 selected clients!
[INFO](2026/08/19/ 01:31:32 AM) [Round: 0440] Start updating selected 10 clients...!
[INFO](2026/08/19/ 01:31:49 AM) [Round: 0440] ...10 clients are selected and updated (with total sample size: 54)!
[INFO](2026/08/19/ 01:31:49 AM) [Round: 0440] Aggregate updated weights of 10 clients...!
[INFO](2026/08/19/ 01:31:50 AM) [Round: 0440] ...updated weights of 10 clients are successfully averaged!
[INFO](2026/08/19/ 01:31:53 AM) [Round: 0440] Evaluate global model's performance...!                
	[Server] ...finished evaluation!                
	=> Loss: 31.2180                
	=> Accuracy: 5.71%

[INFO](2026/08/19/ 01:31:53 AM) [Round: 0441] Select clients...!
[INFO](2026/08/19/ 01:31:53 AM) [Round: 0441] ...successfully transmitted models to 10 selected clients!
[INFO](2026/08/19/ 01:31:54 AM) [Round: 0441] Start updating selected 10 clients...!
[INFO](2026/08/19/ 01:32:11 AM) [Round: 0441] ...10 clients are selected and updated (with total sample size: 25)!
[INFO](2026/08/19/ 01:32:11 AM) [Round: 0441] Aggregate updated weights of 10 clients...!
[INFO](2026/08/19/ 01:32:11 AM) [Round: 0441] ...updated weights of 10 clients are successfully averaged!
[INFO](2026/08/19/ 01:32:14 AM) [Round: 0441] Evaluate global model's performance...!                
	[Server] ...finished evaluation!                
	=> Loss: 20.3560                
	=> Accuracy: 5.00%

[INFO](2026/08/19/ 01:32:14 AM) [Round: 0442] Select clients...!
[INFO](2026/08/19/ 01:32:15 AM) [Round: 0442] ...successfully transmitted models to 10 selected clients!
[INFO](2026/08/19/ 01:32:15 AM) [Round: 0442] Start updating selected 10 clients...!
[INFO](2026/08/19/ 01:32:30 AM) [Round: 0442] ...10 clients are selected and updated (with total sample size: 25)!
[INFO](2026/08/19/ 01:32:30 AM) [Round: 0442] Aggregate updated weights of 10 clients...!
[INFO](2026/08/19/ 01:32:30 AM) [Round: 0442] ...updated weights of 10 clients are successfully averaged!
[INFO](2026/08/19/ 01:32:34 AM) [Round: 0442] Evaluate global model's performance...!                
	[Server] ...finished evaluation!                
	=> Loss: 23.1346                
	=> Accuracy: 6.43%

[INFO](2026/08/19/ 01:32:34 AM) [Round: 0443] Select clients...!
[INFO](2026/08/19/ 01:32:34 AM) [Round: 0443] ...successfully transmitted models to 10 selected clients!
[INFO](2026/08/19/ 01:32:35 AM) [Round: 0443] Start updating selected 10 clients...!
[INFO](2026/08/19/ 01:32:49 AM) [Round: 0443] ...10 clients are selected and updated (with total sample size: 29)!
[INFO](2026/08/19/ 01:32:49 AM) [Round: 0443] Aggregate updated weights of 10 clients...!
[INFO](2026/08/19/ 01:32:49 AM) [Round: 0443] ...updated weights of 10 clients are successfully averaged!
[INFO](2026/08/19/ 01:32:52 AM) [Round: 0443] Evaluate global model's performance...!                
	[Server] ...finished evaluation!                
	=> Loss: 23.5310                
	=> Accuracy: 7.14%

[INFO](2026/08/19/ 01:32:52 AM) [Round: 0444] Select clients...!
[INFO](2026/08/19/ 01:32:53 AM) [Round: 0444] ...successfully transmitted models to 10 selected clients!
[INFO](2026/08/19/ 01:32:53 AM) [Round: 0444] Start updating selected 10 clients...!
[INFO](2026/08/19/ 01:33:07 AM) [Round: 0444] ...10 clients are selected and updated (with total sample size: 25)!
[INFO](2026/08/19/ 01:33:07 AM) [Round: 0444] Aggregate updated weights of 10 clients...!
[INFO](2026/08/19/ 01:33:08 AM) [Round: 0444] ...updated weights of 10 clients are successfully averaged!
[INFO](2026/08/19/ 01:33:10 AM) [Round: 0444] Evaluate global model's performance...!                
	[Server] ...finished evaluation!                
	=> Loss: 21.0644                
	=> Accuracy: 6.67%

[INFO](2026/08/19/ 01:33:11 AM) [Round: 0445] Select clients...!
[INFO](2026/08/19/ 01:33:11 AM) [Round: 0445] ...successfully transmitted models to 10 selected clients!
[INFO](2026/08/19/ 01:33:11 AM) [Round: 0445] Start updating selected 10 clients...!
[INFO](2026/08/19/ 01:33:29 AM) [Round: 0445] ...10 clients are selected and updated (with total sample size: 42)!
[INFO](2026/08/19/ 01:33:29 AM) [Round: 0445] Aggregate updated weights of 10 clients...!
[INFO](2026/08/19/ 01:33:30 AM) [Round: 0445] ...updated weights of 10 clients are successfully averaged!
[INFO](2026/08/19/ 01:33:32 AM) [Round: 0445] Evaluate global model's performance...!                
	[Server] ...finished evaluation!                
	=> Loss: 24.1705                
	=> Accuracy: 5.00%

[INFO](2026/08/19/ 01:33:32 AM) [Round: 0446] Select clients...!
[INFO](2026/08/19/ 01:33:33 AM) [Round: 0446] ...successfully transmitted models to 10 selected clients!
[INFO](2026/08/19/ 01:33:33 AM) [Round: 0446] Start updating selected 10 clients...!
[INFO](2026/08/19/ 01:33:48 AM) [Round: 0446] ...10 clients are selected and updated (with total sample size: 54)!
[INFO](2026/08/19/ 01:33:48 AM) [Round: 0446] Aggregate updated weights of 10 clients...!
[INFO](2026/08/19/ 01:33:48 AM) [Round: 0446] ...updated weights of 10 clients are successfully averaged!
[INFO](2026/08/19/ 01:33:51 AM) [Round: 0446] Evaluate global model's performance...!                
	[Server] ...finished evaluation!                
	=> Loss: 21.6120                
	=> Accuracy: 6.90%

[INFO](2026/08/19/ 01:33:51 AM) [Round: 0447] Select clients...!
[INFO](2026/08/19/ 01:33:52 AM) [Round: 0447] ...successfully transmitted models to 10 selected clients!
[INFO](2026/08/19/ 01:33:52 AM) [Round: 0447] Start updating selected 10 clients...!
[INFO](2026/08/19/ 01:34:12 AM) [Round: 0447] ...10 clients are selected and updated (with total sample size: 54)!
[INFO](2026/08/19/ 01:34:12 AM) [Round: 0447] Aggregate updated weights of 10 clients...!
[INFO](2026/08/19/ 01:34:12 AM) [Round: 0447] ...updated weights of 10 clients are successfully averaged!
[INFO](2026/08/19/ 01:34:16 AM) [Round: 0447] Evaluate global model's performance...!                
	[Server] ...finished evaluation!                
	=> Loss: 35.6837                
	=> Accuracy: 6.67%

[INFO](2026/08/19/ 01:34:16 AM) [Round: 0448] Select clients...!
[INFO](2026/08/19/ 01:34:16 AM) [Round: 0448] ...successfully transmitted models to 10 selected clients!
[INFO](2026/08/19/ 01:34:17 AM) [Round: 0448] Start updating selected 10 clients...!
[INFO](2026/08/19/ 01:34:32 AM) [Round: 0448] ...10 clients are selected and updated (with total sample size: 37)!
[INFO](2026/08/19/ 01:34:32 AM) [Round: 0448] Aggregate updated weights of 10 clients...!
[INFO](2026/08/19/ 01:34:33 AM) [Round: 0448] ...updated weights of 10 clients are successfully averaged!
[INFO](2026/08/19/ 01:34:36 AM) [Round: 0448] Evaluate global model's performance...!                
	[Server] ...finished evaluation!                
	=> Loss: 17.1871                
	=> Accuracy: 3.81%

[INFO](2026/08/19/ 01:34:36 AM) [Round: 0449] Select clients...!
[INFO](2026/08/19/ 01:34:37 AM) [Round: 0449] ...successfully transmitted models to 10 selected clients!
[INFO](2026/08/19/ 01:34:37 AM) [Round: 0449] Start updating selected 10 clients...!
[INFO](2026/08/19/ 01:34:55 AM) [Round: 0449] ...10 clients are selected and updated (with total sample size: 54)!
[INFO](2026/08/19/ 01:34:55 AM) [Round: 0449] Aggregate updated weights of 10 clients...!
[INFO](2026/08/19/ 01:34:55 AM) [Round: 0449] ...updated weights of 10 clients are successfully averaged!
[INFO](2026/08/19/ 01:34:58 AM) [Round: 0449] Evaluate global model's performance...!                
	[Server] ...finished evaluation!                
	=> Loss: 18.5440                
	=> Accuracy: 5.24%

[INFO](2026/08/19/ 01:34:58 AM) [Round: 0450] Select clients...!
[INFO](2026/08/19/ 01:34:58 AM) [Round: 0450] ...successfully transmitted models to 10 selected clients!
[INFO](2026/08/19/ 01:34:59 AM) [Round: 0450] Start updating selected 10 clients...!
[INFO](2026/08/19/ 01:35:15 AM) [Round: 0450] ...10 clients are selected and updated (with total sample size: 29)!
[INFO](2026/08/19/ 01:35:15 AM) [Round: 0450] Aggregate updated weights of 10 clients...!
[INFO](2026/08/19/ 01:35:15 AM) [Round: 0450] ...updated weights of 10 clients are successfully averaged!
[INFO](2026/08/19/ 01:35:18 AM) [Round: 0450] Evaluate global model's performance...!                
	[Server] ...finished evaluation!                
	=> Loss: 15.8196                
	=> Accuracy: 3.57%

[INFO](2026/08/19/ 01:35:18 AM) [Round: 0451] Select clients...!
[INFO](2026/08/19/ 01:35:19 AM) [Round: 0451] ...successfully transmitted models to 10 selected clients!
[INFO](2026/08/19/ 01:35:19 AM) [Round: 0451] Start updating selected 10 clients...!
[INFO](2026/08/19/ 01:35:34 AM) [Round: 0451] ...10 clients are selected and updated (with total sample size: 29)!
[INFO](2026/08/19/ 01:35:34 AM) [Round: 0451] Aggregate updated weights of 10 clients...!
[INFO](2026/08/19/ 01:35:34 AM) [Round: 0451] ...updated weights of 10 clients are successfully averaged!
[INFO](2026/08/19/ 01:35:37 AM) [Round: 0451] Evaluate global model's performance...!                
	[Server] ...finished evaluation!                
	=> Loss: 19.4293                
	=> Accuracy: 5.24%

[INFO](2026/08/19/ 01:35:38 AM) [Round: 0452] Select clients...!
[INFO](2026/08/19/ 01:35:38 AM) [Round: 0452] ...successfully transmitted models to 10 selected clients!
[INFO](2026/08/19/ 01:35:38 AM) [Round: 0452] Start updating selected 10 clients...!
[INFO](2026/08/19/ 01:35:53 AM) [Round: 0452] ...10 clients are selected and updated (with total sample size: 37)!
[INFO](2026/08/19/ 01:35:53 AM) [Round: 0452] Aggregate updated weights of 10 clients...!
[INFO](2026/08/19/ 01:35:54 AM) [Round: 0452] ...updated weights of 10 clients are successfully averaged!
[INFO](2026/08/19/ 01:35:56 AM) [Round: 0452] Evaluate global model's performance...!                
	[Server] ...finished evaluation!                
	=> Loss: 16.4729                
	=> Accuracy: 3.81%

[INFO](2026/08/19/ 01:35:56 AM) [Round: 0453] Select clients...!
[INFO](2026/08/19/ 01:35:57 AM) [Round: 0453] ...successfully transmitted models to 10 selected clients!
[INFO](2026/08/19/ 01:35:57 AM) [Round: 0453] Start updating selected 10 clients...!
[INFO](2026/08/19/ 01:36:12 AM) [Round: 0453] ...10 clients are selected and updated (with total sample size: 42)!
[INFO](2026/08/19/ 01:36:12 AM) [Round: 0453] Aggregate updated weights of 10 clients...!
[INFO](2026/08/19/ 01:36:13 AM) [Round: 0453] ...updated weights of 10 clients are successfully averaged!
[INFO](2026/08/19/ 01:36:15 AM) [Round: 0453] Evaluate global model's performance...!                
	[Server] ...finished evaluation!                
	=> Loss: 16.3929                
	=> Accuracy: 4.52%

[INFO](2026/08/19/ 01:36:15 AM) [Round: 0454] Select clients...!
[INFO](2026/08/19/ 01:36:16 AM) [Round: 0454] ...successfully transmitted models to 10 selected clients!
[INFO](2026/08/19/ 01:36:16 AM) [Round: 0454] Start updating selected 10 clients...!
[INFO](2026/08/19/ 01:36:29 AM) [Round: 0454] ...10 clients are selected and updated (with total sample size: 25)!
[INFO](2026/08/19/ 01:36:29 AM) [Round: 0454] Aggregate updated weights of 10 clients...!
[INFO](2026/08/19/ 01:36:30 AM) [Round: 0454] ...updated weights of 10 clients are successfully averaged!
[INFO](2026/08/19/ 01:36:32 AM) [Round: 0454] Evaluate global model's performance...!                
	[Server] ...finished evaluation!                
	=> Loss: 23.4195                
	=> Accuracy: 4.52%

[INFO](2026/08/19/ 01:36:32 AM) [Round: 0455] Select clients...!
[INFO](2026/08/19/ 01:36:33 AM) [Round: 0455] ...successfully transmitted models to 10 selected clients!
[INFO](2026/08/19/ 01:36:33 AM) [Round: 0455] Start updating selected 10 clients...!
[INFO](2026/08/19/ 01:36:48 AM) [Round: 0455] ...10 clients are selected and updated (with total sample size: 35)!
[INFO](2026/08/19/ 01:36:49 AM) [Round: 0455] Aggregate updated weights of 10 clients...!
[INFO](2026/08/19/ 01:36:49 AM) [Round: 0455] ...updated weights of 10 clients are successfully averaged!
[INFO](2026/08/19/ 01:36:52 AM) [Round: 0455] Evaluate global model's performance...!                
	[Server] ...finished evaluation!                
	=> Loss: 19.2760                
	=> Accuracy: 7.62%

[INFO](2026/08/19/ 01:36:52 AM) [Round: 0456] Select clients...!
[INFO](2026/08/19/ 01:36:52 AM) [Round: 0456] ...successfully transmitted models to 10 selected clients!
[INFO](2026/08/19/ 01:36:52 AM) [Round: 0456] Start updating selected 10 clients...!
[INFO](2026/08/19/ 01:37:07 AM) [Round: 0456] ...10 clients are selected and updated (with total sample size: 54)!
[INFO](2026/08/19/ 01:37:07 AM) [Round: 0456] Aggregate updated weights of 10 clients...!
[INFO](2026/08/19/ 01:37:07 AM) [Round: 0456] ...updated weights of 10 clients are successfully averaged!
[INFO](2026/08/19/ 01:37:10 AM) [Round: 0456] Evaluate global model's performance...!                
	[Server] ...finished evaluation!                
	=> Loss: 22.5956                
	=> Accuracy: 5.71%

[INFO](2026/08/19/ 01:37:10 AM) [Round: 0457] Select clients...!
[INFO](2026/08/19/ 01:37:11 AM) [Round: 0457] ...successfully transmitted models to 10 selected clients!
[INFO](2026/08/19/ 01:37:11 AM) [Round: 0457] Start updating selected 10 clients...!
[INFO](2026/08/19/ 01:37:26 AM) [Round: 0457] ...10 clients are selected and updated (with total sample size: 29)!
[INFO](2026/08/19/ 01:37:26 AM) [Round: 0457] Aggregate updated weights of 10 clients...!
[INFO](2026/08/19/ 01:37:27 AM) [Round: 0457] ...updated weights of 10 clients are successfully averaged!
[INFO](2026/08/19/ 01:37:29 AM) [Round: 0457] Evaluate global model's performance...!                
	[Server] ...finished evaluation!                
	=> Loss: 17.0633                
	=> Accuracy: 5.24%

[INFO](2026/08/19/ 01:37:30 AM) [Round: 0458] Select clients...!
[INFO](2026/08/19/ 01:37:30 AM) [Round: 0458] ...successfully transmitted models to 10 selected clients!
[INFO](2026/08/19/ 01:37:30 AM) [Round: 0458] Start updating selected 10 clients...!
[INFO](2026/08/19/ 01:37:44 AM) [Round: 0458] ...10 clients are selected and updated (with total sample size: 29)!
[INFO](2026/08/19/ 01:37:44 AM) [Round: 0458] Aggregate updated weights of 10 clients...!
[INFO](2026/08/19/ 01:37:45 AM) [Round: 0458] ...updated weights of 10 clients are successfully averaged!
[INFO](2026/08/19/ 01:37:47 AM) [Round: 0458] Evaluate global model's performance...!                
	[Server] ...finished evaluation!                
	=> Loss: 18.9912                
	=> Accuracy: 4.52%

[INFO](2026/08/19/ 01:37:47 AM) [Round: 0459] Select clients...!
[INFO](2026/08/19/ 01:37:48 AM) [Round: 0459] ...successfully transmitted models to 10 selected clients!
[INFO](2026/08/19/ 01:37:48 AM) [Round: 0459] Start updating selected 10 clients...!
[INFO](2026/08/19/ 01:38:03 AM) [Round: 0459] ...10 clients are selected and updated (with total sample size: 43)!
[INFO](2026/08/19/ 01:38:04 AM) [Round: 0459] Aggregate updated weights of 10 clients...!
[INFO](2026/08/19/ 01:38:04 AM) [Round: 0459] ...updated weights of 10 clients are successfully averaged!
[INFO](2026/08/19/ 01:38:06 AM) [Round: 0459] Evaluate global model's performance...!                
	[Server] ...finished evaluation!                
	=> Loss: 19.4121                
	=> Accuracy: 4.76%

[INFO](2026/08/19/ 01:38:07 AM) [Round: 0460] Select clients...!
[INFO](2026/08/19/ 01:38:07 AM) [Round: 0460] ...successfully transmitted models to 10 selected clients!
[INFO](2026/08/19/ 01:38:07 AM) [Round: 0460] Start updating selected 10 clients...!
[INFO](2026/08/19/ 01:38:24 AM) [Round: 0460] ...10 clients are selected and updated (with total sample size: 59)!
[INFO](2026/08/19/ 01:38:24 AM) [Round: 0460] Aggregate updated weights of 10 clients...!
[INFO](2026/08/19/ 01:38:24 AM) [Round: 0460] ...updated weights of 10 clients are successfully averaged!
[INFO](2026/08/19/ 01:38:27 AM) [Round: 0460] Evaluate global model's performance...!                
	[Server] ...finished evaluation!                
	=> Loss: 17.5483                
	=> Accuracy: 9.05%

[INFO](2026/08/19/ 01:38:27 AM) [Round: 0461] Select clients...!
[INFO](2026/08/19/ 01:38:28 AM) [Round: 0461] ...successfully transmitted models to 10 selected clients!
[INFO](2026/08/19/ 01:38:28 AM) [Round: 0461] Start updating selected 10 clients...!
[INFO](2026/08/19/ 01:38:43 AM) [Round: 0461] ...10 clients are selected and updated (with total sample size: 35)!
[INFO](2026/08/19/ 01:38:43 AM) [Round: 0461] Aggregate updated weights of 10 clients...!
[INFO](2026/08/19/ 01:38:43 AM) [Round: 0461] ...updated weights of 10 clients are successfully averaged!
[INFO](2026/08/19/ 01:38:46 AM) [Round: 0461] Evaluate global model's performance...!                
	[Server] ...finished evaluation!                
	=> Loss: 15.3492                
	=> Accuracy: 6.19%

[INFO](2026/08/19/ 01:38:46 AM) [Round: 0462] Select clients...!
[INFO](2026/08/19/ 01:38:47 AM) [Round: 0462] ...successfully transmitted models to 10 selected clients!
[INFO](2026/08/19/ 01:38:47 AM) [Round: 0462] Start updating selected 10 clients...!
[INFO](2026/08/19/ 01:39:04 AM) [Round: 0462] ...10 clients are selected and updated (with total sample size: 54)!
[INFO](2026/08/19/ 01:39:04 AM) [Round: 0462] Aggregate updated weights of 10 clients...!
[INFO](2026/08/19/ 01:39:04 AM) [Round: 0462] ...updated weights of 10 clients are successfully averaged!
[INFO](2026/08/19/ 01:39:07 AM) [Round: 0462] Evaluate global model's performance...!                
	[Server] ...finished evaluation!                
	=> Loss: 15.4944                
	=> Accuracy: 5.24%

[INFO](2026/08/19/ 01:39:07 AM) [Round: 0463] Select clients...!
[INFO](2026/08/19/ 01:39:08 AM) [Round: 0463] ...successfully transmitted models to 10 selected clients!
[INFO](2026/08/19/ 01:39:08 AM) [Round: 0463] Start updating selected 10 clients...!
[INFO](2026/08/19/ 01:39:23 AM) [Round: 0463] ...10 clients are selected and updated (with total sample size: 25)!
[INFO](2026/08/19/ 01:39:24 AM) [Round: 0463] Aggregate updated weights of 10 clients...!
[INFO](2026/08/19/ 01:39:24 AM) [Round: 0463] ...updated weights of 10 clients are successfully averaged!
[INFO](2026/08/19/ 01:39:27 AM) [Round: 0463] Evaluate global model's performance...!                
	[Server] ...finished evaluation!                
	=> Loss: 15.5114                
	=> Accuracy: 5.48%

[INFO](2026/08/19/ 01:39:27 AM) [Round: 0464] Select clients...!
[INFO](2026/08/19/ 01:39:27 AM) [Round: 0464] ...successfully transmitted models to 10 selected clients!
[INFO](2026/08/19/ 01:39:27 AM) [Round: 0464] Start updating selected 10 clients...!
[INFO](2026/08/19/ 01:39:43 AM) [Round: 0464] ...10 clients are selected and updated (with total sample size: 25)!
[INFO](2026/08/19/ 01:39:43 AM) [Round: 0464] Aggregate updated weights of 10 clients...!
[INFO](2026/08/19/ 01:39:44 AM) [Round: 0464] ...updated weights of 10 clients are successfully averaged!
[INFO](2026/08/19/ 01:39:46 AM) [Round: 0464] Evaluate global model's performance...!                
	[Server] ...finished evaluation!                
	=> Loss: 24.3044                
	=> Accuracy: 6.43%

[INFO](2026/08/19/ 01:39:46 AM) [Round: 0465] Select clients...!
[INFO](2026/08/19/ 01:39:47 AM) [Round: 0465] ...successfully transmitted models to 10 selected clients!
[INFO](2026/08/19/ 01:39:47 AM) [Round: 0465] Start updating selected 10 clients...!
[INFO](2026/08/19/ 01:40:02 AM) [Round: 0465] ...10 clients are selected and updated (with total sample size: 37)!
[INFO](2026/08/19/ 01:40:02 AM) [Round: 0465] Aggregate updated weights of 10 clients...!
[INFO](2026/08/19/ 01:40:02 AM) [Round: 0465] ...updated weights of 10 clients are successfully averaged!
[INFO](2026/08/19/ 01:40:05 AM) [Round: 0465] Evaluate global model's performance...!                
	[Server] ...finished evaluation!                
	=> Loss: 21.2050                
	=> Accuracy: 5.24%

[INFO](2026/08/19/ 01:40:05 AM) [Round: 0466] Select clients...!
[INFO](2026/08/19/ 01:40:05 AM) [Round: 0466] ...successfully transmitted models to 10 selected clients!
[INFO](2026/08/19/ 01:40:05 AM) [Round: 0466] Start updating selected 10 clients...!
[INFO](2026/08/19/ 01:40:19 AM) [Round: 0466] ...10 clients are selected and updated (with total sample size: 29)!
[INFO](2026/08/19/ 01:40:19 AM) [Round: 0466] Aggregate updated weights of 10 clients...!
[INFO](2026/08/19/ 01:40:19 AM) [Round: 0466] ...updated weights of 10 clients are successfully averaged!
[INFO](2026/08/19/ 01:40:22 AM) [Round: 0466] Evaluate global model's performance...!                
	[Server] ...finished evaluation!                
	=> Loss: 21.2943                
	=> Accuracy: 4.29%

[INFO](2026/08/19/ 01:40:22 AM) [Round: 0467] Select clients...!
[INFO](2026/08/19/ 01:40:23 AM) [Round: 0467] ...successfully transmitted models to 10 selected clients!
[INFO](2026/08/19/ 01:40:23 AM) [Round: 0467] Start updating selected 10 clients...!
[INFO](2026/08/19/ 01:40:37 AM) [Round: 0467] ...10 clients are selected and updated (with total sample size: 25)!
[INFO](2026/08/19/ 01:40:37 AM) [Round: 0467] Aggregate updated weights of 10 clients...!
[INFO](2026/08/19/ 01:40:37 AM) [Round: 0467] ...updated weights of 10 clients are successfully averaged!
[INFO](2026/08/19/ 01:40:41 AM) [Round: 0467] Evaluate global model's performance...!                
	[Server] ...finished evaluation!                
	=> Loss: 16.1136                
	=> Accuracy: 5.48%

[INFO](2026/08/19/ 01:40:41 AM) [Round: 0468] Select clients...!
[INFO](2026/08/19/ 01:40:41 AM) [Round: 0468] ...successfully transmitted models to 10 selected clients!
[INFO](2026/08/19/ 01:40:41 AM) [Round: 0468] Start updating selected 10 clients...!
[INFO](2026/08/19/ 01:40:57 AM) [Round: 0468] ...10 clients are selected and updated (with total sample size: 25)!
[INFO](2026/08/19/ 01:40:57 AM) [Round: 0468] Aggregate updated weights of 10 clients...!
[INFO](2026/08/19/ 01:40:58 AM) [Round: 0468] ...updated weights of 10 clients are successfully averaged!
[INFO](2026/08/19/ 01:41:01 AM) [Round: 0468] Evaluate global model's performance...!                
	[Server] ...finished evaluation!                
	=> Loss: 20.4229                
	=> Accuracy: 5.71%

[INFO](2026/08/19/ 01:41:01 AM) [Round: 0469] Select clients...!
[INFO](2026/08/19/ 01:41:02 AM) [Round: 0469] ...successfully transmitted models to 10 selected clients!
[INFO](2026/08/19/ 01:41:02 AM) [Round: 0469] Start updating selected 10 clients...!
[INFO](2026/08/19/ 01:41:16 AM) [Round: 0469] ...10 clients are selected and updated (with total sample size: 29)!
[INFO](2026/08/19/ 01:41:16 AM) [Round: 0469] Aggregate updated weights of 10 clients...!
[INFO](2026/08/19/ 01:41:17 AM) [Round: 0469] ...updated weights of 10 clients are successfully averaged!
[INFO](2026/08/19/ 01:41:19 AM) [Round: 0469] Evaluate global model's performance...!                
	[Server] ...finished evaluation!                
	=> Loss: 15.7068                
	=> Accuracy: 3.81%

[INFO](2026/08/19/ 01:41:19 AM) [Round: 0470] Select clients...!
[INFO](2026/08/19/ 01:41:20 AM) [Round: 0470] ...successfully transmitted models to 10 selected clients!
[INFO](2026/08/19/ 01:41:20 AM) [Round: 0470] Start updating selected 10 clients...!
[INFO](2026/08/19/ 01:41:35 AM) [Round: 0470] ...10 clients are selected and updated (with total sample size: 54)!
[INFO](2026/08/19/ 01:41:35 AM) [Round: 0470] Aggregate updated weights of 10 clients...!
[INFO](2026/08/19/ 01:41:36 AM) [Round: 0470] ...updated weights of 10 clients are successfully averaged!
[INFO](2026/08/19/ 01:41:39 AM) [Round: 0470] Evaluate global model's performance...!                
	[Server] ...finished evaluation!                
	=> Loss: 14.8160                
	=> Accuracy: 7.14%

[INFO](2026/08/19/ 01:41:39 AM) [Round: 0471] Select clients...!
[INFO](2026/08/19/ 01:41:39 AM) [Round: 0471] ...successfully transmitted models to 10 selected clients!
[INFO](2026/08/19/ 01:41:39 AM) [Round: 0471] Start updating selected 10 clients...!
[INFO](2026/08/19/ 01:41:57 AM) [Round: 0471] ...10 clients are selected and updated (with total sample size: 52)!
[INFO](2026/08/19/ 01:41:57 AM) [Round: 0471] Aggregate updated weights of 10 clients...!
[INFO](2026/08/19/ 01:41:58 AM) [Round: 0471] ...updated weights of 10 clients are successfully averaged!
[INFO](2026/08/19/ 01:42:00 AM) [Round: 0471] Evaluate global model's performance...!                
	[Server] ...finished evaluation!                
	=> Loss: 15.8845                
	=> Accuracy: 8.10%

[INFO](2026/08/19/ 01:42:00 AM) [Round: 0472] Select clients...!
[INFO](2026/08/19/ 01:42:01 AM) [Round: 0472] ...successfully transmitted models to 10 selected clients!
[INFO](2026/08/19/ 01:42:01 AM) [Round: 0472] Start updating selected 10 clients...!
[INFO](2026/08/19/ 01:42:18 AM) [Round: 0472] ...10 clients are selected and updated (with total sample size: 37)!
[INFO](2026/08/19/ 01:42:18 AM) [Round: 0472] Aggregate updated weights of 10 clients...!
[INFO](2026/08/19/ 01:42:18 AM) [Round: 0472] ...updated weights of 10 clients are successfully averaged!
[INFO](2026/08/19/ 01:42:21 AM) [Round: 0472] Evaluate global model's performance...!                
	[Server] ...finished evaluation!                
	=> Loss: 15.5188                
	=> Accuracy: 6.43%

[INFO](2026/08/19/ 01:42:21 AM) [Round: 0473] Select clients...!
[INFO](2026/08/19/ 01:42:22 AM) [Round: 0473] ...successfully transmitted models to 10 selected clients!
[INFO](2026/08/19/ 01:42:22 AM) [Round: 0473] Start updating selected 10 clients...!
[INFO](2026/08/19/ 01:42:38 AM) [Round: 0473] ...10 clients are selected and updated (with total sample size: 50)!
[INFO](2026/08/19/ 01:42:38 AM) [Round: 0473] Aggregate updated weights of 10 clients...!
[INFO](2026/08/19/ 01:42:39 AM) [Round: 0473] ...updated weights of 10 clients are successfully averaged!
[INFO](2026/08/19/ 01:42:41 AM) [Round: 0473] Evaluate global model's performance...!                
	[Server] ...finished evaluation!                
	=> Loss: 16.6400                
	=> Accuracy: 6.90%

[INFO](2026/08/19/ 01:42:41 AM) [Round: 0474] Select clients...!
[INFO](2026/08/19/ 01:42:42 AM) [Round: 0474] ...successfully transmitted models to 10 selected clients!
[INFO](2026/08/19/ 01:42:42 AM) [Round: 0474] Start updating selected 10 clients...!
[INFO](2026/08/19/ 01:42:59 AM) [Round: 0474] ...10 clients are selected and updated (with total sample size: 59)!
[INFO](2026/08/19/ 01:42:59 AM) [Round: 0474] Aggregate updated weights of 10 clients...!
[INFO](2026/08/19/ 01:42:59 AM) [Round: 0474] ...updated weights of 10 clients are successfully averaged!
[INFO](2026/08/19/ 01:43:02 AM) [Round: 0474] Evaluate global model's performance...!                
	[Server] ...finished evaluation!                
	=> Loss: 11.9727                
	=> Accuracy: 8.10%

[INFO](2026/08/19/ 01:43:02 AM) [Round: 0475] Select clients...!
[INFO](2026/08/19/ 01:43:03 AM) [Round: 0475] ...successfully transmitted models to 10 selected clients!
[INFO](2026/08/19/ 01:43:03 AM) [Round: 0475] Start updating selected 10 clients...!
[INFO](2026/08/19/ 01:43:16 AM) [Round: 0475] ...10 clients are selected and updated (with total sample size: 29)!
[INFO](2026/08/19/ 01:43:16 AM) [Round: 0475] Aggregate updated weights of 10 clients...!
[INFO](2026/08/19/ 01:43:17 AM) [Round: 0475] ...updated weights of 10 clients are successfully averaged!
[INFO](2026/08/19/ 01:43:19 AM) [Round: 0475] Evaluate global model's performance...!                
	[Server] ...finished evaluation!                
	=> Loss: 22.3604                
	=> Accuracy: 5.48%

[INFO](2026/08/19/ 01:43:20 AM) [Round: 0476] Select clients...!
[INFO](2026/08/19/ 01:43:20 AM) [Round: 0476] ...successfully transmitted models to 10 selected clients!
[INFO](2026/08/19/ 01:43:20 AM) [Round: 0476] Start updating selected 10 clients...!
[INFO](2026/08/19/ 01:43:36 AM) [Round: 0476] ...10 clients are selected and updated (with total sample size: 37)!
[INFO](2026/08/19/ 01:43:36 AM) [Round: 0476] Aggregate updated weights of 10 clients...!
[INFO](2026/08/19/ 01:43:36 AM) [Round: 0476] ...updated weights of 10 clients are successfully averaged!
[INFO](2026/08/19/ 01:43:39 AM) [Round: 0476] Evaluate global model's performance...!                
	[Server] ...finished evaluation!                
	=> Loss: 19.1964                
	=> Accuracy: 3.81%

[INFO](2026/08/19/ 01:43:39 AM) [Round: 0477] Select clients...!
[INFO](2026/08/19/ 01:43:40 AM) [Round: 0477] ...successfully transmitted models to 10 selected clients!
[INFO](2026/08/19/ 01:43:40 AM) [Round: 0477] Start updating selected 10 clients...!
[INFO](2026/08/19/ 01:43:54 AM) [Round: 0477] ...10 clients are selected and updated (with total sample size: 54)!
[INFO](2026/08/19/ 01:43:54 AM) [Round: 0477] Aggregate updated weights of 10 clients...!
[INFO](2026/08/19/ 01:43:54 AM) [Round: 0477] ...updated weights of 10 clients are successfully averaged!
[INFO](2026/08/19/ 01:43:57 AM) [Round: 0477] Evaluate global model's performance...!                
	[Server] ...finished evaluation!                
	=> Loss: 19.3522                
	=> Accuracy: 2.86%

[INFO](2026/08/19/ 01:43:57 AM) [Round: 0478] Select clients...!
[INFO](2026/08/19/ 01:43:58 AM) [Round: 0478] ...successfully transmitted models to 10 selected clients!
[INFO](2026/08/19/ 01:43:58 AM) [Round: 0478] Start updating selected 10 clients...!
[INFO](2026/08/19/ 01:44:14 AM) [Round: 0478] ...10 clients are selected and updated (with total sample size: 37)!
[INFO](2026/08/19/ 01:44:14 AM) [Round: 0478] Aggregate updated weights of 10 clients...!
[INFO](2026/08/19/ 01:44:14 AM) [Round: 0478] ...updated weights of 10 clients are successfully averaged!
[INFO](2026/08/19/ 01:44:17 AM) [Round: 0478] Evaluate global model's performance...!                
	[Server] ...finished evaluation!                
	=> Loss: 15.3216                
	=> Accuracy: 4.29%

[INFO](2026/08/19/ 01:44:17 AM) [Round: 0479] Select clients...!
[INFO](2026/08/19/ 01:44:18 AM) [Round: 0479] ...successfully transmitted models to 10 selected clients!
[INFO](2026/08/19/ 01:44:18 AM) [Round: 0479] Start updating selected 10 clients...!
[INFO](2026/08/19/ 01:44:32 AM) [Round: 0479] ...10 clients are selected and updated (with total sample size: 37)!
[INFO](2026/08/19/ 01:44:32 AM) [Round: 0479] Aggregate updated weights of 10 clients...!
[INFO](2026/08/19/ 01:44:32 AM) [Round: 0479] ...updated weights of 10 clients are successfully averaged!
[INFO](2026/08/19/ 01:44:35 AM) [Round: 0479] Evaluate global model's performance...!                
	[Server] ...finished evaluation!                
	=> Loss: 14.6680                
	=> Accuracy: 4.29%

[INFO](2026/08/19/ 01:44:35 AM) [Round: 0480] Select clients...!
[INFO](2026/08/19/ 01:44:35 AM) [Round: 0480] ...successfully transmitted models to 10 selected clients!
[INFO](2026/08/19/ 01:44:36 AM) [Round: 0480] Start updating selected 10 clients...!
[INFO](2026/08/19/ 01:44:50 AM) [Round: 0480] ...10 clients are selected and updated (with total sample size: 29)!
[INFO](2026/08/19/ 01:44:50 AM) [Round: 0480] Aggregate updated weights of 10 clients...!
[INFO](2026/08/19/ 01:44:50 AM) [Round: 0480] ...updated weights of 10 clients are successfully averaged!
[INFO](2026/08/19/ 01:44:53 AM) [Round: 0480] Evaluate global model's performance...!                
	[Server] ...finished evaluation!                
	=> Loss: 19.5820                
	=> Accuracy: 5.95%

[INFO](2026/08/19/ 01:44:53 AM) [Round: 0481] Select clients...!
[INFO](2026/08/19/ 01:44:54 AM) [Round: 0481] ...successfully transmitted models to 10 selected clients!
[INFO](2026/08/19/ 01:44:54 AM) [Round: 0481] Start updating selected 10 clients...!
[INFO](2026/08/19/ 01:45:10 AM) [Round: 0481] ...10 clients are selected and updated (with total sample size: 54)!
[INFO](2026/08/19/ 01:45:10 AM) [Round: 0481] Aggregate updated weights of 10 clients...!
[INFO](2026/08/19/ 01:45:10 AM) [Round: 0481] ...updated weights of 10 clients are successfully averaged!
[INFO](2026/08/19/ 01:45:13 AM) [Round: 0481] Evaluate global model's performance...!                
	[Server] ...finished evaluation!                
	=> Loss: 23.1874                
	=> Accuracy: 3.10%

[INFO](2026/08/19/ 01:45:13 AM) [Round: 0482] Select clients...!
[INFO](2026/08/19/ 01:45:14 AM) [Round: 0482] ...successfully transmitted models to 10 selected clients!
[INFO](2026/08/19/ 01:45:14 AM) [Round: 0482] Start updating selected 10 clients...!
[INFO](2026/08/19/ 01:45:29 AM) [Round: 0482] ...10 clients are selected and updated (with total sample size: 29)!
[INFO](2026/08/19/ 01:45:29 AM) [Round: 0482] Aggregate updated weights of 10 clients...!
[INFO](2026/08/19/ 01:45:29 AM) [Round: 0482] ...updated weights of 10 clients are successfully averaged!
[INFO](2026/08/19/ 01:45:32 AM) [Round: 0482] Evaluate global model's performance...!                
	[Server] ...finished evaluation!                
	=> Loss: 18.9627                
	=> Accuracy: 4.05%

[INFO](2026/08/19/ 01:45:32 AM) [Round: 0483] Select clients...!
[INFO](2026/08/19/ 01:45:33 AM) [Round: 0483] ...successfully transmitted models to 10 selected clients!
[INFO](2026/08/19/ 01:45:33 AM) [Round: 0483] Start updating selected 10 clients...!
[INFO](2026/08/19/ 01:45:47 AM) [Round: 0483] ...10 clients are selected and updated (with total sample size: 25)!
[INFO](2026/08/19/ 01:45:47 AM) [Round: 0483] Aggregate updated weights of 10 clients...!
[INFO](2026/08/19/ 01:45:48 AM) [Round: 0483] ...updated weights of 10 clients are successfully averaged!
[INFO](2026/08/19/ 01:45:50 AM) [Round: 0483] Evaluate global model's performance...!                
	[Server] ...finished evaluation!                
	=> Loss: 18.5143                
	=> Accuracy: 6.43%

[INFO](2026/08/19/ 01:45:50 AM) [Round: 0484] Select clients...!
[INFO](2026/08/19/ 01:45:51 AM) [Round: 0484] ...successfully transmitted models to 10 selected clients!
[INFO](2026/08/19/ 01:45:51 AM) [Round: 0484] Start updating selected 10 clients...!
[INFO](2026/08/19/ 01:46:05 AM) [Round: 0484] ...10 clients are selected and updated (with total sample size: 37)!
[INFO](2026/08/19/ 01:46:06 AM) [Round: 0484] Aggregate updated weights of 10 clients...!
[INFO](2026/08/19/ 01:46:06 AM) [Round: 0484] ...updated weights of 10 clients are successfully averaged!
[INFO](2026/08/19/ 01:46:09 AM) [Round: 0484] Evaluate global model's performance...!                
	[Server] ...finished evaluation!                
	=> Loss: 24.3563                
	=> Accuracy: 4.05%

[INFO](2026/08/19/ 01:46:09 AM) [Round: 0485] Select clients...!
[INFO](2026/08/19/ 01:46:09 AM) [Round: 0485] ...successfully transmitted models to 10 selected clients!
[INFO](2026/08/19/ 01:46:09 AM) [Round: 0485] Start updating selected 10 clients...!
[INFO](2026/08/19/ 01:46:25 AM) [Round: 0485] ...10 clients are selected and updated (with total sample size: 37)!
[INFO](2026/08/19/ 01:46:25 AM) [Round: 0485] Aggregate updated weights of 10 clients...!
[INFO](2026/08/19/ 01:46:25 AM) [Round: 0485] ...updated weights of 10 clients are successfully averaged!
[INFO](2026/08/19/ 01:46:28 AM) [Round: 0485] Evaluate global model's performance...!                
	[Server] ...finished evaluation!                
	=> Loss: 17.6072                
	=> Accuracy: 2.62%

[INFO](2026/08/19/ 01:46:29 AM) [Round: 0486] Select clients...!
[INFO](2026/08/19/ 01:46:29 AM) [Round: 0486] ...successfully transmitted models to 10 selected clients!
[INFO](2026/08/19/ 01:46:29 AM) [Round: 0486] Start updating selected 10 clients...!
[INFO](2026/08/19/ 01:46:43 AM) [Round: 0486] ...10 clients are selected and updated (with total sample size: 25)!
[INFO](2026/08/19/ 01:46:43 AM) [Round: 0486] Aggregate updated weights of 10 clients...!
[INFO](2026/08/19/ 01:46:43 AM) [Round: 0486] ...updated weights of 10 clients are successfully averaged!
[INFO](2026/08/19/ 01:46:46 AM) [Round: 0486] Evaluate global model's performance...!                
	[Server] ...finished evaluation!                
	=> Loss: 16.7781                
	=> Accuracy: 4.29%

[INFO](2026/08/19/ 01:46:46 AM) [Round: 0487] Select clients...!
[INFO](2026/08/19/ 01:46:47 AM) [Round: 0487] ...successfully transmitted models to 10 selected clients!
[INFO](2026/08/19/ 01:46:47 AM) [Round: 0487] Start updating selected 10 clients...!
[INFO](2026/08/19/ 01:47:02 AM) [Round: 0487] ...10 clients are selected and updated (with total sample size: 54)!
[INFO](2026/08/19/ 01:47:02 AM) [Round: 0487] Aggregate updated weights of 10 clients...!
[INFO](2026/08/19/ 01:47:02 AM) [Round: 0487] ...updated weights of 10 clients are successfully averaged!
[INFO](2026/08/19/ 01:47:05 AM) [Round: 0487] Evaluate global model's performance...!                
	[Server] ...finished evaluation!                
	=> Loss: 20.4964                
	=> Accuracy: 3.10%

[INFO](2026/08/19/ 01:47:05 AM) [Round: 0488] Select clients...!
[INFO](2026/08/19/ 01:47:06 AM) [Round: 0488] ...successfully transmitted models to 10 selected clients!
[INFO](2026/08/19/ 01:47:06 AM) [Round: 0488] Start updating selected 10 clients...!
[INFO](2026/08/19/ 01:47:20 AM) [Round: 0488] ...10 clients are selected and updated (with total sample size: 29)!
[INFO](2026/08/19/ 01:47:20 AM) [Round: 0488] Aggregate updated weights of 10 clients...!
[INFO](2026/08/19/ 01:47:21 AM) [Round: 0488] ...updated weights of 10 clients are successfully averaged!
[INFO](2026/08/19/ 01:47:24 AM) [Round: 0488] Evaluate global model's performance...!                
	[Server] ...finished evaluation!                
	=> Loss: 16.5939                
	=> Accuracy: 5.95%

[INFO](2026/08/19/ 01:47:24 AM) [Round: 0489] Select clients...!
[INFO](2026/08/19/ 01:47:24 AM) [Round: 0489] ...successfully transmitted models to 10 selected clients!
[INFO](2026/08/19/ 01:47:24 AM) [Round: 0489] Start updating selected 10 clients...!
[INFO](2026/08/19/ 01:47:39 AM) [Round: 0489] ...10 clients are selected and updated (with total sample size: 25)!
[INFO](2026/08/19/ 01:47:39 AM) [Round: 0489] Aggregate updated weights of 10 clients...!
[INFO](2026/08/19/ 01:47:39 AM) [Round: 0489] ...updated weights of 10 clients are successfully averaged!
[INFO](2026/08/19/ 01:47:42 AM) [Round: 0489] Evaluate global model's performance...!                
	[Server] ...finished evaluation!                
	=> Loss: 16.1914                
	=> Accuracy: 2.62%

[INFO](2026/08/19/ 01:47:42 AM) [Round: 0490] Select clients...!
[INFO](2026/08/19/ 01:47:43 AM) [Round: 0490] ...successfully transmitted models to 10 selected clients!
[INFO](2026/08/19/ 01:47:43 AM) [Round: 0490] Start updating selected 10 clients...!
[INFO](2026/08/19/ 01:47:57 AM) [Round: 0490] ...10 clients are selected and updated (with total sample size: 25)!
[INFO](2026/08/19/ 01:47:57 AM) [Round: 0490] Aggregate updated weights of 10 clients...!
[INFO](2026/08/19/ 01:47:58 AM) [Round: 0490] ...updated weights of 10 clients are successfully averaged!
[INFO](2026/08/19/ 01:48:00 AM) [Round: 0490] Evaluate global model's performance...!                
	[Server] ...finished evaluation!                
	=> Loss: 21.5369                
	=> Accuracy: 3.33%

[INFO](2026/08/19/ 01:48:01 AM) [Round: 0491] Select clients...!
[INFO](2026/08/19/ 01:48:01 AM) [Round: 0491] ...successfully transmitted models to 10 selected clients!
[INFO](2026/08/19/ 01:48:01 AM) [Round: 0491] Start updating selected 10 clients...!
[INFO](2026/08/19/ 01:48:15 AM) [Round: 0491] ...10 clients are selected and updated (with total sample size: 29)!
[INFO](2026/08/19/ 01:48:15 AM) [Round: 0491] Aggregate updated weights of 10 clients...!
[INFO](2026/08/19/ 01:48:15 AM) [Round: 0491] ...updated weights of 10 clients are successfully averaged!
[INFO](2026/08/19/ 01:48:18 AM) [Round: 0491] Evaluate global model's performance...!                
	[Server] ...finished evaluation!                
	=> Loss: 15.1349                
	=> Accuracy: 6.19%

[INFO](2026/08/19/ 01:48:18 AM) [Round: 0492] Select clients...!
[INFO](2026/08/19/ 01:48:18 AM) [Round: 0492] ...successfully transmitted models to 10 selected clients!
[INFO](2026/08/19/ 01:48:19 AM) [Round: 0492] Start updating selected 10 clients...!
[INFO](2026/08/19/ 01:48:35 AM) [Round: 0492] ...10 clients are selected and updated (with total sample size: 37)!
[INFO](2026/08/19/ 01:48:35 AM) [Round: 0492] Aggregate updated weights of 10 clients...!
[INFO](2026/08/19/ 01:48:35 AM) [Round: 0492] ...updated weights of 10 clients are successfully averaged!
[INFO](2026/08/19/ 01:48:38 AM) [Round: 0492] Evaluate global model's performance...!                
	[Server] ...finished evaluation!                
	=> Loss: 24.6110                
	=> Accuracy: 4.76%

[INFO](2026/08/19/ 01:48:38 AM) [Round: 0493] Select clients...!
[INFO](2026/08/19/ 01:48:38 AM) [Round: 0493] ...successfully transmitted models to 10 selected clients!
[INFO](2026/08/19/ 01:48:38 AM) [Round: 0493] Start updating selected 10 clients...!
[INFO](2026/08/19/ 01:48:53 AM) [Round: 0493] ...10 clients are selected and updated (with total sample size: 54)!
[INFO](2026/08/19/ 01:48:53 AM) [Round: 0493] Aggregate updated weights of 10 clients...!
[INFO](2026/08/19/ 01:48:54 AM) [Round: 0493] ...updated weights of 10 clients are successfully averaged!
[INFO](2026/08/19/ 01:48:56 AM) [Round: 0493] Evaluate global model's performance...!                
	[Server] ...finished evaluation!                
	=> Loss: 19.8522                
	=> Accuracy: 6.19%

[INFO](2026/08/19/ 01:48:56 AM) [Round: 0494] Select clients...!
[INFO](2026/08/19/ 01:48:57 AM) [Round: 0494] ...successfully transmitted models to 10 selected clients!
[INFO](2026/08/19/ 01:48:57 AM) [Round: 0494] Start updating selected 10 clients...!
[INFO](2026/08/19/ 01:49:12 AM) [Round: 0494] ...10 clients are selected and updated (with total sample size: 52)!
[INFO](2026/08/19/ 01:49:12 AM) [Round: 0494] Aggregate updated weights of 10 clients...!
[INFO](2026/08/19/ 01:49:13 AM) [Round: 0494] ...updated weights of 10 clients are successfully averaged!
[INFO](2026/08/19/ 01:49:15 AM) [Round: 0494] Evaluate global model's performance...!                
	[Server] ...finished evaluation!                
	=> Loss: 17.0600                
	=> Accuracy: 3.57%

[INFO](2026/08/19/ 01:49:16 AM) [Round: 0495] Select clients...!
[INFO](2026/08/19/ 01:49:16 AM) [Round: 0495] ...successfully transmitted models to 10 selected clients!
[INFO](2026/08/19/ 01:49:16 AM) [Round: 0495] Start updating selected 10 clients...!
[INFO](2026/08/19/ 01:49:32 AM) [Round: 0495] ...10 clients are selected and updated (with total sample size: 25)!
[INFO](2026/08/19/ 01:49:33 AM) [Round: 0495] Aggregate updated weights of 10 clients...!
[INFO](2026/08/19/ 01:49:33 AM) [Round: 0495] ...updated weights of 10 clients are successfully averaged!
[INFO](2026/08/19/ 01:49:36 AM) [Round: 0495] Evaluate global model's performance...!                
	[Server] ...finished evaluation!                
	=> Loss: 18.5929                
	=> Accuracy: 6.19%

[INFO](2026/08/19/ 01:49:36 AM) [Round: 0496] Select clients...!
[INFO](2026/08/19/ 01:49:36 AM) [Round: 0496] ...successfully transmitted models to 10 selected clients!
[INFO](2026/08/19/ 01:49:36 AM) [Round: 0496] Start updating selected 10 clients...!
[INFO](2026/08/19/ 01:49:52 AM) [Round: 0496] ...10 clients are selected and updated (with total sample size: 35)!
[INFO](2026/08/19/ 01:49:52 AM) [Round: 0496] Aggregate updated weights of 10 clients...!
[INFO](2026/08/19/ 01:49:53 AM) [Round: 0496] ...updated weights of 10 clients are successfully averaged!
[INFO](2026/08/19/ 01:49:56 AM) [Round: 0496] Evaluate global model's performance...!                
	[Server] ...finished evaluation!                
	=> Loss: 24.0936                
	=> Accuracy: 3.81%

[INFO](2026/08/19/ 01:49:56 AM) [Round: 0497] Select clients...!
[INFO](2026/08/19/ 01:49:56 AM) [Round: 0497] ...successfully transmitted models to 10 selected clients!
[INFO](2026/08/19/ 01:49:56 AM) [Round: 0497] Start updating selected 10 clients...!
[INFO](2026/08/19/ 01:50:11 AM) [Round: 0497] ...10 clients are selected and updated (with total sample size: 37)!
[INFO](2026/08/19/ 01:50:11 AM) [Round: 0497] Aggregate updated weights of 10 clients...!
[INFO](2026/08/19/ 01:50:12 AM) [Round: 0497] ...updated weights of 10 clients are successfully averaged!
[INFO](2026/08/19/ 01:50:15 AM) [Round: 0497] Evaluate global model's performance...!                
	[Server] ...finished evaluation!                
	=> Loss: 19.4183                
	=> Accuracy: 5.48%

[INFO](2026/08/19/ 01:50:15 AM) [Round: 0498] Select clients...!
[INFO](2026/08/19/ 01:50:15 AM) [Round: 0498] ...successfully transmitted models to 10 selected clients!
[INFO](2026/08/19/ 01:50:15 AM) [Round: 0498] Start updating selected 10 clients...!
[INFO](2026/08/19/ 01:50:31 AM) [Round: 0498] ...10 clients are selected and updated (with total sample size: 25)!
[INFO](2026/08/19/ 01:50:31 AM) [Round: 0498] Aggregate updated weights of 10 clients...!
[INFO](2026/08/19/ 01:50:32 AM) [Round: 0498] ...updated weights of 10 clients are successfully averaged!
[INFO](2026/08/19/ 01:50:35 AM) [Round: 0498] Evaluate global model's performance...!                
	[Server] ...finished evaluation!                
	=> Loss: 16.1312                
	=> Accuracy: 7.14%

[INFO](2026/08/19/ 01:50:35 AM) [Round: 0499] Select clients...!
[INFO](2026/08/19/ 01:50:35 AM) [Round: 0499] ...successfully transmitted models to 10 selected clients!
[INFO](2026/08/19/ 01:50:35 AM) [Round: 0499] Start updating selected 10 clients...!
[INFO](2026/08/19/ 01:50:51 AM) [Round: 0499] ...10 clients are selected and updated (with total sample size: 54)!
[INFO](2026/08/19/ 01:50:51 AM) [Round: 0499] Aggregate updated weights of 10 clients...!
[INFO](2026/08/19/ 01:50:51 AM) [Round: 0499] ...updated weights of 10 clients are successfully averaged!
[INFO](2026/08/19/ 01:50:54 AM) [Round: 0499] Evaluate global model's performance...!                
	[Server] ...finished evaluation!                
	=> Loss: 13.6703                
	=> Accuracy: 5.71%

[INFO](2026/08/19/ 01:50:54 AM) [Round: 0500] Select clients...!
[INFO](2026/08/19/ 01:50:55 AM) [Round: 0500] ...successfully transmitted models to 10 selected clients!
[INFO](2026/08/19/ 01:50:55 AM) [Round: 0500] Start updating selected 10 clients...!
[INFO](2026/08/19/ 01:51:09 AM) [Round: 0500] ...10 clients are selected and updated (with total sample size: 35)!
[INFO](2026/08/19/ 01:51:09 AM) [Round: 0500] Aggregate updated weights of 10 clients...!
[INFO](2026/08/19/ 01:51:10 AM) [Round: 0500] ...updated weights of 10 clients are successfully averaged!
[INFO](2026/08/19/ 01:51:12 AM) [Round: 0500] Evaluate global model's performance...!                
	[Server] ...finished evaluation!                
	=> Loss: 12.9079                
	=> Accuracy: 5.48%

[INFO](2026/08/19/ 01:51:12 AM) [Round: 0501] Select clients...!
[INFO](2026/08/19/ 01:51:13 AM) [Round: 0501] ...successfully transmitted models to 10 selected clients!
[INFO](2026/08/19/ 01:51:13 AM) [Round: 0501] Start updating selected 10 clients...!
[INFO](2026/08/19/ 01:51:29 AM) [Round: 0501] ...10 clients are selected and updated (with total sample size: 37)!
[INFO](2026/08/19/ 01:51:29 AM) [Round: 0501] Aggregate updated weights of 10 clients...!
[INFO](2026/08/19/ 01:51:30 AM) [Round: 0501] ...updated weights of 10 clients are successfully averaged!
[INFO](2026/08/19/ 01:51:32 AM) [Round: 0501] Evaluate global model's performance...!                
	[Server] ...finished evaluation!                
	=> Loss: 18.0997                
	=> Accuracy: 7.14%

[INFO](2026/08/19/ 01:51:33 AM) [Round: 0502] Select clients...!
[INFO](2026/08/19/ 01:51:33 AM) [Round: 0502] ...successfully transmitted models to 10 selected clients!
[INFO](2026/08/19/ 01:51:33 AM) [Round: 0502] Start updating selected 10 clients...!
[INFO](2026/08/19/ 01:51:49 AM) [Round: 0502] ...10 clients are selected and updated (with total sample size: 42)!
[INFO](2026/08/19/ 01:51:49 AM) [Round: 0502] Aggregate updated weights of 10 clients...!
[INFO](2026/08/19/ 01:51:49 AM) [Round: 0502] ...updated weights of 10 clients are successfully averaged!
[INFO](2026/08/19/ 01:51:52 AM) [Round: 0502] Evaluate global model's performance...!                
	[Server] ...finished evaluation!                
	=> Loss: 17.6882                
	=> Accuracy: 6.43%

[INFO](2026/08/19/ 01:51:52 AM) [Round: 0503] Select clients...!
[INFO](2026/08/19/ 01:51:53 AM) [Round: 0503] ...successfully transmitted models to 10 selected clients!
[INFO](2026/08/19/ 01:51:53 AM) [Round: 0503] Start updating selected 10 clients...!
[INFO](2026/08/19/ 01:52:07 AM) [Round: 0503] ...10 clients are selected and updated (with total sample size: 54)!
[INFO](2026/08/19/ 01:52:07 AM) [Round: 0503] Aggregate updated weights of 10 clients...!
[INFO](2026/08/19/ 01:52:08 AM) [Round: 0503] ...updated weights of 10 clients are successfully averaged!
[INFO](2026/08/19/ 01:52:10 AM) [Round: 0503] Evaluate global model's performance...!                
	[Server] ...finished evaluation!                
	=> Loss: 19.5958                
	=> Accuracy: 3.10%

[INFO](2026/08/19/ 01:52:10 AM) [Round: 0504] Select clients...!
[INFO](2026/08/19/ 01:52:11 AM) [Round: 0504] ...successfully transmitted models to 10 selected clients!
[INFO](2026/08/19/ 01:52:11 AM) [Round: 0504] Start updating selected 10 clients...!
[INFO](2026/08/19/ 01:52:27 AM) [Round: 0504] ...10 clients are selected and updated (with total sample size: 59)!
[INFO](2026/08/19/ 01:52:27 AM) [Round: 0504] Aggregate updated weights of 10 clients...!
[INFO](2026/08/19/ 01:52:27 AM) [Round: 0504] ...updated weights of 10 clients are successfully averaged!
[INFO](2026/08/19/ 01:52:30 AM) [Round: 0504] Evaluate global model's performance...!                
	[Server] ...finished evaluation!                
	=> Loss: 12.1883                
	=> Accuracy: 7.38%

[INFO](2026/08/19/ 01:52:30 AM) [Round: 0505] Select clients...!
[INFO](2026/08/19/ 01:52:30 AM) [Round: 0505] ...successfully transmitted models to 10 selected clients!
[INFO](2026/08/19/ 01:52:31 AM) [Round: 0505] Start updating selected 10 clients...!
[INFO](2026/08/19/ 01:52:45 AM) [Round: 0505] ...10 clients are selected and updated (with total sample size: 25)!
[INFO](2026/08/19/ 01:52:45 AM) [Round: 0505] Aggregate updated weights of 10 clients...!
[INFO](2026/08/19/ 01:52:46 AM) [Round: 0505] ...updated weights of 10 clients are successfully averaged!
[INFO](2026/08/19/ 01:52:49 AM) [Round: 0505] Evaluate global model's performance...!                
	[Server] ...finished evaluation!                
	=> Loss: 13.5160                
	=> Accuracy: 6.43%

[INFO](2026/08/19/ 01:52:49 AM) [Round: 0506] Select clients...!
[INFO](2026/08/19/ 01:52:49 AM) [Round: 0506] ...successfully transmitted models to 10 selected clients!
[INFO](2026/08/19/ 01:52:49 AM) [Round: 0506] Start updating selected 10 clients...!
[INFO](2026/08/19/ 01:53:03 AM) [Round: 0506] ...10 clients are selected and updated (with total sample size: 29)!
[INFO](2026/08/19/ 01:53:03 AM) [Round: 0506] Aggregate updated weights of 10 clients...!
[INFO](2026/08/19/ 01:53:04 AM) [Round: 0506] ...updated weights of 10 clients are successfully averaged!
[INFO](2026/08/19/ 01:53:07 AM) [Round: 0506] Evaluate global model's performance...!                
	[Server] ...finished evaluation!                
	=> Loss: 15.3870                
	=> Accuracy: 5.48%

[INFO](2026/08/19/ 01:53:07 AM) [Round: 0507] Select clients...!
[INFO](2026/08/19/ 01:53:07 AM) [Round: 0507] ...successfully transmitted models to 10 selected clients!
[INFO](2026/08/19/ 01:53:07 AM) [Round: 0507] Start updating selected 10 clients...!
[INFO](2026/08/19/ 01:53:24 AM) [Round: 0507] ...10 clients are selected and updated (with total sample size: 37)!
[INFO](2026/08/19/ 01:53:24 AM) [Round: 0507] Aggregate updated weights of 10 clients...!
[INFO](2026/08/19/ 01:53:24 AM) [Round: 0507] ...updated weights of 10 clients are successfully averaged!
[INFO](2026/08/19/ 01:53:27 AM) [Round: 0507] Evaluate global model's performance...!                
	[Server] ...finished evaluation!                
	=> Loss: 16.4788                
	=> Accuracy: 4.76%

[INFO](2026/08/19/ 01:53:27 AM) [Round: 0508] Select clients...!
[INFO](2026/08/19/ 01:53:28 AM) [Round: 0508] ...successfully transmitted models to 10 selected clients!
[INFO](2026/08/19/ 01:53:28 AM) [Round: 0508] Start updating selected 10 clients...!
[INFO](2026/08/19/ 01:53:46 AM) [Round: 0508] ...10 clients are selected and updated (with total sample size: 54)!
[INFO](2026/08/19/ 01:53:46 AM) [Round: 0508] Aggregate updated weights of 10 clients...!
[INFO](2026/08/19/ 01:53:46 AM) [Round: 0508] ...updated weights of 10 clients are successfully averaged!
[INFO](2026/08/19/ 01:53:49 AM) [Round: 0508] Evaluate global model's performance...!                
	[Server] ...finished evaluation!                
	=> Loss: 15.9102                
	=> Accuracy: 8.33%

[INFO](2026/08/19/ 01:53:49 AM) [Round: 0509] Select clients...!
[INFO](2026/08/19/ 01:53:50 AM) [Round: 0509] ...successfully transmitted models to 10 selected clients!
[INFO](2026/08/19/ 01:53:50 AM) [Round: 0509] Start updating selected 10 clients...!
[INFO](2026/08/19/ 01:54:04 AM) [Round: 0509] ...10 clients are selected and updated (with total sample size: 25)!
[INFO](2026/08/19/ 01:54:04 AM) [Round: 0509] Aggregate updated weights of 10 clients...!
[INFO](2026/08/19/ 01:54:05 AM) [Round: 0509] ...updated weights of 10 clients are successfully averaged!
[INFO](2026/08/19/ 01:54:07 AM) [Round: 0509] Evaluate global model's performance...!                
	[Server] ...finished evaluation!                
	=> Loss: 20.8404                
	=> Accuracy: 5.24%

[INFO](2026/08/19/ 01:54:08 AM) [Round: 0510] Select clients...!
[INFO](2026/08/19/ 01:54:08 AM) [Round: 0510] ...successfully transmitted models to 10 selected clients!
[INFO](2026/08/19/ 01:54:08 AM) [Round: 0510] Start updating selected 10 clients...!
[INFO](2026/08/19/ 01:54:23 AM) [Round: 0510] ...10 clients are selected and updated (with total sample size: 43)!
[INFO](2026/08/19/ 01:54:24 AM) [Round: 0510] Aggregate updated weights of 10 clients...!
[INFO](2026/08/19/ 01:54:24 AM) [Round: 0510] ...updated weights of 10 clients are successfully averaged!
[INFO](2026/08/19/ 01:54:27 AM) [Round: 0510] Evaluate global model's performance...!                
	[Server] ...finished evaluation!                
	=> Loss: 17.7649                
	=> Accuracy: 5.00%

[INFO](2026/08/19/ 01:54:27 AM) [Round: 0511] Select clients...!
[INFO](2026/08/19/ 01:54:27 AM) [Round: 0511] ...successfully transmitted models to 10 selected clients!
[INFO](2026/08/19/ 01:54:27 AM) [Round: 0511] Start updating selected 10 clients...!
[INFO](2026/08/19/ 01:54:43 AM) [Round: 0511] ...10 clients are selected and updated (with total sample size: 37)!
[INFO](2026/08/19/ 01:54:43 AM) [Round: 0511] Aggregate updated weights of 10 clients...!
[INFO](2026/08/19/ 01:54:44 AM) [Round: 0511] ...updated weights of 10 clients are successfully averaged!
[INFO](2026/08/19/ 01:54:46 AM) [Round: 0511] Evaluate global model's performance...!                
	[Server] ...finished evaluation!                
	=> Loss: 12.8836                
	=> Accuracy: 5.71%

[INFO](2026/08/19/ 01:54:47 AM) [Round: 0512] Select clients...!
[INFO](2026/08/19/ 01:54:47 AM) [Round: 0512] ...successfully transmitted models to 10 selected clients!
[INFO](2026/08/19/ 01:54:47 AM) [Round: 0512] Start updating selected 10 clients...!
[INFO](2026/08/19/ 01:55:03 AM) [Round: 0512] ...10 clients are selected and updated (with total sample size: 29)!
[INFO](2026/08/19/ 01:55:03 AM) [Round: 0512] Aggregate updated weights of 10 clients...!
[INFO](2026/08/19/ 01:55:03 AM) [Round: 0512] ...updated weights of 10 clients are successfully averaged!
[INFO](2026/08/19/ 01:55:05 AM) [Round: 0512] Evaluate global model's performance...!                
	[Server] ...finished evaluation!                
	=> Loss: 15.2782                
	=> Accuracy: 6.19%

[INFO](2026/08/19/ 01:55:05 AM) [Round: 0513] Select clients...!
[INFO](2026/08/19/ 01:55:06 AM) [Round: 0513] ...successfully transmitted models to 10 selected clients!
[INFO](2026/08/19/ 01:55:06 AM) [Round: 0513] Start updating selected 10 clients...!
[INFO](2026/08/19/ 01:55:15 AM) [Round: 0513] ...10 clients are selected and updated (with total sample size: 25)!
[INFO](2026/08/19/ 01:55:15 AM) [Round: 0513] Aggregate updated weights of 10 clients...!
[INFO](2026/08/19/ 01:55:15 AM) [Round: 0513] ...updated weights of 10 clients are successfully averaged!
[INFO](2026/08/19/ 01:55:17 AM) [Round: 0513] Evaluate global model's performance...!                
	[Server] ...finished evaluation!                
	=> Loss: 16.5238                
	=> Accuracy: 6.43%

[INFO](2026/08/19/ 01:55:17 AM) [Round: 0514] Select clients...!
[INFO](2026/08/19/ 01:55:18 AM) [Round: 0514] ...successfully transmitted models to 10 selected clients!
[INFO](2026/08/19/ 01:55:18 AM) [Round: 0514] Start updating selected 10 clients...!
[INFO](2026/08/19/ 01:55:30 AM) [Round: 0514] ...10 clients are selected and updated (with total sample size: 52)!
[INFO](2026/08/19/ 01:55:31 AM) [Round: 0514] Aggregate updated weights of 10 clients...!
[INFO](2026/08/19/ 01:55:31 AM) [Round: 0514] ...updated weights of 10 clients are successfully averaged!
[INFO](2026/08/19/ 01:55:33 AM) [Round: 0514] Evaluate global model's performance...!                
	[Server] ...finished evaluation!                
	=> Loss: 19.2156                
	=> Accuracy: 5.24%

[INFO](2026/08/19/ 01:55:33 AM) [Round: 0515] Select clients...!
[INFO](2026/08/19/ 01:55:33 AM) [Round: 0515] ...successfully transmitted models to 10 selected clients!
[INFO](2026/08/19/ 01:55:33 AM) [Round: 0515] Start updating selected 10 clients...!
[INFO](2026/08/19/ 01:55:45 AM) [Round: 0515] ...10 clients are selected and updated (with total sample size: 37)!
[INFO](2026/08/19/ 01:55:45 AM) [Round: 0515] Aggregate updated weights of 10 clients...!
[INFO](2026/08/19/ 01:55:46 AM) [Round: 0515] ...updated weights of 10 clients are successfully averaged!
[INFO](2026/08/19/ 01:55:48 AM) [Round: 0515] Evaluate global model's performance...!                
	[Server] ...finished evaluation!                
	=> Loss: 11.0035                
	=> Accuracy: 5.48%

[INFO](2026/08/19/ 01:55:48 AM) [Round: 0516] Select clients...!
[INFO](2026/08/19/ 01:55:48 AM) [Round: 0516] ...successfully transmitted models to 10 selected clients!
[INFO](2026/08/19/ 01:55:48 AM) [Round: 0516] Start updating selected 10 clients...!
[INFO](2026/08/19/ 01:56:00 AM) [Round: 0516] ...10 clients are selected and updated (with total sample size: 25)!
[INFO](2026/08/19/ 01:56:00 AM) [Round: 0516] Aggregate updated weights of 10 clients...!
[INFO](2026/08/19/ 01:56:01 AM) [Round: 0516] ...updated weights of 10 clients are successfully averaged!
[INFO](2026/08/19/ 01:56:02 AM) [Round: 0516] Evaluate global model's performance...!                
	[Server] ...finished evaluation!                
	=> Loss: 13.3584                
	=> Accuracy: 4.52%

[INFO](2026/08/19/ 01:56:02 AM) [Round: 0517] Select clients...!
[INFO](2026/08/19/ 01:56:03 AM) [Round: 0517] ...successfully transmitted models to 10 selected clients!
[INFO](2026/08/19/ 01:56:03 AM) [Round: 0517] Start updating selected 10 clients...!
[INFO](2026/08/19/ 01:56:14 AM) [Round: 0517] ...10 clients are selected and updated (with total sample size: 54)!
[INFO](2026/08/19/ 01:56:14 AM) [Round: 0517] Aggregate updated weights of 10 clients...!
[INFO](2026/08/19/ 01:56:15 AM) [Round: 0517] ...updated weights of 10 clients are successfully averaged!
[INFO](2026/08/19/ 01:56:16 AM) [Round: 0517] Evaluate global model's performance...!                
	[Server] ...finished evaluation!                
	=> Loss: 20.6747                
	=> Accuracy: 5.71%

[INFO](2026/08/19/ 01:56:16 AM) [Round: 0518] Select clients...!
[INFO](2026/08/19/ 01:56:17 AM) [Round: 0518] ...successfully transmitted models to 10 selected clients!
[INFO](2026/08/19/ 01:56:17 AM) [Round: 0518] Start updating selected 10 clients...!
[INFO](2026/08/19/ 01:56:28 AM) [Round: 0518] ...10 clients are selected and updated (with total sample size: 29)!
[INFO](2026/08/19/ 01:56:28 AM) [Round: 0518] Aggregate updated weights of 10 clients...!
[INFO](2026/08/19/ 01:56:28 AM) [Round: 0518] ...updated weights of 10 clients are successfully averaged!
[INFO](2026/08/19/ 01:56:30 AM) [Round: 0518] Evaluate global model's performance...!                
	[Server] ...finished evaluation!                
	=> Loss: 20.3556                
	=> Accuracy: 4.76%

[INFO](2026/08/19/ 01:56:30 AM) [Round: 0519] Select clients...!
[INFO](2026/08/19/ 01:56:30 AM) [Round: 0519] ...successfully transmitted models to 10 selected clients!
[INFO](2026/08/19/ 01:56:30 AM) [Round: 0519] Start updating selected 10 clients...!
[INFO](2026/08/19/ 01:56:40 AM) [Round: 0519] ...10 clients are selected and updated (with total sample size: 25)!
[INFO](2026/08/19/ 01:56:40 AM) [Round: 0519] Aggregate updated weights of 10 clients...!
[INFO](2026/08/19/ 01:56:41 AM) [Round: 0519] ...updated weights of 10 clients are successfully averaged!
[INFO](2026/08/19/ 01:56:42 AM) [Round: 0519] Evaluate global model's performance...!                
	[Server] ...finished evaluation!                
	=> Loss: 10.9118                
	=> Accuracy: 7.86%

[INFO](2026/08/19/ 01:56:42 AM) [Round: 0520] Select clients...!
[INFO](2026/08/19/ 01:56:43 AM) [Round: 0520] ...successfully transmitted models to 10 selected clients!
[INFO](2026/08/19/ 01:56:43 AM) [Round: 0520] Start updating selected 10 clients...!
[INFO](2026/08/19/ 01:56:54 AM) [Round: 0520] ...10 clients are selected and updated (with total sample size: 54)!
[INFO](2026/08/19/ 01:56:54 AM) [Round: 0520] Aggregate updated weights of 10 clients...!
[INFO](2026/08/19/ 01:56:54 AM) [Round: 0520] ...updated weights of 10 clients are successfully averaged!
[INFO](2026/08/19/ 01:56:56 AM) [Round: 0520] Evaluate global model's performance...!                
	[Server] ...finished evaluation!                
	=> Loss: 15.1469                
	=> Accuracy: 4.29%

[INFO](2026/08/19/ 01:56:56 AM) [Round: 0521] Select clients...!
[INFO](2026/08/19/ 01:56:57 AM) [Round: 0521] ...successfully transmitted models to 10 selected clients!
[INFO](2026/08/19/ 01:56:57 AM) [Round: 0521] Start updating selected 10 clients...!
[INFO](2026/08/19/ 01:57:08 AM) [Round: 0521] ...10 clients are selected and updated (with total sample size: 52)!
[INFO](2026/08/19/ 01:57:08 AM) [Round: 0521] Aggregate updated weights of 10 clients...!
[INFO](2026/08/19/ 01:57:09 AM) [Round: 0521] ...updated weights of 10 clients are successfully averaged!
[INFO](2026/08/19/ 01:57:10 AM) [Round: 0521] Evaluate global model's performance...!                
	[Server] ...finished evaluation!                
	=> Loss: 14.6150                
	=> Accuracy: 4.76%

[INFO](2026/08/19/ 01:57:10 AM) [Round: 0522] Select clients...!
[INFO](2026/08/19/ 01:57:11 AM) [Round: 0522] ...successfully transmitted models to 10 selected clients!
[INFO](2026/08/19/ 01:57:11 AM) [Round: 0522] Start updating selected 10 clients...!
[INFO](2026/08/19/ 01:57:22 AM) [Round: 0522] ...10 clients are selected and updated (with total sample size: 42)!
[INFO](2026/08/19/ 01:57:22 AM) [Round: 0522] Aggregate updated weights of 10 clients...!
[INFO](2026/08/19/ 01:57:22 AM) [Round: 0522] ...updated weights of 10 clients are successfully averaged!
[INFO](2026/08/19/ 01:57:24 AM) [Round: 0522] Evaluate global model's performance...!                
	[Server] ...finished evaluation!                
	=> Loss: 16.3403                
	=> Accuracy: 5.00%

[INFO](2026/08/19/ 01:57:24 AM) [Round: 0523] Select clients...!
[INFO](2026/08/19/ 01:57:25 AM) [Round: 0523] ...successfully transmitted models to 10 selected clients!
[INFO](2026/08/19/ 01:57:25 AM) [Round: 0523] Start updating selected 10 clients...!
[INFO](2026/08/19/ 01:57:38 AM) [Round: 0523] ...10 clients are selected and updated (with total sample size: 52)!
[INFO](2026/08/19/ 01:57:38 AM) [Round: 0523] Aggregate updated weights of 10 clients...!
[INFO](2026/08/19/ 01:57:38 AM) [Round: 0523] ...updated weights of 10 clients are successfully averaged!
[INFO](2026/08/19/ 01:57:40 AM) [Round: 0523] Evaluate global model's performance...!                
	[Server] ...finished evaluation!                
	=> Loss: 20.2728                
	=> Accuracy: 5.95%

[INFO](2026/08/19/ 01:57:40 AM) [Round: 0524] Select clients...!
[INFO](2026/08/19/ 01:57:40 AM) [Round: 0524] ...successfully transmitted models to 10 selected clients!
[INFO](2026/08/19/ 01:57:40 AM) [Round: 0524] Start updating selected 10 clients...!
[INFO](2026/08/19/ 01:57:51 AM) [Round: 0524] ...10 clients are selected and updated (with total sample size: 25)!
[INFO](2026/08/19/ 01:57:51 AM) [Round: 0524] Aggregate updated weights of 10 clients...!
[INFO](2026/08/19/ 01:57:51 AM) [Round: 0524] ...updated weights of 10 clients are successfully averaged!
[INFO](2026/08/19/ 01:57:54 AM) [Round: 0524] Evaluate global model's performance...!                
	[Server] ...finished evaluation!                
	=> Loss: 24.6673                
	=> Accuracy: 4.52%

[INFO](2026/08/19/ 01:57:54 AM) [Round: 0525] Select clients...!
[INFO](2026/08/19/ 01:57:55 AM) [Round: 0525] ...successfully transmitted models to 10 selected clients!
[INFO](2026/08/19/ 01:57:55 AM) [Round: 0525] Start updating selected 10 clients...!
[INFO](2026/08/19/ 01:58:12 AM) [Round: 0525] ...10 clients are selected and updated (with total sample size: 37)!
[INFO](2026/08/19/ 01:58:12 AM) [Round: 0525] Aggregate updated weights of 10 clients...!
[INFO](2026/08/19/ 01:58:12 AM) [Round: 0525] ...updated weights of 10 clients are successfully averaged!
[INFO](2026/08/19/ 01:58:16 AM) [Round: 0525] Evaluate global model's performance...!                
	[Server] ...finished evaluation!                
	=> Loss: 17.1773                
	=> Accuracy: 7.86%

[INFO](2026/08/19/ 01:58:16 AM) [Round: 0526] Select clients...!
[INFO](2026/08/19/ 01:58:16 AM) [Round: 0526] ...successfully transmitted models to 10 selected clients!
[INFO](2026/08/19/ 01:58:16 AM) [Round: 0526] Start updating selected 10 clients...!
[INFO](2026/08/19/ 01:58:33 AM) [Round: 0526] ...10 clients are selected and updated (with total sample size: 54)!
[INFO](2026/08/19/ 01:58:33 AM) [Round: 0526] Aggregate updated weights of 10 clients...!
[INFO](2026/08/19/ 01:58:33 AM) [Round: 0526] ...updated weights of 10 clients are successfully averaged!
[INFO](2026/08/19/ 01:58:36 AM) [Round: 0526] Evaluate global model's performance...!                
	[Server] ...finished evaluation!                
	=> Loss: 11.2717                
	=> Accuracy: 10.71%

[INFO](2026/08/19/ 01:58:36 AM) [Round: 0527] Select clients...!
[INFO](2026/08/19/ 01:58:37 AM) [Round: 0527] ...successfully transmitted models to 10 selected clients!
[INFO](2026/08/19/ 01:58:37 AM) [Round: 0527] Start updating selected 10 clients...!
[INFO](2026/08/19/ 01:58:52 AM) [Round: 0527] ...10 clients are selected and updated (with total sample size: 54)!
[INFO](2026/08/19/ 01:58:52 AM) [Round: 0527] Aggregate updated weights of 10 clients...!
[INFO](2026/08/19/ 01:58:53 AM) [Round: 0527] ...updated weights of 10 clients are successfully averaged!
[INFO](2026/08/19/ 01:58:56 AM) [Round: 0527] Evaluate global model's performance...!                
	[Server] ...finished evaluation!                
	=> Loss: 5.5452                
	=> Accuracy: 5.00%

[INFO](2026/08/19/ 01:58:56 AM) [Round: 0528] Select clients...!
[INFO](2026/08/19/ 01:58:57 AM) [Round: 0528] ...successfully transmitted models to 10 selected clients!
[INFO](2026/08/19/ 01:58:57 AM) [Round: 0528] Start updating selected 10 clients...!
[INFO](2026/08/19/ 01:59:15 AM) [Round: 0528] ...10 clients are selected and updated (with total sample size: 59)!
[INFO](2026/08/19/ 01:59:15 AM) [Round: 0528] Aggregate updated weights of 10 clients...!
[INFO](2026/08/19/ 01:59:15 AM) [Round: 0528] ...updated weights of 10 clients are successfully averaged!
[INFO](2026/08/19/ 01:59:18 AM) [Round: 0528] Evaluate global model's performance...!                
	[Server] ...finished evaluation!                
	=> Loss: 22.1027                
	=> Accuracy: 6.90%

[INFO](2026/08/19/ 01:59:18 AM) [Round: 0529] Select clients...!
[INFO](2026/08/19/ 01:59:19 AM) [Round: 0529] ...successfully transmitted models to 10 selected clients!
[INFO](2026/08/19/ 01:59:19 AM) [Round: 0529] Start updating selected 10 clients...!
[INFO](2026/08/19/ 01:59:34 AM) [Round: 0529] ...10 clients are selected and updated (with total sample size: 29)!
[INFO](2026/08/19/ 01:59:34 AM) [Round: 0529] Aggregate updated weights of 10 clients...!
[INFO](2026/08/19/ 01:59:35 AM) [Round: 0529] ...updated weights of 10 clients are successfully averaged!
[INFO](2026/08/19/ 01:59:38 AM) [Round: 0529] Evaluate global model's performance...!                
	[Server] ...finished evaluation!                
	=> Loss: 14.0121                
	=> Accuracy: 6.90%

[INFO](2026/08/19/ 01:59:38 AM) [Round: 0530] Select clients...!
[INFO](2026/08/19/ 01:59:39 AM) [Round: 0530] ...successfully transmitted models to 10 selected clients!
[INFO](2026/08/19/ 01:59:39 AM) [Round: 0530] Start updating selected 10 clients...!
[INFO](2026/08/19/ 01:59:51 AM) [Round: 0530] ...10 clients are selected and updated (with total sample size: 35)!
[INFO](2026/08/19/ 01:59:51 AM) [Round: 0530] Aggregate updated weights of 10 clients...!
[INFO](2026/08/19/ 01:59:51 AM) [Round: 0530] ...updated weights of 10 clients are successfully averaged!
[INFO](2026/08/19/ 01:59:53 AM) [Round: 0530] Evaluate global model's performance...!                
	[Server] ...finished evaluation!                
	=> Loss: 11.4401                
	=> Accuracy: 5.48%

[INFO](2026/08/19/ 01:59:53 AM) [Round: 0531] Select clients...!
[INFO](2026/08/19/ 01:59:54 AM) [Round: 0531] ...successfully transmitted models to 10 selected clients!
[INFO](2026/08/19/ 01:59:54 AM) [Round: 0531] Start updating selected 10 clients...!
[INFO](2026/08/19/ 02:00:06 AM) [Round: 0531] ...10 clients are selected and updated (with total sample size: 54)!
[INFO](2026/08/19/ 02:00:06 AM) [Round: 0531] Aggregate updated weights of 10 clients...!
[INFO](2026/08/19/ 02:00:07 AM) [Round: 0531] ...updated weights of 10 clients are successfully averaged!
[INFO](2026/08/19/ 02:00:09 AM) [Round: 0531] Evaluate global model's performance...!                
	[Server] ...finished evaluation!                
	=> Loss: 19.6628                
	=> Accuracy: 4.52%

[INFO](2026/08/19/ 02:00:09 AM) [Round: 0532] Select clients...!
[INFO](2026/08/19/ 02:00:09 AM) [Round: 0532] ...successfully transmitted models to 10 selected clients!
[INFO](2026/08/19/ 02:00:09 AM) [Round: 0532] Start updating selected 10 clients...!
[INFO](2026/08/19/ 02:00:21 AM) [Round: 0532] ...10 clients are selected and updated (with total sample size: 25)!
[INFO](2026/08/19/ 02:00:22 AM) [Round: 0532] Aggregate updated weights of 10 clients...!
[INFO](2026/08/19/ 02:00:22 AM) [Round: 0532] ...updated weights of 10 clients are successfully averaged!
[INFO](2026/08/19/ 02:00:24 AM) [Round: 0532] Evaluate global model's performance...!                
	[Server] ...finished evaluation!                
	=> Loss: 18.4614                
	=> Accuracy: 7.86%

[INFO](2026/08/19/ 02:00:24 AM) [Round: 0533] Select clients...!
[INFO](2026/08/19/ 02:00:24 AM) [Round: 0533] ...successfully transmitted models to 10 selected clients!
[INFO](2026/08/19/ 02:00:24 AM) [Round: 0533] Start updating selected 10 clients...!
[INFO](2026/08/19/ 02:00:35 AM) [Round: 0533] ...10 clients are selected and updated (with total sample size: 29)!
[INFO](2026/08/19/ 02:00:35 AM) [Round: 0533] Aggregate updated weights of 10 clients...!
[INFO](2026/08/19/ 02:00:35 AM) [Round: 0533] ...updated weights of 10 clients are successfully averaged!
[INFO](2026/08/19/ 02:00:37 AM) [Round: 0533] Evaluate global model's performance...!                
	[Server] ...finished evaluation!                
	=> Loss: 15.6958                
	=> Accuracy: 8.10%

[INFO](2026/08/19/ 02:00:37 AM) [Round: 0534] Select clients...!
[INFO](2026/08/19/ 02:00:38 AM) [Round: 0534] ...successfully transmitted models to 10 selected clients!
[INFO](2026/08/19/ 02:00:38 AM) [Round: 0534] Start updating selected 10 clients...!
[INFO](2026/08/19/ 02:00:48 AM) [Round: 0534] ...10 clients are selected and updated (with total sample size: 54)!
[INFO](2026/08/19/ 02:00:49 AM) [Round: 0534] Aggregate updated weights of 10 clients...!
[INFO](2026/08/19/ 02:00:49 AM) [Round: 0534] ...updated weights of 10 clients are successfully averaged!
[INFO](2026/08/19/ 02:00:51 AM) [Round: 0534] Evaluate global model's performance...!                
	[Server] ...finished evaluation!                
	=> Loss: 12.6825                
	=> Accuracy: 8.10%

[INFO](2026/08/19/ 02:00:51 AM) [Round: 0535] Select clients...!
[INFO](2026/08/19/ 02:00:51 AM) [Round: 0535] ...successfully transmitted models to 10 selected clients!
[INFO](2026/08/19/ 02:00:51 AM) [Round: 0535] Start updating selected 10 clients...!
[INFO](2026/08/19/ 02:01:02 AM) [Round: 0535] ...10 clients are selected and updated (with total sample size: 29)!
[INFO](2026/08/19/ 02:01:02 AM) [Round: 0535] Aggregate updated weights of 10 clients...!
[INFO](2026/08/19/ 02:01:03 AM) [Round: 0535] ...updated weights of 10 clients are successfully averaged!
[INFO](2026/08/19/ 02:01:04 AM) [Round: 0535] Evaluate global model's performance...!                
	[Server] ...finished evaluation!                
	=> Loss: 16.4624                
	=> Accuracy: 6.67%

[INFO](2026/08/19/ 02:01:05 AM) [Round: 0536] Select clients...!
[INFO](2026/08/19/ 02:01:05 AM) [Round: 0536] ...successfully transmitted models to 10 selected clients!
[INFO](2026/08/19/ 02:01:05 AM) [Round: 0536] Start updating selected 10 clients...!
[INFO](2026/08/19/ 02:01:17 AM) [Round: 0536] ...10 clients are selected and updated (with total sample size: 52)!
[INFO](2026/08/19/ 02:01:18 AM) [Round: 0536] Aggregate updated weights of 10 clients...!
[INFO](2026/08/19/ 02:01:18 AM) [Round: 0536] ...updated weights of 10 clients are successfully averaged!
[INFO](2026/08/19/ 02:01:20 AM) [Round: 0536] Evaluate global model's performance...!                
	[Server] ...finished evaluation!                
	=> Loss: 14.9270                
	=> Accuracy: 5.24%

[INFO](2026/08/19/ 02:01:20 AM) [Round: 0537] Select clients...!
[INFO](2026/08/19/ 02:01:21 AM) [Round: 0537] ...successfully transmitted models to 10 selected clients!
[INFO](2026/08/19/ 02:01:21 AM) [Round: 0537] Start updating selected 10 clients...!
[INFO](2026/08/19/ 02:01:36 AM) [Round: 0537] ...10 clients are selected and updated (with total sample size: 54)!
[INFO](2026/08/19/ 02:01:36 AM) [Round: 0537] Aggregate updated weights of 10 clients...!
[INFO](2026/08/19/ 02:01:36 AM) [Round: 0537] ...updated weights of 10 clients are successfully averaged!
[INFO](2026/08/19/ 02:01:39 AM) [Round: 0537] Evaluate global model's performance...!                
	[Server] ...finished evaluation!                
	=> Loss: 12.8545                
	=> Accuracy: 7.86%

[INFO](2026/08/19/ 02:01:39 AM) [Round: 0538] Select clients...!
[INFO](2026/08/19/ 02:01:39 AM) [Round: 0538] ...successfully transmitted models to 10 selected clients!
[INFO](2026/08/19/ 02:01:39 AM) [Round: 0538] Start updating selected 10 clients...!
[INFO](2026/08/19/ 02:01:55 AM) [Round: 0538] ...10 clients are selected and updated (with total sample size: 54)!
[INFO](2026/08/19/ 02:01:55 AM) [Round: 0538] Aggregate updated weights of 10 clients...!
[INFO](2026/08/19/ 02:01:56 AM) [Round: 0538] ...updated weights of 10 clients are successfully averaged!
[INFO](2026/08/19/ 02:01:58 AM) [Round: 0538] Evaluate global model's performance...!                
	[Server] ...finished evaluation!                
	=> Loss: 20.3045                
	=> Accuracy: 6.90%

[INFO](2026/08/19/ 02:01:58 AM) [Round: 0539] Select clients...!
[INFO](2026/08/19/ 02:01:58 AM) [Round: 0539] ...successfully transmitted models to 10 selected clients!
[INFO](2026/08/19/ 02:01:58 AM) [Round: 0539] Start updating selected 10 clients...!
[INFO](2026/08/19/ 02:02:13 AM) [Round: 0539] ...10 clients are selected and updated (with total sample size: 59)!
[INFO](2026/08/19/ 02:02:13 AM) [Round: 0539] Aggregate updated weights of 10 clients...!
[INFO](2026/08/19/ 02:02:13 AM) [Round: 0539] ...updated weights of 10 clients are successfully averaged!
[INFO](2026/08/19/ 02:02:17 AM) [Round: 0539] Evaluate global model's performance...!                
	[Server] ...finished evaluation!                
	=> Loss: 23.0783                
	=> Accuracy: 6.90%

[INFO](2026/08/19/ 02:02:17 AM) [Round: 0540] Select clients...!
[INFO](2026/08/19/ 02:02:18 AM) [Round: 0540] ...successfully transmitted models to 10 selected clients!
[INFO](2026/08/19/ 02:02:18 AM) [Round: 0540] Start updating selected 10 clients...!
[INFO](2026/08/19/ 02:03:01 AM) [Round: 0540] ...10 clients are selected and updated (with total sample size: 29)!
[INFO](2026/08/19/ 02:03:01 AM) [Round: 0540] Aggregate updated weights of 10 clients...!
[INFO](2026/08/19/ 02:03:01 AM) [Round: 0540] ...updated weights of 10 clients are successfully averaged!
[INFO](2026/08/19/ 02:03:04 AM) [Round: 0540] Evaluate global model's performance...!                
	[Server] ...finished evaluation!                
	=> Loss: 20.4674                
	=> Accuracy: 6.19%

[INFO](2026/08/19/ 02:03:04 AM) [Round: 0541] Select clients...!
[INFO](2026/08/19/ 02:03:05 AM) [Round: 0541] ...successfully transmitted models to 10 selected clients!
[INFO](2026/08/19/ 02:03:05 AM) [Round: 0541] Start updating selected 10 clients...!
[INFO](2026/08/19/ 02:03:21 AM) [Round: 0541] ...10 clients are selected and updated (with total sample size: 54)!
[INFO](2026/08/19/ 02:03:21 AM) [Round: 0541] Aggregate updated weights of 10 clients...!
[INFO](2026/08/19/ 02:03:21 AM) [Round: 0541] ...updated weights of 10 clients are successfully averaged!
[INFO](2026/08/19/ 02:03:23 AM) [Round: 0541] Evaluate global model's performance...!                
	[Server] ...finished evaluation!                
	=> Loss: 11.8164                
	=> Accuracy: 7.38%

[INFO](2026/08/19/ 02:03:23 AM) [Round: 0542] Select clients...!
[INFO](2026/08/19/ 02:03:23 AM) [Round: 0542] ...successfully transmitted models to 10 selected clients!
[INFO](2026/08/19/ 02:03:24 AM) [Round: 0542] Start updating selected 10 clients...!
[INFO](2026/08/19/ 02:03:36 AM) [Round: 0542] ...10 clients are selected and updated (with total sample size: 54)!
[INFO](2026/08/19/ 02:03:36 AM) [Round: 0542] Aggregate updated weights of 10 clients...!
[INFO](2026/08/19/ 02:03:36 AM) [Round: 0542] ...updated weights of 10 clients are successfully averaged!
[INFO](2026/08/19/ 02:03:38 AM) [Round: 0542] Evaluate global model's performance...!                
	[Server] ...finished evaluation!                
	=> Loss: 14.5147                
	=> Accuracy: 8.57%

[INFO](2026/08/19/ 02:03:38 AM) [Round: 0543] Select clients...!
[INFO](2026/08/19/ 02:03:39 AM) [Round: 0543] ...successfully transmitted models to 10 selected clients!
[INFO](2026/08/19/ 02:03:39 AM) [Round: 0543] Start updating selected 10 clients...!
[INFO](2026/08/19/ 02:03:50 AM) [Round: 0543] ...10 clients are selected and updated (with total sample size: 54)!
[INFO](2026/08/19/ 02:03:50 AM) [Round: 0543] Aggregate updated weights of 10 clients...!
[INFO](2026/08/19/ 02:03:50 AM) [Round: 0543] ...updated weights of 10 clients are successfully averaged!
[INFO](2026/08/19/ 02:03:52 AM) [Round: 0543] Evaluate global model's performance...!                
	[Server] ...finished evaluation!                
	=> Loss: 14.8821                
	=> Accuracy: 6.19%

[INFO](2026/08/19/ 02:03:52 AM) [Round: 0544] Select clients...!
[INFO](2026/08/19/ 02:03:53 AM) [Round: 0544] ...successfully transmitted models to 10 selected clients!
[INFO](2026/08/19/ 02:03:53 AM) [Round: 0544] Start updating selected 10 clients...!
[INFO](2026/08/19/ 02:04:04 AM) [Round: 0544] ...10 clients are selected and updated (with total sample size: 35)!
[INFO](2026/08/19/ 02:04:04 AM) [Round: 0544] Aggregate updated weights of 10 clients...!
[INFO](2026/08/19/ 02:04:05 AM) [Round: 0544] ...updated weights of 10 clients are successfully averaged!
[INFO](2026/08/19/ 02:04:06 AM) [Round: 0544] Evaluate global model's performance...!                
	[Server] ...finished evaluation!                
	=> Loss: 16.7128                
	=> Accuracy: 8.81%

[INFO](2026/08/19/ 02:04:07 AM) [Round: 0545] Select clients...!
[INFO](2026/08/19/ 02:04:07 AM) [Round: 0545] ...successfully transmitted models to 10 selected clients!
[INFO](2026/08/19/ 02:04:07 AM) [Round: 0545] Start updating selected 10 clients...!
[INFO](2026/08/19/ 02:04:17 AM) [Round: 0545] ...10 clients are selected and updated (with total sample size: 25)!
[INFO](2026/08/19/ 02:04:17 AM) [Round: 0545] Aggregate updated weights of 10 clients...!
[INFO](2026/08/19/ 02:04:17 AM) [Round: 0545] ...updated weights of 10 clients are successfully averaged!
[INFO](2026/08/19/ 02:04:19 AM) [Round: 0545] Evaluate global model's performance...!                
	[Server] ...finished evaluation!                
	=> Loss: 16.3811                
	=> Accuracy: 6.19%

[INFO](2026/08/19/ 02:04:19 AM) [Round: 0546] Select clients...!
[INFO](2026/08/19/ 02:04:20 AM) [Round: 0546] ...successfully transmitted models to 10 selected clients!
[INFO](2026/08/19/ 02:04:20 AM) [Round: 0546] Start updating selected 10 clients...!
[INFO](2026/08/19/ 02:04:32 AM) [Round: 0546] ...10 clients are selected and updated (with total sample size: 54)!
[INFO](2026/08/19/ 02:04:32 AM) [Round: 0546] Aggregate updated weights of 10 clients...!
[INFO](2026/08/19/ 02:04:32 AM) [Round: 0546] ...updated weights of 10 clients are successfully averaged!
[INFO](2026/08/19/ 02:04:35 AM) [Round: 0546] Evaluate global model's performance...!                
	[Server] ...finished evaluation!                
	=> Loss: 15.5417                
	=> Accuracy: 7.38%

[INFO](2026/08/19/ 02:04:35 AM) [Round: 0547] Select clients...!
[INFO](2026/08/19/ 02:04:35 AM) [Round: 0547] ...successfully transmitted models to 10 selected clients!
[INFO](2026/08/19/ 02:04:35 AM) [Round: 0547] Start updating selected 10 clients...!
[INFO](2026/08/19/ 02:04:47 AM) [Round: 0547] ...10 clients are selected and updated (with total sample size: 42)!
[INFO](2026/08/19/ 02:04:48 AM) [Round: 0547] Aggregate updated weights of 10 clients...!
[INFO](2026/08/19/ 02:04:48 AM) [Round: 0547] ...updated weights of 10 clients are successfully averaged!
[INFO](2026/08/19/ 02:04:50 AM) [Round: 0547] Evaluate global model's performance...!                
	[Server] ...finished evaluation!                
	=> Loss: 12.3407                
	=> Accuracy: 9.52%

[INFO](2026/08/19/ 02:04:50 AM) [Round: 0548] Select clients...!
[INFO](2026/08/19/ 02:04:50 AM) [Round: 0548] ...successfully transmitted models to 10 selected clients!
[INFO](2026/08/19/ 02:04:50 AM) [Round: 0548] Start updating selected 10 clients...!
[INFO](2026/08/19/ 02:05:02 AM) [Round: 0548] ...10 clients are selected and updated (with total sample size: 37)!
[INFO](2026/08/19/ 02:05:02 AM) [Round: 0548] Aggregate updated weights of 10 clients...!
[INFO](2026/08/19/ 02:05:02 AM) [Round: 0548] ...updated weights of 10 clients are successfully averaged!
[INFO](2026/08/19/ 02:05:04 AM) [Round: 0548] Evaluate global model's performance...!                
	[Server] ...finished evaluation!                
	=> Loss: 12.8630                
	=> Accuracy: 7.38%

[INFO](2026/08/19/ 02:05:04 AM) [Round: 0549] Select clients...!
[INFO](2026/08/19/ 02:05:05 AM) [Round: 0549] ...successfully transmitted models to 10 selected clients!
[INFO](2026/08/19/ 02:05:05 AM) [Round: 0549] Start updating selected 10 clients...!
[INFO](2026/08/19/ 02:05:18 AM) [Round: 0549] ...10 clients are selected and updated (with total sample size: 42)!
[INFO](2026/08/19/ 02:05:18 AM) [Round: 0549] Aggregate updated weights of 10 clients...!
[INFO](2026/08/19/ 02:05:19 AM) [Round: 0549] ...updated weights of 10 clients are successfully averaged!
[INFO](2026/08/19/ 02:05:21 AM) [Round: 0549] Evaluate global model's performance...!                
	[Server] ...finished evaluation!                
	=> Loss: 17.4237                
	=> Accuracy: 7.38%

[INFO](2026/08/19/ 02:05:21 AM) [Round: 0550] Select clients...!
[INFO](2026/08/19/ 02:05:21 AM) [Round: 0550] ...successfully transmitted models to 10 selected clients!
[INFO](2026/08/19/ 02:05:22 AM) [Round: 0550] Start updating selected 10 clients...!
[INFO](2026/08/19/ 02:05:33 AM) [Round: 0550] ...10 clients are selected and updated (with total sample size: 42)!
[INFO](2026/08/19/ 02:05:33 AM) [Round: 0550] Aggregate updated weights of 10 clients...!
[INFO](2026/08/19/ 02:05:33 AM) [Round: 0550] ...updated weights of 10 clients are successfully averaged!
[INFO](2026/08/19/ 02:05:35 AM) [Round: 0550] Evaluate global model's performance...!                
	[Server] ...finished evaluation!                
	=> Loss: 18.2974                
	=> Accuracy: 7.14%

[INFO](2026/08/19/ 02:05:35 AM) [Round: 0551] Select clients...!
[INFO](2026/08/19/ 02:05:36 AM) [Round: 0551] ...successfully transmitted models to 10 selected clients!
[INFO](2026/08/19/ 02:05:36 AM) [Round: 0551] Start updating selected 10 clients...!
[INFO](2026/08/19/ 02:05:48 AM) [Round: 0551] ...10 clients are selected and updated (with total sample size: 44)!
[INFO](2026/08/19/ 02:05:48 AM) [Round: 0551] Aggregate updated weights of 10 clients...!
[INFO](2026/08/19/ 02:05:48 AM) [Round: 0551] ...updated weights of 10 clients are successfully averaged!
[INFO](2026/08/19/ 02:05:50 AM) [Round: 0551] Evaluate global model's performance...!                
	[Server] ...finished evaluation!                
	=> Loss: 14.0947                
	=> Accuracy: 8.33%

[INFO](2026/08/19/ 02:05:50 AM) [Round: 0552] Select clients...!
[INFO](2026/08/19/ 02:05:50 AM) [Round: 0552] ...successfully transmitted models to 10 selected clients!
[INFO](2026/08/19/ 02:05:50 AM) [Round: 0552] Start updating selected 10 clients...!
[INFO](2026/08/19/ 02:06:02 AM) [Round: 0552] ...10 clients are selected and updated (with total sample size: 42)!
[INFO](2026/08/19/ 02:06:02 AM) [Round: 0552] Aggregate updated weights of 10 clients...!
[INFO](2026/08/19/ 02:06:03 AM) [Round: 0552] ...updated weights of 10 clients are successfully averaged!
[INFO](2026/08/19/ 02:06:04 AM) [Round: 0552] Evaluate global model's performance...!                
	[Server] ...finished evaluation!                
	=> Loss: 12.2554                
	=> Accuracy: 6.67%

[INFO](2026/08/19/ 02:06:05 AM) [Round: 0553] Select clients...!
[INFO](2026/08/19/ 02:06:05 AM) [Round: 0553] ...successfully transmitted models to 10 selected clients!
[INFO](2026/08/19/ 02:06:05 AM) [Round: 0553] Start updating selected 10 clients...!
[INFO](2026/08/19/ 02:06:17 AM) [Round: 0553] ...10 clients are selected and updated (with total sample size: 54)!
[INFO](2026/08/19/ 02:06:18 AM) [Round: 0553] Aggregate updated weights of 10 clients...!
[INFO](2026/08/19/ 02:06:18 AM) [Round: 0553] ...updated weights of 10 clients are successfully averaged!
[INFO](2026/08/19/ 02:06:20 AM) [Round: 0553] Evaluate global model's performance...!                
	[Server] ...finished evaluation!                
	=> Loss: 10.7780                
	=> Accuracy: 8.10%

[INFO](2026/08/19/ 02:06:20 AM) [Round: 0554] Select clients...!
[INFO](2026/08/19/ 02:06:20 AM) [Round: 0554] ...successfully transmitted models to 10 selected clients!
[INFO](2026/08/19/ 02:06:20 AM) [Round: 0554] Start updating selected 10 clients...!
[INFO](2026/08/19/ 02:06:33 AM) [Round: 0554] ...10 clients are selected and updated (with total sample size: 29)!
[INFO](2026/08/19/ 02:06:33 AM) [Round: 0554] Aggregate updated weights of 10 clients...!
[INFO](2026/08/19/ 02:06:33 AM) [Round: 0554] ...updated weights of 10 clients are successfully averaged!
[INFO](2026/08/19/ 02:06:35 AM) [Round: 0554] Evaluate global model's performance...!                
	[Server] ...finished evaluation!                
	=> Loss: 17.5814                
	=> Accuracy: 5.24%

[INFO](2026/08/19/ 02:06:35 AM) [Round: 0555] Select clients...!
[INFO](2026/08/19/ 02:06:36 AM) [Round: 0555] ...successfully transmitted models to 10 selected clients!
[INFO](2026/08/19/ 02:06:36 AM) [Round: 0555] Start updating selected 10 clients...!
[INFO](2026/08/19/ 02:06:48 AM) [Round: 0555] ...10 clients are selected and updated (with total sample size: 42)!
[INFO](2026/08/19/ 02:06:48 AM) [Round: 0555] Aggregate updated weights of 10 clients...!
[INFO](2026/08/19/ 02:06:49 AM) [Round: 0555] ...updated weights of 10 clients are successfully averaged!
[INFO](2026/08/19/ 02:06:50 AM) [Round: 0555] Evaluate global model's performance...!                
	[Server] ...finished evaluation!                
	=> Loss: 12.3660                
	=> Accuracy: 9.29%

[INFO](2026/08/19/ 02:06:50 AM) [Round: 0556] Select clients...!
[INFO](2026/08/19/ 02:06:51 AM) [Round: 0556] ...successfully transmitted models to 10 selected clients!
[INFO](2026/08/19/ 02:06:51 AM) [Round: 0556] Start updating selected 10 clients...!
[INFO](2026/08/19/ 02:07:02 AM) [Round: 0556] ...10 clients are selected and updated (with total sample size: 54)!
[INFO](2026/08/19/ 02:07:02 AM) [Round: 0556] Aggregate updated weights of 10 clients...!
[INFO](2026/08/19/ 02:07:03 AM) [Round: 0556] ...updated weights of 10 clients are successfully averaged!
[INFO](2026/08/19/ 02:07:04 AM) [Round: 0556] Evaluate global model's performance...!                
	[Server] ...finished evaluation!                
	=> Loss: 13.6812                
	=> Accuracy: 9.05%

[INFO](2026/08/19/ 02:07:05 AM) [Round: 0557] Select clients...!
[INFO](2026/08/19/ 02:07:05 AM) [Round: 0557] ...successfully transmitted models to 10 selected clients!
[INFO](2026/08/19/ 02:07:05 AM) [Round: 0557] Start updating selected 10 clients...!
[INFO](2026/08/19/ 02:07:17 AM) [Round: 0557] ...10 clients are selected and updated (with total sample size: 59)!
[INFO](2026/08/19/ 02:07:17 AM) [Round: 0557] Aggregate updated weights of 10 clients...!
[INFO](2026/08/19/ 02:07:17 AM) [Round: 0557] ...updated weights of 10 clients are successfully averaged!
[INFO](2026/08/19/ 02:07:19 AM) [Round: 0557] Evaluate global model's performance...!                
	[Server] ...finished evaluation!                
	=> Loss: 11.0746                
	=> Accuracy: 7.38%

[INFO](2026/08/19/ 02:07:19 AM) [Round: 0558] Select clients...!
[INFO](2026/08/19/ 02:07:20 AM) [Round: 0558] ...successfully transmitted models to 10 selected clients!
[INFO](2026/08/19/ 02:07:20 AM) [Round: 0558] Start updating selected 10 clients...!
[INFO](2026/08/19/ 02:07:31 AM) [Round: 0558] ...10 clients are selected and updated (with total sample size: 25)!
[INFO](2026/08/19/ 02:07:31 AM) [Round: 0558] Aggregate updated weights of 10 clients...!
[INFO](2026/08/19/ 02:07:31 AM) [Round: 0558] ...updated weights of 10 clients are successfully averaged!
[INFO](2026/08/19/ 02:07:33 AM) [Round: 0558] Evaluate global model's performance...!                
	[Server] ...finished evaluation!                
	=> Loss: 16.0670                
	=> Accuracy: 7.14%

[INFO](2026/08/19/ 02:07:33 AM) [Round: 0559] Select clients...!
[INFO](2026/08/19/ 02:07:33 AM) [Round: 0559] ...successfully transmitted models to 10 selected clients!
[INFO](2026/08/19/ 02:07:33 AM) [Round: 0559] Start updating selected 10 clients...!
[INFO](2026/08/19/ 02:07:45 AM) [Round: 0559] ...10 clients are selected and updated (with total sample size: 54)!
[INFO](2026/08/19/ 02:07:45 AM) [Round: 0559] Aggregate updated weights of 10 clients...!
[INFO](2026/08/19/ 02:07:46 AM) [Round: 0559] ...updated weights of 10 clients are successfully averaged!
[INFO](2026/08/19/ 02:07:48 AM) [Round: 0559] Evaluate global model's performance...!                
	[Server] ...finished evaluation!                
	=> Loss: 12.4050                
	=> Accuracy: 7.14%

[INFO](2026/08/19/ 02:07:48 AM) [Round: 0560] Select clients...!
[INFO](2026/08/19/ 02:07:48 AM) [Round: 0560] ...successfully transmitted models to 10 selected clients!
[INFO](2026/08/19/ 02:07:48 AM) [Round: 0560] Start updating selected 10 clients...!
[INFO](2026/08/19/ 02:08:01 AM) [Round: 0560] ...10 clients are selected and updated (with total sample size: 54)!
[INFO](2026/08/19/ 02:08:01 AM) [Round: 0560] Aggregate updated weights of 10 clients...!
[INFO](2026/08/19/ 02:08:01 AM) [Round: 0560] ...updated weights of 10 clients are successfully averaged!
[INFO](2026/08/19/ 02:08:03 AM) [Round: 0560] Evaluate global model's performance...!                
	[Server] ...finished evaluation!                
	=> Loss: 11.7627                
	=> Accuracy: 6.67%

[INFO](2026/08/19/ 02:08:03 AM) [Round: 0561] Select clients...!
[INFO](2026/08/19/ 02:08:03 AM) [Round: 0561] ...successfully transmitted models to 10 selected clients!
[INFO](2026/08/19/ 02:08:03 AM) [Round: 0561] Start updating selected 10 clients...!
[INFO](2026/08/19/ 02:08:18 AM) [Round: 0561] ...10 clients are selected and updated (with total sample size: 25)!
[INFO](2026/08/19/ 02:08:19 AM) [Round: 0561] Aggregate updated weights of 10 clients...!
[INFO](2026/08/19/ 02:08:19 AM) [Round: 0561] ...updated weights of 10 clients are successfully averaged!
[INFO](2026/08/19/ 02:08:20 AM) [Round: 0561] Evaluate global model's performance...!                
	[Server] ...finished evaluation!                
	=> Loss: 13.4017                
	=> Accuracy: 6.90%

[INFO](2026/08/19/ 02:08:21 AM) [Round: 0562] Select clients...!
[INFO](2026/08/19/ 02:08:21 AM) [Round: 0562] ...successfully transmitted models to 10 selected clients!
[INFO](2026/08/19/ 02:08:21 AM) [Round: 0562] Start updating selected 10 clients...!
[INFO](2026/08/19/ 02:08:34 AM) [Round: 0562] ...10 clients are selected and updated (with total sample size: 54)!
[INFO](2026/08/19/ 02:08:34 AM) [Round: 0562] Aggregate updated weights of 10 clients...!
[INFO](2026/08/19/ 02:08:34 AM) [Round: 0562] ...updated weights of 10 clients are successfully averaged!
[INFO](2026/08/19/ 02:08:36 AM) [Round: 0562] Evaluate global model's performance...!                
	[Server] ...finished evaluation!                
	=> Loss: 13.7979                
	=> Accuracy: 5.48%

[INFO](2026/08/19/ 02:08:36 AM) [Round: 0563] Select clients...!
[INFO](2026/08/19/ 02:08:36 AM) [Round: 0563] ...successfully transmitted models to 10 selected clients!
[INFO](2026/08/19/ 02:08:36 AM) [Round: 0563] Start updating selected 10 clients...!
[INFO](2026/08/19/ 02:08:47 AM) [Round: 0563] ...10 clients are selected and updated (with total sample size: 25)!
[INFO](2026/08/19/ 02:08:47 AM) [Round: 0563] Aggregate updated weights of 10 clients...!
[INFO](2026/08/19/ 02:08:47 AM) [Round: 0563] ...updated weights of 10 clients are successfully averaged!
[INFO](2026/08/19/ 02:08:49 AM) [Round: 0563] Evaluate global model's performance...!                
	[Server] ...finished evaluation!                
	=> Loss: 14.0830                
	=> Accuracy: 6.43%

[INFO](2026/08/19/ 02:08:49 AM) [Round: 0564] Select clients...!
[INFO](2026/08/19/ 02:08:50 AM) [Round: 0564] ...successfully transmitted models to 10 selected clients!
[INFO](2026/08/19/ 02:08:50 AM) [Round: 0564] Start updating selected 10 clients...!
[INFO](2026/08/19/ 02:09:01 AM) [Round: 0564] ...10 clients are selected and updated (with total sample size: 25)!
[INFO](2026/08/19/ 02:09:01 AM) [Round: 0564] Aggregate updated weights of 10 clients...!
[INFO](2026/08/19/ 02:09:02 AM) [Round: 0564] ...updated weights of 10 clients are successfully averaged!
[INFO](2026/08/19/ 02:09:04 AM) [Round: 0564] Evaluate global model's performance...!                
	[Server] ...finished evaluation!                
	=> Loss: 11.6555                
	=> Accuracy: 6.67%

[INFO](2026/08/19/ 02:09:04 AM) [Round: 0565] Select clients...!
[INFO](2026/08/19/ 02:09:04 AM) [Round: 0565] ...successfully transmitted models to 10 selected clients!
[INFO](2026/08/19/ 02:09:04 AM) [Round: 0565] Start updating selected 10 clients...!
[INFO](2026/08/19/ 02:09:15 AM) [Round: 0565] ...10 clients are selected and updated (with total sample size: 54)!
[INFO](2026/08/19/ 02:09:15 AM) [Round: 0565] Aggregate updated weights of 10 clients...!
[INFO](2026/08/19/ 02:09:15 AM) [Round: 0565] ...updated weights of 10 clients are successfully averaged!
[INFO](2026/08/19/ 02:09:18 AM) [Round: 0565] Evaluate global model's performance...!                
	[Server] ...finished evaluation!                
	=> Loss: 14.2297                
	=> Accuracy: 3.33%

[INFO](2026/08/19/ 02:09:18 AM) [Round: 0566] Select clients...!
[INFO](2026/08/19/ 02:09:18 AM) [Round: 0566] ...successfully transmitted models to 10 selected clients!
[INFO](2026/08/19/ 02:09:18 AM) [Round: 0566] Start updating selected 10 clients...!
