[INFO](2026/08/19/ 02:09:40 AM) 
[WELCOME] Unfolding configurations...!
[INFO](2026/08/19/ 02:09:40 AM) {'global_config': {'seed': 5959, 'device': 'cuda:0', 'is_mp': False}}
[INFO](2026/08/19/ 02:09:40 AM) {'data_config': {'data_path': './data/', 'dataset_name': 'ucml', 'num_shards': 210, 'iid': False, 'diri': True, 'alpha': 0.5}}
[INFO](2026/08/19/ 02:09:40 AM) {'fed_config': {'C': 0.24, 'K': 42, 'R': 1000, 'E': 5, 'B': 10, 'criterion': 'torch.nn.CrossEntropyLoss', 'optimizer': 'torch.optim.SGD'}}
[INFO](2026/08/19/ 02:09:40 AM) {'optim_config': {'lr': 0.05, 'momentum': 0.9}}
[INFO](2026/08/19/ 02:09:40 AM) {'init_config': {'init_type': 'xavier', 'init_gain': 1.0, 'gpu_ids': [0]}}
[INFO](2026/08/19/ 02:09:40 AM) {'model_config': {'name': 'ResNet18', 'inplanes': 64, 'num_classes': 21}}
[INFO](2026/08/19/ 02:09:40 AM) {'log_config': {'log_path': './log/2026-08-19_02_09_37', 'log_name': 'FL.log', 'tb_port': 5255, 'tb_host': '0.0.0.0'}}
[INFO](2026/08/19/ 02:09:40 AM) {'cl_config': {'cl_dim': 2048, 'cl_gamma': 0.05, 'cl_temp': 0.05, 'cl_K': 50}}
[INFO](2026/08/19/ 02:09:40 AM) [Round: 0000] ...successfully initialized model (# parameters: 12763349)!
[INFO](2026/08/19/ 02:09:40 AM) [Round: 0000] ...successfully created all 42 clients!
[INFO](2026/08/19/ 02:09:40 AM) [Round: 0000] ...successfully finished setup of all 42 clients!
[INFO](2026/08/19/ 02:09:41 AM) [Round: 0000] ...successfully transmitted models to all 42 clients!
[INFO](2026/08/19/ 02:09:41 AM) [Round: 0001] Select clients...!
[INFO](2026/08/19/ 02:09:42 AM) [Round: 0001] ...successfully transmitted models to 10 selected clients!
[INFO](2026/08/19/ 02:09:42 AM) [Round: 0001] Start updating selected 10 clients...!
[INFO](2026/08/19/ 02:09:51 AM) [Round: 0001] ...10 clients are selected and updated (with total sample size: 39)!
[INFO](2026/08/19/ 02:09:51 AM) [Round: 0001] Aggregate updated weights of 10 clients...!
[INFO](2026/08/19/ 02:09:52 AM) [Round: 0001] ...updated weights of 10 clients are successfully averaged!
[INFO](2026/08/19/ 02:09:53 AM) [Round: 0001] Evaluate global model's performance...!                
	[Server] ...finished evaluation!                
	=> Loss: 4.1842                
	=> Accuracy: 4.76%

[INFO](2026/08/19/ 02:09:53 AM) [Round: 0002] Select clients...!
[INFO](2026/08/19/ 02:09:54 AM) [Round: 0002] ...successfully transmitted models to 10 selected clients!
[INFO](2026/08/19/ 02:09:54 AM) [Round: 0002] Start updating selected 10 clients...!
[INFO](2026/08/19/ 02:10:03 AM) [Round: 0002] ...10 clients are selected and updated (with total sample size: 28)!
[INFO](2026/08/19/ 02:10:03 AM) [Round: 0002] Aggregate updated weights of 10 clients...!
[INFO](2026/08/19/ 02:10:03 AM) [Round: 0002] ...updated weights of 10 clients are successfully averaged!
[INFO](2026/08/19/ 02:10:05 AM) [Round: 0002] Evaluate global model's performance...!                
	[Server] ...finished evaluation!                
	=> Loss: 6.7288                
	=> Accuracy: 4.76%

[INFO](2026/08/19/ 02:10:05 AM) [Round: 0003] Select clients...!
[INFO](2026/08/19/ 02:10:06 AM) [Round: 0003] ...successfully transmitted models to 10 selected clients!
[INFO](2026/08/19/ 02:10:06 AM) [Round: 0003] Start updating selected 10 clients...!
[INFO](2026/08/19/ 02:10:15 AM) [Round: 0003] ...10 clients are selected and updated (with total sample size: 56)!
[INFO](2026/08/19/ 02:10:16 AM) [Round: 0003] Aggregate updated weights of 10 clients...!
[INFO](2026/08/19/ 02:10:16 AM) [Round: 0003] ...updated weights of 10 clients are successfully averaged!
[INFO](2026/08/19/ 02:10:18 AM) [Round: 0003] Evaluate global model's performance...!                
	[Server] ...finished evaluation!                
	=> Loss: 5.1756                
	=> Accuracy: 5.00%

[INFO](2026/08/19/ 02:10:18 AM) [Round: 0004] Select clients...!
[INFO](2026/08/19/ 02:10:18 AM) [Round: 0004] ...successfully transmitted models to 10 selected clients!
[INFO](2026/08/19/ 02:10:18 AM) [Round: 0004] Start updating selected 10 clients...!
[INFO](2026/08/19/ 02:10:28 AM) [Round: 0004] ...10 clients are selected and updated (with total sample size: 30)!
[INFO](2026/08/19/ 02:10:28 AM) [Round: 0004] Aggregate updated weights of 10 clients...!
[INFO](2026/08/19/ 02:10:28 AM) [Round: 0004] ...updated weights of 10 clients are successfully averaged!
[INFO](2026/08/19/ 02:10:30 AM) [Round: 0004] Evaluate global model's performance...!                
	[Server] ...finished evaluation!                
	=> Loss: 8.4585                
	=> Accuracy: 4.76%

[INFO](2026/08/19/ 02:10:30 AM) [Round: 0005] Select clients...!
[INFO](2026/08/19/ 02:10:30 AM) [Round: 0005] ...successfully transmitted models to 10 selected clients!
[INFO](2026/08/19/ 02:10:30 AM) [Round: 0005] Start updating selected 10 clients...!
[INFO](2026/08/19/ 02:10:40 AM) [Round: 0005] ...10 clients are selected and updated (with total sample size: 30)!
[INFO](2026/08/19/ 02:10:40 AM) [Round: 0005] Aggregate updated weights of 10 clients...!
[INFO](2026/08/19/ 02:10:41 AM) [Round: 0005] ...updated weights of 10 clients are successfully averaged!
[INFO](2026/08/19/ 02:10:42 AM) [Round: 0005] Evaluate global model's performance...!                
	[Server] ...finished evaluation!                
	=> Loss: 3.4653                
	=> Accuracy: 6.90%

[INFO](2026/08/19/ 02:10:43 AM) [Round: 0006] Select clients...!
[INFO](2026/08/19/ 02:10:43 AM) [Round: 0006] ...successfully transmitted models to 10 selected clients!
[INFO](2026/08/19/ 02:10:43 AM) [Round: 0006] Start updating selected 10 clients...!
[INFO](2026/08/19/ 02:10:53 AM) [Round: 0006] ...10 clients are selected and updated (with total sample size: 57)!
[INFO](2026/08/19/ 02:10:53 AM) [Round: 0006] Aggregate updated weights of 10 clients...!
[INFO](2026/08/19/ 02:10:53 AM) [Round: 0006] ...updated weights of 10 clients are successfully averaged!
[INFO](2026/08/19/ 02:10:55 AM) [Round: 0006] Evaluate global model's performance...!                
	[Server] ...finished evaluation!                
	=> Loss: 3.5525                
	=> Accuracy: 4.76%

[INFO](2026/08/19/ 02:10:55 AM) [Round: 0007] Select clients...!
[INFO](2026/08/19/ 02:10:55 AM) [Round: 0007] ...successfully transmitted models to 10 selected clients!
[INFO](2026/08/19/ 02:10:55 AM) [Round: 0007] Start updating selected 10 clients...!
[INFO](2026/08/19/ 02:11:06 AM) [Round: 0007] ...10 clients are selected and updated (with total sample size: 43)!
[INFO](2026/08/19/ 02:11:06 AM) [Round: 0007] Aggregate updated weights of 10 clients...!
[INFO](2026/08/19/ 02:11:06 AM) [Round: 0007] ...updated weights of 10 clients are successfully averaged!
[INFO](2026/08/19/ 02:11:08 AM) [Round: 0007] Evaluate global model's performance...!                
	[Server] ...finished evaluation!                
	=> Loss: 3.5431                
	=> Accuracy: 10.00%

[INFO](2026/08/19/ 02:11:08 AM) [Round: 0008] Select clients...!
[INFO](2026/08/19/ 02:11:09 AM) [Round: 0008] ...successfully transmitted models to 10 selected clients!
[INFO](2026/08/19/ 02:11:09 AM) [Round: 0008] Start updating selected 10 clients...!
[INFO](2026/08/19/ 02:11:18 AM) [Round: 0008] ...10 clients are selected and updated (with total sample size: 52)!
[INFO](2026/08/19/ 02:11:18 AM) [Round: 0008] Aggregate updated weights of 10 clients...!
[INFO](2026/08/19/ 02:11:18 AM) [Round: 0008] ...updated weights of 10 clients are successfully averaged!
[INFO](2026/08/19/ 02:11:20 AM) [Round: 0008] Evaluate global model's performance...!                
	[Server] ...finished evaluation!                
	=> Loss: 43.5685                
	=> Accuracy: 5.71%

[INFO](2026/08/19/ 02:11:20 AM) [Round: 0009] Select clients...!
[INFO](2026/08/19/ 02:11:21 AM) [Round: 0009] ...successfully transmitted models to 10 selected clients!
[INFO](2026/08/19/ 02:11:21 AM) [Round: 0009] Start updating selected 10 clients...!
[INFO](2026/08/19/ 02:11:30 AM) [Round: 0009] ...10 clients are selected and updated (with total sample size: 42)!
[INFO](2026/08/19/ 02:11:31 AM) [Round: 0009] Aggregate updated weights of 10 clients...!
[INFO](2026/08/19/ 02:11:31 AM) [Round: 0009] ...updated weights of 10 clients are successfully averaged!
[INFO](2026/08/19/ 02:11:33 AM) [Round: 0009] Evaluate global model's performance...!                
	[Server] ...finished evaluation!                
	=> Loss: 57.4539                
	=> Accuracy: 4.76%

[INFO](2026/08/19/ 02:11:33 AM) [Round: 0010] Select clients...!
[INFO](2026/08/19/ 02:11:33 AM) [Round: 0010] ...successfully transmitted models to 10 selected clients!
[INFO](2026/08/19/ 02:11:34 AM) [Round: 0010] Start updating selected 10 clients...!
[INFO](2026/08/19/ 02:11:45 AM) [Round: 0010] ...10 clients are selected and updated (with total sample size: 39)!
[INFO](2026/08/19/ 02:11:45 AM) [Round: 0010] Aggregate updated weights of 10 clients...!
[INFO](2026/08/19/ 02:11:45 AM) [Round: 0010] ...updated weights of 10 clients are successfully averaged!
[INFO](2026/08/19/ 02:11:47 AM) [Round: 0010] Evaluate global model's performance...!                
	[Server] ...finished evaluation!                
	=> Loss: 28.9733                
	=> Accuracy: 7.14%

[INFO](2026/08/19/ 02:11:47 AM) [Round: 0011] Select clients...!
[INFO](2026/08/19/ 02:11:47 AM) [Round: 0011] ...successfully transmitted models to 10 selected clients!
[INFO](2026/08/19/ 02:11:47 AM) [Round: 0011] Start updating selected 10 clients...!
[INFO](2026/08/19/ 02:11:57 AM) [Round: 0011] ...10 clients are selected and updated (with total sample size: 52)!
[INFO](2026/08/19/ 02:11:57 AM) [Round: 0011] Aggregate updated weights of 10 clients...!
[INFO](2026/08/19/ 02:11:57 AM) [Round: 0011] ...updated weights of 10 clients are successfully averaged!
[INFO](2026/08/19/ 02:11:59 AM) [Round: 0011] Evaluate global model's performance...!                
	[Server] ...finished evaluation!                
	=> Loss: 18.5201                
	=> Accuracy: 5.95%

[INFO](2026/08/19/ 02:11:59 AM) [Round: 0012] Select clients...!
[INFO](2026/08/19/ 02:11:59 AM) [Round: 0012] ...successfully transmitted models to 10 selected clients!
[INFO](2026/08/19/ 02:11:59 AM) [Round: 0012] Start updating selected 10 clients...!
[INFO](2026/08/19/ 02:12:11 AM) [Round: 0012] ...10 clients are selected and updated (with total sample size: 57)!
[INFO](2026/08/19/ 02:12:11 AM) [Round: 0012] Aggregate updated weights of 10 clients...!
[INFO](2026/08/19/ 02:12:11 AM) [Round: 0012] ...updated weights of 10 clients are successfully averaged!
[INFO](2026/08/19/ 02:12:13 AM) [Round: 0012] Evaluate global model's performance...!                
	[Server] ...finished evaluation!                
	=> Loss: 29.4735                
	=> Accuracy: 7.38%

[INFO](2026/08/19/ 02:12:13 AM) [Round: 0013] Select clients...!
[INFO](2026/08/19/ 02:12:13 AM) [Round: 0013] ...successfully transmitted models to 10 selected clients!
[INFO](2026/08/19/ 02:12:13 AM) [Round: 0013] Start updating selected 10 clients...!
[INFO](2026/08/19/ 02:12:24 AM) [Round: 0013] ...10 clients are selected and updated (with total sample size: 43)!
[INFO](2026/08/19/ 02:12:24 AM) [Round: 0013] Aggregate updated weights of 10 clients...!
[INFO](2026/08/19/ 02:12:24 AM) [Round: 0013] ...updated weights of 10 clients are successfully averaged!
[INFO](2026/08/19/ 02:12:26 AM) [Round: 0013] Evaluate global model's performance...!                
	[Server] ...finished evaluation!                
	=> Loss: 3.8625                
	=> Accuracy: 4.76%

[INFO](2026/08/19/ 02:12:26 AM) [Round: 0014] Select clients...!
[INFO](2026/08/19/ 02:12:27 AM) [Round: 0014] ...successfully transmitted models to 10 selected clients!
[INFO](2026/08/19/ 02:12:27 AM) [Round: 0014] Start updating selected 10 clients...!
[INFO](2026/08/19/ 02:12:38 AM) [Round: 0014] ...10 clients are selected and updated (with total sample size: 52)!
[INFO](2026/08/19/ 02:12:38 AM) [Round: 0014] Aggregate updated weights of 10 clients...!
[INFO](2026/08/19/ 02:12:39 AM) [Round: 0014] ...updated weights of 10 clients are successfully averaged!
[INFO](2026/08/19/ 02:12:40 AM) [Round: 0014] Evaluate global model's performance...!                
	[Server] ...finished evaluation!                
	=> Loss: 8.1289                
	=> Accuracy: 8.81%

[INFO](2026/08/19/ 02:12:41 AM) [Round: 0015] Select clients...!
[INFO](2026/08/19/ 02:12:41 AM) [Round: 0015] ...successfully transmitted models to 10 selected clients!
[INFO](2026/08/19/ 02:12:41 AM) [Round: 0015] Start updating selected 10 clients...!
[INFO](2026/08/19/ 02:12:52 AM) [Round: 0015] ...10 clients are selected and updated (with total sample size: 28)!
[INFO](2026/08/19/ 02:12:52 AM) [Round: 0015] Aggregate updated weights of 10 clients...!
[INFO](2026/08/19/ 02:12:52 AM) [Round: 0015] ...updated weights of 10 clients are successfully averaged!
[INFO](2026/08/19/ 02:12:54 AM) [Round: 0015] Evaluate global model's performance...!                
	[Server] ...finished evaluation!                
	=> Loss: 11.7318                
	=> Accuracy: 7.38%

[INFO](2026/08/19/ 02:12:54 AM) [Round: 0016] Select clients...!
[INFO](2026/08/19/ 02:12:55 AM) [Round: 0016] ...successfully transmitted models to 10 selected clients!
[INFO](2026/08/19/ 02:12:55 AM) [Round: 0016] Start updating selected 10 clients...!
[INFO](2026/08/19/ 02:13:05 AM) [Round: 0016] ...10 clients are selected and updated (with total sample size: 30)!
[INFO](2026/08/19/ 02:13:05 AM) [Round: 0016] Aggregate updated weights of 10 clients...!
[INFO](2026/08/19/ 02:13:05 AM) [Round: 0016] ...updated weights of 10 clients are successfully averaged!
[INFO](2026/08/19/ 02:13:07 AM) [Round: 0016] Evaluate global model's performance...!                
	[Server] ...finished evaluation!                
	=> Loss: 19.7165                
	=> Accuracy: 5.71%

[INFO](2026/08/19/ 02:13:07 AM) [Round: 0017] Select clients...!
[INFO](2026/08/19/ 02:13:08 AM) [Round: 0017] ...successfully transmitted models to 10 selected clients!
[INFO](2026/08/19/ 02:13:08 AM) [Round: 0017] Start updating selected 10 clients...!
[INFO](2026/08/19/ 02:13:19 AM) [Round: 0017] ...10 clients are selected and updated (with total sample size: 57)!
[INFO](2026/08/19/ 02:13:19 AM) [Round: 0017] Aggregate updated weights of 10 clients...!
[INFO](2026/08/19/ 02:13:19 AM) [Round: 0017] ...updated weights of 10 clients are successfully averaged!
[INFO](2026/08/19/ 02:13:21 AM) [Round: 0017] Evaluate global model's performance...!                
	[Server] ...finished evaluation!                
	=> Loss: 22.6425                
	=> Accuracy: 5.24%

[INFO](2026/08/19/ 02:13:21 AM) [Round: 0018] Select clients...!
[INFO](2026/08/19/ 02:13:22 AM) [Round: 0018] ...successfully transmitted models to 10 selected clients!
[INFO](2026/08/19/ 02:13:22 AM) [Round: 0018] Start updating selected 10 clients...!
[INFO](2026/08/19/ 02:13:34 AM) [Round: 0018] ...10 clients are selected and updated (with total sample size: 39)!
[INFO](2026/08/19/ 02:13:35 AM) [Round: 0018] Aggregate updated weights of 10 clients...!
[INFO](2026/08/19/ 02:13:35 AM) [Round: 0018] ...updated weights of 10 clients are successfully averaged!
[INFO](2026/08/19/ 02:13:37 AM) [Round: 0018] Evaluate global model's performance...!                
	[Server] ...finished evaluation!                
	=> Loss: 47.7494                
	=> Accuracy: 5.95%

[INFO](2026/08/19/ 02:13:37 AM) [Round: 0019] Select clients...!
[INFO](2026/08/19/ 02:13:37 AM) [Round: 0019] ...successfully transmitted models to 10 selected clients!
[INFO](2026/08/19/ 02:13:37 AM) [Round: 0019] Start updating selected 10 clients...!
[INFO](2026/08/19/ 02:13:48 AM) [Round: 0019] ...10 clients are selected and updated (with total sample size: 52)!
[INFO](2026/08/19/ 02:13:48 AM) [Round: 0019] Aggregate updated weights of 10 clients...!
[INFO](2026/08/19/ 02:13:49 AM) [Round: 0019] ...updated weights of 10 clients are successfully averaged!
[INFO](2026/08/19/ 02:13:51 AM) [Round: 0019] Evaluate global model's performance...!                
	[Server] ...finished evaluation!                
	=> Loss: 57.9419                
	=> Accuracy: 5.71%

[INFO](2026/08/19/ 02:13:51 AM) [Round: 0020] Select clients...!
[INFO](2026/08/19/ 02:13:51 AM) [Round: 0020] ...successfully transmitted models to 10 selected clients!
[INFO](2026/08/19/ 02:13:51 AM) [Round: 0020] Start updating selected 10 clients...!
[INFO](2026/08/19/ 02:14:02 AM) [Round: 0020] ...10 clients are selected and updated (with total sample size: 52)!
[INFO](2026/08/19/ 02:14:02 AM) [Round: 0020] Aggregate updated weights of 10 clients...!
[INFO](2026/08/19/ 02:14:02 AM) [Round: 0020] ...updated weights of 10 clients are successfully averaged!
[INFO](2026/08/19/ 02:14:04 AM) [Round: 0020] Evaluate global model's performance...!                
	[Server] ...finished evaluation!                
	=> Loss: 15.3553                
	=> Accuracy: 4.05%

[INFO](2026/08/19/ 02:14:04 AM) [Round: 0021] Select clients...!
[INFO](2026/08/19/ 02:14:05 AM) [Round: 0021] ...successfully transmitted models to 10 selected clients!
[INFO](2026/08/19/ 02:14:05 AM) [Round: 0021] Start updating selected 10 clients...!
[INFO](2026/08/19/ 02:14:17 AM) [Round: 0021] ...10 clients are selected and updated (with total sample size: 43)!
[INFO](2026/08/19/ 02:14:17 AM) [Round: 0021] Aggregate updated weights of 10 clients...!
[INFO](2026/08/19/ 02:14:18 AM) [Round: 0021] ...updated weights of 10 clients are successfully averaged!
[INFO](2026/08/19/ 02:14:20 AM) [Round: 0021] Evaluate global model's performance...!                
	[Server] ...finished evaluation!                
	=> Loss: 68.7341                
	=> Accuracy: 6.43%

[INFO](2026/08/19/ 02:14:20 AM) [Round: 0022] Select clients...!
[INFO](2026/08/19/ 02:14:20 AM) [Round: 0022] ...successfully transmitted models to 10 selected clients!
[INFO](2026/08/19/ 02:14:20 AM) [Round: 0022] Start updating selected 10 clients...!
[INFO](2026/08/19/ 02:14:33 AM) [Round: 0022] ...10 clients are selected and updated (with total sample size: 43)!
[INFO](2026/08/19/ 02:14:33 AM) [Round: 0022] Aggregate updated weights of 10 clients...!
[INFO](2026/08/19/ 02:14:33 AM) [Round: 0022] ...updated weights of 10 clients are successfully averaged!
[INFO](2026/08/19/ 02:14:35 AM) [Round: 0022] Evaluate global model's performance...!                
	[Server] ...finished evaluation!                
	=> Loss: 26.2705                
	=> Accuracy: 6.19%

[INFO](2026/08/19/ 02:14:35 AM) [Round: 0023] Select clients...!
[INFO](2026/08/19/ 02:14:36 AM) [Round: 0023] ...successfully transmitted models to 10 selected clients!
[INFO](2026/08/19/ 02:14:36 AM) [Round: 0023] Start updating selected 10 clients...!
[INFO](2026/08/19/ 02:14:48 AM) [Round: 0023] ...10 clients are selected and updated (with total sample size: 43)!
[INFO](2026/08/19/ 02:14:48 AM) [Round: 0023] Aggregate updated weights of 10 clients...!
[INFO](2026/08/19/ 02:14:48 AM) [Round: 0023] ...updated weights of 10 clients are successfully averaged!
[INFO](2026/08/19/ 02:14:50 AM) [Round: 0023] Evaluate global model's performance...!                
	[Server] ...finished evaluation!                
	=> Loss: 21.6585                
	=> Accuracy: 5.95%

[INFO](2026/08/19/ 02:14:50 AM) [Round: 0024] Select clients...!
[INFO](2026/08/19/ 02:14:51 AM) [Round: 0024] ...successfully transmitted models to 10 selected clients!
[INFO](2026/08/19/ 02:14:51 AM) [Round: 0024] Start updating selected 10 clients...!
[INFO](2026/08/19/ 02:15:02 AM) [Round: 0024] ...10 clients are selected and updated (with total sample size: 52)!
[INFO](2026/08/19/ 02:15:02 AM) [Round: 0024] Aggregate updated weights of 10 clients...!
[INFO](2026/08/19/ 02:15:03 AM) [Round: 0024] ...updated weights of 10 clients are successfully averaged!
[INFO](2026/08/19/ 02:15:05 AM) [Round: 0024] Evaluate global model's performance...!                
	[Server] ...finished evaluation!                
	=> Loss: 21.1241                
	=> Accuracy: 7.38%

[INFO](2026/08/19/ 02:15:05 AM) [Round: 0025] Select clients...!
[INFO](2026/08/19/ 02:15:05 AM) [Round: 0025] ...successfully transmitted models to 10 selected clients!
[INFO](2026/08/19/ 02:15:05 AM) [Round: 0025] Start updating selected 10 clients...!
[INFO](2026/08/19/ 02:15:16 AM) [Round: 0025] ...10 clients are selected and updated (with total sample size: 43)!
[INFO](2026/08/19/ 02:15:16 AM) [Round: 0025] Aggregate updated weights of 10 clients...!
[INFO](2026/08/19/ 02:15:17 AM) [Round: 0025] ...updated weights of 10 clients are successfully averaged!
[INFO](2026/08/19/ 02:15:18 AM) [Round: 0025] Evaluate global model's performance...!                
	[Server] ...finished evaluation!                
	=> Loss: 57.0290                
	=> Accuracy: 5.48%

[INFO](2026/08/19/ 02:15:18 AM) [Round: 0026] Select clients...!
[INFO](2026/08/19/ 02:15:19 AM) [Round: 0026] ...successfully transmitted models to 10 selected clients!
[INFO](2026/08/19/ 02:15:19 AM) [Round: 0026] Start updating selected 10 clients...!
[INFO](2026/08/19/ 02:15:31 AM) [Round: 0026] ...10 clients are selected and updated (with total sample size: 30)!
[INFO](2026/08/19/ 02:15:31 AM) [Round: 0026] Aggregate updated weights of 10 clients...!
[INFO](2026/08/19/ 02:15:32 AM) [Round: 0026] ...updated weights of 10 clients are successfully averaged!
[INFO](2026/08/19/ 02:15:33 AM) [Round: 0026] Evaluate global model's performance...!                
	[Server] ...finished evaluation!                
	=> Loss: 61.7472                
	=> Accuracy: 5.00%

[INFO](2026/08/19/ 02:15:34 AM) [Round: 0027] Select clients...!
[INFO](2026/08/19/ 02:15:34 AM) [Round: 0027] ...successfully transmitted models to 10 selected clients!
[INFO](2026/08/19/ 02:15:34 AM) [Round: 0027] Start updating selected 10 clients...!
[INFO](2026/08/19/ 02:15:46 AM) [Round: 0027] ...10 clients are selected and updated (with total sample size: 43)!
[INFO](2026/08/19/ 02:15:46 AM) [Round: 0027] Aggregate updated weights of 10 clients...!
[INFO](2026/08/19/ 02:15:46 AM) [Round: 0027] ...updated weights of 10 clients are successfully averaged!
[INFO](2026/08/19/ 02:15:48 AM) [Round: 0027] Evaluate global model's performance...!                
	[Server] ...finished evaluation!                
	=> Loss: 48.7575                
	=> Accuracy: 5.71%

[INFO](2026/08/19/ 02:15:48 AM) [Round: 0028] Select clients...!
[INFO](2026/08/19/ 02:15:48 AM) [Round: 0028] ...successfully transmitted models to 10 selected clients!
[INFO](2026/08/19/ 02:15:49 AM) [Round: 0028] Start updating selected 10 clients...!
[INFO](2026/08/19/ 02:16:01 AM) [Round: 0028] ...10 clients are selected and updated (with total sample size: 30)!
[INFO](2026/08/19/ 02:16:01 AM) [Round: 0028] Aggregate updated weights of 10 clients...!
[INFO](2026/08/19/ 02:16:01 AM) [Round: 0028] ...updated weights of 10 clients are successfully averaged!
[INFO](2026/08/19/ 02:16:03 AM) [Round: 0028] Evaluate global model's performance...!                
	[Server] ...finished evaluation!                
	=> Loss: 70.5222                
	=> Accuracy: 8.10%

[INFO](2026/08/19/ 02:16:03 AM) [Round: 0029] Select clients...!
[INFO](2026/08/19/ 02:16:03 AM) [Round: 0029] ...successfully transmitted models to 10 selected clients!
[INFO](2026/08/19/ 02:16:04 AM) [Round: 0029] Start updating selected 10 clients...!
[INFO](2026/08/19/ 02:16:13 AM) [Round: 0029] ...10 clients are selected and updated (with total sample size: 28)!
[INFO](2026/08/19/ 02:16:13 AM) [Round: 0029] Aggregate updated weights of 10 clients...!
[INFO](2026/08/19/ 02:16:13 AM) [Round: 0029] ...updated weights of 10 clients are successfully averaged!
[INFO](2026/08/19/ 02:16:15 AM) [Round: 0029] Evaluate global model's performance...!                
	[Server] ...finished evaluation!                
	=> Loss: 24.0734                
	=> Accuracy: 6.90%

[INFO](2026/08/19/ 02:16:15 AM) [Round: 0030] Select clients...!
[INFO](2026/08/19/ 02:16:16 AM) [Round: 0030] ...successfully transmitted models to 10 selected clients!
[INFO](2026/08/19/ 02:16:16 AM) [Round: 0030] Start updating selected 10 clients...!
[INFO](2026/08/19/ 02:16:27 AM) [Round: 0030] ...10 clients are selected and updated (with total sample size: 56)!
[INFO](2026/08/19/ 02:16:27 AM) [Round: 0030] Aggregate updated weights of 10 clients...!
[INFO](2026/08/19/ 02:16:27 AM) [Round: 0030] ...updated weights of 10 clients are successfully averaged!
[INFO](2026/08/19/ 02:16:29 AM) [Round: 0030] Evaluate global model's performance...!                
	[Server] ...finished evaluation!                
	=> Loss: 74.4487                
	=> Accuracy: 5.95%

[INFO](2026/08/19/ 02:16:29 AM) [Round: 0031] Select clients...!
[INFO](2026/08/19/ 02:16:29 AM) [Round: 0031] ...successfully transmitted models to 10 selected clients!
[INFO](2026/08/19/ 02:16:30 AM) [Round: 0031] Start updating selected 10 clients...!
[INFO](2026/08/19/ 02:16:41 AM) [Round: 0031] ...10 clients are selected and updated (with total sample size: 36)!
[INFO](2026/08/19/ 02:16:41 AM) [Round: 0031] Aggregate updated weights of 10 clients...!
[INFO](2026/08/19/ 02:16:41 AM) [Round: 0031] ...updated weights of 10 clients are successfully averaged!
[INFO](2026/08/19/ 02:16:43 AM) [Round: 0031] Evaluate global model's performance...!                
	[Server] ...finished evaluation!                
	=> Loss: 67.1635                
	=> Accuracy: 5.48%

[INFO](2026/08/19/ 02:16:43 AM) [Round: 0032] Select clients...!
[INFO](2026/08/19/ 02:16:44 AM) [Round: 0032] ...successfully transmitted models to 10 selected clients!
[INFO](2026/08/19/ 02:16:44 AM) [Round: 0032] Start updating selected 10 clients...!
[INFO](2026/08/19/ 02:16:55 AM) [Round: 0032] ...10 clients are selected and updated (with total sample size: 43)!
[INFO](2026/08/19/ 02:16:55 AM) [Round: 0032] Aggregate updated weights of 10 clients...!
[INFO](2026/08/19/ 02:16:56 AM) [Round: 0032] ...updated weights of 10 clients are successfully averaged!
[INFO](2026/08/19/ 02:16:57 AM) [Round: 0032] Evaluate global model's performance...!                
	[Server] ...finished evaluation!                
	=> Loss: 75.8181                
	=> Accuracy: 5.95%

[INFO](2026/08/19/ 02:16:58 AM) [Round: 0033] Select clients...!
[INFO](2026/08/19/ 02:16:58 AM) [Round: 0033] ...successfully transmitted models to 10 selected clients!
[INFO](2026/08/19/ 02:16:58 AM) [Round: 0033] Start updating selected 10 clients...!
[INFO](2026/08/19/ 02:17:09 AM) [Round: 0033] ...10 clients are selected and updated (with total sample size: 30)!
[INFO](2026/08/19/ 02:17:09 AM) [Round: 0033] Aggregate updated weights of 10 clients...!
[INFO](2026/08/19/ 02:17:09 AM) [Round: 0033] ...updated weights of 10 clients are successfully averaged!
[INFO](2026/08/19/ 02:17:11 AM) [Round: 0033] Evaluate global model's performance...!                
	[Server] ...finished evaluation!                
	=> Loss: 137.6393                
	=> Accuracy: 5.95%

[INFO](2026/08/19/ 02:17:11 AM) [Round: 0034] Select clients...!
[INFO](2026/08/19/ 02:17:12 AM) [Round: 0034] ...successfully transmitted models to 10 selected clients!
[INFO](2026/08/19/ 02:17:12 AM) [Round: 0034] Start updating selected 10 clients...!
[INFO](2026/08/19/ 02:17:22 AM) [Round: 0034] ...10 clients are selected and updated (with total sample size: 35)!
[INFO](2026/08/19/ 02:17:22 AM) [Round: 0034] Aggregate updated weights of 10 clients...!
[INFO](2026/08/19/ 02:17:22 AM) [Round: 0034] ...updated weights of 10 clients are successfully averaged!
[INFO](2026/08/19/ 02:17:24 AM) [Round: 0034] Evaluate global model's performance...!                
	[Server] ...finished evaluation!                
	=> Loss: 146.9448                
	=> Accuracy: 5.95%

[INFO](2026/08/19/ 02:17:24 AM) [Round: 0035] Select clients...!
[INFO](2026/08/19/ 02:17:25 AM) [Round: 0035] ...successfully transmitted models to 10 selected clients!
[INFO](2026/08/19/ 02:17:25 AM) [Round: 0035] Start updating selected 10 clients...!
[INFO](2026/08/19/ 02:17:37 AM) [Round: 0035] ...10 clients are selected and updated (with total sample size: 57)!
[INFO](2026/08/19/ 02:17:37 AM) [Round: 0035] Aggregate updated weights of 10 clients...!
[INFO](2026/08/19/ 02:17:38 AM) [Round: 0035] ...updated weights of 10 clients are successfully averaged!
[INFO](2026/08/19/ 02:17:39 AM) [Round: 0035] Evaluate global model's performance...!                
	[Server] ...finished evaluation!                
	=> Loss: 52.8470                
	=> Accuracy: 5.00%

[INFO](2026/08/19/ 02:17:39 AM) [Round: 0036] Select clients...!
[INFO](2026/08/19/ 02:17:40 AM) [Round: 0036] ...successfully transmitted models to 10 selected clients!
[INFO](2026/08/19/ 02:17:40 AM) [Round: 0036] Start updating selected 10 clients...!
[INFO](2026/08/19/ 02:17:52 AM) [Round: 0036] ...10 clients are selected and updated (with total sample size: 43)!
[INFO](2026/08/19/ 02:17:52 AM) [Round: 0036] Aggregate updated weights of 10 clients...!
[INFO](2026/08/19/ 02:17:52 AM) [Round: 0036] ...updated weights of 10 clients are successfully averaged!
[INFO](2026/08/19/ 02:17:54 AM) [Round: 0036] Evaluate global model's performance...!                
	[Server] ...finished evaluation!                
	=> Loss: 110.7195                
	=> Accuracy: 5.95%

[INFO](2026/08/19/ 02:17:54 AM) [Round: 0037] Select clients...!
[INFO](2026/08/19/ 02:17:55 AM) [Round: 0037] ...successfully transmitted models to 10 selected clients!
[INFO](2026/08/19/ 02:17:55 AM) [Round: 0037] Start updating selected 10 clients...!
[INFO](2026/08/19/ 02:18:05 AM) [Round: 0037] ...10 clients are selected and updated (with total sample size: 57)!
[INFO](2026/08/19/ 02:18:05 AM) [Round: 0037] Aggregate updated weights of 10 clients...!
[INFO](2026/08/19/ 02:18:05 AM) [Round: 0037] ...updated weights of 10 clients are successfully averaged!
[INFO](2026/08/19/ 02:18:07 AM) [Round: 0037] Evaluate global model's performance...!                
	[Server] ...finished evaluation!                
	=> Loss: 235.3629                
	=> Accuracy: 3.57%

[INFO](2026/08/19/ 02:18:07 AM) [Round: 0038] Select clients...!
[INFO](2026/08/19/ 02:18:07 AM) [Round: 0038] ...successfully transmitted models to 10 selected clients!
[INFO](2026/08/19/ 02:18:07 AM) [Round: 0038] Start updating selected 10 clients...!
[INFO](2026/08/19/ 02:18:19 AM) [Round: 0038] ...10 clients are selected and updated (with total sample size: 30)!
[INFO](2026/08/19/ 02:18:19 AM) [Round: 0038] Aggregate updated weights of 10 clients...!
[INFO](2026/08/19/ 02:18:19 AM) [Round: 0038] ...updated weights of 10 clients are successfully averaged!
[INFO](2026/08/19/ 02:18:20 AM) [Round: 0038] Evaluate global model's performance...!                
	[Server] ...finished evaluation!                
	=> Loss: 130.0808                
	=> Accuracy: 5.71%

[INFO](2026/08/19/ 02:18:20 AM) [Round: 0039] Select clients...!
[INFO](2026/08/19/ 02:18:21 AM) [Round: 0039] ...successfully transmitted models to 10 selected clients!
[INFO](2026/08/19/ 02:18:21 AM) [Round: 0039] Start updating selected 10 clients...!
[INFO](2026/08/19/ 02:18:31 AM) [Round: 0039] ...10 clients are selected and updated (with total sample size: 57)!
[INFO](2026/08/19/ 02:18:31 AM) [Round: 0039] Aggregate updated weights of 10 clients...!
[INFO](2026/08/19/ 02:18:31 AM) [Round: 0039] ...updated weights of 10 clients are successfully averaged!
[INFO](2026/08/19/ 02:18:33 AM) [Round: 0039] Evaluate global model's performance...!                
	[Server] ...finished evaluation!                
	=> Loss: 25.7974                
	=> Accuracy: 5.95%

[INFO](2026/08/19/ 02:18:33 AM) [Round: 0040] Select clients...!
[INFO](2026/08/19/ 02:18:33 AM) [Round: 0040] ...successfully transmitted models to 10 selected clients!
[INFO](2026/08/19/ 02:18:33 AM) [Round: 0040] Start updating selected 10 clients...!
[INFO](2026/08/19/ 02:18:43 AM) [Round: 0040] ...10 clients are selected and updated (with total sample size: 28)!
[INFO](2026/08/19/ 02:18:43 AM) [Round: 0040] Aggregate updated weights of 10 clients...!
[INFO](2026/08/19/ 02:18:43 AM) [Round: 0040] ...updated weights of 10 clients are successfully averaged!
[INFO](2026/08/19/ 02:18:45 AM) [Round: 0040] Evaluate global model's performance...!                
	[Server] ...finished evaluation!                
	=> Loss: 4.1112                
	=> Accuracy: 5.71%

[INFO](2026/08/19/ 02:18:45 AM) [Round: 0041] Select clients...!
[INFO](2026/08/19/ 02:18:46 AM) [Round: 0041] ...successfully transmitted models to 10 selected clients!
[INFO](2026/08/19/ 02:18:46 AM) [Round: 0041] Start updating selected 10 clients...!
[INFO](2026/08/19/ 02:18:56 AM) [Round: 0041] ...10 clients are selected and updated (with total sample size: 56)!
[INFO](2026/08/19/ 02:18:56 AM) [Round: 0041] Aggregate updated weights of 10 clients...!
[INFO](2026/08/19/ 02:18:57 AM) [Round: 0041] ...updated weights of 10 clients are successfully averaged!
[INFO](2026/08/19/ 02:18:58 AM) [Round: 0041] Evaluate global model's performance...!                
	[Server] ...finished evaluation!                
	=> Loss: 3.2082                
	=> Accuracy: 4.76%

[INFO](2026/08/19/ 02:18:58 AM) [Round: 0042] Select clients...!
[INFO](2026/08/19/ 02:18:59 AM) [Round: 0042] ...successfully transmitted models to 10 selected clients!
[INFO](2026/08/19/ 02:18:59 AM) [Round: 0042] Start updating selected 10 clients...!
[INFO](2026/08/19/ 02:19:09 AM) [Round: 0042] ...10 clients are selected and updated (with total sample size: 52)!
[INFO](2026/08/19/ 02:19:09 AM) [Round: 0042] Aggregate updated weights of 10 clients...!
[INFO](2026/08/19/ 02:19:10 AM) [Round: 0042] ...updated weights of 10 clients are successfully averaged!
[INFO](2026/08/19/ 02:19:11 AM) [Round: 0042] Evaluate global model's performance...!                
	[Server] ...finished evaluation!                
	=> Loss: 5.7619                
	=> Accuracy: 5.48%

[INFO](2026/08/19/ 02:19:11 AM) [Round: 0043] Select clients...!
[INFO](2026/08/19/ 02:19:12 AM) [Round: 0043] ...successfully transmitted models to 10 selected clients!
[INFO](2026/08/19/ 02:19:12 AM) [Round: 0043] Start updating selected 10 clients...!
[INFO](2026/08/19/ 02:19:24 AM) [Round: 0043] ...10 clients are selected and updated (with total sample size: 52)!
[INFO](2026/08/19/ 02:19:24 AM) [Round: 0043] Aggregate updated weights of 10 clients...!
[INFO](2026/08/19/ 02:19:24 AM) [Round: 0043] ...updated weights of 10 clients are successfully averaged!
[INFO](2026/08/19/ 02:19:26 AM) [Round: 0043] Evaluate global model's performance...!                
	[Server] ...finished evaluation!                
	=> Loss: 3.2566                
	=> Accuracy: 4.52%

[INFO](2026/08/19/ 02:19:26 AM) [Round: 0044] Select clients...!
[INFO](2026/08/19/ 02:19:27 AM) [Round: 0044] ...successfully transmitted models to 10 selected clients!
[INFO](2026/08/19/ 02:19:27 AM) [Round: 0044] Start updating selected 10 clients...!
[INFO](2026/08/19/ 02:19:38 AM) [Round: 0044] ...10 clients are selected and updated (with total sample size: 57)!
[INFO](2026/08/19/ 02:19:38 AM) [Round: 0044] Aggregate updated weights of 10 clients...!
[INFO](2026/08/19/ 02:19:38 AM) [Round: 0044] ...updated weights of 10 clients are successfully averaged!
[INFO](2026/08/19/ 02:19:40 AM) [Round: 0044] Evaluate global model's performance...!                
	[Server] ...finished evaluation!                
	=> Loss: 3.4070                
	=> Accuracy: 4.76%

[INFO](2026/08/19/ 02:19:40 AM) [Round: 0045] Select clients...!
[INFO](2026/08/19/ 02:19:40 AM) [Round: 0045] ...successfully transmitted models to 10 selected clients!
[INFO](2026/08/19/ 02:19:41 AM) [Round: 0045] Start updating selected 10 clients...!
[INFO](2026/08/19/ 02:19:51 AM) [Round: 0045] ...10 clients are selected and updated (with total sample size: 39)!
[INFO](2026/08/19/ 02:19:51 AM) [Round: 0045] Aggregate updated weights of 10 clients...!
[INFO](2026/08/19/ 02:19:51 AM) [Round: 0045] ...updated weights of 10 clients are successfully averaged!
[INFO](2026/08/19/ 02:19:53 AM) [Round: 0045] Evaluate global model's performance...!                
	[Server] ...finished evaluation!                
	=> Loss: 3.0972                
	=> Accuracy: 4.76%

[INFO](2026/08/19/ 02:19:53 AM) [Round: 0046] Select clients...!
[INFO](2026/08/19/ 02:19:54 AM) [Round: 0046] ...successfully transmitted models to 10 selected clients!
[INFO](2026/08/19/ 02:19:54 AM) [Round: 0046] Start updating selected 10 clients...!
[INFO](2026/08/19/ 02:20:05 AM) [Round: 0046] ...10 clients are selected and updated (with total sample size: 30)!
[INFO](2026/08/19/ 02:20:05 AM) [Round: 0046] Aggregate updated weights of 10 clients...!
[INFO](2026/08/19/ 02:20:06 AM) [Round: 0046] ...updated weights of 10 clients are successfully averaged!
[INFO](2026/08/19/ 02:20:07 AM) [Round: 0046] Evaluate global model's performance...!                
	[Server] ...finished evaluation!                
	=> Loss: 3.2198                
	=> Accuracy: 5.95%

[INFO](2026/08/19/ 02:20:07 AM) [Round: 0047] Select clients...!
[INFO](2026/08/19/ 02:20:08 AM) [Round: 0047] ...successfully transmitted models to 10 selected clients!
[INFO](2026/08/19/ 02:20:08 AM) [Round: 0047] Start updating selected 10 clients...!
[INFO](2026/08/19/ 02:20:18 AM) [Round: 0047] ...10 clients are selected and updated (with total sample size: 30)!
[INFO](2026/08/19/ 02:20:18 AM) [Round: 0047] Aggregate updated weights of 10 clients...!
[INFO](2026/08/19/ 02:20:19 AM) [Round: 0047] ...updated weights of 10 clients are successfully averaged!
[INFO](2026/08/19/ 02:20:20 AM) [Round: 0047] Evaluate global model's performance...!                
	[Server] ...finished evaluation!                
	=> Loss: 3.2784                
	=> Accuracy: 4.76%

[INFO](2026/08/19/ 02:20:20 AM) [Round: 0048] Select clients...!
[INFO](2026/08/19/ 02:20:21 AM) [Round: 0048] ...successfully transmitted models to 10 selected clients!
[INFO](2026/08/19/ 02:20:21 AM) [Round: 0048] Start updating selected 10 clients...!
[INFO](2026/08/19/ 02:20:31 AM) [Round: 0048] ...10 clients are selected and updated (with total sample size: 39)!
[INFO](2026/08/19/ 02:20:31 AM) [Round: 0048] Aggregate updated weights of 10 clients...!
[INFO](2026/08/19/ 02:20:31 AM) [Round: 0048] ...updated weights of 10 clients are successfully averaged!
[INFO](2026/08/19/ 02:20:33 AM) [Round: 0048] Evaluate global model's performance...!                
	[Server] ...finished evaluation!                
	=> Loss: 4.0436                
	=> Accuracy: 4.76%

[INFO](2026/08/19/ 02:20:33 AM) [Round: 0049] Select clients...!
[INFO](2026/08/19/ 02:20:33 AM) [Round: 0049] ...successfully transmitted models to 10 selected clients!
[INFO](2026/08/19/ 02:20:33 AM) [Round: 0049] Start updating selected 10 clients...!
[INFO](2026/08/19/ 02:20:45 AM) [Round: 0049] ...10 clients are selected and updated (with total sample size: 52)!
[INFO](2026/08/19/ 02:20:45 AM) [Round: 0049] Aggregate updated weights of 10 clients...!
[INFO](2026/08/19/ 02:20:45 AM) [Round: 0049] ...updated weights of 10 clients are successfully averaged!
[INFO](2026/08/19/ 02:20:47 AM) [Round: 0049] Evaluate global model's performance...!                
	[Server] ...finished evaluation!                
	=> Loss: 4.5542                
	=> Accuracy: 6.90%

[INFO](2026/08/19/ 02:20:47 AM) [Round: 0050] Select clients...!
[INFO](2026/08/19/ 02:20:47 AM) [Round: 0050] ...successfully transmitted models to 10 selected clients!
[INFO](2026/08/19/ 02:20:48 AM) [Round: 0050] Start updating selected 10 clients...!
[INFO](2026/08/19/ 02:20:58 AM) [Round: 0050] ...10 clients are selected and updated (with total sample size: 43)!
[INFO](2026/08/19/ 02:20:59 AM) [Round: 0050] Aggregate updated weights of 10 clients...!
[INFO](2026/08/19/ 02:20:59 AM) [Round: 0050] ...updated weights of 10 clients are successfully averaged!
[INFO](2026/08/19/ 02:21:01 AM) [Round: 0050] Evaluate global model's performance...!                
	[Server] ...finished evaluation!                
	=> Loss: 7.7845                
	=> Accuracy: 8.33%

[INFO](2026/08/19/ 02:21:01 AM) [Round: 0051] Select clients...!
[INFO](2026/08/19/ 02:21:01 AM) [Round: 0051] ...successfully transmitted models to 10 selected clients!
[INFO](2026/08/19/ 02:21:02 AM) [Round: 0051] Start updating selected 10 clients...!
[INFO](2026/08/19/ 02:21:13 AM) [Round: 0051] ...10 clients are selected and updated (with total sample size: 39)!
[INFO](2026/08/19/ 02:21:13 AM) [Round: 0051] Aggregate updated weights of 10 clients...!
[INFO](2026/08/19/ 02:21:13 AM) [Round: 0051] ...updated weights of 10 clients are successfully averaged!
[INFO](2026/08/19/ 02:21:15 AM) [Round: 0051] Evaluate global model's performance...!                
	[Server] ...finished evaluation!                
	=> Loss: 11.1554                
	=> Accuracy: 8.33%

[INFO](2026/08/19/ 02:21:15 AM) [Round: 0052] Select clients...!
[INFO](2026/08/19/ 02:21:16 AM) [Round: 0052] ...successfully transmitted models to 10 selected clients!
[INFO](2026/08/19/ 02:21:16 AM) [Round: 0052] Start updating selected 10 clients...!
[INFO](2026/08/19/ 02:21:25 AM) [Round: 0052] ...10 clients are selected and updated (with total sample size: 57)!
[INFO](2026/08/19/ 02:21:25 AM) [Round: 0052] Aggregate updated weights of 10 clients...!
[INFO](2026/08/19/ 02:21:26 AM) [Round: 0052] ...updated weights of 10 clients are successfully averaged!
[INFO](2026/08/19/ 02:21:27 AM) [Round: 0052] Evaluate global model's performance...!                
	[Server] ...finished evaluation!                
	=> Loss: 9.4186                
	=> Accuracy: 4.76%

[INFO](2026/08/19/ 02:21:27 AM) [Round: 0053] Select clients...!
[INFO](2026/08/19/ 02:21:28 AM) [Round: 0053] ...successfully transmitted models to 10 selected clients!
[INFO](2026/08/19/ 02:21:28 AM) [Round: 0053] Start updating selected 10 clients...!
[INFO](2026/08/19/ 02:21:39 AM) [Round: 0053] ...10 clients are selected and updated (with total sample size: 28)!
[INFO](2026/08/19/ 02:21:39 AM) [Round: 0053] Aggregate updated weights of 10 clients...!
[INFO](2026/08/19/ 02:21:40 AM) [Round: 0053] ...updated weights of 10 clients are successfully averaged!
[INFO](2026/08/19/ 02:21:41 AM) [Round: 0053] Evaluate global model's performance...!                
	[Server] ...finished evaluation!                
	=> Loss: 9.6769                
	=> Accuracy: 10.48%

[INFO](2026/08/19/ 02:21:41 AM) [Round: 0054] Select clients...!
[INFO](2026/08/19/ 02:21:42 AM) [Round: 0054] ...successfully transmitted models to 10 selected clients!
[INFO](2026/08/19/ 02:21:42 AM) [Round: 0054] Start updating selected 10 clients...!
[INFO](2026/08/19/ 02:21:53 AM) [Round: 0054] ...10 clients are selected and updated (with total sample size: 52)!
[INFO](2026/08/19/ 02:21:53 AM) [Round: 0054] Aggregate updated weights of 10 clients...!
[INFO](2026/08/19/ 02:21:54 AM) [Round: 0054] ...updated weights of 10 clients are successfully averaged!
[INFO](2026/08/19/ 02:21:55 AM) [Round: 0054] Evaluate global model's performance...!                
	[Server] ...finished evaluation!                
	=> Loss: 13.6067                
	=> Accuracy: 8.33%

[INFO](2026/08/19/ 02:21:55 AM) [Round: 0055] Select clients...!
[INFO](2026/08/19/ 02:21:56 AM) [Round: 0055] ...successfully transmitted models to 10 selected clients!
[INFO](2026/08/19/ 02:21:56 AM) [Round: 0055] Start updating selected 10 clients...!
[INFO](2026/08/19/ 02:22:10 AM) [Round: 0055] ...10 clients are selected and updated (with total sample size: 42)!
[INFO](2026/08/19/ 02:22:10 AM) [Round: 0055] Aggregate updated weights of 10 clients...!
[INFO](2026/08/19/ 02:22:10 AM) [Round: 0055] ...updated weights of 10 clients are successfully averaged!
[INFO](2026/08/19/ 02:22:12 AM) [Round: 0055] Evaluate global model's performance...!                
	[Server] ...finished evaluation!                
	=> Loss: 4.9208                
	=> Accuracy: 5.71%

[INFO](2026/08/19/ 02:22:12 AM) [Round: 0056] Select clients...!
[INFO](2026/08/19/ 02:22:12 AM) [Round: 0056] ...successfully transmitted models to 10 selected clients!
[INFO](2026/08/19/ 02:22:12 AM) [Round: 0056] Start updating selected 10 clients...!
[INFO](2026/08/19/ 02:22:24 AM) [Round: 0056] ...10 clients are selected and updated (with total sample size: 30)!
[INFO](2026/08/19/ 02:22:24 AM) [Round: 0056] Aggregate updated weights of 10 clients...!
[INFO](2026/08/19/ 02:22:25 AM) [Round: 0056] ...updated weights of 10 clients are successfully averaged!
[INFO](2026/08/19/ 02:22:26 AM) [Round: 0056] Evaluate global model's performance...!                
	[Server] ...finished evaluation!                
	=> Loss: 12.4212                
	=> Accuracy: 8.57%

[INFO](2026/08/19/ 02:22:27 AM) [Round: 0057] Select clients...!
[INFO](2026/08/19/ 02:22:27 AM) [Round: 0057] ...successfully transmitted models to 10 selected clients!
[INFO](2026/08/19/ 02:22:27 AM) [Round: 0057] Start updating selected 10 clients...!
[INFO](2026/08/19/ 02:22:38 AM) [Round: 0057] ...10 clients are selected and updated (with total sample size: 52)!
[INFO](2026/08/19/ 02:22:38 AM) [Round: 0057] Aggregate updated weights of 10 clients...!
[INFO](2026/08/19/ 02:22:39 AM) [Round: 0057] ...updated weights of 10 clients are successfully averaged!
[INFO](2026/08/19/ 02:22:40 AM) [Round: 0057] Evaluate global model's performance...!                
	[Server] ...finished evaluation!                
	=> Loss: 13.5045                
	=> Accuracy: 7.62%

[INFO](2026/08/19/ 02:22:41 AM) [Round: 0058] Select clients...!
[INFO](2026/08/19/ 02:22:41 AM) [Round: 0058] ...successfully transmitted models to 10 selected clients!
[INFO](2026/08/19/ 02:22:41 AM) [Round: 0058] Start updating selected 10 clients...!
[INFO](2026/08/19/ 02:22:53 AM) [Round: 0058] ...10 clients are selected and updated (with total sample size: 30)!
[INFO](2026/08/19/ 02:22:53 AM) [Round: 0058] Aggregate updated weights of 10 clients...!
[INFO](2026/08/19/ 02:22:53 AM) [Round: 0058] ...updated weights of 10 clients are successfully averaged!
[INFO](2026/08/19/ 02:22:55 AM) [Round: 0058] Evaluate global model's performance...!                
	[Server] ...finished evaluation!                
	=> Loss: 36.2976                
	=> Accuracy: 4.29%

[INFO](2026/08/19/ 02:22:55 AM) [Round: 0059] Select clients...!
[INFO](2026/08/19/ 02:22:56 AM) [Round: 0059] ...successfully transmitted models to 10 selected clients!
[INFO](2026/08/19/ 02:22:56 AM) [Round: 0059] Start updating selected 10 clients...!
[INFO](2026/08/19/ 02:23:09 AM) [Round: 0059] ...10 clients are selected and updated (with total sample size: 43)!
[INFO](2026/08/19/ 02:23:09 AM) [Round: 0059] Aggregate updated weights of 10 clients...!
[INFO](2026/08/19/ 02:23:09 AM) [Round: 0059] ...updated weights of 10 clients are successfully averaged!
[INFO](2026/08/19/ 02:23:11 AM) [Round: 0059] Evaluate global model's performance...!                
	[Server] ...finished evaluation!                
	=> Loss: 25.1713                
	=> Accuracy: 1.90%

[INFO](2026/08/19/ 02:23:11 AM) [Round: 0060] Select clients...!
[INFO](2026/08/19/ 02:23:12 AM) [Round: 0060] ...successfully transmitted models to 10 selected clients!
[INFO](2026/08/19/ 02:23:12 AM) [Round: 0060] Start updating selected 10 clients...!
[INFO](2026/08/19/ 02:23:25 AM) [Round: 0060] ...10 clients are selected and updated (with total sample size: 57)!
[INFO](2026/08/19/ 02:23:25 AM) [Round: 0060] Aggregate updated weights of 10 clients...!
[INFO](2026/08/19/ 02:23:25 AM) [Round: 0060] ...updated weights of 10 clients are successfully averaged!
[INFO](2026/08/19/ 02:23:27 AM) [Round: 0060] Evaluate global model's performance...!                
	[Server] ...finished evaluation!                
	=> Loss: 3.3043                
	=> Accuracy: 4.76%

[INFO](2026/08/19/ 02:23:27 AM) [Round: 0061] Select clients...!
[INFO](2026/08/19/ 02:23:28 AM) [Round: 0061] ...successfully transmitted models to 10 selected clients!
[INFO](2026/08/19/ 02:23:28 AM) [Round: 0061] Start updating selected 10 clients...!
[INFO](2026/08/19/ 02:23:39 AM) [Round: 0061] ...10 clients are selected and updated (with total sample size: 42)!
[INFO](2026/08/19/ 02:23:39 AM) [Round: 0061] Aggregate updated weights of 10 clients...!
[INFO](2026/08/19/ 02:23:39 AM) [Round: 0061] ...updated weights of 10 clients are successfully averaged!
[INFO](2026/08/19/ 02:23:41 AM) [Round: 0061] Evaluate global model's performance...!                
	[Server] ...finished evaluation!                
	=> Loss: 3.7441                
	=> Accuracy: 7.38%

[INFO](2026/08/19/ 02:23:41 AM) [Round: 0062] Select clients...!
[INFO](2026/08/19/ 02:23:42 AM) [Round: 0062] ...successfully transmitted models to 10 selected clients!
[INFO](2026/08/19/ 02:23:42 AM) [Round: 0062] Start updating selected 10 clients...!
[INFO](2026/08/19/ 02:23:52 AM) [Round: 0062] ...10 clients are selected and updated (with total sample size: 56)!
[INFO](2026/08/19/ 02:23:52 AM) [Round: 0062] Aggregate updated weights of 10 clients...!
[INFO](2026/08/19/ 02:23:53 AM) [Round: 0062] ...updated weights of 10 clients are successfully averaged!
[INFO](2026/08/19/ 02:23:54 AM) [Round: 0062] Evaluate global model's performance...!                
	[Server] ...finished evaluation!                
	=> Loss: 12.3505                
	=> Accuracy: 9.52%

[INFO](2026/08/19/ 02:23:54 AM) [Round: 0063] Select clients...!
[INFO](2026/08/19/ 02:23:55 AM) [Round: 0063] ...successfully transmitted models to 10 selected clients!
[INFO](2026/08/19/ 02:23:55 AM) [Round: 0063] Start updating selected 10 clients...!
[INFO](2026/08/19/ 02:24:09 AM) [Round: 0063] ...10 clients are selected and updated (with total sample size: 39)!
[INFO](2026/08/19/ 02:24:09 AM) [Round: 0063] Aggregate updated weights of 10 clients...!
[INFO](2026/08/19/ 02:24:09 AM) [Round: 0063] ...updated weights of 10 clients are successfully averaged!
[INFO](2026/08/19/ 02:24:11 AM) [Round: 0063] Evaluate global model's performance...!                
	[Server] ...finished evaluation!                
	=> Loss: 15.0625                
	=> Accuracy: 7.38%

[INFO](2026/08/19/ 02:24:11 AM) [Round: 0064] Select clients...!
[INFO](2026/08/19/ 02:24:12 AM) [Round: 0064] ...successfully transmitted models to 10 selected clients!
[INFO](2026/08/19/ 02:24:12 AM) [Round: 0064] Start updating selected 10 clients...!
[INFO](2026/08/19/ 02:24:22 AM) [Round: 0064] ...10 clients are selected and updated (with total sample size: 32)!
[INFO](2026/08/19/ 02:24:22 AM) [Round: 0064] Aggregate updated weights of 10 clients...!
[INFO](2026/08/19/ 02:24:23 AM) [Round: 0064] ...updated weights of 10 clients are successfully averaged!
[INFO](2026/08/19/ 02:24:24 AM) [Round: 0064] Evaluate global model's performance...!                
	[Server] ...finished evaluation!                
	=> Loss: 12.6143                
	=> Accuracy: 4.05%

[INFO](2026/08/19/ 02:24:25 AM) [Round: 0065] Select clients...!
[INFO](2026/08/19/ 02:24:25 AM) [Round: 0065] ...successfully transmitted models to 10 selected clients!
[INFO](2026/08/19/ 02:24:25 AM) [Round: 0065] Start updating selected 10 clients...!
[INFO](2026/08/19/ 02:24:36 AM) [Round: 0065] ...10 clients are selected and updated (with total sample size: 42)!
[INFO](2026/08/19/ 02:24:37 AM) [Round: 0065] Aggregate updated weights of 10 clients...!
[INFO](2026/08/19/ 02:24:37 AM) [Round: 0065] ...updated weights of 10 clients are successfully averaged!
[INFO](2026/08/19/ 02:24:38 AM) [Round: 0065] Evaluate global model's performance...!                
	[Server] ...finished evaluation!                
	=> Loss: 16.9168                
	=> Accuracy: 4.05%

[INFO](2026/08/19/ 02:24:39 AM) [Round: 0066] Select clients...!
[INFO](2026/08/19/ 02:24:39 AM) [Round: 0066] ...successfully transmitted models to 10 selected clients!
[INFO](2026/08/19/ 02:24:39 AM) [Round: 0066] Start updating selected 10 clients...!
[INFO](2026/08/19/ 02:24:51 AM) [Round: 0066] ...10 clients are selected and updated (with total sample size: 43)!
[INFO](2026/08/19/ 02:24:51 AM) [Round: 0066] Aggregate updated weights of 10 clients...!
[INFO](2026/08/19/ 02:24:51 AM) [Round: 0066] ...updated weights of 10 clients are successfully averaged!
[INFO](2026/08/19/ 02:24:53 AM) [Round: 0066] Evaluate global model's performance...!                
	[Server] ...finished evaluation!                
	=> Loss: 22.3949                
	=> Accuracy: 6.19%

[INFO](2026/08/19/ 02:24:53 AM) [Round: 0067] Select clients...!
[INFO](2026/08/19/ 02:24:54 AM) [Round: 0067] ...successfully transmitted models to 10 selected clients!
[INFO](2026/08/19/ 02:24:54 AM) [Round: 0067] Start updating selected 10 clients...!
[INFO](2026/08/19/ 02:25:05 AM) [Round: 0067] ...10 clients are selected and updated (with total sample size: 30)!
[INFO](2026/08/19/ 02:25:05 AM) [Round: 0067] Aggregate updated weights of 10 clients...!
[INFO](2026/08/19/ 02:25:05 AM) [Round: 0067] ...updated weights of 10 clients are successfully averaged!
[INFO](2026/08/19/ 02:25:07 AM) [Round: 0067] Evaluate global model's performance...!                
	[Server] ...finished evaluation!                
	=> Loss: 11.4464                
	=> Accuracy: 6.43%

[INFO](2026/08/19/ 02:25:07 AM) [Round: 0068] Select clients...!
[INFO](2026/08/19/ 02:25:07 AM) [Round: 0068] ...successfully transmitted models to 10 selected clients!
[INFO](2026/08/19/ 02:25:07 AM) [Round: 0068] Start updating selected 10 clients...!
[INFO](2026/08/19/ 02:25:17 AM) [Round: 0068] ...10 clients are selected and updated (with total sample size: 43)!
[INFO](2026/08/19/ 02:25:17 AM) [Round: 0068] Aggregate updated weights of 10 clients...!
[INFO](2026/08/19/ 02:25:18 AM) [Round: 0068] ...updated weights of 10 clients are successfully averaged!
[INFO](2026/08/19/ 02:25:19 AM) [Round: 0068] Evaluate global model's performance...!                
	[Server] ...finished evaluation!                
	=> Loss: 20.5067                
	=> Accuracy: 4.52%

[INFO](2026/08/19/ 02:25:20 AM) [Round: 0069] Select clients...!
[INFO](2026/08/19/ 02:25:20 AM) [Round: 0069] ...successfully transmitted models to 10 selected clients!
[INFO](2026/08/19/ 02:25:20 AM) [Round: 0069] Start updating selected 10 clients...!
[INFO](2026/08/19/ 02:25:31 AM) [Round: 0069] ...10 clients are selected and updated (with total sample size: 39)!
[INFO](2026/08/19/ 02:25:31 AM) [Round: 0069] Aggregate updated weights of 10 clients...!
[INFO](2026/08/19/ 02:25:31 AM) [Round: 0069] ...updated weights of 10 clients are successfully averaged!
[INFO](2026/08/19/ 02:25:33 AM) [Round: 0069] Evaluate global model's performance...!                
	[Server] ...finished evaluation!                
	=> Loss: 15.6587                
	=> Accuracy: 6.19%

[INFO](2026/08/19/ 02:25:33 AM) [Round: 0070] Select clients...!
[INFO](2026/08/19/ 02:25:33 AM) [Round: 0070] ...successfully transmitted models to 10 selected clients!
[INFO](2026/08/19/ 02:25:33 AM) [Round: 0070] Start updating selected 10 clients...!
[INFO](2026/08/19/ 02:25:45 AM) [Round: 0070] ...10 clients are selected and updated (with total sample size: 43)!
[INFO](2026/08/19/ 02:25:45 AM) [Round: 0070] Aggregate updated weights of 10 clients...!
[INFO](2026/08/19/ 02:25:45 AM) [Round: 0070] ...updated weights of 10 clients are successfully averaged!
[INFO](2026/08/19/ 02:25:47 AM) [Round: 0070] Evaluate global model's performance...!                
	[Server] ...finished evaluation!                
	=> Loss: 12.1629                
	=> Accuracy: 5.00%

[INFO](2026/08/19/ 02:25:47 AM) [Round: 0071] Select clients...!
[INFO](2026/08/19/ 02:25:48 AM) [Round: 0071] ...successfully transmitted models to 10 selected clients!
[INFO](2026/08/19/ 02:25:48 AM) [Round: 0071] Start updating selected 10 clients...!
[INFO](2026/08/19/ 02:25:59 AM) [Round: 0071] ...10 clients are selected and updated (with total sample size: 43)!
[INFO](2026/08/19/ 02:25:59 AM) [Round: 0071] Aggregate updated weights of 10 clients...!
[INFO](2026/08/19/ 02:25:59 AM) [Round: 0071] ...updated weights of 10 clients are successfully averaged!
[INFO](2026/08/19/ 02:26:01 AM) [Round: 0071] Evaluate global model's performance...!                
	[Server] ...finished evaluation!                
	=> Loss: 6.8492                
	=> Accuracy: 5.24%

[INFO](2026/08/19/ 02:26:01 AM) [Round: 0072] Select clients...!
[INFO](2026/08/19/ 02:26:02 AM) [Round: 0072] ...successfully transmitted models to 10 selected clients!
[INFO](2026/08/19/ 02:26:02 AM) [Round: 0072] Start updating selected 10 clients...!
[INFO](2026/08/19/ 02:26:12 AM) [Round: 0072] ...10 clients are selected and updated (with total sample size: 35)!
[INFO](2026/08/19/ 02:26:12 AM) [Round: 0072] Aggregate updated weights of 10 clients...!
[INFO](2026/08/19/ 02:26:12 AM) [Round: 0072] ...updated weights of 10 clients are successfully averaged!
[INFO](2026/08/19/ 02:26:14 AM) [Round: 0072] Evaluate global model's performance...!                
	[Server] ...finished evaluation!                
	=> Loss: 4.4424                
	=> Accuracy: 7.14%

[INFO](2026/08/19/ 02:26:14 AM) [Round: 0073] Select clients...!
[INFO](2026/08/19/ 02:26:15 AM) [Round: 0073] ...successfully transmitted models to 10 selected clients!
[INFO](2026/08/19/ 02:26:15 AM) [Round: 0073] Start updating selected 10 clients...!
[INFO](2026/08/19/ 02:26:27 AM) [Round: 0073] ...10 clients are selected and updated (with total sample size: 52)!
[INFO](2026/08/19/ 02:26:27 AM) [Round: 0073] Aggregate updated weights of 10 clients...!
[INFO](2026/08/19/ 02:26:27 AM) [Round: 0073] ...updated weights of 10 clients are successfully averaged!
[INFO](2026/08/19/ 02:26:29 AM) [Round: 0073] Evaluate global model's performance...!                
	[Server] ...finished evaluation!                
	=> Loss: 7.5646                
	=> Accuracy: 5.00%

[INFO](2026/08/19/ 02:26:29 AM) [Round: 0074] Select clients...!
[INFO](2026/08/19/ 02:26:30 AM) [Round: 0074] ...successfully transmitted models to 10 selected clients!
[INFO](2026/08/19/ 02:26:30 AM) [Round: 0074] Start updating selected 10 clients...!
[INFO](2026/08/19/ 02:26:41 AM) [Round: 0074] ...10 clients are selected and updated (with total sample size: 57)!
[INFO](2026/08/19/ 02:26:41 AM) [Round: 0074] Aggregate updated weights of 10 clients...!
[INFO](2026/08/19/ 02:26:41 AM) [Round: 0074] ...updated weights of 10 clients are successfully averaged!
[INFO](2026/08/19/ 02:26:43 AM) [Round: 0074] Evaluate global model's performance...!                
	[Server] ...finished evaluation!                
	=> Loss: 9.2996                
	=> Accuracy: 9.05%

[INFO](2026/08/19/ 02:26:43 AM) [Round: 0075] Select clients...!
[INFO](2026/08/19/ 02:26:43 AM) [Round: 0075] ...successfully transmitted models to 10 selected clients!
[INFO](2026/08/19/ 02:26:44 AM) [Round: 0075] Start updating selected 10 clients...!
[INFO](2026/08/19/ 02:26:56 AM) [Round: 0075] ...10 clients are selected and updated (with total sample size: 43)!
[INFO](2026/08/19/ 02:26:56 AM) [Round: 0075] Aggregate updated weights of 10 clients...!
[INFO](2026/08/19/ 02:26:56 AM) [Round: 0075] ...updated weights of 10 clients are successfully averaged!
[INFO](2026/08/19/ 02:26:58 AM) [Round: 0075] Evaluate global model's performance...!                
	[Server] ...finished evaluation!                
	=> Loss: 6.7460                
	=> Accuracy: 7.38%

[INFO](2026/08/19/ 02:26:58 AM) [Round: 0076] Select clients...!
[INFO](2026/08/19/ 02:26:58 AM) [Round: 0076] ...successfully transmitted models to 10 selected clients!
[INFO](2026/08/19/ 02:26:58 AM) [Round: 0076] Start updating selected 10 clients...!
[INFO](2026/08/19/ 02:27:09 AM) [Round: 0076] ...10 clients are selected and updated (with total sample size: 43)!
[INFO](2026/08/19/ 02:27:09 AM) [Round: 0076] Aggregate updated weights of 10 clients...!
[INFO](2026/08/19/ 02:27:09 AM) [Round: 0076] ...updated weights of 10 clients are successfully averaged!
[INFO](2026/08/19/ 02:27:11 AM) [Round: 0076] Evaluate global model's performance...!                
	[Server] ...finished evaluation!                
	=> Loss: 12.8172                
	=> Accuracy: 6.19%

[INFO](2026/08/19/ 02:27:11 AM) [Round: 0077] Select clients...!
[INFO](2026/08/19/ 02:27:12 AM) [Round: 0077] ...successfully transmitted models to 10 selected clients!
[INFO](2026/08/19/ 02:27:12 AM) [Round: 0077] Start updating selected 10 clients...!
[INFO](2026/08/19/ 02:27:24 AM) [Round: 0077] ...10 clients are selected and updated (with total sample size: 39)!
[INFO](2026/08/19/ 02:27:24 AM) [Round: 0077] Aggregate updated weights of 10 clients...!
[INFO](2026/08/19/ 02:27:24 AM) [Round: 0077] ...updated weights of 10 clients are successfully averaged!
[INFO](2026/08/19/ 02:27:26 AM) [Round: 0077] Evaluate global model's performance...!                
	[Server] ...finished evaluation!                
	=> Loss: 5.7419                
	=> Accuracy: 4.05%

[INFO](2026/08/19/ 02:27:26 AM) [Round: 0078] Select clients...!
[INFO](2026/08/19/ 02:27:27 AM) [Round: 0078] ...successfully transmitted models to 10 selected clients!
[INFO](2026/08/19/ 02:27:27 AM) [Round: 0078] Start updating selected 10 clients...!
[INFO](2026/08/19/ 02:27:37 AM) [Round: 0078] ...10 clients are selected and updated (with total sample size: 56)!
[INFO](2026/08/19/ 02:27:37 AM) [Round: 0078] Aggregate updated weights of 10 clients...!
[INFO](2026/08/19/ 02:27:38 AM) [Round: 0078] ...updated weights of 10 clients are successfully averaged!
[INFO](2026/08/19/ 02:27:39 AM) [Round: 0078] Evaluate global model's performance...!                
	[Server] ...finished evaluation!                
	=> Loss: 6.8815                
	=> Accuracy: 2.62%

[INFO](2026/08/19/ 02:27:40 AM) [Round: 0079] Select clients...!
[INFO](2026/08/19/ 02:27:40 AM) [Round: 0079] ...successfully transmitted models to 10 selected clients!
[INFO](2026/08/19/ 02:27:40 AM) [Round: 0079] Start updating selected 10 clients...!
[INFO](2026/08/19/ 02:27:51 AM) [Round: 0079] ...10 clients are selected and updated (with total sample size: 30)!
[INFO](2026/08/19/ 02:27:51 AM) [Round: 0079] Aggregate updated weights of 10 clients...!
[INFO](2026/08/19/ 02:27:51 AM) [Round: 0079] ...updated weights of 10 clients are successfully averaged!
[INFO](2026/08/19/ 02:27:53 AM) [Round: 0079] Evaluate global model's performance...!                
	[Server] ...finished evaluation!                
	=> Loss: 4.9040                
	=> Accuracy: 10.24%

[INFO](2026/08/19/ 02:27:53 AM) [Round: 0080] Select clients...!
[INFO](2026/08/19/ 02:27:54 AM) [Round: 0080] ...successfully transmitted models to 10 selected clients!
[INFO](2026/08/19/ 02:27:54 AM) [Round: 0080] Start updating selected 10 clients...!
[INFO](2026/08/19/ 02:28:04 AM) [Round: 0080] ...10 clients are selected and updated (with total sample size: 43)!
[INFO](2026/08/19/ 02:28:04 AM) [Round: 0080] Aggregate updated weights of 10 clients...!
[INFO](2026/08/19/ 02:28:05 AM) [Round: 0080] ...updated weights of 10 clients are successfully averaged!
[INFO](2026/08/19/ 02:28:06 AM) [Round: 0080] Evaluate global model's performance...!                
	[Server] ...finished evaluation!                
	=> Loss: 6.6138                
	=> Accuracy: 2.38%

[INFO](2026/08/19/ 02:28:07 AM) [Round: 0081] Select clients...!
[INFO](2026/08/19/ 02:28:07 AM) [Round: 0081] ...successfully transmitted models to 10 selected clients!
[INFO](2026/08/19/ 02:28:07 AM) [Round: 0081] Start updating selected 10 clients...!
[INFO](2026/08/19/ 02:28:17 AM) [Round: 0081] ...10 clients are selected and updated (with total sample size: 43)!
[INFO](2026/08/19/ 02:28:17 AM) [Round: 0081] Aggregate updated weights of 10 clients...!
[INFO](2026/08/19/ 02:28:17 AM) [Round: 0081] ...updated weights of 10 clients are successfully averaged!
[INFO](2026/08/19/ 02:28:19 AM) [Round: 0081] Evaluate global model's performance...!                
	[Server] ...finished evaluation!                
	=> Loss: 5.6216                
	=> Accuracy: 10.00%

[INFO](2026/08/19/ 02:28:19 AM) [Round: 0082] Select clients...!
[INFO](2026/08/19/ 02:28:20 AM) [Round: 0082] ...successfully transmitted models to 10 selected clients!
[INFO](2026/08/19/ 02:28:20 AM) [Round: 0082] Start updating selected 10 clients...!
[INFO](2026/08/19/ 02:28:30 AM) [Round: 0082] ...10 clients are selected and updated (with total sample size: 28)!
[INFO](2026/08/19/ 02:28:30 AM) [Round: 0082] Aggregate updated weights of 10 clients...!
[INFO](2026/08/19/ 02:28:31 AM) [Round: 0082] ...updated weights of 10 clients are successfully averaged!
[INFO](2026/08/19/ 02:28:32 AM) [Round: 0082] Evaluate global model's performance...!                
	[Server] ...finished evaluation!                
	=> Loss: 10.2789                
	=> Accuracy: 4.76%

[INFO](2026/08/19/ 02:28:32 AM) [Round: 0083] Select clients...!
[INFO](2026/08/19/ 02:28:33 AM) [Round: 0083] ...successfully transmitted models to 10 selected clients!
[INFO](2026/08/19/ 02:28:33 AM) [Round: 0083] Start updating selected 10 clients...!
[INFO](2026/08/19/ 02:28:43 AM) [Round: 0083] ...10 clients are selected and updated (with total sample size: 52)!
[INFO](2026/08/19/ 02:28:43 AM) [Round: 0083] Aggregate updated weights of 10 clients...!
[INFO](2026/08/19/ 02:28:43 AM) [Round: 0083] ...updated weights of 10 clients are successfully averaged!
[INFO](2026/08/19/ 02:28:45 AM) [Round: 0083] Evaluate global model's performance...!                
	[Server] ...finished evaluation!                
	=> Loss: 4.5338                
	=> Accuracy: 6.19%

[INFO](2026/08/19/ 02:28:45 AM) [Round: 0084] Select clients...!
[INFO](2026/08/19/ 02:28:46 AM) [Round: 0084] ...successfully transmitted models to 10 selected clients!
[INFO](2026/08/19/ 02:28:46 AM) [Round: 0084] Start updating selected 10 clients...!
[INFO](2026/08/19/ 02:28:58 AM) [Round: 0084] ...10 clients are selected and updated (with total sample size: 43)!
[INFO](2026/08/19/ 02:28:58 AM) [Round: 0084] Aggregate updated weights of 10 clients...!
[INFO](2026/08/19/ 02:28:58 AM) [Round: 0084] ...updated weights of 10 clients are successfully averaged!
[INFO](2026/08/19/ 02:29:00 AM) [Round: 0084] Evaluate global model's performance...!                
	[Server] ...finished evaluation!                
	=> Loss: 5.1561                
	=> Accuracy: 5.48%

[INFO](2026/08/19/ 02:29:00 AM) [Round: 0085] Select clients...!
[INFO](2026/08/19/ 02:29:00 AM) [Round: 0085] ...successfully transmitted models to 10 selected clients!
[INFO](2026/08/19/ 02:29:01 AM) [Round: 0085] Start updating selected 10 clients...!
[INFO](2026/08/19/ 02:29:10 AM) [Round: 0085] ...10 clients are selected and updated (with total sample size: 32)!
[INFO](2026/08/19/ 02:29:10 AM) [Round: 0085] Aggregate updated weights of 10 clients...!
[INFO](2026/08/19/ 02:29:11 AM) [Round: 0085] ...updated weights of 10 clients are successfully averaged!
[INFO](2026/08/19/ 02:29:12 AM) [Round: 0085] Evaluate global model's performance...!                
	[Server] ...finished evaluation!                
	=> Loss: 6.3353                
	=> Accuracy: 4.76%

[INFO](2026/08/19/ 02:29:12 AM) [Round: 0086] Select clients...!
[INFO](2026/08/19/ 02:29:13 AM) [Round: 0086] ...successfully transmitted models to 10 selected clients!
[INFO](2026/08/19/ 02:29:13 AM) [Round: 0086] Start updating selected 10 clients...!
[INFO](2026/08/19/ 02:29:23 AM) [Round: 0086] ...10 clients are selected and updated (with total sample size: 43)!
[INFO](2026/08/19/ 02:29:23 AM) [Round: 0086] Aggregate updated weights of 10 clients...!
[INFO](2026/08/19/ 02:29:24 AM) [Round: 0086] ...updated weights of 10 clients are successfully averaged!
[INFO](2026/08/19/ 02:29:25 AM) [Round: 0086] Evaluate global model's performance...!                
	[Server] ...finished evaluation!                
	=> Loss: 6.2605                
	=> Accuracy: 9.29%

[INFO](2026/08/19/ 02:29:25 AM) [Round: 0087] Select clients...!
[INFO](2026/08/19/ 02:29:26 AM) [Round: 0087] ...successfully transmitted models to 10 selected clients!
[INFO](2026/08/19/ 02:29:26 AM) [Round: 0087] Start updating selected 10 clients...!
[INFO](2026/08/19/ 02:29:37 AM) [Round: 0087] ...10 clients are selected and updated (with total sample size: 39)!
[INFO](2026/08/19/ 02:29:37 AM) [Round: 0087] Aggregate updated weights of 10 clients...!
[INFO](2026/08/19/ 02:29:37 AM) [Round: 0087] ...updated weights of 10 clients are successfully averaged!
[INFO](2026/08/19/ 02:29:39 AM) [Round: 0087] Evaluate global model's performance...!                
	[Server] ...finished evaluation!                
	=> Loss: 5.7973                
	=> Accuracy: 7.14%

[INFO](2026/08/19/ 02:29:39 AM) [Round: 0088] Select clients...!
[INFO](2026/08/19/ 02:29:40 AM) [Round: 0088] ...successfully transmitted models to 10 selected clients!
[INFO](2026/08/19/ 02:29:40 AM) [Round: 0088] Start updating selected 10 clients...!
[INFO](2026/08/19/ 02:29:51 AM) [Round: 0088] ...10 clients are selected and updated (with total sample size: 43)!
[INFO](2026/08/19/ 02:29:51 AM) [Round: 0088] Aggregate updated weights of 10 clients...!
[INFO](2026/08/19/ 02:29:52 AM) [Round: 0088] ...updated weights of 10 clients are successfully averaged!
[INFO](2026/08/19/ 02:29:54 AM) [Round: 0088] Evaluate global model's performance...!                
	[Server] ...finished evaluation!                
	=> Loss: 5.4713                
	=> Accuracy: 9.29%

[INFO](2026/08/19/ 02:29:54 AM) [Round: 0089] Select clients...!
[INFO](2026/08/19/ 02:29:54 AM) [Round: 0089] ...successfully transmitted models to 10 selected clients!
[INFO](2026/08/19/ 02:29:54 AM) [Round: 0089] Start updating selected 10 clients...!
[INFO](2026/08/19/ 02:30:04 AM) [Round: 0089] ...10 clients are selected and updated (with total sample size: 39)!
[INFO](2026/08/19/ 02:30:04 AM) [Round: 0089] Aggregate updated weights of 10 clients...!
[INFO](2026/08/19/ 02:30:05 AM) [Round: 0089] ...updated weights of 10 clients are successfully averaged!
[INFO](2026/08/19/ 02:30:06 AM) [Round: 0089] Evaluate global model's performance...!                
	[Server] ...finished evaluation!                
	=> Loss: 4.8279                
	=> Accuracy: 5.24%

[INFO](2026/08/19/ 02:30:07 AM) [Round: 0090] Select clients...!
[INFO](2026/08/19/ 02:30:07 AM) [Round: 0090] ...successfully transmitted models to 10 selected clients!
[INFO](2026/08/19/ 02:30:07 AM) [Round: 0090] Start updating selected 10 clients...!
[INFO](2026/08/19/ 02:30:17 AM) [Round: 0090] ...10 clients are selected and updated (with total sample size: 42)!
[INFO](2026/08/19/ 02:30:17 AM) [Round: 0090] Aggregate updated weights of 10 clients...!
[INFO](2026/08/19/ 02:30:18 AM) [Round: 0090] ...updated weights of 10 clients are successfully averaged!
[INFO](2026/08/19/ 02:30:19 AM) [Round: 0090] Evaluate global model's performance...!                
	[Server] ...finished evaluation!                
	=> Loss: 4.2789                
	=> Accuracy: 5.00%

[INFO](2026/08/19/ 02:30:19 AM) [Round: 0091] Select clients...!
[INFO](2026/08/19/ 02:30:20 AM) [Round: 0091] ...successfully transmitted models to 10 selected clients!
[INFO](2026/08/19/ 02:30:20 AM) [Round: 0091] Start updating selected 10 clients...!
[INFO](2026/08/19/ 02:30:32 AM) [Round: 0091] ...10 clients are selected and updated (with total sample size: 42)!
[INFO](2026/08/19/ 02:30:32 AM) [Round: 0091] Aggregate updated weights of 10 clients...!
[INFO](2026/08/19/ 02:30:32 AM) [Round: 0091] ...updated weights of 10 clients are successfully averaged!
[INFO](2026/08/19/ 02:30:34 AM) [Round: 0091] Evaluate global model's performance...!                
	[Server] ...finished evaluation!                
	=> Loss: 3.0513                
	=> Accuracy: 5.71%

[INFO](2026/08/19/ 02:30:34 AM) [Round: 0092] Select clients...!
[INFO](2026/08/19/ 02:30:35 AM) [Round: 0092] ...successfully transmitted models to 10 selected clients!
[INFO](2026/08/19/ 02:30:35 AM) [Round: 0092] Start updating selected 10 clients...!
[INFO](2026/08/19/ 02:30:48 AM) [Round: 0092] ...10 clients are selected and updated (with total sample size: 39)!
[INFO](2026/08/19/ 02:30:48 AM) [Round: 0092] Aggregate updated weights of 10 clients...!
[INFO](2026/08/19/ 02:30:48 AM) [Round: 0092] ...updated weights of 10 clients are successfully averaged!
[INFO](2026/08/19/ 02:30:50 AM) [Round: 0092] Evaluate global model's performance...!                
	[Server] ...finished evaluation!                
	=> Loss: 3.3144                
	=> Accuracy: 4.76%

[INFO](2026/08/19/ 02:30:50 AM) [Round: 0093] Select clients...!
[INFO](2026/08/19/ 02:30:50 AM) [Round: 0093] ...successfully transmitted models to 10 selected clients!
[INFO](2026/08/19/ 02:30:50 AM) [Round: 0093] Start updating selected 10 clients...!
[INFO](2026/08/19/ 02:31:01 AM) [Round: 0093] ...10 clients are selected and updated (with total sample size: 52)!
[INFO](2026/08/19/ 02:31:01 AM) [Round: 0093] Aggregate updated weights of 10 clients...!
[INFO](2026/08/19/ 02:31:01 AM) [Round: 0093] ...updated weights of 10 clients are successfully averaged!
[INFO](2026/08/19/ 02:31:03 AM) [Round: 0093] Evaluate global model's performance...!                
	[Server] ...finished evaluation!                
	=> Loss: 3.8816                
	=> Accuracy: 6.90%

[INFO](2026/08/19/ 02:31:03 AM) [Round: 0094] Select clients...!
[INFO](2026/08/19/ 02:31:03 AM) [Round: 0094] ...successfully transmitted models to 10 selected clients!
[INFO](2026/08/19/ 02:31:04 AM) [Round: 0094] Start updating selected 10 clients...!
[INFO](2026/08/19/ 02:31:16 AM) [Round: 0094] ...10 clients are selected and updated (with total sample size: 43)!
[INFO](2026/08/19/ 02:31:16 AM) [Round: 0094] Aggregate updated weights of 10 clients...!
[INFO](2026/08/19/ 02:31:16 AM) [Round: 0094] ...updated weights of 10 clients are successfully averaged!
[INFO](2026/08/19/ 02:31:18 AM) [Round: 0094] Evaluate global model's performance...!                
	[Server] ...finished evaluation!                
	=> Loss: 4.6234                
	=> Accuracy: 8.10%

[INFO](2026/08/19/ 02:31:18 AM) [Round: 0095] Select clients...!
[INFO](2026/08/19/ 02:31:19 AM) [Round: 0095] ...successfully transmitted models to 10 selected clients!
[INFO](2026/08/19/ 02:31:19 AM) [Round: 0095] Start updating selected 10 clients...!
[INFO](2026/08/19/ 02:31:30 AM) [Round: 0095] ...10 clients are selected and updated (with total sample size: 43)!
[INFO](2026/08/19/ 02:31:30 AM) [Round: 0095] Aggregate updated weights of 10 clients...!
[INFO](2026/08/19/ 02:31:31 AM) [Round: 0095] ...updated weights of 10 clients are successfully averaged!
[INFO](2026/08/19/ 02:31:32 AM) [Round: 0095] Evaluate global model's performance...!                
	[Server] ...finished evaluation!                
	=> Loss: 4.9801                
	=> Accuracy: 6.43%

[INFO](2026/08/19/ 02:31:32 AM) [Round: 0096] Select clients...!
[INFO](2026/08/19/ 02:31:33 AM) [Round: 0096] ...successfully transmitted models to 10 selected clients!
[INFO](2026/08/19/ 02:31:33 AM) [Round: 0096] Start updating selected 10 clients...!
[INFO](2026/08/19/ 02:31:43 AM) [Round: 0096] ...10 clients are selected and updated (with total sample size: 39)!
[INFO](2026/08/19/ 02:31:43 AM) [Round: 0096] Aggregate updated weights of 10 clients...!
[INFO](2026/08/19/ 02:31:43 AM) [Round: 0096] ...updated weights of 10 clients are successfully averaged!
[INFO](2026/08/19/ 02:31:45 AM) [Round: 0096] Evaluate global model's performance...!                
	[Server] ...finished evaluation!                
	=> Loss: 6.4589                
	=> Accuracy: 5.71%

[INFO](2026/08/19/ 02:31:45 AM) [Round: 0097] Select clients...!
[INFO](2026/08/19/ 02:31:45 AM) [Round: 0097] ...successfully transmitted models to 10 selected clients!
[INFO](2026/08/19/ 02:31:45 AM) [Round: 0097] Start updating selected 10 clients...!
[INFO](2026/08/19/ 02:31:58 AM) [Round: 0097] ...10 clients are selected and updated (with total sample size: 52)!
[INFO](2026/08/19/ 02:31:58 AM) [Round: 0097] Aggregate updated weights of 10 clients...!
[INFO](2026/08/19/ 02:31:58 AM) [Round: 0097] ...updated weights of 10 clients are successfully averaged!
[INFO](2026/08/19/ 02:32:00 AM) [Round: 0097] Evaluate global model's performance...!                
	[Server] ...finished evaluation!                
	=> Loss: 8.8598                
	=> Accuracy: 5.24%

[INFO](2026/08/19/ 02:32:00 AM) [Round: 0098] Select clients...!
[INFO](2026/08/19/ 02:32:01 AM) [Round: 0098] ...successfully transmitted models to 10 selected clients!
[INFO](2026/08/19/ 02:32:01 AM) [Round: 0098] Start updating selected 10 clients...!
[INFO](2026/08/19/ 02:32:12 AM) [Round: 0098] ...10 clients are selected and updated (with total sample size: 57)!
[INFO](2026/08/19/ 02:32:12 AM) [Round: 0098] Aggregate updated weights of 10 clients...!
[INFO](2026/08/19/ 02:32:13 AM) [Round: 0098] ...updated weights of 10 clients are successfully averaged!
[INFO](2026/08/19/ 02:32:14 AM) [Round: 0098] Evaluate global model's performance...!                
	[Server] ...finished evaluation!                
	=> Loss: 7.7255                
	=> Accuracy: 3.81%

[INFO](2026/08/19/ 02:32:14 AM) [Round: 0099] Select clients...!
[INFO](2026/08/19/ 02:32:15 AM) [Round: 0099] ...successfully transmitted models to 10 selected clients!
[INFO](2026/08/19/ 02:32:15 AM) [Round: 0099] Start updating selected 10 clients...!
[INFO](2026/08/19/ 02:32:24 AM) [Round: 0099] ...10 clients are selected and updated (with total sample size: 43)!
[INFO](2026/08/19/ 02:32:24 AM) [Round: 0099] Aggregate updated weights of 10 clients...!
[INFO](2026/08/19/ 02:32:25 AM) [Round: 0099] ...updated weights of 10 clients are successfully averaged!
[INFO](2026/08/19/ 02:32:26 AM) [Round: 0099] Evaluate global model's performance...!                
	[Server] ...finished evaluation!                
	=> Loss: 7.5644                
	=> Accuracy: 5.71%

[INFO](2026/08/19/ 02:32:27 AM) [Round: 0100] Select clients...!
[INFO](2026/08/19/ 02:32:27 AM) [Round: 0100] ...successfully transmitted models to 10 selected clients!
[INFO](2026/08/19/ 02:32:27 AM) [Round: 0100] Start updating selected 10 clients...!
[INFO](2026/08/19/ 02:32:38 AM) [Round: 0100] ...10 clients are selected and updated (with total sample size: 30)!
[INFO](2026/08/19/ 02:32:38 AM) [Round: 0100] Aggregate updated weights of 10 clients...!
[INFO](2026/08/19/ 02:32:38 AM) [Round: 0100] ...updated weights of 10 clients are successfully averaged!
[INFO](2026/08/19/ 02:32:40 AM) [Round: 0100] Evaluate global model's performance...!                
	[Server] ...finished evaluation!                
	=> Loss: 11.4552                
	=> Accuracy: 4.76%

[INFO](2026/08/19/ 02:32:40 AM) [Round: 0101] Select clients...!
[INFO](2026/08/19/ 02:32:40 AM) [Round: 0101] ...successfully transmitted models to 10 selected clients!
[INFO](2026/08/19/ 02:32:40 AM) [Round: 0101] Start updating selected 10 clients...!
[INFO](2026/08/19/ 02:32:50 AM) [Round: 0101] ...10 clients are selected and updated (with total sample size: 57)!
[INFO](2026/08/19/ 02:32:51 AM) [Round: 0101] Aggregate updated weights of 10 clients...!
[INFO](2026/08/19/ 02:32:51 AM) [Round: 0101] ...updated weights of 10 clients are successfully averaged!
[INFO](2026/08/19/ 02:32:52 AM) [Round: 0101] Evaluate global model's performance...!                
	[Server] ...finished evaluation!                
	=> Loss: 7.6723                
	=> Accuracy: 4.29%

[INFO](2026/08/19/ 02:32:53 AM) [Round: 0102] Select clients...!
[INFO](2026/08/19/ 02:32:53 AM) [Round: 0102] ...successfully transmitted models to 10 selected clients!
[INFO](2026/08/19/ 02:32:53 AM) [Round: 0102] Start updating selected 10 clients...!
[INFO](2026/08/19/ 02:33:05 AM) [Round: 0102] ...10 clients are selected and updated (with total sample size: 52)!
[INFO](2026/08/19/ 02:33:06 AM) [Round: 0102] Aggregate updated weights of 10 clients...!
[INFO](2026/08/19/ 02:33:06 AM) [Round: 0102] ...updated weights of 10 clients are successfully averaged!
[INFO](2026/08/19/ 02:33:07 AM) [Round: 0102] Evaluate global model's performance...!                
	[Server] ...finished evaluation!                
	=> Loss: 7.7047                
	=> Accuracy: 7.38%

[INFO](2026/08/19/ 02:33:08 AM) [Round: 0103] Select clients...!
[INFO](2026/08/19/ 02:33:08 AM) [Round: 0103] ...successfully transmitted models to 10 selected clients!
[INFO](2026/08/19/ 02:33:08 AM) [Round: 0103] Start updating selected 10 clients...!
[INFO](2026/08/19/ 02:33:21 AM) [Round: 0103] ...10 clients are selected and updated (with total sample size: 43)!
[INFO](2026/08/19/ 02:33:21 AM) [Round: 0103] Aggregate updated weights of 10 clients...!
[INFO](2026/08/19/ 02:33:21 AM) [Round: 0103] ...updated weights of 10 clients are successfully averaged!
[INFO](2026/08/19/ 02:33:23 AM) [Round: 0103] Evaluate global model's performance...!                
	[Server] ...finished evaluation!                
	=> Loss: 8.8527                
	=> Accuracy: 3.81%

[INFO](2026/08/19/ 02:33:23 AM) [Round: 0104] Select clients...!
[INFO](2026/08/19/ 02:33:23 AM) [Round: 0104] ...successfully transmitted models to 10 selected clients!
[INFO](2026/08/19/ 02:33:23 AM) [Round: 0104] Start updating selected 10 clients...!
[INFO](2026/08/19/ 02:33:35 AM) [Round: 0104] ...10 clients are selected and updated (with total sample size: 52)!
[INFO](2026/08/19/ 02:33:35 AM) [Round: 0104] Aggregate updated weights of 10 clients...!
[INFO](2026/08/19/ 02:33:35 AM) [Round: 0104] ...updated weights of 10 clients are successfully averaged!
[INFO](2026/08/19/ 02:33:37 AM) [Round: 0104] Evaluate global model's performance...!                
	[Server] ...finished evaluation!                
	=> Loss: 14.0144                
	=> Accuracy: 6.67%

[INFO](2026/08/19/ 02:33:37 AM) [Round: 0105] Select clients...!
[INFO](2026/08/19/ 02:33:37 AM) [Round: 0105] ...successfully transmitted models to 10 selected clients!
[INFO](2026/08/19/ 02:33:37 AM) [Round: 0105] Start updating selected 10 clients...!
[INFO](2026/08/19/ 02:33:48 AM) [Round: 0105] ...10 clients are selected and updated (with total sample size: 52)!
[INFO](2026/08/19/ 02:33:48 AM) [Round: 0105] Aggregate updated weights of 10 clients...!
[INFO](2026/08/19/ 02:33:49 AM) [Round: 0105] ...updated weights of 10 clients are successfully averaged!
[INFO](2026/08/19/ 02:33:50 AM) [Round: 0105] Evaluate global model's performance...!                
	[Server] ...finished evaluation!                
	=> Loss: 6.9583                
	=> Accuracy: 3.57%

[INFO](2026/08/19/ 02:33:51 AM) [Round: 0106] Select clients...!
[INFO](2026/08/19/ 02:33:51 AM) [Round: 0106] ...successfully transmitted models to 10 selected clients!
[INFO](2026/08/19/ 02:33:51 AM) [Round: 0106] Start updating selected 10 clients...!
[INFO](2026/08/19/ 02:34:01 AM) [Round: 0106] ...10 clients are selected and updated (with total sample size: 43)!
[INFO](2026/08/19/ 02:34:01 AM) [Round: 0106] Aggregate updated weights of 10 clients...!
[INFO](2026/08/19/ 02:34:01 AM) [Round: 0106] ...updated weights of 10 clients are successfully averaged!
[INFO](2026/08/19/ 02:34:03 AM) [Round: 0106] Evaluate global model's performance...!                
	[Server] ...finished evaluation!                
	=> Loss: 8.0160                
	=> Accuracy: 6.19%

[INFO](2026/08/19/ 02:34:03 AM) [Round: 0107] Select clients...!
[INFO](2026/08/19/ 02:34:03 AM) [Round: 0107] ...successfully transmitted models to 10 selected clients!
[INFO](2026/08/19/ 02:34:03 AM) [Round: 0107] Start updating selected 10 clients...!
[INFO](2026/08/19/ 02:34:14 AM) [Round: 0107] ...10 clients are selected and updated (with total sample size: 68)!
[INFO](2026/08/19/ 02:34:14 AM) [Round: 0107] Aggregate updated weights of 10 clients...!
[INFO](2026/08/19/ 02:34:14 AM) [Round: 0107] ...updated weights of 10 clients are successfully averaged!
[INFO](2026/08/19/ 02:34:16 AM) [Round: 0107] Evaluate global model's performance...!                
	[Server] ...finished evaluation!                
	=> Loss: 14.0680                
	=> Accuracy: 5.24%

[INFO](2026/08/19/ 02:34:16 AM) [Round: 0108] Select clients...!
[INFO](2026/08/19/ 02:34:16 AM) [Round: 0108] ...successfully transmitted models to 10 selected clients!
[INFO](2026/08/19/ 02:34:16 AM) [Round: 0108] Start updating selected 10 clients...!
[INFO](2026/08/19/ 02:34:28 AM) [Round: 0108] ...10 clients are selected and updated (with total sample size: 30)!
[INFO](2026/08/19/ 02:34:29 AM) [Round: 0108] Aggregate updated weights of 10 clients...!
[INFO](2026/08/19/ 02:34:29 AM) [Round: 0108] ...updated weights of 10 clients are successfully averaged!
[INFO](2026/08/19/ 02:34:30 AM) [Round: 0108] Evaluate global model's performance...!                
	[Server] ...finished evaluation!                
	=> Loss: 14.2726                
	=> Accuracy: 3.57%

[INFO](2026/08/19/ 02:34:30 AM) [Round: 0109] Select clients...!
[INFO](2026/08/19/ 02:34:31 AM) [Round: 0109] ...successfully transmitted models to 10 selected clients!
[INFO](2026/08/19/ 02:34:31 AM) [Round: 0109] Start updating selected 10 clients...!
[INFO](2026/08/19/ 02:34:41 AM) [Round: 0109] ...10 clients are selected and updated (with total sample size: 28)!
[INFO](2026/08/19/ 02:34:41 AM) [Round: 0109] Aggregate updated weights of 10 clients...!
[INFO](2026/08/19/ 02:34:41 AM) [Round: 0109] ...updated weights of 10 clients are successfully averaged!
[INFO](2026/08/19/ 02:34:43 AM) [Round: 0109] Evaluate global model's performance...!                
	[Server] ...finished evaluation!                
	=> Loss: 15.7028                
	=> Accuracy: 4.76%

[INFO](2026/08/19/ 02:34:43 AM) [Round: 0110] Select clients...!
[INFO](2026/08/19/ 02:34:44 AM) [Round: 0110] ...successfully transmitted models to 10 selected clients!
[INFO](2026/08/19/ 02:34:44 AM) [Round: 0110] Start updating selected 10 clients...!
[INFO](2026/08/19/ 02:34:54 AM) [Round: 0110] ...10 clients are selected and updated (with total sample size: 43)!
[INFO](2026/08/19/ 02:34:54 AM) [Round: 0110] Aggregate updated weights of 10 clients...!
[INFO](2026/08/19/ 02:34:55 AM) [Round: 0110] ...updated weights of 10 clients are successfully averaged!
[INFO](2026/08/19/ 02:34:56 AM) [Round: 0110] Evaluate global model's performance...!                
	[Server] ...finished evaluation!                
	=> Loss: 8.2724                
	=> Accuracy: 4.52%

[INFO](2026/08/19/ 02:34:56 AM) [Round: 0111] Select clients...!
[INFO](2026/08/19/ 02:34:57 AM) [Round: 0111] ...successfully transmitted models to 10 selected clients!
[INFO](2026/08/19/ 02:34:57 AM) [Round: 0111] Start updating selected 10 clients...!
[INFO](2026/08/19/ 02:35:08 AM) [Round: 0111] ...10 clients are selected and updated (with total sample size: 30)!
[INFO](2026/08/19/ 02:35:08 AM) [Round: 0111] Aggregate updated weights of 10 clients...!
[INFO](2026/08/19/ 02:35:08 AM) [Round: 0111] ...updated weights of 10 clients are successfully averaged!
[INFO](2026/08/19/ 02:35:10 AM) [Round: 0111] Evaluate global model's performance...!                
	[Server] ...finished evaluation!                
	=> Loss: 7.6619                
	=> Accuracy: 6.67%

[INFO](2026/08/19/ 02:35:11 AM) [Round: 0112] Select clients...!
[INFO](2026/08/19/ 02:35:11 AM) [Round: 0112] ...successfully transmitted models to 10 selected clients!
[INFO](2026/08/19/ 02:35:11 AM) [Round: 0112] Start updating selected 10 clients...!
[INFO](2026/08/19/ 02:35:22 AM) [Round: 0112] ...10 clients are selected and updated (with total sample size: 43)!
[INFO](2026/08/19/ 02:35:22 AM) [Round: 0112] Aggregate updated weights of 10 clients...!
[INFO](2026/08/19/ 02:35:22 AM) [Round: 0112] ...updated weights of 10 clients are successfully averaged!
[INFO](2026/08/19/ 02:35:24 AM) [Round: 0112] Evaluate global model's performance...!                
	[Server] ...finished evaluation!                
	=> Loss: 16.8030                
	=> Accuracy: 5.48%

[INFO](2026/08/19/ 02:35:24 AM) [Round: 0113] Select clients...!
[INFO](2026/08/19/ 02:35:24 AM) [Round: 0113] ...successfully transmitted models to 10 selected clients!
[INFO](2026/08/19/ 02:35:25 AM) [Round: 0113] Start updating selected 10 clients...!
[INFO](2026/08/19/ 02:35:35 AM) [Round: 0113] ...10 clients are selected and updated (with total sample size: 28)!
[INFO](2026/08/19/ 02:35:35 AM) [Round: 0113] Aggregate updated weights of 10 clients...!
[INFO](2026/08/19/ 02:35:35 AM) [Round: 0113] ...updated weights of 10 clients are successfully averaged!
[INFO](2026/08/19/ 02:35:37 AM) [Round: 0113] Evaluate global model's performance...!                
	[Server] ...finished evaluation!                
	=> Loss: 10.4350                
	=> Accuracy: 4.76%

[INFO](2026/08/19/ 02:35:37 AM) [Round: 0114] Select clients...!
[INFO](2026/08/19/ 02:35:37 AM) [Round: 0114] ...successfully transmitted models to 10 selected clients!
[INFO](2026/08/19/ 02:35:37 AM) [Round: 0114] Start updating selected 10 clients...!
[INFO](2026/08/19/ 02:35:48 AM) [Round: 0114] ...10 clients are selected and updated (with total sample size: 30)!
[INFO](2026/08/19/ 02:35:48 AM) [Round: 0114] Aggregate updated weights of 10 clients...!
[INFO](2026/08/19/ 02:35:49 AM) [Round: 0114] ...updated weights of 10 clients are successfully averaged!
[INFO](2026/08/19/ 02:35:50 AM) [Round: 0114] Evaluate global model's performance...!                
	[Server] ...finished evaluation!                
	=> Loss: 13.0222                
	=> Accuracy: 4.76%

[INFO](2026/08/19/ 02:35:50 AM) [Round: 0115] Select clients...!
[INFO](2026/08/19/ 02:35:51 AM) [Round: 0115] ...successfully transmitted models to 10 selected clients!
[INFO](2026/08/19/ 02:35:51 AM) [Round: 0115] Start updating selected 10 clients...!
[INFO](2026/08/19/ 02:36:02 AM) [Round: 0115] ...10 clients are selected and updated (with total sample size: 43)!
[INFO](2026/08/19/ 02:36:02 AM) [Round: 0115] Aggregate updated weights of 10 clients...!
[INFO](2026/08/19/ 02:36:02 AM) [Round: 0115] ...updated weights of 10 clients are successfully averaged!
[INFO](2026/08/19/ 02:36:04 AM) [Round: 0115] Evaluate global model's performance...!                
	[Server] ...finished evaluation!                
	=> Loss: 14.5262                
	=> Accuracy: 5.24%

[INFO](2026/08/19/ 02:36:04 AM) [Round: 0116] Select clients...!
[INFO](2026/08/19/ 02:36:05 AM) [Round: 0116] ...successfully transmitted models to 10 selected clients!
[INFO](2026/08/19/ 02:36:05 AM) [Round: 0116] Start updating selected 10 clients...!
[INFO](2026/08/19/ 02:36:16 AM) [Round: 0116] ...10 clients are selected and updated (with total sample size: 28)!
[INFO](2026/08/19/ 02:36:17 AM) [Round: 0116] Aggregate updated weights of 10 clients...!
[INFO](2026/08/19/ 02:36:17 AM) [Round: 0116] ...updated weights of 10 clients are successfully averaged!
[INFO](2026/08/19/ 02:36:19 AM) [Round: 0116] Evaluate global model's performance...!                
	[Server] ...finished evaluation!                
	=> Loss: 20.0076                
	=> Accuracy: 6.67%

[INFO](2026/08/19/ 02:36:19 AM) [Round: 0117] Select clients...!
[INFO](2026/08/19/ 02:36:19 AM) [Round: 0117] ...successfully transmitted models to 10 selected clients!
[INFO](2026/08/19/ 02:36:19 AM) [Round: 0117] Start updating selected 10 clients...!
[INFO](2026/08/19/ 02:36:36 AM) [Round: 0117] ...10 clients are selected and updated (with total sample size: 30)!
[INFO](2026/08/19/ 02:36:36 AM) [Round: 0117] Aggregate updated weights of 10 clients...!
[INFO](2026/08/19/ 02:36:36 AM) [Round: 0117] ...updated weights of 10 clients are successfully averaged!
[INFO](2026/08/19/ 02:36:38 AM) [Round: 0117] Evaluate global model's performance...!                
	[Server] ...finished evaluation!                
	=> Loss: 16.2677                
	=> Accuracy: 5.24%

[INFO](2026/08/19/ 02:36:38 AM) [Round: 0118] Select clients...!
[INFO](2026/08/19/ 02:36:39 AM) [Round: 0118] ...successfully transmitted models to 10 selected clients!
[INFO](2026/08/19/ 02:36:39 AM) [Round: 0118] Start updating selected 10 clients...!
[INFO](2026/08/19/ 02:36:51 AM) [Round: 0118] ...10 clients are selected and updated (with total sample size: 39)!
[INFO](2026/08/19/ 02:36:51 AM) [Round: 0118] Aggregate updated weights of 10 clients...!
[INFO](2026/08/19/ 02:36:52 AM) [Round: 0118] ...updated weights of 10 clients are successfully averaged!
[INFO](2026/08/19/ 02:36:53 AM) [Round: 0118] Evaluate global model's performance...!                
	[Server] ...finished evaluation!                
	=> Loss: 16.3937                
	=> Accuracy: 4.76%

[INFO](2026/08/19/ 02:36:54 AM) [Round: 0119] Select clients...!
[INFO](2026/08/19/ 02:36:54 AM) [Round: 0119] ...successfully transmitted models to 10 selected clients!
[INFO](2026/08/19/ 02:36:54 AM) [Round: 0119] Start updating selected 10 clients...!
[INFO](2026/08/19/ 02:37:07 AM) [Round: 0119] ...10 clients are selected and updated (with total sample size: 43)!
[INFO](2026/08/19/ 02:37:07 AM) [Round: 0119] Aggregate updated weights of 10 clients...!
[INFO](2026/08/19/ 02:37:08 AM) [Round: 0119] ...updated weights of 10 clients are successfully averaged!
[INFO](2026/08/19/ 02:37:09 AM) [Round: 0119] Evaluate global model's performance...!                
	[Server] ...finished evaluation!                
	=> Loss: 17.6238                
	=> Accuracy: 4.76%

[INFO](2026/08/19/ 02:37:09 AM) [Round: 0120] Select clients...!
[INFO](2026/08/19/ 02:37:10 AM) [Round: 0120] ...successfully transmitted models to 10 selected clients!
[INFO](2026/08/19/ 02:37:10 AM) [Round: 0120] Start updating selected 10 clients...!
[INFO](2026/08/19/ 02:37:21 AM) [Round: 0120] ...10 clients are selected and updated (with total sample size: 52)!
[INFO](2026/08/19/ 02:37:21 AM) [Round: 0120] Aggregate updated weights of 10 clients...!
[INFO](2026/08/19/ 02:37:22 AM) [Round: 0120] ...updated weights of 10 clients are successfully averaged!
[INFO](2026/08/19/ 02:37:24 AM) [Round: 0120] Evaluate global model's performance...!                
	[Server] ...finished evaluation!                
	=> Loss: 12.4848                
	=> Accuracy: 7.14%

[INFO](2026/08/19/ 02:37:24 AM) [Round: 0121] Select clients...!
[INFO](2026/08/19/ 02:37:24 AM) [Round: 0121] ...successfully transmitted models to 10 selected clients!
[INFO](2026/08/19/ 02:37:24 AM) [Round: 0121] Start updating selected 10 clients...!
[INFO](2026/08/19/ 02:37:36 AM) [Round: 0121] ...10 clients are selected and updated (with total sample size: 30)!
[INFO](2026/08/19/ 02:37:36 AM) [Round: 0121] Aggregate updated weights of 10 clients...!
[INFO](2026/08/19/ 02:37:36 AM) [Round: 0121] ...updated weights of 10 clients are successfully averaged!
[INFO](2026/08/19/ 02:37:38 AM) [Round: 0121] Evaluate global model's performance...!                
	[Server] ...finished evaluation!                
	=> Loss: 11.1202                
	=> Accuracy: 4.76%

[INFO](2026/08/19/ 02:37:38 AM) [Round: 0122] Select clients...!
[INFO](2026/08/19/ 02:37:39 AM) [Round: 0122] ...successfully transmitted models to 10 selected clients!
[INFO](2026/08/19/ 02:37:39 AM) [Round: 0122] Start updating selected 10 clients...!
[INFO](2026/08/19/ 02:37:50 AM) [Round: 0122] ...10 clients are selected and updated (with total sample size: 57)!
[INFO](2026/08/19/ 02:37:50 AM) [Round: 0122] Aggregate updated weights of 10 clients...!
[INFO](2026/08/19/ 02:37:50 AM) [Round: 0122] ...updated weights of 10 clients are successfully averaged!
[INFO](2026/08/19/ 02:37:52 AM) [Round: 0122] Evaluate global model's performance...!                
	[Server] ...finished evaluation!                
	=> Loss: 22.6591                
	=> Accuracy: 5.00%

[INFO](2026/08/19/ 02:37:52 AM) [Round: 0123] Select clients...!
[INFO](2026/08/19/ 02:37:52 AM) [Round: 0123] ...successfully transmitted models to 10 selected clients!
[INFO](2026/08/19/ 02:37:53 AM) [Round: 0123] Start updating selected 10 clients...!
[INFO](2026/08/19/ 02:38:04 AM) [Round: 0123] ...10 clients are selected and updated (with total sample size: 52)!
[INFO](2026/08/19/ 02:38:04 AM) [Round: 0123] Aggregate updated weights of 10 clients...!
[INFO](2026/08/19/ 02:38:04 AM) [Round: 0123] ...updated weights of 10 clients are successfully averaged!
[INFO](2026/08/19/ 02:38:06 AM) [Round: 0123] Evaluate global model's performance...!                
	[Server] ...finished evaluation!                
	=> Loss: 16.5885                
	=> Accuracy: 6.19%

[INFO](2026/08/19/ 02:38:06 AM) [Round: 0124] Select clients...!
[INFO](2026/08/19/ 02:38:07 AM) [Round: 0124] ...successfully transmitted models to 10 selected clients!
[INFO](2026/08/19/ 02:38:07 AM) [Round: 0124] Start updating selected 10 clients...!
[INFO](2026/08/19/ 02:38:18 AM) [Round: 0124] ...10 clients are selected and updated (with total sample size: 52)!
[INFO](2026/08/19/ 02:38:18 AM) [Round: 0124] Aggregate updated weights of 10 clients...!
[INFO](2026/08/19/ 02:38:19 AM) [Round: 0124] ...updated weights of 10 clients are successfully averaged!
[INFO](2026/08/19/ 02:38:20 AM) [Round: 0124] Evaluate global model's performance...!                
	[Server] ...finished evaluation!                
	=> Loss: 20.3650                
	=> Accuracy: 5.24%

[INFO](2026/08/19/ 02:38:20 AM) [Round: 0125] Select clients...!
[INFO](2026/08/19/ 02:38:20 AM) [Round: 0125] ...successfully transmitted models to 10 selected clients!
[INFO](2026/08/19/ 02:38:21 AM) [Round: 0125] Start updating selected 10 clients...!
[INFO](2026/08/19/ 02:38:31 AM) [Round: 0125] ...10 clients are selected and updated (with total sample size: 57)!
[INFO](2026/08/19/ 02:38:31 AM) [Round: 0125] Aggregate updated weights of 10 clients...!
[INFO](2026/08/19/ 02:38:31 AM) [Round: 0125] ...updated weights of 10 clients are successfully averaged!
[INFO](2026/08/19/ 02:38:32 AM) [Round: 0125] Evaluate global model's performance...!                
	[Server] ...finished evaluation!                
	=> Loss: 26.2548                
	=> Accuracy: 6.90%

[INFO](2026/08/19/ 02:38:33 AM) [Round: 0126] Select clients...!
[INFO](2026/08/19/ 02:38:33 AM) [Round: 0126] ...successfully transmitted models to 10 selected clients!
[INFO](2026/08/19/ 02:38:33 AM) [Round: 0126] Start updating selected 10 clients...!
[INFO](2026/08/19/ 02:38:45 AM) [Round: 0126] ...10 clients are selected and updated (with total sample size: 52)!
[INFO](2026/08/19/ 02:38:45 AM) [Round: 0126] Aggregate updated weights of 10 clients...!
[INFO](2026/08/19/ 02:38:45 AM) [Round: 0126] ...updated weights of 10 clients are successfully averaged!
[INFO](2026/08/19/ 02:38:47 AM) [Round: 0126] Evaluate global model's performance...!                
	[Server] ...finished evaluation!                
	=> Loss: 17.9717                
	=> Accuracy: 3.57%

[INFO](2026/08/19/ 02:38:47 AM) [Round: 0127] Select clients...!
[INFO](2026/08/19/ 02:38:47 AM) [Round: 0127] ...successfully transmitted models to 10 selected clients!
[INFO](2026/08/19/ 02:38:48 AM) [Round: 0127] Start updating selected 10 clients...!
[INFO](2026/08/19/ 02:38:58 AM) [Round: 0127] ...10 clients are selected and updated (with total sample size: 43)!
[INFO](2026/08/19/ 02:38:58 AM) [Round: 0127] Aggregate updated weights of 10 clients...!
[INFO](2026/08/19/ 02:38:58 AM) [Round: 0127] ...updated weights of 10 clients are successfully averaged!
[INFO](2026/08/19/ 02:39:00 AM) [Round: 0127] Evaluate global model's performance...!                
	[Server] ...finished evaluation!                
	=> Loss: 14.9343                
	=> Accuracy: 6.43%

[INFO](2026/08/19/ 02:39:00 AM) [Round: 0128] Select clients...!
[INFO](2026/08/19/ 02:39:00 AM) [Round: 0128] ...successfully transmitted models to 10 selected clients!
[INFO](2026/08/19/ 02:39:00 AM) [Round: 0128] Start updating selected 10 clients...!
[INFO](2026/08/19/ 02:39:14 AM) [Round: 0128] ...10 clients are selected and updated (with total sample size: 39)!
[INFO](2026/08/19/ 02:39:14 AM) [Round: 0128] Aggregate updated weights of 10 clients...!
[INFO](2026/08/19/ 02:39:14 AM) [Round: 0128] ...updated weights of 10 clients are successfully averaged!
[INFO](2026/08/19/ 02:39:16 AM) [Round: 0128] Evaluate global model's performance...!                
	[Server] ...finished evaluation!                
	=> Loss: 19.1388                
	=> Accuracy: 5.95%

[INFO](2026/08/19/ 02:39:16 AM) [Round: 0129] Select clients...!
[INFO](2026/08/19/ 02:39:16 AM) [Round: 0129] ...successfully transmitted models to 10 selected clients!
[INFO](2026/08/19/ 02:39:17 AM) [Round: 0129] Start updating selected 10 clients...!
[INFO](2026/08/19/ 02:39:27 AM) [Round: 0129] ...10 clients are selected and updated (with total sample size: 28)!
[INFO](2026/08/19/ 02:39:28 AM) [Round: 0129] Aggregate updated weights of 10 clients...!
[INFO](2026/08/19/ 02:39:28 AM) [Round: 0129] ...updated weights of 10 clients are successfully averaged!
[INFO](2026/08/19/ 02:39:30 AM) [Round: 0129] Evaluate global model's performance...!                
	[Server] ...finished evaluation!                
	=> Loss: 21.4339                
	=> Accuracy: 4.76%

[INFO](2026/08/19/ 02:39:30 AM) [Round: 0130] Select clients...!
[INFO](2026/08/19/ 02:39:30 AM) [Round: 0130] ...successfully transmitted models to 10 selected clients!
[INFO](2026/08/19/ 02:39:30 AM) [Round: 0130] Start updating selected 10 clients...!
[INFO](2026/08/19/ 02:39:42 AM) [Round: 0130] ...10 clients are selected and updated (with total sample size: 52)!
[INFO](2026/08/19/ 02:39:42 AM) [Round: 0130] Aggregate updated weights of 10 clients...!
[INFO](2026/08/19/ 02:39:42 AM) [Round: 0130] ...updated weights of 10 clients are successfully averaged!
[INFO](2026/08/19/ 02:39:43 AM) [Round: 0130] Evaluate global model's performance...!                
	[Server] ...finished evaluation!                
	=> Loss: 18.0007                
	=> Accuracy: 6.90%

[INFO](2026/08/19/ 02:39:43 AM) [Round: 0131] Select clients...!
[INFO](2026/08/19/ 02:39:44 AM) [Round: 0131] ...successfully transmitted models to 10 selected clients!
[INFO](2026/08/19/ 02:39:44 AM) [Round: 0131] Start updating selected 10 clients...!
[INFO](2026/08/19/ 02:39:55 AM) [Round: 0131] ...10 clients are selected and updated (with total sample size: 51)!
[INFO](2026/08/19/ 02:39:55 AM) [Round: 0131] Aggregate updated weights of 10 clients...!
[INFO](2026/08/19/ 02:39:55 AM) [Round: 0131] ...updated weights of 10 clients are successfully averaged!
[INFO](2026/08/19/ 02:39:58 AM) [Round: 0131] Evaluate global model's performance...!                
	[Server] ...finished evaluation!                
	=> Loss: 17.8809                
	=> Accuracy: 5.71%

[INFO](2026/08/19/ 02:39:58 AM) [Round: 0132] Select clients...!
[INFO](2026/08/19/ 02:39:58 AM) [Round: 0132] ...successfully transmitted models to 10 selected clients!
[INFO](2026/08/19/ 02:39:58 AM) [Round: 0132] Start updating selected 10 clients...!
[INFO](2026/08/19/ 02:40:10 AM) [Round: 0132] ...10 clients are selected and updated (with total sample size: 52)!
[INFO](2026/08/19/ 02:40:10 AM) [Round: 0132] Aggregate updated weights of 10 clients...!
[INFO](2026/08/19/ 02:40:10 AM) [Round: 0132] ...updated weights of 10 clients are successfully averaged!
[INFO](2026/08/19/ 02:40:12 AM) [Round: 0132] Evaluate global model's performance...!                
	[Server] ...finished evaluation!                
	=> Loss: 16.6360                
	=> Accuracy: 5.95%

[INFO](2026/08/19/ 02:40:12 AM) [Round: 0133] Select clients...!
[INFO](2026/08/19/ 02:40:13 AM) [Round: 0133] ...successfully transmitted models to 10 selected clients!
[INFO](2026/08/19/ 02:40:13 AM) [Round: 0133] Start updating selected 10 clients...!
[INFO](2026/08/19/ 02:40:26 AM) [Round: 0133] ...10 clients are selected and updated (with total sample size: 42)!
[INFO](2026/08/19/ 02:40:26 AM) [Round: 0133] Aggregate updated weights of 10 clients...!
[INFO](2026/08/19/ 02:40:26 AM) [Round: 0133] ...updated weights of 10 clients are successfully averaged!
[INFO](2026/08/19/ 02:40:28 AM) [Round: 0133] Evaluate global model's performance...!                
	[Server] ...finished evaluation!                
	=> Loss: 20.3598                
	=> Accuracy: 6.43%

[INFO](2026/08/19/ 02:40:28 AM) [Round: 0134] Select clients...!
[INFO](2026/08/19/ 02:40:29 AM) [Round: 0134] ...successfully transmitted models to 10 selected clients!
[INFO](2026/08/19/ 02:40:29 AM) [Round: 0134] Start updating selected 10 clients...!
[INFO](2026/08/19/ 02:40:39 AM) [Round: 0134] ...10 clients are selected and updated (with total sample size: 52)!
[INFO](2026/08/19/ 02:40:40 AM) [Round: 0134] Aggregate updated weights of 10 clients...!
[INFO](2026/08/19/ 02:40:40 AM) [Round: 0134] ...updated weights of 10 clients are successfully averaged!
[INFO](2026/08/19/ 02:40:42 AM) [Round: 0134] Evaluate global model's performance...!                
	[Server] ...finished evaluation!                
	=> Loss: 20.4182                
	=> Accuracy: 4.76%

[INFO](2026/08/19/ 02:40:42 AM) [Round: 0135] Select clients...!
[INFO](2026/08/19/ 02:40:42 AM) [Round: 0135] ...successfully transmitted models to 10 selected clients!
[INFO](2026/08/19/ 02:40:42 AM) [Round: 0135] Start updating selected 10 clients...!
[INFO](2026/08/19/ 02:40:54 AM) [Round: 0135] ...10 clients are selected and updated (with total sample size: 43)!
[INFO](2026/08/19/ 02:40:54 AM) [Round: 0135] Aggregate updated weights of 10 clients...!
[INFO](2026/08/19/ 02:40:55 AM) [Round: 0135] ...updated weights of 10 clients are successfully averaged!
[INFO](2026/08/19/ 02:40:56 AM) [Round: 0135] Evaluate global model's performance...!                
	[Server] ...finished evaluation!                
	=> Loss: 19.3573                
	=> Accuracy: 5.24%

[INFO](2026/08/19/ 02:40:56 AM) [Round: 0136] Select clients...!
[INFO](2026/08/19/ 02:40:57 AM) [Round: 0136] ...successfully transmitted models to 10 selected clients!
[INFO](2026/08/19/ 02:40:57 AM) [Round: 0136] Start updating selected 10 clients...!
[INFO](2026/08/19/ 02:41:08 AM) [Round: 0136] ...10 clients are selected and updated (with total sample size: 43)!
[INFO](2026/08/19/ 02:41:08 AM) [Round: 0136] Aggregate updated weights of 10 clients...!
[INFO](2026/08/19/ 02:41:09 AM) [Round: 0136] ...updated weights of 10 clients are successfully averaged!
[INFO](2026/08/19/ 02:41:11 AM) [Round: 0136] Evaluate global model's performance...!                
	[Server] ...finished evaluation!                
	=> Loss: 23.8913                
	=> Accuracy: 5.00%

[INFO](2026/08/19/ 02:41:11 AM) [Round: 0137] Select clients...!
[INFO](2026/08/19/ 02:41:11 AM) [Round: 0137] ...successfully transmitted models to 10 selected clients!
[INFO](2026/08/19/ 02:41:11 AM) [Round: 0137] Start updating selected 10 clients...!
[INFO](2026/08/19/ 02:41:23 AM) [Round: 0137] ...10 clients are selected and updated (with total sample size: 43)!
[INFO](2026/08/19/ 02:41:23 AM) [Round: 0137] Aggregate updated weights of 10 clients...!
[INFO](2026/08/19/ 02:41:23 AM) [Round: 0137] ...updated weights of 10 clients are successfully averaged!
[INFO](2026/08/19/ 02:41:25 AM) [Round: 0137] Evaluate global model's performance...!                
	[Server] ...finished evaluation!                
	=> Loss: 23.7769                
	=> Accuracy: 6.43%

[INFO](2026/08/19/ 02:41:25 AM) [Round: 0138] Select clients...!
[INFO](2026/08/19/ 02:41:26 AM) [Round: 0138] ...successfully transmitted models to 10 selected clients!
[INFO](2026/08/19/ 02:41:26 AM) [Round: 0138] Start updating selected 10 clients...!
[INFO](2026/08/19/ 02:41:36 AM) [Round: 0138] ...10 clients are selected and updated (with total sample size: 52)!
[INFO](2026/08/19/ 02:41:36 AM) [Round: 0138] Aggregate updated weights of 10 clients...!
[INFO](2026/08/19/ 02:41:37 AM) [Round: 0138] ...updated weights of 10 clients are successfully averaged!
[INFO](2026/08/19/ 02:41:39 AM) [Round: 0138] Evaluate global model's performance...!                
	[Server] ...finished evaluation!                
	=> Loss: 25.3271                
	=> Accuracy: 4.76%

[INFO](2026/08/19/ 02:41:39 AM) [Round: 0139] Select clients...!
[INFO](2026/08/19/ 02:41:39 AM) [Round: 0139] ...successfully transmitted models to 10 selected clients!
[INFO](2026/08/19/ 02:41:39 AM) [Round: 0139] Start updating selected 10 clients...!
[INFO](2026/08/19/ 02:41:51 AM) [Round: 0139] ...10 clients are selected and updated (with total sample size: 52)!
[INFO](2026/08/19/ 02:41:51 AM) [Round: 0139] Aggregate updated weights of 10 clients...!
[INFO](2026/08/19/ 02:41:51 AM) [Round: 0139] ...updated weights of 10 clients are successfully averaged!
[INFO](2026/08/19/ 02:41:53 AM) [Round: 0139] Evaluate global model's performance...!                
	[Server] ...finished evaluation!                
	=> Loss: 19.8846                
	=> Accuracy: 6.67%

[INFO](2026/08/19/ 02:41:53 AM) [Round: 0140] Select clients...!
[INFO](2026/08/19/ 02:41:54 AM) [Round: 0140] ...successfully transmitted models to 10 selected clients!
[INFO](2026/08/19/ 02:41:54 AM) [Round: 0140] Start updating selected 10 clients...!
[INFO](2026/08/19/ 02:42:06 AM) [Round: 0140] ...10 clients are selected and updated (with total sample size: 30)!
[INFO](2026/08/19/ 02:42:06 AM) [Round: 0140] Aggregate updated weights of 10 clients...!
[INFO](2026/08/19/ 02:42:07 AM) [Round: 0140] ...updated weights of 10 clients are successfully averaged!
[INFO](2026/08/19/ 02:42:08 AM) [Round: 0140] Evaluate global model's performance...!                
	[Server] ...finished evaluation!                
	=> Loss: 22.1113                
	=> Accuracy: 4.29%

[INFO](2026/08/19/ 02:42:09 AM) [Round: 0141] Select clients...!
[INFO](2026/08/19/ 02:42:09 AM) [Round: 0141] ...successfully transmitted models to 10 selected clients!
[INFO](2026/08/19/ 02:42:09 AM) [Round: 0141] Start updating selected 10 clients...!
[INFO](2026/08/19/ 02:42:21 AM) [Round: 0141] ...10 clients are selected and updated (with total sample size: 43)!
[INFO](2026/08/19/ 02:42:21 AM) [Round: 0141] Aggregate updated weights of 10 clients...!
[INFO](2026/08/19/ 02:42:22 AM) [Round: 0141] ...updated weights of 10 clients are successfully averaged!
[INFO](2026/08/19/ 02:42:23 AM) [Round: 0141] Evaluate global model's performance...!                
	[Server] ...finished evaluation!                
	=> Loss: 17.5468                
	=> Accuracy: 3.33%

[INFO](2026/08/19/ 02:42:23 AM) [Round: 0142] Select clients...!
[INFO](2026/08/19/ 02:42:24 AM) [Round: 0142] ...successfully transmitted models to 10 selected clients!
[INFO](2026/08/19/ 02:42:24 AM) [Round: 0142] Start updating selected 10 clients...!
[INFO](2026/08/19/ 02:42:37 AM) [Round: 0142] ...10 clients are selected and updated (with total sample size: 52)!
[INFO](2026/08/19/ 02:42:37 AM) [Round: 0142] Aggregate updated weights of 10 clients...!
[INFO](2026/08/19/ 02:42:37 AM) [Round: 0142] ...updated weights of 10 clients are successfully averaged!
[INFO](2026/08/19/ 02:42:38 AM) [Round: 0142] Evaluate global model's performance...!                
	[Server] ...finished evaluation!                
	=> Loss: 16.4220                
	=> Accuracy: 6.67%

[INFO](2026/08/19/ 02:42:39 AM) [Round: 0143] Select clients...!
[INFO](2026/08/19/ 02:42:39 AM) [Round: 0143] ...successfully transmitted models to 10 selected clients!
[INFO](2026/08/19/ 02:42:39 AM) [Round: 0143] Start updating selected 10 clients...!
[INFO](2026/08/19/ 02:42:50 AM) [Round: 0143] ...10 clients are selected and updated (with total sample size: 30)!
[INFO](2026/08/19/ 02:42:50 AM) [Round: 0143] Aggregate updated weights of 10 clients...!
[INFO](2026/08/19/ 02:42:50 AM) [Round: 0143] ...updated weights of 10 clients are successfully averaged!
[INFO](2026/08/19/ 02:42:52 AM) [Round: 0143] Evaluate global model's performance...!                
	[Server] ...finished evaluation!                
	=> Loss: 23.7882                
	=> Accuracy: 7.14%

[INFO](2026/08/19/ 02:42:52 AM) [Round: 0144] Select clients...!
[INFO](2026/08/19/ 02:42:52 AM) [Round: 0144] ...successfully transmitted models to 10 selected clients!
[INFO](2026/08/19/ 02:42:53 AM) [Round: 0144] Start updating selected 10 clients...!
[INFO](2026/08/19/ 02:43:05 AM) [Round: 0144] ...10 clients are selected and updated (with total sample size: 52)!
[INFO](2026/08/19/ 02:43:05 AM) [Round: 0144] Aggregate updated weights of 10 clients...!
[INFO](2026/08/19/ 02:43:05 AM) [Round: 0144] ...updated weights of 10 clients are successfully averaged!
[INFO](2026/08/19/ 02:43:07 AM) [Round: 0144] Evaluate global model's performance...!                
	[Server] ...finished evaluation!                
	=> Loss: 29.1645                
	=> Accuracy: 5.71%

[INFO](2026/08/19/ 02:43:07 AM) [Round: 0145] Select clients...!
[INFO](2026/08/19/ 02:43:07 AM) [Round: 0145] ...successfully transmitted models to 10 selected clients!
[INFO](2026/08/19/ 02:43:07 AM) [Round: 0145] Start updating selected 10 clients...!
[INFO](2026/08/19/ 02:43:18 AM) [Round: 0145] ...10 clients are selected and updated (with total sample size: 39)!
[INFO](2026/08/19/ 02:43:19 AM) [Round: 0145] Aggregate updated weights of 10 clients...!
[INFO](2026/08/19/ 02:43:19 AM) [Round: 0145] ...updated weights of 10 clients are successfully averaged!
[INFO](2026/08/19/ 02:43:20 AM) [Round: 0145] Evaluate global model's performance...!                
	[Server] ...finished evaluation!                
	=> Loss: 23.6108                
	=> Accuracy: 5.48%

[INFO](2026/08/19/ 02:43:21 AM) [Round: 0146] Select clients...!
[INFO](2026/08/19/ 02:43:21 AM) [Round: 0146] ...successfully transmitted models to 10 selected clients!
[INFO](2026/08/19/ 02:43:21 AM) [Round: 0146] Start updating selected 10 clients...!
[INFO](2026/08/19/ 02:43:33 AM) [Round: 0146] ...10 clients are selected and updated (with total sample size: 43)!
[INFO](2026/08/19/ 02:43:33 AM) [Round: 0146] Aggregate updated weights of 10 clients...!
[INFO](2026/08/19/ 02:43:33 AM) [Round: 0146] ...updated weights of 10 clients are successfully averaged!
[INFO](2026/08/19/ 02:43:35 AM) [Round: 0146] Evaluate global model's performance...!                
	[Server] ...finished evaluation!                
	=> Loss: 13.5772                
	=> Accuracy: 6.43%

[INFO](2026/08/19/ 02:43:35 AM) [Round: 0147] Select clients...!
[INFO](2026/08/19/ 02:43:35 AM) [Round: 0147] ...successfully transmitted models to 10 selected clients!
[INFO](2026/08/19/ 02:43:35 AM) [Round: 0147] Start updating selected 10 clients...!
[INFO](2026/08/19/ 02:43:46 AM) [Round: 0147] ...10 clients are selected and updated (with total sample size: 52)!
[INFO](2026/08/19/ 02:43:46 AM) [Round: 0147] Aggregate updated weights of 10 clients...!
[INFO](2026/08/19/ 02:43:46 AM) [Round: 0147] ...updated weights of 10 clients are successfully averaged!
[INFO](2026/08/19/ 02:43:48 AM) [Round: 0147] Evaluate global model's performance...!                
	[Server] ...finished evaluation!                
	=> Loss: 22.6906                
	=> Accuracy: 5.24%

[INFO](2026/08/19/ 02:43:48 AM) [Round: 0148] Select clients...!
[INFO](2026/08/19/ 02:43:49 AM) [Round: 0148] ...successfully transmitted models to 10 selected clients!
[INFO](2026/08/19/ 02:43:49 AM) [Round: 0148] Start updating selected 10 clients...!
[INFO](2026/08/19/ 02:43:59 AM) [Round: 0148] ...10 clients are selected and updated (with total sample size: 57)!
[INFO](2026/08/19/ 02:43:59 AM) [Round: 0148] Aggregate updated weights of 10 clients...!
[INFO](2026/08/19/ 02:44:00 AM) [Round: 0148] ...updated weights of 10 clients are successfully averaged!
[INFO](2026/08/19/ 02:44:02 AM) [Round: 0148] Evaluate global model's performance...!                
	[Server] ...finished evaluation!                
	=> Loss: 15.2729                
	=> Accuracy: 4.76%

[INFO](2026/08/19/ 02:44:02 AM) [Round: 0149] Select clients...!
[INFO](2026/08/19/ 02:44:02 AM) [Round: 0149] ...successfully transmitted models to 10 selected clients!
[INFO](2026/08/19/ 02:44:02 AM) [Round: 0149] Start updating selected 10 clients...!
[INFO](2026/08/19/ 02:44:13 AM) [Round: 0149] ...10 clients are selected and updated (with total sample size: 39)!
[INFO](2026/08/19/ 02:44:13 AM) [Round: 0149] Aggregate updated weights of 10 clients...!
[INFO](2026/08/19/ 02:44:13 AM) [Round: 0149] ...updated weights of 10 clients are successfully averaged!
[INFO](2026/08/19/ 02:44:15 AM) [Round: 0149] Evaluate global model's performance...!                
	[Server] ...finished evaluation!                
	=> Loss: 15.6347                
	=> Accuracy: 6.43%

[INFO](2026/08/19/ 02:44:15 AM) [Round: 0150] Select clients...!
[INFO](2026/08/19/ 02:44:15 AM) [Round: 0150] ...successfully transmitted models to 10 selected clients!
[INFO](2026/08/19/ 02:44:16 AM) [Round: 0150] Start updating selected 10 clients...!
[INFO](2026/08/19/ 02:44:26 AM) [Round: 0150] ...10 clients are selected and updated (with total sample size: 28)!
[INFO](2026/08/19/ 02:44:26 AM) [Round: 0150] Aggregate updated weights of 10 clients...!
[INFO](2026/08/19/ 02:44:27 AM) [Round: 0150] ...updated weights of 10 clients are successfully averaged!
[INFO](2026/08/19/ 02:44:28 AM) [Round: 0150] Evaluate global model's performance...!                
	[Server] ...finished evaluation!                
	=> Loss: 16.9682                
	=> Accuracy: 3.57%

[INFO](2026/08/19/ 02:44:29 AM) [Round: 0151] Select clients...!
[INFO](2026/08/19/ 02:44:29 AM) [Round: 0151] ...successfully transmitted models to 10 selected clients!
[INFO](2026/08/19/ 02:44:29 AM) [Round: 0151] Start updating selected 10 clients...!
[INFO](2026/08/19/ 02:44:40 AM) [Round: 0151] ...10 clients are selected and updated (with total sample size: 39)!
[INFO](2026/08/19/ 02:44:40 AM) [Round: 0151] Aggregate updated weights of 10 clients...!
[INFO](2026/08/19/ 02:44:41 AM) [Round: 0151] ...updated weights of 10 clients are successfully averaged!
[INFO](2026/08/19/ 02:44:42 AM) [Round: 0151] Evaluate global model's performance...!                
	[Server] ...finished evaluation!                
	=> Loss: 19.9781                
	=> Accuracy: 6.90%

[INFO](2026/08/19/ 02:44:42 AM) [Round: 0152] Select clients...!
[INFO](2026/08/19/ 02:44:43 AM) [Round: 0152] ...successfully transmitted models to 10 selected clients!
[INFO](2026/08/19/ 02:44:43 AM) [Round: 0152] Start updating selected 10 clients...!
[INFO](2026/08/19/ 02:44:55 AM) [Round: 0152] ...10 clients are selected and updated (with total sample size: 43)!
[INFO](2026/08/19/ 02:44:55 AM) [Round: 0152] Aggregate updated weights of 10 clients...!
[INFO](2026/08/19/ 02:44:56 AM) [Round: 0152] ...updated weights of 10 clients are successfully averaged!
[INFO](2026/08/19/ 02:44:57 AM) [Round: 0152] Evaluate global model's performance...!                
	[Server] ...finished evaluation!                
	=> Loss: 14.5768                
	=> Accuracy: 5.48%

[INFO](2026/08/19/ 02:44:57 AM) [Round: 0153] Select clients...!
[INFO](2026/08/19/ 02:44:58 AM) [Round: 0153] ...successfully transmitted models to 10 selected clients!
[INFO](2026/08/19/ 02:44:58 AM) [Round: 0153] Start updating selected 10 clients...!
[INFO](2026/08/19/ 02:45:08 AM) [Round: 0153] ...10 clients are selected and updated (with total sample size: 42)!
[INFO](2026/08/19/ 02:45:08 AM) [Round: 0153] Aggregate updated weights of 10 clients...!
[INFO](2026/08/19/ 02:45:08 AM) [Round: 0153] ...updated weights of 10 clients are successfully averaged!
[INFO](2026/08/19/ 02:45:10 AM) [Round: 0153] Evaluate global model's performance...!                
	[Server] ...finished evaluation!                
	=> Loss: 22.4217                
	=> Accuracy: 5.00%

[INFO](2026/08/19/ 02:45:10 AM) [Round: 0154] Select clients...!
[INFO](2026/08/19/ 02:45:10 AM) [Round: 0154] ...successfully transmitted models to 10 selected clients!
[INFO](2026/08/19/ 02:45:10 AM) [Round: 0154] Start updating selected 10 clients...!
[INFO](2026/08/19/ 02:45:21 AM) [Round: 0154] ...10 clients are selected and updated (with total sample size: 39)!
[INFO](2026/08/19/ 02:45:21 AM) [Round: 0154] Aggregate updated weights of 10 clients...!
[INFO](2026/08/19/ 02:45:21 AM) [Round: 0154] ...updated weights of 10 clients are successfully averaged!
[INFO](2026/08/19/ 02:45:23 AM) [Round: 0154] Evaluate global model's performance...!                
	[Server] ...finished evaluation!                
	=> Loss: 20.1928                
	=> Accuracy: 5.95%

[INFO](2026/08/19/ 02:45:23 AM) [Round: 0155] Select clients...!
[INFO](2026/08/19/ 02:45:24 AM) [Round: 0155] ...successfully transmitted models to 10 selected clients!
[INFO](2026/08/19/ 02:45:24 AM) [Round: 0155] Start updating selected 10 clients...!
[INFO](2026/08/19/ 02:45:35 AM) [Round: 0155] ...10 clients are selected and updated (with total sample size: 52)!
[INFO](2026/08/19/ 02:45:35 AM) [Round: 0155] Aggregate updated weights of 10 clients...!
[INFO](2026/08/19/ 02:45:35 AM) [Round: 0155] ...updated weights of 10 clients are successfully averaged!
[INFO](2026/08/19/ 02:45:37 AM) [Round: 0155] Evaluate global model's performance...!                
	[Server] ...finished evaluation!                
	=> Loss: 17.3417                
	=> Accuracy: 6.67%

[INFO](2026/08/19/ 02:45:37 AM) [Round: 0156] Select clients...!
[INFO](2026/08/19/ 02:45:38 AM) [Round: 0156] ...successfully transmitted models to 10 selected clients!
[INFO](2026/08/19/ 02:45:38 AM) [Round: 0156] Start updating selected 10 clients...!
[INFO](2026/08/19/ 02:45:49 AM) [Round: 0156] ...10 clients are selected and updated (with total sample size: 30)!
[INFO](2026/08/19/ 02:45:49 AM) [Round: 0156] Aggregate updated weights of 10 clients...!
[INFO](2026/08/19/ 02:45:50 AM) [Round: 0156] ...updated weights of 10 clients are successfully averaged!
[INFO](2026/08/19/ 02:45:52 AM) [Round: 0156] Evaluate global model's performance...!                
	[Server] ...finished evaluation!                
	=> Loss: 19.9603                
	=> Accuracy: 4.76%

[INFO](2026/08/19/ 02:45:52 AM) [Round: 0157] Select clients...!
[INFO](2026/08/19/ 02:45:52 AM) [Round: 0157] ...successfully transmitted models to 10 selected clients!
[INFO](2026/08/19/ 02:45:52 AM) [Round: 0157] Start updating selected 10 clients...!
[INFO](2026/08/19/ 02:46:02 AM) [Round: 0157] ...10 clients are selected and updated (with total sample size: 43)!
[INFO](2026/08/19/ 02:46:02 AM) [Round: 0157] Aggregate updated weights of 10 clients...!
[INFO](2026/08/19/ 02:46:02 AM) [Round: 0157] ...updated weights of 10 clients are successfully averaged!
[INFO](2026/08/19/ 02:46:04 AM) [Round: 0157] Evaluate global model's performance...!                
	[Server] ...finished evaluation!                
	=> Loss: 15.8334                
	=> Accuracy: 2.86%

[INFO](2026/08/19/ 02:46:04 AM) [Round: 0158] Select clients...!
[INFO](2026/08/19/ 02:46:05 AM) [Round: 0158] ...successfully transmitted models to 10 selected clients!
[INFO](2026/08/19/ 02:46:05 AM) [Round: 0158] Start updating selected 10 clients...!
[INFO](2026/08/19/ 02:46:15 AM) [Round: 0158] ...10 clients are selected and updated (with total sample size: 30)!
[INFO](2026/08/19/ 02:46:15 AM) [Round: 0158] Aggregate updated weights of 10 clients...!
[INFO](2026/08/19/ 02:46:15 AM) [Round: 0158] ...updated weights of 10 clients are successfully averaged!
[INFO](2026/08/19/ 02:46:17 AM) [Round: 0158] Evaluate global model's performance...!                
	[Server] ...finished evaluation!                
	=> Loss: 18.6597                
	=> Accuracy: 4.29%

[INFO](2026/08/19/ 02:46:17 AM) [Round: 0159] Select clients...!
[INFO](2026/08/19/ 02:46:18 AM) [Round: 0159] ...successfully transmitted models to 10 selected clients!
[INFO](2026/08/19/ 02:46:18 AM) [Round: 0159] Start updating selected 10 clients...!
[INFO](2026/08/19/ 02:46:28 AM) [Round: 0159] ...10 clients are selected and updated (with total sample size: 39)!
[INFO](2026/08/19/ 02:46:28 AM) [Round: 0159] Aggregate updated weights of 10 clients...!
[INFO](2026/08/19/ 02:46:28 AM) [Round: 0159] ...updated weights of 10 clients are successfully averaged!
[INFO](2026/08/19/ 02:46:30 AM) [Round: 0159] Evaluate global model's performance...!                
	[Server] ...finished evaluation!                
	=> Loss: 23.6023                
	=> Accuracy: 5.48%

[INFO](2026/08/19/ 02:46:30 AM) [Round: 0160] Select clients...!
[INFO](2026/08/19/ 02:46:31 AM) [Round: 0160] ...successfully transmitted models to 10 selected clients!
[INFO](2026/08/19/ 02:46:31 AM) [Round: 0160] Start updating selected 10 clients...!
[INFO](2026/08/19/ 02:46:41 AM) [Round: 0160] ...10 clients are selected and updated (with total sample size: 30)!
[INFO](2026/08/19/ 02:46:41 AM) [Round: 0160] Aggregate updated weights of 10 clients...!
[INFO](2026/08/19/ 02:46:42 AM) [Round: 0160] ...updated weights of 10 clients are successfully averaged!
[INFO](2026/08/19/ 02:46:43 AM) [Round: 0160] Evaluate global model's performance...!                
	[Server] ...finished evaluation!                
	=> Loss: 26.3939                
	=> Accuracy: 5.71%

[INFO](2026/08/19/ 02:46:43 AM) [Round: 0161] Select clients...!
[INFO](2026/08/19/ 02:46:43 AM) [Round: 0161] ...successfully transmitted models to 10 selected clients!
[INFO](2026/08/19/ 02:46:44 AM) [Round: 0161] Start updating selected 10 clients...!
[INFO](2026/08/19/ 02:46:54 AM) [Round: 0161] ...10 clients are selected and updated (with total sample size: 42)!
[INFO](2026/08/19/ 02:46:54 AM) [Round: 0161] Aggregate updated weights of 10 clients...!
[INFO](2026/08/19/ 02:46:54 AM) [Round: 0161] ...updated weights of 10 clients are successfully averaged!
[INFO](2026/08/19/ 02:46:56 AM) [Round: 0161] Evaluate global model's performance...!                
	[Server] ...finished evaluation!                
	=> Loss: 24.7420                
	=> Accuracy: 5.71%

[INFO](2026/08/19/ 02:46:56 AM) [Round: 0162] Select clients...!
[INFO](2026/08/19/ 02:46:56 AM) [Round: 0162] ...successfully transmitted models to 10 selected clients!
[INFO](2026/08/19/ 02:46:56 AM) [Round: 0162] Start updating selected 10 clients...!
[INFO](2026/08/19/ 02:47:08 AM) [Round: 0162] ...10 clients are selected and updated (with total sample size: 39)!
[INFO](2026/08/19/ 02:47:08 AM) [Round: 0162] Aggregate updated weights of 10 clients...!
[INFO](2026/08/19/ 02:47:08 AM) [Round: 0162] ...updated weights of 10 clients are successfully averaged!
[INFO](2026/08/19/ 02:47:10 AM) [Round: 0162] Evaluate global model's performance...!                
	[Server] ...finished evaluation!                
	=> Loss: 25.1806                
	=> Accuracy: 5.95%

[INFO](2026/08/19/ 02:47:10 AM) [Round: 0163] Select clients...!
[INFO](2026/08/19/ 02:47:11 AM) [Round: 0163] ...successfully transmitted models to 10 selected clients!
[INFO](2026/08/19/ 02:47:11 AM) [Round: 0163] Start updating selected 10 clients...!
[INFO](2026/08/19/ 02:47:22 AM) [Round: 0163] ...10 clients are selected and updated (with total sample size: 43)!
[INFO](2026/08/19/ 02:47:22 AM) [Round: 0163] Aggregate updated weights of 10 clients...!
[INFO](2026/08/19/ 02:47:22 AM) [Round: 0163] ...updated weights of 10 clients are successfully averaged!
[INFO](2026/08/19/ 02:47:24 AM) [Round: 0163] Evaluate global model's performance...!                
	[Server] ...finished evaluation!                
	=> Loss: 26.4009                
	=> Accuracy: 4.52%

[INFO](2026/08/19/ 02:47:24 AM) [Round: 0164] Select clients...!
[INFO](2026/08/19/ 02:47:24 AM) [Round: 0164] ...successfully transmitted models to 10 selected clients!
[INFO](2026/08/19/ 02:47:24 AM) [Round: 0164] Start updating selected 10 clients...!
[INFO](2026/08/19/ 02:47:35 AM) [Round: 0164] ...10 clients are selected and updated (with total sample size: 32)!
[INFO](2026/08/19/ 02:47:35 AM) [Round: 0164] Aggregate updated weights of 10 clients...!
[INFO](2026/08/19/ 02:47:36 AM) [Round: 0164] ...updated weights of 10 clients are successfully averaged!
[INFO](2026/08/19/ 02:47:37 AM) [Round: 0164] Evaluate global model's performance...!                
	[Server] ...finished evaluation!                
	=> Loss: 24.7221                
	=> Accuracy: 5.48%

[INFO](2026/08/19/ 02:47:38 AM) [Round: 0165] Select clients...!
[INFO](2026/08/19/ 02:47:38 AM) [Round: 0165] ...successfully transmitted models to 10 selected clients!
[INFO](2026/08/19/ 02:47:38 AM) [Round: 0165] Start updating selected 10 clients...!
[INFO](2026/08/19/ 02:47:49 AM) [Round: 0165] ...10 clients are selected and updated (with total sample size: 30)!
[INFO](2026/08/19/ 02:47:49 AM) [Round: 0165] Aggregate updated weights of 10 clients...!
[INFO](2026/08/19/ 02:47:50 AM) [Round: 0165] ...updated weights of 10 clients are successfully averaged!
[INFO](2026/08/19/ 02:47:52 AM) [Round: 0165] Evaluate global model's performance...!                
	[Server] ...finished evaluation!                
	=> Loss: 24.8123                
	=> Accuracy: 6.43%

[INFO](2026/08/19/ 02:47:52 AM) [Round: 0166] Select clients...!
[INFO](2026/08/19/ 02:47:52 AM) [Round: 0166] ...successfully transmitted models to 10 selected clients!
[INFO](2026/08/19/ 02:47:52 AM) [Round: 0166] Start updating selected 10 clients...!
[INFO](2026/08/19/ 02:48:03 AM) [Round: 0166] ...10 clients are selected and updated (with total sample size: 43)!
[INFO](2026/08/19/ 02:48:04 AM) [Round: 0166] Aggregate updated weights of 10 clients...!
[INFO](2026/08/19/ 02:48:04 AM) [Round: 0166] ...updated weights of 10 clients are successfully averaged!
[INFO](2026/08/19/ 02:48:06 AM) [Round: 0166] Evaluate global model's performance...!                
	[Server] ...finished evaluation!                
	=> Loss: 29.3543                
	=> Accuracy: 5.00%

[INFO](2026/08/19/ 02:48:06 AM) [Round: 0167] Select clients...!
[INFO](2026/08/19/ 02:48:06 AM) [Round: 0167] ...successfully transmitted models to 10 selected clients!
[INFO](2026/08/19/ 02:48:06 AM) [Round: 0167] Start updating selected 10 clients...!
[INFO](2026/08/19/ 02:48:16 AM) [Round: 0167] ...10 clients are selected and updated (with total sample size: 56)!
[INFO](2026/08/19/ 02:48:16 AM) [Round: 0167] Aggregate updated weights of 10 clients...!
[INFO](2026/08/19/ 02:48:17 AM) [Round: 0167] ...updated weights of 10 clients are successfully averaged!
[INFO](2026/08/19/ 02:48:18 AM) [Round: 0167] Evaluate global model's performance...!                
	[Server] ...finished evaluation!                
	=> Loss: 27.2022                
	=> Accuracy: 5.24%

[INFO](2026/08/19/ 02:48:19 AM) [Round: 0168] Select clients...!
[INFO](2026/08/19/ 02:48:19 AM) [Round: 0168] ...successfully transmitted models to 10 selected clients!
[INFO](2026/08/19/ 02:48:19 AM) [Round: 0168] Start updating selected 10 clients...!
[INFO](2026/08/19/ 02:48:32 AM) [Round: 0168] ...10 clients are selected and updated (with total sample size: 57)!
[INFO](2026/08/19/ 02:48:32 AM) [Round: 0168] Aggregate updated weights of 10 clients...!
[INFO](2026/08/19/ 02:48:32 AM) [Round: 0168] ...updated weights of 10 clients are successfully averaged!
[INFO](2026/08/19/ 02:48:34 AM) [Round: 0168] Evaluate global model's performance...!                
	[Server] ...finished evaluation!                
	=> Loss: 18.8786                
	=> Accuracy: 6.19%

[INFO](2026/08/19/ 02:48:34 AM) [Round: 0169] Select clients...!
[INFO](2026/08/19/ 02:48:35 AM) [Round: 0169] ...successfully transmitted models to 10 selected clients!
[INFO](2026/08/19/ 02:48:35 AM) [Round: 0169] Start updating selected 10 clients...!
[INFO](2026/08/19/ 02:48:45 AM) [Round: 0169] ...10 clients are selected and updated (with total sample size: 30)!
[INFO](2026/08/19/ 02:48:45 AM) [Round: 0169] Aggregate updated weights of 10 clients...!
[INFO](2026/08/19/ 02:48:45 AM) [Round: 0169] ...updated weights of 10 clients are successfully averaged!
[INFO](2026/08/19/ 02:48:47 AM) [Round: 0169] Evaluate global model's performance...!                
	[Server] ...finished evaluation!                
	=> Loss: 40.3475                
	=> Accuracy: 5.00%

[INFO](2026/08/19/ 02:48:47 AM) [Round: 0170] Select clients...!
[INFO](2026/08/19/ 02:48:48 AM) [Round: 0170] ...successfully transmitted models to 10 selected clients!
[INFO](2026/08/19/ 02:48:48 AM) [Round: 0170] Start updating selected 10 clients...!
[INFO](2026/08/19/ 02:48:59 AM) [Round: 0170] ...10 clients are selected and updated (with total sample size: 42)!
[INFO](2026/08/19/ 02:48:59 AM) [Round: 0170] Aggregate updated weights of 10 clients...!
[INFO](2026/08/19/ 02:49:00 AM) [Round: 0170] ...updated weights of 10 clients are successfully averaged!
[INFO](2026/08/19/ 02:49:01 AM) [Round: 0170] Evaluate global model's performance...!                
	[Server] ...finished evaluation!                
	=> Loss: 20.9437                
	=> Accuracy: 6.19%

[INFO](2026/08/19/ 02:49:01 AM) [Round: 0171] Select clients...!
[INFO](2026/08/19/ 02:49:02 AM) [Round: 0171] ...successfully transmitted models to 10 selected clients!
[INFO](2026/08/19/ 02:49:02 AM) [Round: 0171] Start updating selected 10 clients...!
[INFO](2026/08/19/ 02:49:12 AM) [Round: 0171] ...10 clients are selected and updated (with total sample size: 28)!
[INFO](2026/08/19/ 02:49:12 AM) [Round: 0171] Aggregate updated weights of 10 clients...!
[INFO](2026/08/19/ 02:49:13 AM) [Round: 0171] ...updated weights of 10 clients are successfully averaged!
[INFO](2026/08/19/ 02:49:15 AM) [Round: 0171] Evaluate global model's performance...!                
	[Server] ...finished evaluation!                
	=> Loss: 30.4585                
	=> Accuracy: 3.10%

[INFO](2026/08/19/ 02:49:15 AM) [Round: 0172] Select clients...!
[INFO](2026/08/19/ 02:49:15 AM) [Round: 0172] ...successfully transmitted models to 10 selected clients!
[INFO](2026/08/19/ 02:49:15 AM) [Round: 0172] Start updating selected 10 clients...!
[INFO](2026/08/19/ 02:49:26 AM) [Round: 0172] ...10 clients are selected and updated (with total sample size: 52)!
[INFO](2026/08/19/ 02:49:26 AM) [Round: 0172] Aggregate updated weights of 10 clients...!
[INFO](2026/08/19/ 02:49:26 AM) [Round: 0172] ...updated weights of 10 clients are successfully averaged!
[INFO](2026/08/19/ 02:49:28 AM) [Round: 0172] Evaluate global model's performance...!                
	[Server] ...finished evaluation!                
	=> Loss: 17.7995                
	=> Accuracy: 6.43%

[INFO](2026/08/19/ 02:49:28 AM) [Round: 0173] Select clients...!
[INFO](2026/08/19/ 02:49:29 AM) [Round: 0173] ...successfully transmitted models to 10 selected clients!
[INFO](2026/08/19/ 02:49:29 AM) [Round: 0173] Start updating selected 10 clients...!
[INFO](2026/08/19/ 02:49:40 AM) [Round: 0173] ...10 clients are selected and updated (with total sample size: 42)!
[INFO](2026/08/19/ 02:49:40 AM) [Round: 0173] Aggregate updated weights of 10 clients...!
[INFO](2026/08/19/ 02:49:40 AM) [Round: 0173] ...updated weights of 10 clients are successfully averaged!
[INFO](2026/08/19/ 02:49:42 AM) [Round: 0173] Evaluate global model's performance...!                
	[Server] ...finished evaluation!                
	=> Loss: 22.4416                
	=> Accuracy: 5.71%

[INFO](2026/08/19/ 02:49:42 AM) [Round: 0174] Select clients...!
[INFO](2026/08/19/ 02:49:42 AM) [Round: 0174] ...successfully transmitted models to 10 selected clients!
[INFO](2026/08/19/ 02:49:42 AM) [Round: 0174] Start updating selected 10 clients...!
[INFO](2026/08/19/ 02:49:53 AM) [Round: 0174] ...10 clients are selected and updated (with total sample size: 52)!
[INFO](2026/08/19/ 02:49:53 AM) [Round: 0174] Aggregate updated weights of 10 clients...!
[INFO](2026/08/19/ 02:49:53 AM) [Round: 0174] ...updated weights of 10 clients are successfully averaged!
[INFO](2026/08/19/ 02:49:55 AM) [Round: 0174] Evaluate global model's performance...!                
	[Server] ...finished evaluation!                
	=> Loss: 23.0305                
	=> Accuracy: 6.19%

[INFO](2026/08/19/ 02:49:55 AM) [Round: 0175] Select clients...!
[INFO](2026/08/19/ 02:49:55 AM) [Round: 0175] ...successfully transmitted models to 10 selected clients!
[INFO](2026/08/19/ 02:49:56 AM) [Round: 0175] Start updating selected 10 clients...!
[INFO](2026/08/19/ 02:50:06 AM) [Round: 0175] ...10 clients are selected and updated (with total sample size: 39)!
[INFO](2026/08/19/ 02:50:07 AM) [Round: 0175] Aggregate updated weights of 10 clients...!
[INFO](2026/08/19/ 02:50:07 AM) [Round: 0175] ...updated weights of 10 clients are successfully averaged!
[INFO](2026/08/19/ 02:50:08 AM) [Round: 0175] Evaluate global model's performance...!                
	[Server] ...finished evaluation!                
	=> Loss: 18.5177                
	=> Accuracy: 3.33%

[INFO](2026/08/19/ 02:50:09 AM) [Round: 0176] Select clients...!
[INFO](2026/08/19/ 02:50:09 AM) [Round: 0176] ...successfully transmitted models to 10 selected clients!
[INFO](2026/08/19/ 02:50:09 AM) [Round: 0176] Start updating selected 10 clients...!
[INFO](2026/08/19/ 02:50:19 AM) [Round: 0176] ...10 clients are selected and updated (with total sample size: 52)!
[INFO](2026/08/19/ 02:50:19 AM) [Round: 0176] Aggregate updated weights of 10 clients...!
[INFO](2026/08/19/ 02:50:20 AM) [Round: 0176] ...updated weights of 10 clients are successfully averaged!
[INFO](2026/08/19/ 02:50:21 AM) [Round: 0176] Evaluate global model's performance...!                
	[Server] ...finished evaluation!                
	=> Loss: 16.0688                
	=> Accuracy: 5.00%

[INFO](2026/08/19/ 02:50:22 AM) [Round: 0177] Select clients...!
[INFO](2026/08/19/ 02:50:22 AM) [Round: 0177] ...successfully transmitted models to 10 selected clients!
[INFO](2026/08/19/ 02:50:22 AM) [Round: 0177] Start updating selected 10 clients...!
[INFO](2026/08/19/ 02:50:33 AM) [Round: 0177] ...10 clients are selected and updated (with total sample size: 43)!
[INFO](2026/08/19/ 02:50:34 AM) [Round: 0177] Aggregate updated weights of 10 clients...!
[INFO](2026/08/19/ 02:50:34 AM) [Round: 0177] ...updated weights of 10 clients are successfully averaged!
[INFO](2026/08/19/ 02:50:35 AM) [Round: 0177] Evaluate global model's performance...!                
	[Server] ...finished evaluation!                
	=> Loss: 19.8493                
	=> Accuracy: 7.14%

[INFO](2026/08/19/ 02:50:36 AM) [Round: 0178] Select clients...!
[INFO](2026/08/19/ 02:50:36 AM) [Round: 0178] ...successfully transmitted models to 10 selected clients!
[INFO](2026/08/19/ 02:50:36 AM) [Round: 0178] Start updating selected 10 clients...!
[INFO](2026/08/19/ 02:50:47 AM) [Round: 0178] ...10 clients are selected and updated (with total sample size: 52)!
[INFO](2026/08/19/ 02:50:47 AM) [Round: 0178] Aggregate updated weights of 10 clients...!
[INFO](2026/08/19/ 02:50:48 AM) [Round: 0178] ...updated weights of 10 clients are successfully averaged!
[INFO](2026/08/19/ 02:50:50 AM) [Round: 0178] Evaluate global model's performance...!                
	[Server] ...finished evaluation!                
	=> Loss: 22.0303                
	=> Accuracy: 6.43%

[INFO](2026/08/19/ 02:50:50 AM) [Round: 0179] Select clients...!
[INFO](2026/08/19/ 02:50:50 AM) [Round: 0179] ...successfully transmitted models to 10 selected clients!
[INFO](2026/08/19/ 02:50:50 AM) [Round: 0179] Start updating selected 10 clients...!
[INFO](2026/08/19/ 02:51:00 AM) [Round: 0179] ...10 clients are selected and updated (with total sample size: 39)!
[INFO](2026/08/19/ 02:51:00 AM) [Round: 0179] Aggregate updated weights of 10 clients...!
[INFO](2026/08/19/ 02:51:00 AM) [Round: 0179] ...updated weights of 10 clients are successfully averaged!
[INFO](2026/08/19/ 02:51:02 AM) [Round: 0179] Evaluate global model's performance...!                
	[Server] ...finished evaluation!                
	=> Loss: 18.9567                
	=> Accuracy: 5.95%

[INFO](2026/08/19/ 02:51:02 AM) [Round: 0180] Select clients...!
[INFO](2026/08/19/ 02:51:03 AM) [Round: 0180] ...successfully transmitted models to 10 selected clients!
[INFO](2026/08/19/ 02:51:03 AM) [Round: 0180] Start updating selected 10 clients...!
[INFO](2026/08/19/ 02:51:14 AM) [Round: 0180] ...10 clients are selected and updated (with total sample size: 28)!
[INFO](2026/08/19/ 02:51:14 AM) [Round: 0180] Aggregate updated weights of 10 clients...!
[INFO](2026/08/19/ 02:51:15 AM) [Round: 0180] ...updated weights of 10 clients are successfully averaged!
[INFO](2026/08/19/ 02:51:16 AM) [Round: 0180] Evaluate global model's performance...!                
	[Server] ...finished evaluation!                
	=> Loss: 31.6196                
	=> Accuracy: 5.95%

[INFO](2026/08/19/ 02:51:17 AM) [Round: 0181] Select clients...!
[INFO](2026/08/19/ 02:51:17 AM) [Round: 0181] ...successfully transmitted models to 10 selected clients!
[INFO](2026/08/19/ 02:51:17 AM) [Round: 0181] Start updating selected 10 clients...!
[INFO](2026/08/19/ 02:51:30 AM) [Round: 0181] ...10 clients are selected and updated (with total sample size: 30)!
[INFO](2026/08/19/ 02:51:30 AM) [Round: 0181] Aggregate updated weights of 10 clients...!
[INFO](2026/08/19/ 02:51:30 AM) [Round: 0181] ...updated weights of 10 clients are successfully averaged!
[INFO](2026/08/19/ 02:51:32 AM) [Round: 0181] Evaluate global model's performance...!                
	[Server] ...finished evaluation!                
	=> Loss: 26.2778                
	=> Accuracy: 5.95%

[INFO](2026/08/19/ 02:51:32 AM) [Round: 0182] Select clients...!
[INFO](2026/08/19/ 02:51:33 AM) [Round: 0182] ...successfully transmitted models to 10 selected clients!
[INFO](2026/08/19/ 02:51:33 AM) [Round: 0182] Start updating selected 10 clients...!
[INFO](2026/08/19/ 02:51:45 AM) [Round: 0182] ...10 clients are selected and updated (with total sample size: 43)!
[INFO](2026/08/19/ 02:51:45 AM) [Round: 0182] Aggregate updated weights of 10 clients...!
[INFO](2026/08/19/ 02:51:45 AM) [Round: 0182] ...updated weights of 10 clients are successfully averaged!
[INFO](2026/08/19/ 02:51:47 AM) [Round: 0182] Evaluate global model's performance...!                
	[Server] ...finished evaluation!                
	=> Loss: 24.2408                
	=> Accuracy: 5.48%

[INFO](2026/08/19/ 02:51:47 AM) [Round: 0183] Select clients...!
[INFO](2026/08/19/ 02:51:47 AM) [Round: 0183] ...successfully transmitted models to 10 selected clients!
[INFO](2026/08/19/ 02:51:48 AM) [Round: 0183] Start updating selected 10 clients...!
[INFO](2026/08/19/ 02:51:58 AM) [Round: 0183] ...10 clients are selected and updated (with total sample size: 30)!
[INFO](2026/08/19/ 02:51:58 AM) [Round: 0183] Aggregate updated weights of 10 clients...!
[INFO](2026/08/19/ 02:51:58 AM) [Round: 0183] ...updated weights of 10 clients are successfully averaged!
[INFO](2026/08/19/ 02:52:00 AM) [Round: 0183] Evaluate global model's performance...!                
	[Server] ...finished evaluation!                
	=> Loss: 50.2672                
	=> Accuracy: 5.24%

[INFO](2026/08/19/ 02:52:00 AM) [Round: 0184] Select clients...!
[INFO](2026/08/19/ 02:52:01 AM) [Round: 0184] ...successfully transmitted models to 10 selected clients!
[INFO](2026/08/19/ 02:52:01 AM) [Round: 0184] Start updating selected 10 clients...!
[INFO](2026/08/19/ 02:52:10 AM) [Round: 0184] ...10 clients are selected and updated (with total sample size: 43)!
[INFO](2026/08/19/ 02:52:10 AM) [Round: 0184] Aggregate updated weights of 10 clients...!
[INFO](2026/08/19/ 02:52:10 AM) [Round: 0184] ...updated weights of 10 clients are successfully averaged!
[INFO](2026/08/19/ 02:52:12 AM) [Round: 0184] Evaluate global model's performance...!                
	[Server] ...finished evaluation!                
	=> Loss: 39.4709                
	=> Accuracy: 5.00%

[INFO](2026/08/19/ 02:52:12 AM) [Round: 0185] Select clients...!
[INFO](2026/08/19/ 02:52:13 AM) [Round: 0185] ...successfully transmitted models to 10 selected clients!
[INFO](2026/08/19/ 02:52:13 AM) [Round: 0185] Start updating selected 10 clients...!
[INFO](2026/08/19/ 02:52:23 AM) [Round: 0185] ...10 clients are selected and updated (with total sample size: 28)!
[INFO](2026/08/19/ 02:52:23 AM) [Round: 0185] Aggregate updated weights of 10 clients...!
[INFO](2026/08/19/ 02:52:23 AM) [Round: 0185] ...updated weights of 10 clients are successfully averaged!
[INFO](2026/08/19/ 02:52:25 AM) [Round: 0185] Evaluate global model's performance...!                
	[Server] ...finished evaluation!                
	=> Loss: 25.9939                
	=> Accuracy: 6.67%

[INFO](2026/08/19/ 02:52:25 AM) [Round: 0186] Select clients...!
[INFO](2026/08/19/ 02:52:25 AM) [Round: 0186] ...successfully transmitted models to 10 selected clients!
[INFO](2026/08/19/ 02:52:25 AM) [Round: 0186] Start updating selected 10 clients...!
[INFO](2026/08/19/ 02:52:39 AM) [Round: 0186] ...10 clients are selected and updated (with total sample size: 52)!
[INFO](2026/08/19/ 02:52:39 AM) [Round: 0186] Aggregate updated weights of 10 clients...!
[INFO](2026/08/19/ 02:52:39 AM) [Round: 0186] ...updated weights of 10 clients are successfully averaged!
[INFO](2026/08/19/ 02:52:41 AM) [Round: 0186] Evaluate global model's performance...!                
	[Server] ...finished evaluation!                
	=> Loss: 31.3552                
	=> Accuracy: 6.90%

[INFO](2026/08/19/ 02:52:41 AM) [Round: 0187] Select clients...!
[INFO](2026/08/19/ 02:52:41 AM) [Round: 0187] ...successfully transmitted models to 10 selected clients!
[INFO](2026/08/19/ 02:52:41 AM) [Round: 0187] Start updating selected 10 clients...!
[INFO](2026/08/19/ 02:52:52 AM) [Round: 0187] ...10 clients are selected and updated (with total sample size: 39)!
[INFO](2026/08/19/ 02:52:52 AM) [Round: 0187] Aggregate updated weights of 10 clients...!
[INFO](2026/08/19/ 02:52:52 AM) [Round: 0187] ...updated weights of 10 clients are successfully averaged!
[INFO](2026/08/19/ 02:52:54 AM) [Round: 0187] Evaluate global model's performance...!                
	[Server] ...finished evaluation!                
	=> Loss: 48.8000                
	=> Accuracy: 5.95%

[INFO](2026/08/19/ 02:52:55 AM) [Round: 0188] Select clients...!
[INFO](2026/08/19/ 02:52:55 AM) [Round: 0188] ...successfully transmitted models to 10 selected clients!
[INFO](2026/08/19/ 02:52:55 AM) [Round: 0188] Start updating selected 10 clients...!
[INFO](2026/08/19/ 02:53:08 AM) [Round: 0188] ...10 clients are selected and updated (with total sample size: 52)!
[INFO](2026/08/19/ 02:53:08 AM) [Round: 0188] Aggregate updated weights of 10 clients...!
[INFO](2026/08/19/ 02:53:08 AM) [Round: 0188] ...updated weights of 10 clients are successfully averaged!
[INFO](2026/08/19/ 02:53:10 AM) [Round: 0188] Evaluate global model's performance...!                
	[Server] ...finished evaluation!                
	=> Loss: 16.0366                
	=> Accuracy: 8.81%

[INFO](2026/08/19/ 02:53:10 AM) [Round: 0189] Select clients...!
[INFO](2026/08/19/ 02:53:10 AM) [Round: 0189] ...successfully transmitted models to 10 selected clients!
[INFO](2026/08/19/ 02:53:11 AM) [Round: 0189] Start updating selected 10 clients...!
[INFO](2026/08/19/ 02:53:22 AM) [Round: 0189] ...10 clients are selected and updated (with total sample size: 43)!
[INFO](2026/08/19/ 02:53:22 AM) [Round: 0189] Aggregate updated weights of 10 clients...!
[INFO](2026/08/19/ 02:53:23 AM) [Round: 0189] ...updated weights of 10 clients are successfully averaged!
[INFO](2026/08/19/ 02:53:24 AM) [Round: 0189] Evaluate global model's performance...!                
	[Server] ...finished evaluation!                
	=> Loss: 37.2993                
	=> Accuracy: 7.38%

[INFO](2026/08/19/ 02:53:24 AM) [Round: 0190] Select clients...!
[INFO](2026/08/19/ 02:53:25 AM) [Round: 0190] ...successfully transmitted models to 10 selected clients!
[INFO](2026/08/19/ 02:53:25 AM) [Round: 0190] Start updating selected 10 clients...!
[INFO](2026/08/19/ 02:53:34 AM) [Round: 0190] ...10 clients are selected and updated (with total sample size: 30)!
[INFO](2026/08/19/ 02:53:35 AM) [Round: 0190] Aggregate updated weights of 10 clients...!
[INFO](2026/08/19/ 02:53:35 AM) [Round: 0190] ...updated weights of 10 clients are successfully averaged!
[INFO](2026/08/19/ 02:53:37 AM) [Round: 0190] Evaluate global model's performance...!                
	[Server] ...finished evaluation!                
	=> Loss: 37.0734                
	=> Accuracy: 5.48%

[INFO](2026/08/19/ 02:53:37 AM) [Round: 0191] Select clients...!
[INFO](2026/08/19/ 02:53:37 AM) [Round: 0191] ...successfully transmitted models to 10 selected clients!
[INFO](2026/08/19/ 02:53:37 AM) [Round: 0191] Start updating selected 10 clients...!
[INFO](2026/08/19/ 02:53:49 AM) [Round: 0191] ...10 clients are selected and updated (with total sample size: 43)!
[INFO](2026/08/19/ 02:53:49 AM) [Round: 0191] Aggregate updated weights of 10 clients...!
[INFO](2026/08/19/ 02:53:49 AM) [Round: 0191] ...updated weights of 10 clients are successfully averaged!
[INFO](2026/08/19/ 02:53:51 AM) [Round: 0191] Evaluate global model's performance...!                
	[Server] ...finished evaluation!                
	=> Loss: 33.9435                
	=> Accuracy: 5.48%

[INFO](2026/08/19/ 02:53:51 AM) [Round: 0192] Select clients...!
[INFO](2026/08/19/ 02:53:51 AM) [Round: 0192] ...successfully transmitted models to 10 selected clients!
[INFO](2026/08/19/ 02:53:51 AM) [Round: 0192] Start updating selected 10 clients...!
[INFO](2026/08/19/ 02:54:02 AM) [Round: 0192] ...10 clients are selected and updated (with total sample size: 42)!
[INFO](2026/08/19/ 02:54:03 AM) [Round: 0192] Aggregate updated weights of 10 clients...!
[INFO](2026/08/19/ 02:54:03 AM) [Round: 0192] ...updated weights of 10 clients are successfully averaged!
[INFO](2026/08/19/ 02:54:05 AM) [Round: 0192] Evaluate global model's performance...!                
	[Server] ...finished evaluation!                
	=> Loss: 56.5022                
	=> Accuracy: 5.95%

[INFO](2026/08/19/ 02:54:05 AM) [Round: 0193] Select clients...!
[INFO](2026/08/19/ 02:54:05 AM) [Round: 0193] ...successfully transmitted models to 10 selected clients!
[INFO](2026/08/19/ 02:54:05 AM) [Round: 0193] Start updating selected 10 clients...!
[INFO](2026/08/19/ 02:54:17 AM) [Round: 0193] ...10 clients are selected and updated (with total sample size: 57)!
[INFO](2026/08/19/ 02:54:17 AM) [Round: 0193] Aggregate updated weights of 10 clients...!
[INFO](2026/08/19/ 02:54:17 AM) [Round: 0193] ...updated weights of 10 clients are successfully averaged!
[INFO](2026/08/19/ 02:54:19 AM) [Round: 0193] Evaluate global model's performance...!                
	[Server] ...finished evaluation!                
	=> Loss: 28.1735                
	=> Accuracy: 6.90%

[INFO](2026/08/19/ 02:54:19 AM) [Round: 0194] Select clients...!
[INFO](2026/08/19/ 02:54:20 AM) [Round: 0194] ...successfully transmitted models to 10 selected clients!
[INFO](2026/08/19/ 02:54:20 AM) [Round: 0194] Start updating selected 10 clients...!
[INFO](2026/08/19/ 02:54:31 AM) [Round: 0194] ...10 clients are selected and updated (with total sample size: 39)!
[INFO](2026/08/19/ 02:54:31 AM) [Round: 0194] Aggregate updated weights of 10 clients...!
[INFO](2026/08/19/ 02:54:31 AM) [Round: 0194] ...updated weights of 10 clients are successfully averaged!
[INFO](2026/08/19/ 02:54:33 AM) [Round: 0194] Evaluate global model's performance...!                
	[Server] ...finished evaluation!                
	=> Loss: 30.2222                
	=> Accuracy: 5.24%

[INFO](2026/08/19/ 02:54:33 AM) [Round: 0195] Select clients...!
[INFO](2026/08/19/ 02:54:34 AM) [Round: 0195] ...successfully transmitted models to 10 selected clients!
[INFO](2026/08/19/ 02:54:34 AM) [Round: 0195] Start updating selected 10 clients...!
[INFO](2026/08/19/ 02:54:45 AM) [Round: 0195] ...10 clients are selected and updated (with total sample size: 43)!
[INFO](2026/08/19/ 02:54:45 AM) [Round: 0195] Aggregate updated weights of 10 clients...!
[INFO](2026/08/19/ 02:54:45 AM) [Round: 0195] ...updated weights of 10 clients are successfully averaged!
[INFO](2026/08/19/ 02:54:47 AM) [Round: 0195] Evaluate global model's performance...!                
	[Server] ...finished evaluation!                
	=> Loss: 26.6989                
	=> Accuracy: 5.00%

[INFO](2026/08/19/ 02:54:47 AM) [Round: 0196] Select clients...!
[INFO](2026/08/19/ 02:54:48 AM) [Round: 0196] ...successfully transmitted models to 10 selected clients!
[INFO](2026/08/19/ 02:54:48 AM) [Round: 0196] Start updating selected 10 clients...!
[INFO](2026/08/19/ 02:54:57 AM) [Round: 0196] ...10 clients are selected and updated (with total sample size: 30)!
[INFO](2026/08/19/ 02:54:57 AM) [Round: 0196] Aggregate updated weights of 10 clients...!
[INFO](2026/08/19/ 02:54:57 AM) [Round: 0196] ...updated weights of 10 clients are successfully averaged!
[INFO](2026/08/19/ 02:54:59 AM) [Round: 0196] Evaluate global model's performance...!                
	[Server] ...finished evaluation!                
	=> Loss: 47.9443                
	=> Accuracy: 5.00%

[INFO](2026/08/19/ 02:54:59 AM) [Round: 0197] Select clients...!
[INFO](2026/08/19/ 02:55:00 AM) [Round: 0197] ...successfully transmitted models to 10 selected clients!
[INFO](2026/08/19/ 02:55:00 AM) [Round: 0197] Start updating selected 10 clients...!
[INFO](2026/08/19/ 02:55:11 AM) [Round: 0197] ...10 clients are selected and updated (with total sample size: 39)!
[INFO](2026/08/19/ 02:55:11 AM) [Round: 0197] Aggregate updated weights of 10 clients...!
[INFO](2026/08/19/ 02:55:11 AM) [Round: 0197] ...updated weights of 10 clients are successfully averaged!
[INFO](2026/08/19/ 02:55:13 AM) [Round: 0197] Evaluate global model's performance...!                
	[Server] ...finished evaluation!                
	=> Loss: 26.6512                
	=> Accuracy: 5.71%

[INFO](2026/08/19/ 02:55:13 AM) [Round: 0198] Select clients...!
[INFO](2026/08/19/ 02:55:13 AM) [Round: 0198] ...successfully transmitted models to 10 selected clients!
[INFO](2026/08/19/ 02:55:13 AM) [Round: 0198] Start updating selected 10 clients...!
[INFO](2026/08/19/ 02:55:24 AM) [Round: 0198] ...10 clients are selected and updated (with total sample size: 30)!
[INFO](2026/08/19/ 02:55:24 AM) [Round: 0198] Aggregate updated weights of 10 clients...!
[INFO](2026/08/19/ 02:55:24 AM) [Round: 0198] ...updated weights of 10 clients are successfully averaged!
[INFO](2026/08/19/ 02:55:25 AM) [Round: 0198] Evaluate global model's performance...!                
	[Server] ...finished evaluation!                
	=> Loss: 44.8605                
	=> Accuracy: 5.24%

[INFO](2026/08/19/ 02:55:25 AM) [Round: 0199] Select clients...!
[INFO](2026/08/19/ 02:55:26 AM) [Round: 0199] ...successfully transmitted models to 10 selected clients!
[INFO](2026/08/19/ 02:55:26 AM) [Round: 0199] Start updating selected 10 clients...!
[INFO](2026/08/19/ 02:55:37 AM) [Round: 0199] ...10 clients are selected and updated (with total sample size: 43)!
[INFO](2026/08/19/ 02:55:37 AM) [Round: 0199] Aggregate updated weights of 10 clients...!
[INFO](2026/08/19/ 02:55:38 AM) [Round: 0199] ...updated weights of 10 clients are successfully averaged!
[INFO](2026/08/19/ 02:55:39 AM) [Round: 0199] Evaluate global model's performance...!                
	[Server] ...finished evaluation!                
	=> Loss: 30.1662                
	=> Accuracy: 6.67%

[INFO](2026/08/19/ 02:55:39 AM) [Round: 0200] Select clients...!
[INFO](2026/08/19/ 02:55:40 AM) [Round: 0200] ...successfully transmitted models to 10 selected clients!
[INFO](2026/08/19/ 02:55:40 AM) [Round: 0200] Start updating selected 10 clients...!
[INFO](2026/08/19/ 02:55:50 AM) [Round: 0200] ...10 clients are selected and updated (with total sample size: 28)!
[INFO](2026/08/19/ 02:55:50 AM) [Round: 0200] Aggregate updated weights of 10 clients...!
[INFO](2026/08/19/ 02:55:51 AM) [Round: 0200] ...updated weights of 10 clients are successfully averaged!
[INFO](2026/08/19/ 02:55:52 AM) [Round: 0200] Evaluate global model's performance...!                
	[Server] ...finished evaluation!                
	=> Loss: 20.7197                
	=> Accuracy: 5.48%

[INFO](2026/08/19/ 02:55:52 AM) [Round: 0201] Select clients...!
[INFO](2026/08/19/ 02:55:53 AM) [Round: 0201] ...successfully transmitted models to 10 selected clients!
[INFO](2026/08/19/ 02:55:53 AM) [Round: 0201] Start updating selected 10 clients...!
[INFO](2026/08/19/ 02:56:04 AM) [Round: 0201] ...10 clients are selected and updated (with total sample size: 39)!
[INFO](2026/08/19/ 02:56:04 AM) [Round: 0201] Aggregate updated weights of 10 clients...!
[INFO](2026/08/19/ 02:56:04 AM) [Round: 0201] ...updated weights of 10 clients are successfully averaged!
[INFO](2026/08/19/ 02:56:06 AM) [Round: 0201] Evaluate global model's performance...!                
	[Server] ...finished evaluation!                
	=> Loss: 28.3227                
	=> Accuracy: 5.71%

[INFO](2026/08/19/ 02:56:06 AM) [Round: 0202] Select clients...!
[INFO](2026/08/19/ 02:56:06 AM) [Round: 0202] ...successfully transmitted models to 10 selected clients!
[INFO](2026/08/19/ 02:56:06 AM) [Round: 0202] Start updating selected 10 clients...!
[INFO](2026/08/19/ 02:56:16 AM) [Round: 0202] ...10 clients are selected and updated (with total sample size: 43)!
[INFO](2026/08/19/ 02:56:16 AM) [Round: 0202] Aggregate updated weights of 10 clients...!
[INFO](2026/08/19/ 02:56:16 AM) [Round: 0202] ...updated weights of 10 clients are successfully averaged!
[INFO](2026/08/19/ 02:56:18 AM) [Round: 0202] Evaluate global model's performance...!                
	[Server] ...finished evaluation!                
	=> Loss: 22.9862                
	=> Accuracy: 6.67%

[INFO](2026/08/19/ 02:56:18 AM) [Round: 0203] Select clients...!
[INFO](2026/08/19/ 02:56:18 AM) [Round: 0203] ...successfully transmitted models to 10 selected clients!
[INFO](2026/08/19/ 02:56:18 AM) [Round: 0203] Start updating selected 10 clients...!
[INFO](2026/08/19/ 02:56:29 AM) [Round: 0203] ...10 clients are selected and updated (with total sample size: 30)!
[INFO](2026/08/19/ 02:56:29 AM) [Round: 0203] Aggregate updated weights of 10 clients...!
[INFO](2026/08/19/ 02:56:29 AM) [Round: 0203] ...updated weights of 10 clients are successfully averaged!
[INFO](2026/08/19/ 02:56:31 AM) [Round: 0203] Evaluate global model's performance...!                
	[Server] ...finished evaluation!                
	=> Loss: 30.6812                
	=> Accuracy: 7.86%

[INFO](2026/08/19/ 02:56:31 AM) [Round: 0204] Select clients...!
[INFO](2026/08/19/ 02:56:32 AM) [Round: 0204] ...successfully transmitted models to 10 selected clients!
[INFO](2026/08/19/ 02:56:32 AM) [Round: 0204] Start updating selected 10 clients...!
[INFO](2026/08/19/ 02:56:45 AM) [Round: 0204] ...10 clients are selected and updated (with total sample size: 39)!
[INFO](2026/08/19/ 02:56:45 AM) [Round: 0204] Aggregate updated weights of 10 clients...!
[INFO](2026/08/19/ 02:56:46 AM) [Round: 0204] ...updated weights of 10 clients are successfully averaged!
[INFO](2026/08/19/ 02:56:48 AM) [Round: 0204] Evaluate global model's performance...!                
	[Server] ...finished evaluation!                
	=> Loss: 35.8904                
	=> Accuracy: 6.43%

[INFO](2026/08/19/ 02:56:48 AM) [Round: 0205] Select clients...!
[INFO](2026/08/19/ 02:56:48 AM) [Round: 0205] ...successfully transmitted models to 10 selected clients!
[INFO](2026/08/19/ 02:56:48 AM) [Round: 0205] Start updating selected 10 clients...!
[INFO](2026/08/19/ 02:56:59 AM) [Round: 0205] ...10 clients are selected and updated (with total sample size: 57)!
[INFO](2026/08/19/ 02:56:59 AM) [Round: 0205] Aggregate updated weights of 10 clients...!
[INFO](2026/08/19/ 02:56:59 AM) [Round: 0205] ...updated weights of 10 clients are successfully averaged!
[INFO](2026/08/19/ 02:57:01 AM) [Round: 0205] Evaluate global model's performance...!                
	[Server] ...finished evaluation!                
	=> Loss: 49.2930                
	=> Accuracy: 5.95%

[INFO](2026/08/19/ 02:57:01 AM) [Round: 0206] Select clients...!
[INFO](2026/08/19/ 02:57:01 AM) [Round: 0206] ...successfully transmitted models to 10 selected clients!
[INFO](2026/08/19/ 02:57:02 AM) [Round: 0206] Start updating selected 10 clients...!
[INFO](2026/08/19/ 02:57:12 AM) [Round: 0206] ...10 clients are selected and updated (with total sample size: 30)!
[INFO](2026/08/19/ 02:57:12 AM) [Round: 0206] Aggregate updated weights of 10 clients...!
[INFO](2026/08/19/ 02:57:13 AM) [Round: 0206] ...updated weights of 10 clients are successfully averaged!
[INFO](2026/08/19/ 02:57:14 AM) [Round: 0206] Evaluate global model's performance...!                
	[Server] ...finished evaluation!                
	=> Loss: 25.1357                
	=> Accuracy: 5.00%

[INFO](2026/08/19/ 02:57:15 AM) [Round: 0207] Select clients...!
[INFO](2026/08/19/ 02:57:15 AM) [Round: 0207] ...successfully transmitted models to 10 selected clients!
[INFO](2026/08/19/ 02:57:15 AM) [Round: 0207] Start updating selected 10 clients...!
[INFO](2026/08/19/ 02:57:27 AM) [Round: 0207] ...10 clients are selected and updated (with total sample size: 30)!
[INFO](2026/08/19/ 02:57:27 AM) [Round: 0207] Aggregate updated weights of 10 clients...!
[INFO](2026/08/19/ 02:57:27 AM) [Round: 0207] ...updated weights of 10 clients are successfully averaged!
[INFO](2026/08/19/ 02:57:28 AM) [Round: 0207] Evaluate global model's performance...!                
	[Server] ...finished evaluation!                
	=> Loss: 46.6439                
	=> Accuracy: 6.67%

[INFO](2026/08/19/ 02:57:29 AM) [Round: 0208] Select clients...!
[INFO](2026/08/19/ 02:57:29 AM) [Round: 0208] ...successfully transmitted models to 10 selected clients!
[INFO](2026/08/19/ 02:57:29 AM) [Round: 0208] Start updating selected 10 clients...!
[INFO](2026/08/19/ 02:57:40 AM) [Round: 0208] ...10 clients are selected and updated (with total sample size: 52)!
[INFO](2026/08/19/ 02:57:40 AM) [Round: 0208] Aggregate updated weights of 10 clients...!
[INFO](2026/08/19/ 02:57:40 AM) [Round: 0208] ...updated weights of 10 clients are successfully averaged!
[INFO](2026/08/19/ 02:57:42 AM) [Round: 0208] Evaluate global model's performance...!                
	[Server] ...finished evaluation!                
	=> Loss: 35.5683                
	=> Accuracy: 5.48%

[INFO](2026/08/19/ 02:57:42 AM) [Round: 0209] Select clients...!
[INFO](2026/08/19/ 02:57:42 AM) [Round: 0209] ...successfully transmitted models to 10 selected clients!
[INFO](2026/08/19/ 02:57:42 AM) [Round: 0209] Start updating selected 10 clients...!
[INFO](2026/08/19/ 02:57:52 AM) [Round: 0209] ...10 clients are selected and updated (with total sample size: 30)!
[INFO](2026/08/19/ 02:57:52 AM) [Round: 0209] Aggregate updated weights of 10 clients...!
[INFO](2026/08/19/ 02:57:53 AM) [Round: 0209] ...updated weights of 10 clients are successfully averaged!
[INFO](2026/08/19/ 02:57:54 AM) [Round: 0209] Evaluate global model's performance...!                
	[Server] ...finished evaluation!                
	=> Loss: 29.4557                
	=> Accuracy: 4.29%

[INFO](2026/08/19/ 02:57:54 AM) [Round: 0210] Select clients...!
[INFO](2026/08/19/ 02:57:55 AM) [Round: 0210] ...successfully transmitted models to 10 selected clients!
[INFO](2026/08/19/ 02:57:55 AM) [Round: 0210] Start updating selected 10 clients...!
[INFO](2026/08/19/ 02:58:08 AM) [Round: 0210] ...10 clients are selected and updated (with total sample size: 56)!
[INFO](2026/08/19/ 02:58:08 AM) [Round: 0210] Aggregate updated weights of 10 clients...!
[INFO](2026/08/19/ 02:58:08 AM) [Round: 0210] ...updated weights of 10 clients are successfully averaged!
[INFO](2026/08/19/ 02:58:10 AM) [Round: 0210] Evaluate global model's performance...!                
	[Server] ...finished evaluation!                
	=> Loss: 32.9184                
	=> Accuracy: 6.67%

[INFO](2026/08/19/ 02:58:10 AM) [Round: 0211] Select clients...!
[INFO](2026/08/19/ 02:58:11 AM) [Round: 0211] ...successfully transmitted models to 10 selected clients!
[INFO](2026/08/19/ 02:58:11 AM) [Round: 0211] Start updating selected 10 clients...!
[INFO](2026/08/19/ 02:58:22 AM) [Round: 0211] ...10 clients are selected and updated (with total sample size: 42)!
[INFO](2026/08/19/ 02:58:22 AM) [Round: 0211] Aggregate updated weights of 10 clients...!
[INFO](2026/08/19/ 02:58:22 AM) [Round: 0211] ...updated weights of 10 clients are successfully averaged!
[INFO](2026/08/19/ 02:58:24 AM) [Round: 0211] Evaluate global model's performance...!                
	[Server] ...finished evaluation!                
	=> Loss: 22.5367                
	=> Accuracy: 6.90%

[INFO](2026/08/19/ 02:58:24 AM) [Round: 0212] Select clients...!
[INFO](2026/08/19/ 02:58:24 AM) [Round: 0212] ...successfully transmitted models to 10 selected clients!
[INFO](2026/08/19/ 02:58:24 AM) [Round: 0212] Start updating selected 10 clients...!
[INFO](2026/08/19/ 02:58:35 AM) [Round: 0212] ...10 clients are selected and updated (with total sample size: 57)!
[INFO](2026/08/19/ 02:58:35 AM) [Round: 0212] Aggregate updated weights of 10 clients...!
[INFO](2026/08/19/ 02:58:35 AM) [Round: 0212] ...updated weights of 10 clients are successfully averaged!
[INFO](2026/08/19/ 02:58:37 AM) [Round: 0212] Evaluate global model's performance...!                
	[Server] ...finished evaluation!                
	=> Loss: 30.0358                
	=> Accuracy: 6.43%

[INFO](2026/08/19/ 02:58:37 AM) [Round: 0213] Select clients...!
[INFO](2026/08/19/ 02:58:38 AM) [Round: 0213] ...successfully transmitted models to 10 selected clients!
[INFO](2026/08/19/ 02:58:38 AM) [Round: 0213] Start updating selected 10 clients...!
[INFO](2026/08/19/ 02:58:50 AM) [Round: 0213] ...10 clients are selected and updated (with total sample size: 57)!
[INFO](2026/08/19/ 02:58:50 AM) [Round: 0213] Aggregate updated weights of 10 clients...!
[INFO](2026/08/19/ 02:58:50 AM) [Round: 0213] ...updated weights of 10 clients are successfully averaged!
[INFO](2026/08/19/ 02:58:52 AM) [Round: 0213] Evaluate global model's performance...!                
	[Server] ...finished evaluation!                
	=> Loss: 32.0193                
	=> Accuracy: 5.71%

[INFO](2026/08/19/ 02:58:52 AM) [Round: 0214] Select clients...!
[INFO](2026/08/19/ 02:58:52 AM) [Round: 0214] ...successfully transmitted models to 10 selected clients!
[INFO](2026/08/19/ 02:58:52 AM) [Round: 0214] Start updating selected 10 clients...!
[INFO](2026/08/19/ 02:59:04 AM) [Round: 0214] ...10 clients are selected and updated (with total sample size: 52)!
[INFO](2026/08/19/ 02:59:04 AM) [Round: 0214] Aggregate updated weights of 10 clients...!
[INFO](2026/08/19/ 02:59:04 AM) [Round: 0214] ...updated weights of 10 clients are successfully averaged!
[INFO](2026/08/19/ 02:59:06 AM) [Round: 0214] Evaluate global model's performance...!                
	[Server] ...finished evaluation!                
	=> Loss: 42.1932                
	=> Accuracy: 6.19%

[INFO](2026/08/19/ 02:59:06 AM) [Round: 0215] Select clients...!
[INFO](2026/08/19/ 02:59:06 AM) [Round: 0215] ...successfully transmitted models to 10 selected clients!
[INFO](2026/08/19/ 02:59:06 AM) [Round: 0215] Start updating selected 10 clients...!
[INFO](2026/08/19/ 02:59:19 AM) [Round: 0215] ...10 clients are selected and updated (with total sample size: 43)!
[INFO](2026/08/19/ 02:59:20 AM) [Round: 0215] Aggregate updated weights of 10 clients...!
[INFO](2026/08/19/ 02:59:20 AM) [Round: 0215] ...updated weights of 10 clients are successfully averaged!
[INFO](2026/08/19/ 02:59:22 AM) [Round: 0215] Evaluate global model's performance...!                
	[Server] ...finished evaluation!                
	=> Loss: 29.6038                
	=> Accuracy: 6.19%

[INFO](2026/08/19/ 02:59:22 AM) [Round: 0216] Select clients...!
[INFO](2026/08/19/ 02:59:22 AM) [Round: 0216] ...successfully transmitted models to 10 selected clients!
[INFO](2026/08/19/ 02:59:22 AM) [Round: 0216] Start updating selected 10 clients...!
[INFO](2026/08/19/ 02:59:33 AM) [Round: 0216] ...10 clients are selected and updated (with total sample size: 39)!
[INFO](2026/08/19/ 02:59:33 AM) [Round: 0216] Aggregate updated weights of 10 clients...!
[INFO](2026/08/19/ 02:59:33 AM) [Round: 0216] ...updated weights of 10 clients are successfully averaged!
[INFO](2026/08/19/ 02:59:35 AM) [Round: 0216] Evaluate global model's performance...!                
	[Server] ...finished evaluation!                
	=> Loss: 23.0766                
	=> Accuracy: 5.00%

[INFO](2026/08/19/ 02:59:35 AM) [Round: 0217] Select clients...!
[INFO](2026/08/19/ 02:59:36 AM) [Round: 0217] ...successfully transmitted models to 10 selected clients!
[INFO](2026/08/19/ 02:59:36 AM) [Round: 0217] Start updating selected 10 clients...!
[INFO](2026/08/19/ 02:59:46 AM) [Round: 0217] ...10 clients are selected and updated (with total sample size: 30)!
[INFO](2026/08/19/ 02:59:46 AM) [Round: 0217] Aggregate updated weights of 10 clients...!
[INFO](2026/08/19/ 02:59:47 AM) [Round: 0217] ...updated weights of 10 clients are successfully averaged!
[INFO](2026/08/19/ 02:59:48 AM) [Round: 0217] Evaluate global model's performance...!                
	[Server] ...finished evaluation!                
	=> Loss: 29.8914                
	=> Accuracy: 7.14%

[INFO](2026/08/19/ 02:59:48 AM) [Round: 0218] Select clients...!
[INFO](2026/08/19/ 02:59:49 AM) [Round: 0218] ...successfully transmitted models to 10 selected clients!
[INFO](2026/08/19/ 02:59:49 AM) [Round: 0218] Start updating selected 10 clients...!
[INFO](2026/08/19/ 03:00:00 AM) [Round: 0218] ...10 clients are selected and updated (with total sample size: 43)!
[INFO](2026/08/19/ 03:00:00 AM) [Round: 0218] Aggregate updated weights of 10 clients...!
[INFO](2026/08/19/ 03:00:00 AM) [Round: 0218] ...updated weights of 10 clients are successfully averaged!
[INFO](2026/08/19/ 03:00:02 AM) [Round: 0218] Evaluate global model's performance...!                
	[Server] ...finished evaluation!                
	=> Loss: 21.8785                
	=> Accuracy: 7.38%

[INFO](2026/08/19/ 03:00:02 AM) [Round: 0219] Select clients...!
[INFO](2026/08/19/ 03:00:03 AM) [Round: 0219] ...successfully transmitted models to 10 selected clients!
[INFO](2026/08/19/ 03:00:03 AM) [Round: 0219] Start updating selected 10 clients...!
[INFO](2026/08/19/ 03:00:13 AM) [Round: 0219] ...10 clients are selected and updated (with total sample size: 43)!
[INFO](2026/08/19/ 03:00:13 AM) [Round: 0219] Aggregate updated weights of 10 clients...!
[INFO](2026/08/19/ 03:00:14 AM) [Round: 0219] ...updated weights of 10 clients are successfully averaged!
[INFO](2026/08/19/ 03:00:16 AM) [Round: 0219] Evaluate global model's performance...!                
	[Server] ...finished evaluation!                
	=> Loss: 38.0468                
	=> Accuracy: 6.43%

[INFO](2026/08/19/ 03:00:16 AM) [Round: 0220] Select clients...!
[INFO](2026/08/19/ 03:00:16 AM) [Round: 0220] ...successfully transmitted models to 10 selected clients!
[INFO](2026/08/19/ 03:00:16 AM) [Round: 0220] Start updating selected 10 clients...!
[INFO](2026/08/19/ 03:00:28 AM) [Round: 0220] ...10 clients are selected and updated (with total sample size: 43)!
[INFO](2026/08/19/ 03:00:28 AM) [Round: 0220] Aggregate updated weights of 10 clients...!
[INFO](2026/08/19/ 03:00:28 AM) [Round: 0220] ...updated weights of 10 clients are successfully averaged!
[INFO](2026/08/19/ 03:00:30 AM) [Round: 0220] Evaluate global model's performance...!                
	[Server] ...finished evaluation!                
	=> Loss: 37.9921                
	=> Accuracy: 6.43%

[INFO](2026/08/19/ 03:00:30 AM) [Round: 0221] Select clients...!
[INFO](2026/08/19/ 03:00:31 AM) [Round: 0221] ...successfully transmitted models to 10 selected clients!
[INFO](2026/08/19/ 03:00:31 AM) [Round: 0221] Start updating selected 10 clients...!
[INFO](2026/08/19/ 03:00:42 AM) [Round: 0221] ...10 clients are selected and updated (with total sample size: 39)!
[INFO](2026/08/19/ 03:00:42 AM) [Round: 0221] Aggregate updated weights of 10 clients...!
[INFO](2026/08/19/ 03:00:42 AM) [Round: 0221] ...updated weights of 10 clients are successfully averaged!
[INFO](2026/08/19/ 03:00:44 AM) [Round: 0221] Evaluate global model's performance...!                
	[Server] ...finished evaluation!                
	=> Loss: 34.9334                
	=> Accuracy: 6.90%

[INFO](2026/08/19/ 03:00:44 AM) [Round: 0222] Select clients...!
[INFO](2026/08/19/ 03:00:44 AM) [Round: 0222] ...successfully transmitted models to 10 selected clients!
[INFO](2026/08/19/ 03:00:44 AM) [Round: 0222] Start updating selected 10 clients...!
[INFO](2026/08/19/ 03:00:56 AM) [Round: 0222] ...10 clients are selected and updated (with total sample size: 43)!
[INFO](2026/08/19/ 03:00:56 AM) [Round: 0222] Aggregate updated weights of 10 clients...!
[INFO](2026/08/19/ 03:00:56 AM) [Round: 0222] ...updated weights of 10 clients are successfully averaged!
[INFO](2026/08/19/ 03:00:58 AM) [Round: 0222] Evaluate global model's performance...!                
	[Server] ...finished evaluation!                
	=> Loss: 29.6202                
	=> Accuracy: 7.86%

[INFO](2026/08/19/ 03:00:58 AM) [Round: 0223] Select clients...!
[INFO](2026/08/19/ 03:00:58 AM) [Round: 0223] ...successfully transmitted models to 10 selected clients!
[INFO](2026/08/19/ 03:00:58 AM) [Round: 0223] Start updating selected 10 clients...!
[INFO](2026/08/19/ 03:01:09 AM) [Round: 0223] ...10 clients are selected and updated (with total sample size: 32)!
[INFO](2026/08/19/ 03:01:09 AM) [Round: 0223] Aggregate updated weights of 10 clients...!
[INFO](2026/08/19/ 03:01:09 AM) [Round: 0223] ...updated weights of 10 clients are successfully averaged!
[INFO](2026/08/19/ 03:01:11 AM) [Round: 0223] Evaluate global model's performance...!                
	[Server] ...finished evaluation!                
	=> Loss: 28.1367                
	=> Accuracy: 5.71%

[INFO](2026/08/19/ 03:01:11 AM) [Round: 0224] Select clients...!
[INFO](2026/08/19/ 03:01:11 AM) [Round: 0224] ...successfully transmitted models to 10 selected clients!
[INFO](2026/08/19/ 03:01:11 AM) [Round: 0224] Start updating selected 10 clients...!
[INFO](2026/08/19/ 03:01:22 AM) [Round: 0224] ...10 clients are selected and updated (with total sample size: 30)!
[INFO](2026/08/19/ 03:01:22 AM) [Round: 0224] Aggregate updated weights of 10 clients...!
[INFO](2026/08/19/ 03:01:22 AM) [Round: 0224] ...updated weights of 10 clients are successfully averaged!
[INFO](2026/08/19/ 03:01:24 AM) [Round: 0224] Evaluate global model's performance...!                
	[Server] ...finished evaluation!                
	=> Loss: 27.6987                
	=> Accuracy: 6.19%

[INFO](2026/08/19/ 03:01:24 AM) [Round: 0225] Select clients...!
[INFO](2026/08/19/ 03:01:24 AM) [Round: 0225] ...successfully transmitted models to 10 selected clients!
[INFO](2026/08/19/ 03:01:24 AM) [Round: 0225] Start updating selected 10 clients...!
[INFO](2026/08/19/ 03:01:35 AM) [Round: 0225] ...10 clients are selected and updated (with total sample size: 43)!
[INFO](2026/08/19/ 03:01:35 AM) [Round: 0225] Aggregate updated weights of 10 clients...!
[INFO](2026/08/19/ 03:01:35 AM) [Round: 0225] ...updated weights of 10 clients are successfully averaged!
[INFO](2026/08/19/ 03:01:37 AM) [Round: 0225] Evaluate global model's performance...!                
	[Server] ...finished evaluation!                
	=> Loss: 36.4406                
	=> Accuracy: 5.48%

[INFO](2026/08/19/ 03:01:37 AM) [Round: 0226] Select clients...!
[INFO](2026/08/19/ 03:01:38 AM) [Round: 0226] ...successfully transmitted models to 10 selected clients!
[INFO](2026/08/19/ 03:01:38 AM) [Round: 0226] Start updating selected 10 clients...!
[INFO](2026/08/19/ 03:01:48 AM) [Round: 0226] ...10 clients are selected and updated (with total sample size: 43)!
[INFO](2026/08/19/ 03:01:48 AM) [Round: 0226] Aggregate updated weights of 10 clients...!
[INFO](2026/08/19/ 03:01:49 AM) [Round: 0226] ...updated weights of 10 clients are successfully averaged!
[INFO](2026/08/19/ 03:01:50 AM) [Round: 0226] Evaluate global model's performance...!                
	[Server] ...finished evaluation!                
	=> Loss: 24.4185                
	=> Accuracy: 3.57%

[INFO](2026/08/19/ 03:01:51 AM) [Round: 0227] Select clients...!
[INFO](2026/08/19/ 03:01:51 AM) [Round: 0227] ...successfully transmitted models to 10 selected clients!
[INFO](2026/08/19/ 03:01:51 AM) [Round: 0227] Start updating selected 10 clients...!
[INFO](2026/08/19/ 03:02:01 AM) [Round: 0227] ...10 clients are selected and updated (with total sample size: 43)!
[INFO](2026/08/19/ 03:02:01 AM) [Round: 0227] Aggregate updated weights of 10 clients...!
[INFO](2026/08/19/ 03:02:01 AM) [Round: 0227] ...updated weights of 10 clients are successfully averaged!
[INFO](2026/08/19/ 03:02:03 AM) [Round: 0227] Evaluate global model's performance...!                
	[Server] ...finished evaluation!                
	=> Loss: 40.6665                
	=> Accuracy: 6.19%

[INFO](2026/08/19/ 03:02:03 AM) [Round: 0228] Select clients...!
[INFO](2026/08/19/ 03:02:03 AM) [Round: 0228] ...successfully transmitted models to 10 selected clients!
[INFO](2026/08/19/ 03:02:03 AM) [Round: 0228] Start updating selected 10 clients...!
[INFO](2026/08/19/ 03:02:15 AM) [Round: 0228] ...10 clients are selected and updated (with total sample size: 30)!
[INFO](2026/08/19/ 03:02:15 AM) [Round: 0228] Aggregate updated weights of 10 clients...!
[INFO](2026/08/19/ 03:02:15 AM) [Round: 0228] ...updated weights of 10 clients are successfully averaged!
[INFO](2026/08/19/ 03:02:17 AM) [Round: 0228] Evaluate global model's performance...!                
	[Server] ...finished evaluation!                
	=> Loss: 36.8962                
	=> Accuracy: 5.48%

[INFO](2026/08/19/ 03:02:17 AM) [Round: 0229] Select clients...!
[INFO](2026/08/19/ 03:02:17 AM) [Round: 0229] ...successfully transmitted models to 10 selected clients!
[INFO](2026/08/19/ 03:02:17 AM) [Round: 0229] Start updating selected 10 clients...!
[INFO](2026/08/19/ 03:02:28 AM) [Round: 0229] ...10 clients are selected and updated (with total sample size: 51)!
[INFO](2026/08/19/ 03:02:28 AM) [Round: 0229] Aggregate updated weights of 10 clients...!
[INFO](2026/08/19/ 03:02:29 AM) [Round: 0229] ...updated weights of 10 clients are successfully averaged!
[INFO](2026/08/19/ 03:02:30 AM) [Round: 0229] Evaluate global model's performance...!                
	[Server] ...finished evaluation!                
	=> Loss: 31.6451                
	=> Accuracy: 4.05%

[INFO](2026/08/19/ 03:02:30 AM) [Round: 0230] Select clients...!
[INFO](2026/08/19/ 03:02:31 AM) [Round: 0230] ...successfully transmitted models to 10 selected clients!
[INFO](2026/08/19/ 03:02:31 AM) [Round: 0230] Start updating selected 10 clients...!
[INFO](2026/08/19/ 03:02:42 AM) [Round: 0230] ...10 clients are selected and updated (with total sample size: 43)!
[INFO](2026/08/19/ 03:02:42 AM) [Round: 0230] Aggregate updated weights of 10 clients...!
[INFO](2026/08/19/ 03:02:42 AM) [Round: 0230] ...updated weights of 10 clients are successfully averaged!
[INFO](2026/08/19/ 03:02:44 AM) [Round: 0230] Evaluate global model's performance...!                
	[Server] ...finished evaluation!                
	=> Loss: 32.2281                
	=> Accuracy: 4.76%

[INFO](2026/08/19/ 03:02:44 AM) [Round: 0231] Select clients...!
[INFO](2026/08/19/ 03:02:45 AM) [Round: 0231] ...successfully transmitted models to 10 selected clients!
[INFO](2026/08/19/ 03:02:45 AM) [Round: 0231] Start updating selected 10 clients...!
[INFO](2026/08/19/ 03:02:58 AM) [Round: 0231] ...10 clients are selected and updated (with total sample size: 52)!
[INFO](2026/08/19/ 03:02:58 AM) [Round: 0231] Aggregate updated weights of 10 clients...!
[INFO](2026/08/19/ 03:02:58 AM) [Round: 0231] ...updated weights of 10 clients are successfully averaged!
[INFO](2026/08/19/ 03:03:00 AM) [Round: 0231] Evaluate global model's performance...!                
	[Server] ...finished evaluation!                
	=> Loss: 23.3002                
	=> Accuracy: 5.71%

[INFO](2026/08/19/ 03:03:00 AM) [Round: 0232] Select clients...!
[INFO](2026/08/19/ 03:03:00 AM) [Round: 0232] ...successfully transmitted models to 10 selected clients!
[INFO](2026/08/19/ 03:03:00 AM) [Round: 0232] Start updating selected 10 clients...!
[INFO](2026/08/19/ 03:03:12 AM) [Round: 0232] ...10 clients are selected and updated (with total sample size: 56)!
[INFO](2026/08/19/ 03:03:12 AM) [Round: 0232] Aggregate updated weights of 10 clients...!
[INFO](2026/08/19/ 03:03:12 AM) [Round: 0232] ...updated weights of 10 clients are successfully averaged!
[INFO](2026/08/19/ 03:03:14 AM) [Round: 0232] Evaluate global model's performance...!                
	[Server] ...finished evaluation!                
	=> Loss: 26.8629                
	=> Accuracy: 6.43%

[INFO](2026/08/19/ 03:03:14 AM) [Round: 0233] Select clients...!
[INFO](2026/08/19/ 03:03:15 AM) [Round: 0233] ...successfully transmitted models to 10 selected clients!
[INFO](2026/08/19/ 03:03:15 AM) [Round: 0233] Start updating selected 10 clients...!
[INFO](2026/08/19/ 03:03:27 AM) [Round: 0233] ...10 clients are selected and updated (with total sample size: 52)!
[INFO](2026/08/19/ 03:03:27 AM) [Round: 0233] Aggregate updated weights of 10 clients...!
[INFO](2026/08/19/ 03:03:27 AM) [Round: 0233] ...updated weights of 10 clients are successfully averaged!
[INFO](2026/08/19/ 03:03:29 AM) [Round: 0233] Evaluate global model's performance...!                
	[Server] ...finished evaluation!                
	=> Loss: 33.4965                
	=> Accuracy: 6.43%

[INFO](2026/08/19/ 03:03:29 AM) [Round: 0234] Select clients...!
[INFO](2026/08/19/ 03:03:29 AM) [Round: 0234] ...successfully transmitted models to 10 selected clients!
[INFO](2026/08/19/ 03:03:29 AM) [Round: 0234] Start updating selected 10 clients...!
[INFO](2026/08/19/ 03:03:41 AM) [Round: 0234] ...10 clients are selected and updated (with total sample size: 57)!
[INFO](2026/08/19/ 03:03:41 AM) [Round: 0234] Aggregate updated weights of 10 clients...!
[INFO](2026/08/19/ 03:03:42 AM) [Round: 0234] ...updated weights of 10 clients are successfully averaged!
[INFO](2026/08/19/ 03:03:43 AM) [Round: 0234] Evaluate global model's performance...!                
	[Server] ...finished evaluation!                
	=> Loss: 30.1329                
	=> Accuracy: 9.52%

[INFO](2026/08/19/ 03:03:43 AM) [Round: 0235] Select clients...!
[INFO](2026/08/19/ 03:03:44 AM) [Round: 0235] ...successfully transmitted models to 10 selected clients!
[INFO](2026/08/19/ 03:03:44 AM) [Round: 0235] Start updating selected 10 clients...!
[INFO](2026/08/19/ 03:03:57 AM) [Round: 0235] ...10 clients are selected and updated (with total sample size: 43)!
[INFO](2026/08/19/ 03:03:57 AM) [Round: 0235] Aggregate updated weights of 10 clients...!
[INFO](2026/08/19/ 03:03:57 AM) [Round: 0235] ...updated weights of 10 clients are successfully averaged!
[INFO](2026/08/19/ 03:03:59 AM) [Round: 0235] Evaluate global model's performance...!                
	[Server] ...finished evaluation!                
	=> Loss: 28.8267                
	=> Accuracy: 9.05%

[INFO](2026/08/19/ 03:03:59 AM) [Round: 0236] Select clients...!
[INFO](2026/08/19/ 03:03:59 AM) [Round: 0236] ...successfully transmitted models to 10 selected clients!
[INFO](2026/08/19/ 03:04:00 AM) [Round: 0236] Start updating selected 10 clients...!
[INFO](2026/08/19/ 03:04:11 AM) [Round: 0236] ...10 clients are selected and updated (with total sample size: 28)!
[INFO](2026/08/19/ 03:04:11 AM) [Round: 0236] Aggregate updated weights of 10 clients...!
[INFO](2026/08/19/ 03:04:11 AM) [Round: 0236] ...updated weights of 10 clients are successfully averaged!
[INFO](2026/08/19/ 03:04:13 AM) [Round: 0236] Evaluate global model's performance...!                
	[Server] ...finished evaluation!                
	=> Loss: 28.5458                
	=> Accuracy: 7.38%

[INFO](2026/08/19/ 03:04:13 AM) [Round: 0237] Select clients...!
[INFO](2026/08/19/ 03:04:14 AM) [Round: 0237] ...successfully transmitted models to 10 selected clients!
[INFO](2026/08/19/ 03:04:14 AM) [Round: 0237] Start updating selected 10 clients...!
[INFO](2026/08/19/ 03:04:27 AM) [Round: 0237] ...10 clients are selected and updated (with total sample size: 43)!
[INFO](2026/08/19/ 03:04:27 AM) [Round: 0237] Aggregate updated weights of 10 clients...!
[INFO](2026/08/19/ 03:04:27 AM) [Round: 0237] ...updated weights of 10 clients are successfully averaged!
[INFO](2026/08/19/ 03:04:29 AM) [Round: 0237] Evaluate global model's performance...!                
	[Server] ...finished evaluation!                
	=> Loss: 24.6825                
	=> Accuracy: 5.71%

[INFO](2026/08/19/ 03:04:29 AM) [Round: 0238] Select clients...!
[INFO](2026/08/19/ 03:04:29 AM) [Round: 0238] ...successfully transmitted models to 10 selected clients!
[INFO](2026/08/19/ 03:04:29 AM) [Round: 0238] Start updating selected 10 clients...!
[INFO](2026/08/19/ 03:04:40 AM) [Round: 0238] ...10 clients are selected and updated (with total sample size: 57)!
[INFO](2026/08/19/ 03:04:40 AM) [Round: 0238] Aggregate updated weights of 10 clients...!
[INFO](2026/08/19/ 03:04:40 AM) [Round: 0238] ...updated weights of 10 clients are successfully averaged!
[INFO](2026/08/19/ 03:04:42 AM) [Round: 0238] Evaluate global model's performance...!                
	[Server] ...finished evaluation!                
	=> Loss: 25.8032                
	=> Accuracy: 3.81%

[INFO](2026/08/19/ 03:04:42 AM) [Round: 0239] Select clients...!
[INFO](2026/08/19/ 03:04:42 AM) [Round: 0239] ...successfully transmitted models to 10 selected clients!
[INFO](2026/08/19/ 03:04:43 AM) [Round: 0239] Start updating selected 10 clients...!
[INFO](2026/08/19/ 03:04:53 AM) [Round: 0239] ...10 clients are selected and updated (with total sample size: 42)!
[INFO](2026/08/19/ 03:04:53 AM) [Round: 0239] Aggregate updated weights of 10 clients...!
[INFO](2026/08/19/ 03:04:53 AM) [Round: 0239] ...updated weights of 10 clients are successfully averaged!
[INFO](2026/08/19/ 03:04:55 AM) [Round: 0239] Evaluate global model's performance...!                
	[Server] ...finished evaluation!                
	=> Loss: 27.1310                
	=> Accuracy: 6.90%

[INFO](2026/08/19/ 03:04:55 AM) [Round: 0240] Select clients...!
[INFO](2026/08/19/ 03:04:55 AM) [Round: 0240] ...successfully transmitted models to 10 selected clients!
[INFO](2026/08/19/ 03:04:55 AM) [Round: 0240] Start updating selected 10 clients...!
[INFO](2026/08/19/ 03:05:07 AM) [Round: 0240] ...10 clients are selected and updated (with total sample size: 43)!
[INFO](2026/08/19/ 03:05:07 AM) [Round: 0240] Aggregate updated weights of 10 clients...!
[INFO](2026/08/19/ 03:05:07 AM) [Round: 0240] ...updated weights of 10 clients are successfully averaged!
[INFO](2026/08/19/ 03:05:09 AM) [Round: 0240] Evaluate global model's performance...!                
	[Server] ...finished evaluation!                
	=> Loss: 17.8288                
	=> Accuracy: 6.90%

[INFO](2026/08/19/ 03:05:09 AM) [Round: 0241] Select clients...!
[INFO](2026/08/19/ 03:05:10 AM) [Round: 0241] ...successfully transmitted models to 10 selected clients!
[INFO](2026/08/19/ 03:05:10 AM) [Round: 0241] Start updating selected 10 clients...!
[INFO](2026/08/19/ 03:05:21 AM) [Round: 0241] ...10 clients are selected and updated (with total sample size: 42)!
[INFO](2026/08/19/ 03:05:21 AM) [Round: 0241] Aggregate updated weights of 10 clients...!
[INFO](2026/08/19/ 03:05:21 AM) [Round: 0241] ...updated weights of 10 clients are successfully averaged!
[INFO](2026/08/19/ 03:05:23 AM) [Round: 0241] Evaluate global model's performance...!                
	[Server] ...finished evaluation!                
	=> Loss: 18.3976                
	=> Accuracy: 7.14%

[INFO](2026/08/19/ 03:05:23 AM) [Round: 0242] Select clients...!
[INFO](2026/08/19/ 03:05:23 AM) [Round: 0242] ...successfully transmitted models to 10 selected clients!
[INFO](2026/08/19/ 03:05:24 AM) [Round: 0242] Start updating selected 10 clients...!
[INFO](2026/08/19/ 03:05:35 AM) [Round: 0242] ...10 clients are selected and updated (with total sample size: 30)!
[INFO](2026/08/19/ 03:05:35 AM) [Round: 0242] Aggregate updated weights of 10 clients...!
[INFO](2026/08/19/ 03:05:36 AM) [Round: 0242] ...updated weights of 10 clients are successfully averaged!
[INFO](2026/08/19/ 03:05:38 AM) [Round: 0242] Evaluate global model's performance...!                
	[Server] ...finished evaluation!                
	=> Loss: 33.6794                
	=> Accuracy: 6.43%

[INFO](2026/08/19/ 03:05:38 AM) [Round: 0243] Select clients...!
[INFO](2026/08/19/ 03:05:38 AM) [Round: 0243] ...successfully transmitted models to 10 selected clients!
[INFO](2026/08/19/ 03:05:38 AM) [Round: 0243] Start updating selected 10 clients...!
[INFO](2026/08/19/ 03:05:49 AM) [Round: 0243] ...10 clients are selected and updated (with total sample size: 57)!
[INFO](2026/08/19/ 03:05:49 AM) [Round: 0243] Aggregate updated weights of 10 clients...!
[INFO](2026/08/19/ 03:05:49 AM) [Round: 0243] ...updated weights of 10 clients are successfully averaged!
[INFO](2026/08/19/ 03:05:51 AM) [Round: 0243] Evaluate global model's performance...!                
	[Server] ...finished evaluation!                
	=> Loss: 18.4840                
	=> Accuracy: 5.95%

[INFO](2026/08/19/ 03:05:51 AM) [Round: 0244] Select clients...!
[INFO](2026/08/19/ 03:05:52 AM) [Round: 0244] ...successfully transmitted models to 10 selected clients!
[INFO](2026/08/19/ 03:05:52 AM) [Round: 0244] Start updating selected 10 clients...!
[INFO](2026/08/19/ 03:06:03 AM) [Round: 0244] ...10 clients are selected and updated (with total sample size: 43)!
[INFO](2026/08/19/ 03:06:03 AM) [Round: 0244] Aggregate updated weights of 10 clients...!
[INFO](2026/08/19/ 03:06:03 AM) [Round: 0244] ...updated weights of 10 clients are successfully averaged!
[INFO](2026/08/19/ 03:06:05 AM) [Round: 0244] Evaluate global model's performance...!                
	[Server] ...finished evaluation!                
	=> Loss: 24.5507                
	=> Accuracy: 5.00%

[INFO](2026/08/19/ 03:06:05 AM) [Round: 0245] Select clients...!
[INFO](2026/08/19/ 03:06:05 AM) [Round: 0245] ...successfully transmitted models to 10 selected clients!
[INFO](2026/08/19/ 03:06:05 AM) [Round: 0245] Start updating selected 10 clients...!
[INFO](2026/08/19/ 03:06:18 AM) [Round: 0245] ...10 clients are selected and updated (with total sample size: 43)!
[INFO](2026/08/19/ 03:06:18 AM) [Round: 0245] Aggregate updated weights of 10 clients...!
[INFO](2026/08/19/ 03:06:19 AM) [Round: 0245] ...updated weights of 10 clients are successfully averaged!
[INFO](2026/08/19/ 03:06:20 AM) [Round: 0245] Evaluate global model's performance...!                
	[Server] ...finished evaluation!                
	=> Loss: 31.3011                
	=> Accuracy: 6.43%

[INFO](2026/08/19/ 03:06:20 AM) [Round: 0246] Select clients...!
[INFO](2026/08/19/ 03:06:21 AM) [Round: 0246] ...successfully transmitted models to 10 selected clients!
[INFO](2026/08/19/ 03:06:21 AM) [Round: 0246] Start updating selected 10 clients...!
[INFO](2026/08/19/ 03:06:32 AM) [Round: 0246] ...10 clients are selected and updated (with total sample size: 30)!
[INFO](2026/08/19/ 03:06:32 AM) [Round: 0246] Aggregate updated weights of 10 clients...!
[INFO](2026/08/19/ 03:06:32 AM) [Round: 0246] ...updated weights of 10 clients are successfully averaged!
[INFO](2026/08/19/ 03:06:34 AM) [Round: 0246] Evaluate global model's performance...!                
	[Server] ...finished evaluation!                
	=> Loss: 30.1979                
	=> Accuracy: 5.48%

[INFO](2026/08/19/ 03:06:34 AM) [Round: 0247] Select clients...!
[INFO](2026/08/19/ 03:06:35 AM) [Round: 0247] ...successfully transmitted models to 10 selected clients!
[INFO](2026/08/19/ 03:06:35 AM) [Round: 0247] Start updating selected 10 clients...!
[INFO](2026/08/19/ 03:06:47 AM) [Round: 0247] ...10 clients are selected and updated (with total sample size: 28)!
[INFO](2026/08/19/ 03:06:47 AM) [Round: 0247] Aggregate updated weights of 10 clients...!
[INFO](2026/08/19/ 03:06:47 AM) [Round: 0247] ...updated weights of 10 clients are successfully averaged!
[INFO](2026/08/19/ 03:06:49 AM) [Round: 0247] Evaluate global model's performance...!                
	[Server] ...finished evaluation!                
	=> Loss: 29.6815                
	=> Accuracy: 3.10%

[INFO](2026/08/19/ 03:06:49 AM) [Round: 0248] Select clients...!
[INFO](2026/08/19/ 03:06:49 AM) [Round: 0248] ...successfully transmitted models to 10 selected clients!
[INFO](2026/08/19/ 03:06:49 AM) [Round: 0248] Start updating selected 10 clients...!
[INFO](2026/08/19/ 03:07:01 AM) [Round: 0248] ...10 clients are selected and updated (with total sample size: 43)!
[INFO](2026/08/19/ 03:07:01 AM) [Round: 0248] Aggregate updated weights of 10 clients...!
[INFO](2026/08/19/ 03:07:01 AM) [Round: 0248] ...updated weights of 10 clients are successfully averaged!
[INFO](2026/08/19/ 03:07:03 AM) [Round: 0248] Evaluate global model's performance...!                
	[Server] ...finished evaluation!                
	=> Loss: 19.0556                
	=> Accuracy: 6.67%

[INFO](2026/08/19/ 03:07:03 AM) [Round: 0249] Select clients...!
[INFO](2026/08/19/ 03:07:04 AM) [Round: 0249] ...successfully transmitted models to 10 selected clients!
[INFO](2026/08/19/ 03:07:04 AM) [Round: 0249] Start updating selected 10 clients...!
[INFO](2026/08/19/ 03:07:15 AM) [Round: 0249] ...10 clients are selected and updated (with total sample size: 52)!
[INFO](2026/08/19/ 03:07:15 AM) [Round: 0249] Aggregate updated weights of 10 clients...!
[INFO](2026/08/19/ 03:07:16 AM) [Round: 0249] ...updated weights of 10 clients are successfully averaged!
[INFO](2026/08/19/ 03:07:17 AM) [Round: 0249] Evaluate global model's performance...!                
	[Server] ...finished evaluation!                
	=> Loss: 24.5245                
	=> Accuracy: 3.81%

[INFO](2026/08/19/ 03:07:17 AM) [Round: 0250] Select clients...!
[INFO](2026/08/19/ 03:07:18 AM) [Round: 0250] ...successfully transmitted models to 10 selected clients!
[INFO](2026/08/19/ 03:07:18 AM) [Round: 0250] Start updating selected 10 clients...!
[INFO](2026/08/19/ 03:07:28 AM) [Round: 0250] ...10 clients are selected and updated (with total sample size: 56)!
[INFO](2026/08/19/ 03:07:28 AM) [Round: 0250] Aggregate updated weights of 10 clients...!
[INFO](2026/08/19/ 03:07:28 AM) [Round: 0250] ...updated weights of 10 clients are successfully averaged!
[INFO](2026/08/19/ 03:07:30 AM) [Round: 0250] Evaluate global model's performance...!                
	[Server] ...finished evaluation!                
	=> Loss: 33.5813                
	=> Accuracy: 5.24%

[INFO](2026/08/19/ 03:07:30 AM) [Round: 0251] Select clients...!
[INFO](2026/08/19/ 03:07:31 AM) [Round: 0251] ...successfully transmitted models to 10 selected clients!
[INFO](2026/08/19/ 03:07:31 AM) [Round: 0251] Start updating selected 10 clients...!
[INFO](2026/08/19/ 03:07:42 AM) [Round: 0251] ...10 clients are selected and updated (with total sample size: 30)!
[INFO](2026/08/19/ 03:07:42 AM) [Round: 0251] Aggregate updated weights of 10 clients...!
[INFO](2026/08/19/ 03:07:42 AM) [Round: 0251] ...updated weights of 10 clients are successfully averaged!
[INFO](2026/08/19/ 03:07:44 AM) [Round: 0251] Evaluate global model's performance...!                
	[Server] ...finished evaluation!                
	=> Loss: 28.5972                
	=> Accuracy: 6.67%

[INFO](2026/08/19/ 03:07:44 AM) [Round: 0252] Select clients...!
[INFO](2026/08/19/ 03:07:44 AM) [Round: 0252] ...successfully transmitted models to 10 selected clients!
[INFO](2026/08/19/ 03:07:44 AM) [Round: 0252] Start updating selected 10 clients...!
[INFO](2026/08/19/ 03:07:55 AM) [Round: 0252] ...10 clients are selected and updated (with total sample size: 42)!
[INFO](2026/08/19/ 03:07:55 AM) [Round: 0252] Aggregate updated weights of 10 clients...!
[INFO](2026/08/19/ 03:07:55 AM) [Round: 0252] ...updated weights of 10 clients are successfully averaged!
[INFO](2026/08/19/ 03:07:57 AM) [Round: 0252] Evaluate global model's performance...!                
	[Server] ...finished evaluation!                
	=> Loss: 24.8879                
	=> Accuracy: 8.33%

[INFO](2026/08/19/ 03:07:57 AM) [Round: 0253] Select clients...!
[INFO](2026/08/19/ 03:07:57 AM) [Round: 0253] ...successfully transmitted models to 10 selected clients!
[INFO](2026/08/19/ 03:07:57 AM) [Round: 0253] Start updating selected 10 clients...!
[INFO](2026/08/19/ 03:08:09 AM) [Round: 0253] ...10 clients are selected and updated (with total sample size: 39)!
[INFO](2026/08/19/ 03:08:09 AM) [Round: 0253] Aggregate updated weights of 10 clients...!
[INFO](2026/08/19/ 03:08:09 AM) [Round: 0253] ...updated weights of 10 clients are successfully averaged!
[INFO](2026/08/19/ 03:08:11 AM) [Round: 0253] Evaluate global model's performance...!                
	[Server] ...finished evaluation!                
	=> Loss: 25.8052                
	=> Accuracy: 6.19%

[INFO](2026/08/19/ 03:08:11 AM) [Round: 0254] Select clients...!
[INFO](2026/08/19/ 03:08:11 AM) [Round: 0254] ...successfully transmitted models to 10 selected clients!
[INFO](2026/08/19/ 03:08:11 AM) [Round: 0254] Start updating selected 10 clients...!
[INFO](2026/08/19/ 03:08:22 AM) [Round: 0254] ...10 clients are selected and updated (with total sample size: 52)!
[INFO](2026/08/19/ 03:08:22 AM) [Round: 0254] Aggregate updated weights of 10 clients...!
[INFO](2026/08/19/ 03:08:22 AM) [Round: 0254] ...updated weights of 10 clients are successfully averaged!
[INFO](2026/08/19/ 03:08:24 AM) [Round: 0254] Evaluate global model's performance...!                
	[Server] ...finished evaluation!                
	=> Loss: 24.8804                
	=> Accuracy: 4.29%

[INFO](2026/08/19/ 03:08:24 AM) [Round: 0255] Select clients...!
[INFO](2026/08/19/ 03:08:24 AM) [Round: 0255] ...successfully transmitted models to 10 selected clients!
[INFO](2026/08/19/ 03:08:24 AM) [Round: 0255] Start updating selected 10 clients...!
[INFO](2026/08/19/ 03:08:35 AM) [Round: 0255] ...10 clients are selected and updated (with total sample size: 32)!
[INFO](2026/08/19/ 03:08:35 AM) [Round: 0255] Aggregate updated weights of 10 clients...!
[INFO](2026/08/19/ 03:08:35 AM) [Round: 0255] ...updated weights of 10 clients are successfully averaged!
[INFO](2026/08/19/ 03:08:37 AM) [Round: 0255] Evaluate global model's performance...!                
	[Server] ...finished evaluation!                
	=> Loss: 25.3164                
	=> Accuracy: 5.00%

[INFO](2026/08/19/ 03:08:37 AM) [Round: 0256] Select clients...!
[INFO](2026/08/19/ 03:08:38 AM) [Round: 0256] ...successfully transmitted models to 10 selected clients!
[INFO](2026/08/19/ 03:08:38 AM) [Round: 0256] Start updating selected 10 clients...!
[INFO](2026/08/19/ 03:08:50 AM) [Round: 0256] ...10 clients are selected and updated (with total sample size: 28)!
[INFO](2026/08/19/ 03:08:50 AM) [Round: 0256] Aggregate updated weights of 10 clients...!
[INFO](2026/08/19/ 03:08:50 AM) [Round: 0256] ...updated weights of 10 clients are successfully averaged!
[INFO](2026/08/19/ 03:08:52 AM) [Round: 0256] Evaluate global model's performance...!                
	[Server] ...finished evaluation!                
	=> Loss: 17.7772                
	=> Accuracy: 9.29%

[INFO](2026/08/19/ 03:08:52 AM) [Round: 0257] Select clients...!
[INFO](2026/08/19/ 03:08:53 AM) [Round: 0257] ...successfully transmitted models to 10 selected clients!
[INFO](2026/08/19/ 03:08:53 AM) [Round: 0257] Start updating selected 10 clients...!
[INFO](2026/08/19/ 03:09:05 AM) [Round: 0257] ...10 clients are selected and updated (with total sample size: 52)!
[INFO](2026/08/19/ 03:09:05 AM) [Round: 0257] Aggregate updated weights of 10 clients...!
[INFO](2026/08/19/ 03:09:05 AM) [Round: 0257] ...updated weights of 10 clients are successfully averaged!
[INFO](2026/08/19/ 03:09:06 AM) [Round: 0257] Evaluate global model's performance...!                
	[Server] ...finished evaluation!                
	=> Loss: 18.9389                
	=> Accuracy: 7.86%

[INFO](2026/08/19/ 03:09:07 AM) [Round: 0258] Select clients...!
[INFO](2026/08/19/ 03:09:07 AM) [Round: 0258] ...successfully transmitted models to 10 selected clients!
[INFO](2026/08/19/ 03:09:07 AM) [Round: 0258] Start updating selected 10 clients...!
[INFO](2026/08/19/ 03:09:17 AM) [Round: 0258] ...10 clients are selected and updated (with total sample size: 43)!
[INFO](2026/08/19/ 03:09:17 AM) [Round: 0258] Aggregate updated weights of 10 clients...!
[INFO](2026/08/19/ 03:09:17 AM) [Round: 0258] ...updated weights of 10 clients are successfully averaged!
[INFO](2026/08/19/ 03:09:19 AM) [Round: 0258] Evaluate global model's performance...!                
	[Server] ...finished evaluation!                
	=> Loss: 26.9519                
	=> Accuracy: 5.24%

[INFO](2026/08/19/ 03:09:19 AM) [Round: 0259] Select clients...!
[INFO](2026/08/19/ 03:09:20 AM) [Round: 0259] ...successfully transmitted models to 10 selected clients!
[INFO](2026/08/19/ 03:09:20 AM) [Round: 0259] Start updating selected 10 clients...!
[INFO](2026/08/19/ 03:09:29 AM) [Round: 0259] ...10 clients are selected and updated (with total sample size: 43)!
[INFO](2026/08/19/ 03:09:29 AM) [Round: 0259] Aggregate updated weights of 10 clients...!
[INFO](2026/08/19/ 03:09:30 AM) [Round: 0259] ...updated weights of 10 clients are successfully averaged!
[INFO](2026/08/19/ 03:09:31 AM) [Round: 0259] Evaluate global model's performance...!                
	[Server] ...finished evaluation!                
	=> Loss: 34.0693                
	=> Accuracy: 5.48%

[INFO](2026/08/19/ 03:09:31 AM) [Round: 0260] Select clients...!
[INFO](2026/08/19/ 03:09:32 AM) [Round: 0260] ...successfully transmitted models to 10 selected clients!
[INFO](2026/08/19/ 03:09:32 AM) [Round: 0260] Start updating selected 10 clients...!
[INFO](2026/08/19/ 03:09:43 AM) [Round: 0260] ...10 clients are selected and updated (with total sample size: 43)!
[INFO](2026/08/19/ 03:09:43 AM) [Round: 0260] Aggregate updated weights of 10 clients...!
[INFO](2026/08/19/ 03:09:44 AM) [Round: 0260] ...updated weights of 10 clients are successfully averaged!
[INFO](2026/08/19/ 03:09:45 AM) [Round: 0260] Evaluate global model's performance...!                
	[Server] ...finished evaluation!                
	=> Loss: 26.4084                
	=> Accuracy: 5.24%

[INFO](2026/08/19/ 03:09:45 AM) [Round: 0261] Select clients...!
[INFO](2026/08/19/ 03:09:46 AM) [Round: 0261] ...successfully transmitted models to 10 selected clients!
[INFO](2026/08/19/ 03:09:46 AM) [Round: 0261] Start updating selected 10 clients...!
[INFO](2026/08/19/ 03:09:57 AM) [Round: 0261] ...10 clients are selected and updated (with total sample size: 28)!
[INFO](2026/08/19/ 03:09:57 AM) [Round: 0261] Aggregate updated weights of 10 clients...!
[INFO](2026/08/19/ 03:09:57 AM) [Round: 0261] ...updated weights of 10 clients are successfully averaged!
[INFO](2026/08/19/ 03:09:59 AM) [Round: 0261] Evaluate global model's performance...!                
	[Server] ...finished evaluation!                
	=> Loss: 24.8684                
	=> Accuracy: 3.33%

[INFO](2026/08/19/ 03:09:59 AM) [Round: 0262] Select clients...!
[INFO](2026/08/19/ 03:10:00 AM) [Round: 0262] ...successfully transmitted models to 10 selected clients!
[INFO](2026/08/19/ 03:10:00 AM) [Round: 0262] Start updating selected 10 clients...!
[INFO](2026/08/19/ 03:10:12 AM) [Round: 0262] ...10 clients are selected and updated (with total sample size: 39)!
[INFO](2026/08/19/ 03:10:12 AM) [Round: 0262] Aggregate updated weights of 10 clients...!
[INFO](2026/08/19/ 03:10:13 AM) [Round: 0262] ...updated weights of 10 clients are successfully averaged!
[INFO](2026/08/19/ 03:10:15 AM) [Round: 0262] Evaluate global model's performance...!                
	[Server] ...finished evaluation!                
	=> Loss: 20.9978                
	=> Accuracy: 7.14%

[INFO](2026/08/19/ 03:10:15 AM) [Round: 0263] Select clients...!
[INFO](2026/08/19/ 03:10:15 AM) [Round: 0263] ...successfully transmitted models to 10 selected clients!
[INFO](2026/08/19/ 03:10:15 AM) [Round: 0263] Start updating selected 10 clients...!
[INFO](2026/08/19/ 03:10:25 AM) [Round: 0263] ...10 clients are selected and updated (with total sample size: 39)!
[INFO](2026/08/19/ 03:10:25 AM) [Round: 0263] Aggregate updated weights of 10 clients...!
[INFO](2026/08/19/ 03:10:26 AM) [Round: 0263] ...updated weights of 10 clients are successfully averaged!
[INFO](2026/08/19/ 03:10:27 AM) [Round: 0263] Evaluate global model's performance...!                
	[Server] ...finished evaluation!                
	=> Loss: 33.9214                
	=> Accuracy: 5.00%

[INFO](2026/08/19/ 03:10:27 AM) [Round: 0264] Select clients...!
[INFO](2026/08/19/ 03:10:28 AM) [Round: 0264] ...successfully transmitted models to 10 selected clients!
[INFO](2026/08/19/ 03:10:28 AM) [Round: 0264] Start updating selected 10 clients...!
[INFO](2026/08/19/ 03:10:41 AM) [Round: 0264] ...10 clients are selected and updated (with total sample size: 57)!
[INFO](2026/08/19/ 03:10:42 AM) [Round: 0264] Aggregate updated weights of 10 clients...!
[INFO](2026/08/19/ 03:10:42 AM) [Round: 0264] ...updated weights of 10 clients are successfully averaged!
[INFO](2026/08/19/ 03:10:44 AM) [Round: 0264] Evaluate global model's performance...!                
	[Server] ...finished evaluation!                
	=> Loss: 32.8057                
	=> Accuracy: 6.19%

[INFO](2026/08/19/ 03:10:44 AM) [Round: 0265] Select clients...!
[INFO](2026/08/19/ 03:10:44 AM) [Round: 0265] ...successfully transmitted models to 10 selected clients!
[INFO](2026/08/19/ 03:10:44 AM) [Round: 0265] Start updating selected 10 clients...!
[INFO](2026/08/19/ 03:10:55 AM) [Round: 0265] ...10 clients are selected and updated (with total sample size: 52)!
[INFO](2026/08/19/ 03:10:55 AM) [Round: 0265] Aggregate updated weights of 10 clients...!
[INFO](2026/08/19/ 03:10:55 AM) [Round: 0265] ...updated weights of 10 clients are successfully averaged!
[INFO](2026/08/19/ 03:10:57 AM) [Round: 0265] Evaluate global model's performance...!                
	[Server] ...finished evaluation!                
	=> Loss: 24.9811                
	=> Accuracy: 7.38%

[INFO](2026/08/19/ 03:10:57 AM) [Round: 0266] Select clients...!
[INFO](2026/08/19/ 03:10:57 AM) [Round: 0266] ...successfully transmitted models to 10 selected clients!
[INFO](2026/08/19/ 03:10:57 AM) [Round: 0266] Start updating selected 10 clients...!
[INFO](2026/08/19/ 03:11:10 AM) [Round: 0266] ...10 clients are selected and updated (with total sample size: 57)!
[INFO](2026/08/19/ 03:11:10 AM) [Round: 0266] Aggregate updated weights of 10 clients...!
[INFO](2026/08/19/ 03:11:10 AM) [Round: 0266] ...updated weights of 10 clients are successfully averaged!
[INFO](2026/08/19/ 03:11:12 AM) [Round: 0266] Evaluate global model's performance...!                
	[Server] ...finished evaluation!                
	=> Loss: 41.0452                
	=> Accuracy: 5.24%

[INFO](2026/08/19/ 03:11:12 AM) [Round: 0267] Select clients...!
[INFO](2026/08/19/ 03:11:13 AM) [Round: 0267] ...successfully transmitted models to 10 selected clients!
[INFO](2026/08/19/ 03:11:13 AM) [Round: 0267] Start updating selected 10 clients...!
[INFO](2026/08/19/ 03:11:24 AM) [Round: 0267] ...10 clients are selected and updated (with total sample size: 35)!
[INFO](2026/08/19/ 03:11:24 AM) [Round: 0267] Aggregate updated weights of 10 clients...!
[INFO](2026/08/19/ 03:11:24 AM) [Round: 0267] ...updated weights of 10 clients are successfully averaged!
[INFO](2026/08/19/ 03:11:26 AM) [Round: 0267] Evaluate global model's performance...!                
	[Server] ...finished evaluation!                
	=> Loss: 21.7246                
	=> Accuracy: 7.38%

[INFO](2026/08/19/ 03:11:26 AM) [Round: 0268] Select clients...!
[INFO](2026/08/19/ 03:11:27 AM) [Round: 0268] ...successfully transmitted models to 10 selected clients!
[INFO](2026/08/19/ 03:11:27 AM) [Round: 0268] Start updating selected 10 clients...!
[INFO](2026/08/19/ 03:11:39 AM) [Round: 0268] ...10 clients are selected and updated (with total sample size: 30)!
[INFO](2026/08/19/ 03:11:39 AM) [Round: 0268] Aggregate updated weights of 10 clients...!
[INFO](2026/08/19/ 03:11:39 AM) [Round: 0268] ...updated weights of 10 clients are successfully averaged!
[INFO](2026/08/19/ 03:11:41 AM) [Round: 0268] Evaluate global model's performance...!                
	[Server] ...finished evaluation!                
	=> Loss: 28.7663                
	=> Accuracy: 4.76%

[INFO](2026/08/19/ 03:11:41 AM) [Round: 0269] Select clients...!
[INFO](2026/08/19/ 03:11:42 AM) [Round: 0269] ...successfully transmitted models to 10 selected clients!
[INFO](2026/08/19/ 03:11:42 AM) [Round: 0269] Start updating selected 10 clients...!
[INFO](2026/08/19/ 03:11:53 AM) [Round: 0269] ...10 clients are selected and updated (with total sample size: 39)!
[INFO](2026/08/19/ 03:11:53 AM) [Round: 0269] Aggregate updated weights of 10 clients...!
[INFO](2026/08/19/ 03:11:53 AM) [Round: 0269] ...updated weights of 10 clients are successfully averaged!
[INFO](2026/08/19/ 03:11:55 AM) [Round: 0269] Evaluate global model's performance...!                
	[Server] ...finished evaluation!                
	=> Loss: 32.3179                
	=> Accuracy: 7.62%

[INFO](2026/08/19/ 03:11:55 AM) [Round: 0270] Select clients...!
[INFO](2026/08/19/ 03:11:56 AM) [Round: 0270] ...successfully transmitted models to 10 selected clients!
[INFO](2026/08/19/ 03:11:56 AM) [Round: 0270] Start updating selected 10 clients...!
[INFO](2026/08/19/ 03:12:07 AM) [Round: 0270] ...10 clients are selected and updated (with total sample size: 43)!
[INFO](2026/08/19/ 03:12:07 AM) [Round: 0270] Aggregate updated weights of 10 clients...!
[INFO](2026/08/19/ 03:12:07 AM) [Round: 0270] ...updated weights of 10 clients are successfully averaged!
[INFO](2026/08/19/ 03:12:09 AM) [Round: 0270] Evaluate global model's performance...!                
	[Server] ...finished evaluation!                
	=> Loss: 25.1911                
	=> Accuracy: 5.95%

[INFO](2026/08/19/ 03:12:09 AM) [Round: 0271] Select clients...!
[INFO](2026/08/19/ 03:12:10 AM) [Round: 0271] ...successfully transmitted models to 10 selected clients!
[INFO](2026/08/19/ 03:12:10 AM) [Round: 0271] Start updating selected 10 clients...!
[INFO](2026/08/19/ 03:12:21 AM) [Round: 0271] ...10 clients are selected and updated (with total sample size: 48)!
[INFO](2026/08/19/ 03:12:21 AM) [Round: 0271] Aggregate updated weights of 10 clients...!
[INFO](2026/08/19/ 03:12:21 AM) [Round: 0271] ...updated weights of 10 clients are successfully averaged!
[INFO](2026/08/19/ 03:12:23 AM) [Round: 0271] Evaluate global model's performance...!                
	[Server] ...finished evaluation!                
	=> Loss: 41.4111                
	=> Accuracy: 5.48%

[INFO](2026/08/19/ 03:12:23 AM) [Round: 0272] Select clients...!
[INFO](2026/08/19/ 03:12:24 AM) [Round: 0272] ...successfully transmitted models to 10 selected clients!
[INFO](2026/08/19/ 03:12:24 AM) [Round: 0272] Start updating selected 10 clients...!
[INFO](2026/08/19/ 03:12:35 AM) [Round: 0272] ...10 clients are selected and updated (with total sample size: 39)!
[INFO](2026/08/19/ 03:12:35 AM) [Round: 0272] Aggregate updated weights of 10 clients...!
[INFO](2026/08/19/ 03:12:35 AM) [Round: 0272] ...updated weights of 10 clients are successfully averaged!
[INFO](2026/08/19/ 03:12:37 AM) [Round: 0272] Evaluate global model's performance...!                
	[Server] ...finished evaluation!                
	=> Loss: 54.8230                
	=> Accuracy: 3.81%

[INFO](2026/08/19/ 03:12:37 AM) [Round: 0273] Select clients...!
[INFO](2026/08/19/ 03:12:37 AM) [Round: 0273] ...successfully transmitted models to 10 selected clients!
[INFO](2026/08/19/ 03:12:37 AM) [Round: 0273] Start updating selected 10 clients...!
[INFO](2026/08/19/ 03:12:49 AM) [Round: 0273] ...10 clients are selected and updated (with total sample size: 39)!
[INFO](2026/08/19/ 03:12:49 AM) [Round: 0273] Aggregate updated weights of 10 clients...!
[INFO](2026/08/19/ 03:12:49 AM) [Round: 0273] ...updated weights of 10 clients are successfully averaged!
[INFO](2026/08/19/ 03:12:51 AM) [Round: 0273] Evaluate global model's performance...!                
	[Server] ...finished evaluation!                
	=> Loss: 32.3845                
	=> Accuracy: 7.14%

[INFO](2026/08/19/ 03:12:51 AM) [Round: 0274] Select clients...!
[INFO](2026/08/19/ 03:12:52 AM) [Round: 0274] ...successfully transmitted models to 10 selected clients!
[INFO](2026/08/19/ 03:12:52 AM) [Round: 0274] Start updating selected 10 clients...!
[INFO](2026/08/19/ 03:13:02 AM) [Round: 0274] ...10 clients are selected and updated (with total sample size: 52)!
[INFO](2026/08/19/ 03:13:02 AM) [Round: 0274] Aggregate updated weights of 10 clients...!
[INFO](2026/08/19/ 03:13:03 AM) [Round: 0274] ...updated weights of 10 clients are successfully averaged!
[INFO](2026/08/19/ 03:13:04 AM) [Round: 0274] Evaluate global model's performance...!                
	[Server] ...finished evaluation!                
	=> Loss: 30.7892                
	=> Accuracy: 6.67%

[INFO](2026/08/19/ 03:13:04 AM) [Round: 0275] Select clients...!
[INFO](2026/08/19/ 03:13:05 AM) [Round: 0275] ...successfully transmitted models to 10 selected clients!
[INFO](2026/08/19/ 03:13:05 AM) [Round: 0275] Start updating selected 10 clients...!
[INFO](2026/08/19/ 03:13:17 AM) [Round: 0275] ...10 clients are selected and updated (with total sample size: 43)!
[INFO](2026/08/19/ 03:13:17 AM) [Round: 0275] Aggregate updated weights of 10 clients...!
[INFO](2026/08/19/ 03:13:17 AM) [Round: 0275] ...updated weights of 10 clients are successfully averaged!
[INFO](2026/08/19/ 03:13:19 AM) [Round: 0275] Evaluate global model's performance...!                
	[Server] ...finished evaluation!                
	=> Loss: 53.9824                
	=> Accuracy: 6.19%

[INFO](2026/08/19/ 03:13:19 AM) [Round: 0276] Select clients...!
[INFO](2026/08/19/ 03:13:19 AM) [Round: 0276] ...successfully transmitted models to 10 selected clients!
[INFO](2026/08/19/ 03:13:19 AM) [Round: 0276] Start updating selected 10 clients...!
[INFO](2026/08/19/ 03:13:30 AM) [Round: 0276] ...10 clients are selected and updated (with total sample size: 30)!
[INFO](2026/08/19/ 03:13:30 AM) [Round: 0276] Aggregate updated weights of 10 clients...!
[INFO](2026/08/19/ 03:13:30 AM) [Round: 0276] ...updated weights of 10 clients are successfully averaged!
[INFO](2026/08/19/ 03:13:32 AM) [Round: 0276] Evaluate global model's performance...!                
	[Server] ...finished evaluation!                
	=> Loss: 41.6778                
	=> Accuracy: 4.76%

[INFO](2026/08/19/ 03:13:32 AM) [Round: 0277] Select clients...!
[INFO](2026/08/19/ 03:13:33 AM) [Round: 0277] ...successfully transmitted models to 10 selected clients!
[INFO](2026/08/19/ 03:13:33 AM) [Round: 0277] Start updating selected 10 clients...!
[INFO](2026/08/19/ 03:13:43 AM) [Round: 0277] ...10 clients are selected and updated (with total sample size: 52)!
[INFO](2026/08/19/ 03:13:43 AM) [Round: 0277] Aggregate updated weights of 10 clients...!
[INFO](2026/08/19/ 03:13:43 AM) [Round: 0277] ...updated weights of 10 clients are successfully averaged!
[INFO](2026/08/19/ 03:13:45 AM) [Round: 0277] Evaluate global model's performance...!                
	[Server] ...finished evaluation!                
	=> Loss: 32.4030                
	=> Accuracy: 6.90%

[INFO](2026/08/19/ 03:13:45 AM) [Round: 0278] Select clients...!
[INFO](2026/08/19/ 03:13:46 AM) [Round: 0278] ...successfully transmitted models to 10 selected clients!
[INFO](2026/08/19/ 03:13:46 AM) [Round: 0278] Start updating selected 10 clients...!
[INFO](2026/08/19/ 03:13:56 AM) [Round: 0278] ...10 clients are selected and updated (with total sample size: 43)!
[INFO](2026/08/19/ 03:13:56 AM) [Round: 0278] Aggregate updated weights of 10 clients...!
[INFO](2026/08/19/ 03:13:56 AM) [Round: 0278] ...updated weights of 10 clients are successfully averaged!
[INFO](2026/08/19/ 03:13:58 AM) [Round: 0278] Evaluate global model's performance...!                
	[Server] ...finished evaluation!                
	=> Loss: 36.4347                
	=> Accuracy: 7.38%

[INFO](2026/08/19/ 03:13:58 AM) [Round: 0279] Select clients...!
[INFO](2026/08/19/ 03:13:58 AM) [Round: 0279] ...successfully transmitted models to 10 selected clients!
[INFO](2026/08/19/ 03:13:58 AM) [Round: 0279] Start updating selected 10 clients...!
[INFO](2026/08/19/ 03:14:09 AM) [Round: 0279] ...10 clients are selected and updated (with total sample size: 43)!
[INFO](2026/08/19/ 03:14:10 AM) [Round: 0279] Aggregate updated weights of 10 clients...!
[INFO](2026/08/19/ 03:14:10 AM) [Round: 0279] ...updated weights of 10 clients are successfully averaged!
[INFO](2026/08/19/ 03:14:11 AM) [Round: 0279] Evaluate global model's performance...!                
	[Server] ...finished evaluation!                
	=> Loss: 47.1919                
	=> Accuracy: 5.24%

[INFO](2026/08/19/ 03:14:11 AM) [Round: 0280] Select clients...!
[INFO](2026/08/19/ 03:14:12 AM) [Round: 0280] ...successfully transmitted models to 10 selected clients!
[INFO](2026/08/19/ 03:14:12 AM) [Round: 0280] Start updating selected 10 clients...!
[INFO](2026/08/19/ 03:14:23 AM) [Round: 0280] ...10 clients are selected and updated (with total sample size: 43)!
[INFO](2026/08/19/ 03:14:23 AM) [Round: 0280] Aggregate updated weights of 10 clients...!
[INFO](2026/08/19/ 03:14:23 AM) [Round: 0280] ...updated weights of 10 clients are successfully averaged!
[INFO](2026/08/19/ 03:14:25 AM) [Round: 0280] Evaluate global model's performance...!                
	[Server] ...finished evaluation!                
	=> Loss: 29.4833                
	=> Accuracy: 7.38%

[INFO](2026/08/19/ 03:14:25 AM) [Round: 0281] Select clients...!
[INFO](2026/08/19/ 03:14:25 AM) [Round: 0281] ...successfully transmitted models to 10 selected clients!
[INFO](2026/08/19/ 03:14:25 AM) [Round: 0281] Start updating selected 10 clients...!
[INFO](2026/08/19/ 03:14:37 AM) [Round: 0281] ...10 clients are selected and updated (with total sample size: 43)!
[INFO](2026/08/19/ 03:14:37 AM) [Round: 0281] Aggregate updated weights of 10 clients...!
[INFO](2026/08/19/ 03:14:37 AM) [Round: 0281] ...updated weights of 10 clients are successfully averaged!
[INFO](2026/08/19/ 03:14:39 AM) [Round: 0281] Evaluate global model's performance...!                
	[Server] ...finished evaluation!                
	=> Loss: 43.0714                
	=> Accuracy: 5.48%

[INFO](2026/08/19/ 03:14:40 AM) [Round: 0282] Select clients...!
[INFO](2026/08/19/ 03:14:40 AM) [Round: 0282] ...successfully transmitted models to 10 selected clients!
[INFO](2026/08/19/ 03:14:40 AM) [Round: 0282] Start updating selected 10 clients...!
[INFO](2026/08/19/ 03:14:54 AM) [Round: 0282] ...10 clients are selected and updated (with total sample size: 28)!
[INFO](2026/08/19/ 03:14:54 AM) [Round: 0282] Aggregate updated weights of 10 clients...!
[INFO](2026/08/19/ 03:14:54 AM) [Round: 0282] ...updated weights of 10 clients are successfully averaged!
[INFO](2026/08/19/ 03:14:56 AM) [Round: 0282] Evaluate global model's performance...!                
	[Server] ...finished evaluation!                
	=> Loss: 30.7216                
	=> Accuracy: 5.95%

[INFO](2026/08/19/ 03:14:56 AM) [Round: 0283] Select clients...!
[INFO](2026/08/19/ 03:14:56 AM) [Round: 0283] ...successfully transmitted models to 10 selected clients!
[INFO](2026/08/19/ 03:14:56 AM) [Round: 0283] Start updating selected 10 clients...!
[INFO](2026/08/19/ 03:15:09 AM) [Round: 0283] ...10 clients are selected and updated (with total sample size: 68)!
[INFO](2026/08/19/ 03:15:09 AM) [Round: 0283] Aggregate updated weights of 10 clients...!
[INFO](2026/08/19/ 03:15:09 AM) [Round: 0283] ...updated weights of 10 clients are successfully averaged!
[INFO](2026/08/19/ 03:15:11 AM) [Round: 0283] Evaluate global model's performance...!                
	[Server] ...finished evaluation!                
	=> Loss: 43.7669                
	=> Accuracy: 5.95%

[INFO](2026/08/19/ 03:15:11 AM) [Round: 0284] Select clients...!
[INFO](2026/08/19/ 03:15:11 AM) [Round: 0284] ...successfully transmitted models to 10 selected clients!
[INFO](2026/08/19/ 03:15:12 AM) [Round: 0284] Start updating selected 10 clients...!
[INFO](2026/08/19/ 03:15:23 AM) [Round: 0284] ...10 clients are selected and updated (with total sample size: 43)!
[INFO](2026/08/19/ 03:15:23 AM) [Round: 0284] Aggregate updated weights of 10 clients...!
[INFO](2026/08/19/ 03:15:24 AM) [Round: 0284] ...updated weights of 10 clients are successfully averaged!
[INFO](2026/08/19/ 03:15:25 AM) [Round: 0284] Evaluate global model's performance...!                
	[Server] ...finished evaluation!                
	=> Loss: 44.8033                
	=> Accuracy: 7.86%

[INFO](2026/08/19/ 03:15:25 AM) [Round: 0285] Select clients...!
[INFO](2026/08/19/ 03:15:26 AM) [Round: 0285] ...successfully transmitted models to 10 selected clients!
[INFO](2026/08/19/ 03:15:26 AM) [Round: 0285] Start updating selected 10 clients...!
[INFO](2026/08/19/ 03:15:35 AM) [Round: 0285] ...10 clients are selected and updated (with total sample size: 28)!
[INFO](2026/08/19/ 03:15:35 AM) [Round: 0285] Aggregate updated weights of 10 clients...!
[INFO](2026/08/19/ 03:15:35 AM) [Round: 0285] ...updated weights of 10 clients are successfully averaged!
[INFO](2026/08/19/ 03:15:37 AM) [Round: 0285] Evaluate global model's performance...!                
	[Server] ...finished evaluation!                
	=> Loss: 30.1312                
	=> Accuracy: 4.76%

[INFO](2026/08/19/ 03:15:37 AM) [Round: 0286] Select clients...!
[INFO](2026/08/19/ 03:15:37 AM) [Round: 0286] ...successfully transmitted models to 10 selected clients!
[INFO](2026/08/19/ 03:15:37 AM) [Round: 0286] Start updating selected 10 clients...!
[INFO](2026/08/19/ 03:15:48 AM) [Round: 0286] ...10 clients are selected and updated (with total sample size: 52)!
[INFO](2026/08/19/ 03:15:48 AM) [Round: 0286] Aggregate updated weights of 10 clients...!
[INFO](2026/08/19/ 03:15:48 AM) [Round: 0286] ...updated weights of 10 clients are successfully averaged!
[INFO](2026/08/19/ 03:15:50 AM) [Round: 0286] Evaluate global model's performance...!                
	[Server] ...finished evaluation!                
	=> Loss: 49.7284                
	=> Accuracy: 5.95%

[INFO](2026/08/19/ 03:15:50 AM) [Round: 0287] Select clients...!
[INFO](2026/08/19/ 03:15:50 AM) [Round: 0287] ...successfully transmitted models to 10 selected clients!
[INFO](2026/08/19/ 03:15:50 AM) [Round: 0287] Start updating selected 10 clients...!
[INFO](2026/08/19/ 03:15:59 AM) [Round: 0287] ...10 clients are selected and updated (with total sample size: 30)!
[INFO](2026/08/19/ 03:16:00 AM) [Round: 0287] Aggregate updated weights of 10 clients...!
[INFO](2026/08/19/ 03:16:00 AM) [Round: 0287] ...updated weights of 10 clients are successfully averaged!
[INFO](2026/08/19/ 03:16:02 AM) [Round: 0287] Evaluate global model's performance...!                
	[Server] ...finished evaluation!                
	=> Loss: 49.3982                
	=> Accuracy: 4.76%

[INFO](2026/08/19/ 03:16:02 AM) [Round: 0288] Select clients...!
[INFO](2026/08/19/ 03:16:02 AM) [Round: 0288] ...successfully transmitted models to 10 selected clients!
[INFO](2026/08/19/ 03:16:02 AM) [Round: 0288] Start updating selected 10 clients...!
[INFO](2026/08/19/ 03:16:15 AM) [Round: 0288] ...10 clients are selected and updated (with total sample size: 52)!
[INFO](2026/08/19/ 03:16:15 AM) [Round: 0288] Aggregate updated weights of 10 clients...!
[INFO](2026/08/19/ 03:16:15 AM) [Round: 0288] ...updated weights of 10 clients are successfully averaged!
[INFO](2026/08/19/ 03:16:17 AM) [Round: 0288] Evaluate global model's performance...!                
	[Server] ...finished evaluation!                
	=> Loss: 35.0201                
	=> Accuracy: 5.71%

[INFO](2026/08/19/ 03:16:17 AM) [Round: 0289] Select clients...!
[INFO](2026/08/19/ 03:16:18 AM) [Round: 0289] ...successfully transmitted models to 10 selected clients!
[INFO](2026/08/19/ 03:16:18 AM) [Round: 0289] Start updating selected 10 clients...!
[INFO](2026/08/19/ 03:16:29 AM) [Round: 0289] ...10 clients are selected and updated (with total sample size: 52)!
[INFO](2026/08/19/ 03:16:29 AM) [Round: 0289] Aggregate updated weights of 10 clients...!
[INFO](2026/08/19/ 03:16:29 AM) [Round: 0289] ...updated weights of 10 clients are successfully averaged!
[INFO](2026/08/19/ 03:16:31 AM) [Round: 0289] Evaluate global model's performance...!                
	[Server] ...finished evaluation!                
	=> Loss: 27.2994                
	=> Accuracy: 5.48%

[INFO](2026/08/19/ 03:16:31 AM) [Round: 0290] Select clients...!
[INFO](2026/08/19/ 03:16:32 AM) [Round: 0290] ...successfully transmitted models to 10 selected clients!
[INFO](2026/08/19/ 03:16:32 AM) [Round: 0290] Start updating selected 10 clients...!
[INFO](2026/08/19/ 03:16:43 AM) [Round: 0290] ...10 clients are selected and updated (with total sample size: 52)!
[INFO](2026/08/19/ 03:16:43 AM) [Round: 0290] Aggregate updated weights of 10 clients...!
[INFO](2026/08/19/ 03:16:43 AM) [Round: 0290] ...updated weights of 10 clients are successfully averaged!
[INFO](2026/08/19/ 03:16:45 AM) [Round: 0290] Evaluate global model's performance...!                
	[Server] ...finished evaluation!                
	=> Loss: 35.7902                
	=> Accuracy: 4.76%

[INFO](2026/08/19/ 03:16:45 AM) [Round: 0291] Select clients...!
[INFO](2026/08/19/ 03:16:45 AM) [Round: 0291] ...successfully transmitted models to 10 selected clients!
[INFO](2026/08/19/ 03:16:46 AM) [Round: 0291] Start updating selected 10 clients...!
[INFO](2026/08/19/ 03:16:58 AM) [Round: 0291] ...10 clients are selected and updated (with total sample size: 57)!
[INFO](2026/08/19/ 03:16:58 AM) [Round: 0291] Aggregate updated weights of 10 clients...!
[INFO](2026/08/19/ 03:16:59 AM) [Round: 0291] ...updated weights of 10 clients are successfully averaged!
[INFO](2026/08/19/ 03:17:00 AM) [Round: 0291] Evaluate global model's performance...!                
	[Server] ...finished evaluation!                
	=> Loss: 20.7522                
	=> Accuracy: 5.71%

[INFO](2026/08/19/ 03:17:01 AM) [Round: 0292] Select clients...!
[INFO](2026/08/19/ 03:17:01 AM) [Round: 0292] ...successfully transmitted models to 10 selected clients!
[INFO](2026/08/19/ 03:17:01 AM) [Round: 0292] Start updating selected 10 clients...!
[INFO](2026/08/19/ 03:17:12 AM) [Round: 0292] ...10 clients are selected and updated (with total sample size: 30)!
[INFO](2026/08/19/ 03:17:12 AM) [Round: 0292] Aggregate updated weights of 10 clients...!
[INFO](2026/08/19/ 03:17:12 AM) [Round: 0292] ...updated weights of 10 clients are successfully averaged!
[INFO](2026/08/19/ 03:17:14 AM) [Round: 0292] Evaluate global model's performance...!                
	[Server] ...finished evaluation!                
	=> Loss: 25.0010                
	=> Accuracy: 6.43%

[INFO](2026/08/19/ 03:17:14 AM) [Round: 0293] Select clients...!
[INFO](2026/08/19/ 03:17:15 AM) [Round: 0293] ...successfully transmitted models to 10 selected clients!
[INFO](2026/08/19/ 03:17:15 AM) [Round: 0293] Start updating selected 10 clients...!
[INFO](2026/08/19/ 03:17:26 AM) [Round: 0293] ...10 clients are selected and updated (with total sample size: 52)!
[INFO](2026/08/19/ 03:17:26 AM) [Round: 0293] Aggregate updated weights of 10 clients...!
[INFO](2026/08/19/ 03:17:26 AM) [Round: 0293] ...updated weights of 10 clients are successfully averaged!
[INFO](2026/08/19/ 03:17:28 AM) [Round: 0293] Evaluate global model's performance...!                
	[Server] ...finished evaluation!                
	=> Loss: 21.4990                
	=> Accuracy: 5.24%

[INFO](2026/08/19/ 03:17:28 AM) [Round: 0294] Select clients...!
[INFO](2026/08/19/ 03:17:29 AM) [Round: 0294] ...successfully transmitted models to 10 selected clients!
[INFO](2026/08/19/ 03:17:29 AM) [Round: 0294] Start updating selected 10 clients...!
[INFO](2026/08/19/ 03:17:39 AM) [Round: 0294] ...10 clients are selected and updated (with total sample size: 39)!
[INFO](2026/08/19/ 03:17:39 AM) [Round: 0294] Aggregate updated weights of 10 clients...!
[INFO](2026/08/19/ 03:17:39 AM) [Round: 0294] ...updated weights of 10 clients are successfully averaged!
[INFO](2026/08/19/ 03:17:41 AM) [Round: 0294] Evaluate global model's performance...!                
	[Server] ...finished evaluation!                
	=> Loss: 30.3273                
	=> Accuracy: 3.57%

[INFO](2026/08/19/ 03:17:41 AM) [Round: 0295] Select clients...!
[INFO](2026/08/19/ 03:17:41 AM) [Round: 0295] ...successfully transmitted models to 10 selected clients!
[INFO](2026/08/19/ 03:17:41 AM) [Round: 0295] Start updating selected 10 clients...!
[INFO](2026/08/19/ 03:17:54 AM) [Round: 0295] ...10 clients are selected and updated (with total sample size: 43)!
[INFO](2026/08/19/ 03:17:54 AM) [Round: 0295] Aggregate updated weights of 10 clients...!
[INFO](2026/08/19/ 03:17:54 AM) [Round: 0295] ...updated weights of 10 clients are successfully averaged!
[INFO](2026/08/19/ 03:17:56 AM) [Round: 0295] Evaluate global model's performance...!                
	[Server] ...finished evaluation!                
	=> Loss: 39.1332                
	=> Accuracy: 5.48%

[INFO](2026/08/19/ 03:17:56 AM) [Round: 0296] Select clients...!
[INFO](2026/08/19/ 03:17:56 AM) [Round: 0296] ...successfully transmitted models to 10 selected clients!
[INFO](2026/08/19/ 03:17:56 AM) [Round: 0296] Start updating selected 10 clients...!
[INFO](2026/08/19/ 03:18:06 AM) [Round: 0296] ...10 clients are selected and updated (with total sample size: 28)!
[INFO](2026/08/19/ 03:18:07 AM) [Round: 0296] Aggregate updated weights of 10 clients...!
[INFO](2026/08/19/ 03:18:07 AM) [Round: 0296] ...updated weights of 10 clients are successfully averaged!
[INFO](2026/08/19/ 03:18:09 AM) [Round: 0296] Evaluate global model's performance...!                
	[Server] ...finished evaluation!                
	=> Loss: 20.4217                
	=> Accuracy: 5.71%

[INFO](2026/08/19/ 03:18:09 AM) [Round: 0297] Select clients...!
[INFO](2026/08/19/ 03:18:09 AM) [Round: 0297] ...successfully transmitted models to 10 selected clients!
[INFO](2026/08/19/ 03:18:09 AM) [Round: 0297] Start updating selected 10 clients...!
[INFO](2026/08/19/ 03:18:19 AM) [Round: 0297] ...10 clients are selected and updated (with total sample size: 42)!
[INFO](2026/08/19/ 03:18:19 AM) [Round: 0297] Aggregate updated weights of 10 clients...!
[INFO](2026/08/19/ 03:18:20 AM) [Round: 0297] ...updated weights of 10 clients are successfully averaged!
[INFO](2026/08/19/ 03:18:22 AM) [Round: 0297] Evaluate global model's performance...!                
	[Server] ...finished evaluation!                
	=> Loss: 16.8784                
	=> Accuracy: 5.48%

[INFO](2026/08/19/ 03:18:22 AM) [Round: 0298] Select clients...!
[INFO](2026/08/19/ 03:18:22 AM) [Round: 0298] ...successfully transmitted models to 10 selected clients!
[INFO](2026/08/19/ 03:18:22 AM) [Round: 0298] Start updating selected 10 clients...!
[INFO](2026/08/19/ 03:18:33 AM) [Round: 0298] ...10 clients are selected and updated (with total sample size: 52)!
[INFO](2026/08/19/ 03:18:33 AM) [Round: 0298] Aggregate updated weights of 10 clients...!
[INFO](2026/08/19/ 03:18:33 AM) [Round: 0298] ...updated weights of 10 clients are successfully averaged!
[INFO](2026/08/19/ 03:18:35 AM) [Round: 0298] Evaluate global model's performance...!                
	[Server] ...finished evaluation!                
	=> Loss: 25.5371                
	=> Accuracy: 7.86%

[INFO](2026/08/19/ 03:18:35 AM) [Round: 0299] Select clients...!
[INFO](2026/08/19/ 03:18:36 AM) [Round: 0299] ...successfully transmitted models to 10 selected clients!
[INFO](2026/08/19/ 03:18:36 AM) [Round: 0299] Start updating selected 10 clients...!
[INFO](2026/08/19/ 03:18:45 AM) [Round: 0299] ...10 clients are selected and updated (with total sample size: 39)!
[INFO](2026/08/19/ 03:18:45 AM) [Round: 0299] Aggregate updated weights of 10 clients...!
[INFO](2026/08/19/ 03:18:46 AM) [Round: 0299] ...updated weights of 10 clients are successfully averaged!
[INFO](2026/08/19/ 03:18:47 AM) [Round: 0299] Evaluate global model's performance...!                
	[Server] ...finished evaluation!                
	=> Loss: 26.9819                
	=> Accuracy: 5.00%

[INFO](2026/08/19/ 03:18:47 AM) [Round: 0300] Select clients...!
[INFO](2026/08/19/ 03:18:48 AM) [Round: 0300] ...successfully transmitted models to 10 selected clients!
[INFO](2026/08/19/ 03:18:48 AM) [Round: 0300] Start updating selected 10 clients...!
[INFO](2026/08/19/ 03:18:59 AM) [Round: 0300] ...10 clients are selected and updated (with total sample size: 52)!
[INFO](2026/08/19/ 03:18:59 AM) [Round: 0300] Aggregate updated weights of 10 clients...!
[INFO](2026/08/19/ 03:19:00 AM) [Round: 0300] ...updated weights of 10 clients are successfully averaged!
[INFO](2026/08/19/ 03:19:01 AM) [Round: 0300] Evaluate global model's performance...!                
	[Server] ...finished evaluation!                
	=> Loss: 32.1192                
	=> Accuracy: 6.19%

[INFO](2026/08/19/ 03:19:01 AM) [Round: 0301] Select clients...!
[INFO](2026/08/19/ 03:19:02 AM) [Round: 0301] ...successfully transmitted models to 10 selected clients!
[INFO](2026/08/19/ 03:19:02 AM) [Round: 0301] Start updating selected 10 clients...!
[INFO](2026/08/19/ 03:19:13 AM) [Round: 0301] ...10 clients are selected and updated (with total sample size: 42)!
[INFO](2026/08/19/ 03:19:13 AM) [Round: 0301] Aggregate updated weights of 10 clients...!
[INFO](2026/08/19/ 03:19:13 AM) [Round: 0301] ...updated weights of 10 clients are successfully averaged!
[INFO](2026/08/19/ 03:19:15 AM) [Round: 0301] Evaluate global model's performance...!                
	[Server] ...finished evaluation!                
	=> Loss: 40.2323                
	=> Accuracy: 5.48%

[INFO](2026/08/19/ 03:19:15 AM) [Round: 0302] Select clients...!
[INFO](2026/08/19/ 03:19:15 AM) [Round: 0302] ...successfully transmitted models to 10 selected clients!
[INFO](2026/08/19/ 03:19:15 AM) [Round: 0302] Start updating selected 10 clients...!
[INFO](2026/08/19/ 03:19:27 AM) [Round: 0302] ...10 clients are selected and updated (with total sample size: 57)!
[INFO](2026/08/19/ 03:19:27 AM) [Round: 0302] Aggregate updated weights of 10 clients...!
[INFO](2026/08/19/ 03:19:27 AM) [Round: 0302] ...updated weights of 10 clients are successfully averaged!
[INFO](2026/08/19/ 03:19:29 AM) [Round: 0302] Evaluate global model's performance...!                
	[Server] ...finished evaluation!                
	=> Loss: 36.9052                
	=> Accuracy: 5.24%

[INFO](2026/08/19/ 03:19:29 AM) [Round: 0303] Select clients...!
[INFO](2026/08/19/ 03:19:30 AM) [Round: 0303] ...successfully transmitted models to 10 selected clients!
[INFO](2026/08/19/ 03:19:30 AM) [Round: 0303] Start updating selected 10 clients...!
[INFO](2026/08/19/ 03:19:42 AM) [Round: 0303] ...10 clients are selected and updated (with total sample size: 52)!
[INFO](2026/08/19/ 03:19:42 AM) [Round: 0303] Aggregate updated weights of 10 clients...!
[INFO](2026/08/19/ 03:19:42 AM) [Round: 0303] ...updated weights of 10 clients are successfully averaged!
[INFO](2026/08/19/ 03:19:44 AM) [Round: 0303] Evaluate global model's performance...!                
	[Server] ...finished evaluation!                
	=> Loss: 34.8923                
	=> Accuracy: 5.95%

[INFO](2026/08/19/ 03:19:44 AM) [Round: 0304] Select clients...!
[INFO](2026/08/19/ 03:19:44 AM) [Round: 0304] ...successfully transmitted models to 10 selected clients!
[INFO](2026/08/19/ 03:19:44 AM) [Round: 0304] Start updating selected 10 clients...!
[INFO](2026/08/19/ 03:19:54 AM) [Round: 0304] ...10 clients are selected and updated (with total sample size: 39)!
[INFO](2026/08/19/ 03:19:54 AM) [Round: 0304] Aggregate updated weights of 10 clients...!
[INFO](2026/08/19/ 03:19:54 AM) [Round: 0304] ...updated weights of 10 clients are successfully averaged!
[INFO](2026/08/19/ 03:19:56 AM) [Round: 0304] Evaluate global model's performance...!                
	[Server] ...finished evaluation!                
	=> Loss: 30.8001                
	=> Accuracy: 6.90%

[INFO](2026/08/19/ 03:19:56 AM) [Round: 0305] Select clients...!
[INFO](2026/08/19/ 03:19:56 AM) [Round: 0305] ...successfully transmitted models to 10 selected clients!
[INFO](2026/08/19/ 03:19:56 AM) [Round: 0305] Start updating selected 10 clients...!
[INFO](2026/08/19/ 03:20:06 AM) [Round: 0305] ...10 clients are selected and updated (with total sample size: 43)!
[INFO](2026/08/19/ 03:20:06 AM) [Round: 0305] Aggregate updated weights of 10 clients...!
[INFO](2026/08/19/ 03:20:06 AM) [Round: 0305] ...updated weights of 10 clients are successfully averaged!
[INFO](2026/08/19/ 03:20:08 AM) [Round: 0305] Evaluate global model's performance...!                
	[Server] ...finished evaluation!                
	=> Loss: 49.6714                
	=> Accuracy: 5.71%

[INFO](2026/08/19/ 03:20:08 AM) [Round: 0306] Select clients...!
[INFO](2026/08/19/ 03:20:08 AM) [Round: 0306] ...successfully transmitted models to 10 selected clients!
[INFO](2026/08/19/ 03:20:08 AM) [Round: 0306] Start updating selected 10 clients...!
[INFO](2026/08/19/ 03:20:19 AM) [Round: 0306] ...10 clients are selected and updated (with total sample size: 43)!
[INFO](2026/08/19/ 03:20:19 AM) [Round: 0306] Aggregate updated weights of 10 clients...!
[INFO](2026/08/19/ 03:20:19 AM) [Round: 0306] ...updated weights of 10 clients are successfully averaged!
[INFO](2026/08/19/ 03:20:21 AM) [Round: 0306] Evaluate global model's performance...!                
	[Server] ...finished evaluation!                
	=> Loss: 47.4313                
	=> Accuracy: 6.43%

[INFO](2026/08/19/ 03:20:21 AM) [Round: 0307] Select clients...!
[INFO](2026/08/19/ 03:20:21 AM) [Round: 0307] ...successfully transmitted models to 10 selected clients!
[INFO](2026/08/19/ 03:20:21 AM) [Round: 0307] Start updating selected 10 clients...!
[INFO](2026/08/19/ 03:20:33 AM) [Round: 0307] ...10 clients are selected and updated (with total sample size: 43)!
[INFO](2026/08/19/ 03:20:33 AM) [Round: 0307] Aggregate updated weights of 10 clients...!
[INFO](2026/08/19/ 03:20:33 AM) [Round: 0307] ...updated weights of 10 clients are successfully averaged!
[INFO](2026/08/19/ 03:20:35 AM) [Round: 0307] Evaluate global model's performance...!                
	[Server] ...finished evaluation!                
	=> Loss: 36.3264                
	=> Accuracy: 7.62%

[INFO](2026/08/19/ 03:20:35 AM) [Round: 0308] Select clients...!
[INFO](2026/08/19/ 03:20:35 AM) [Round: 0308] ...successfully transmitted models to 10 selected clients!
[INFO](2026/08/19/ 03:20:35 AM) [Round: 0308] Start updating selected 10 clients...!
[INFO](2026/08/19/ 03:20:46 AM) [Round: 0308] ...10 clients are selected and updated (with total sample size: 35)!
[INFO](2026/08/19/ 03:20:47 AM) [Round: 0308] Aggregate updated weights of 10 clients...!
[INFO](2026/08/19/ 03:20:47 AM) [Round: 0308] ...updated weights of 10 clients are successfully averaged!
[INFO](2026/08/19/ 03:20:48 AM) [Round: 0308] Evaluate global model's performance...!                
	[Server] ...finished evaluation!                
	=> Loss: 21.9315                
	=> Accuracy: 4.52%

[INFO](2026/08/19/ 03:20:48 AM) [Round: 0309] Select clients...!
[INFO](2026/08/19/ 03:20:49 AM) [Round: 0309] ...successfully transmitted models to 10 selected clients!
[INFO](2026/08/19/ 03:20:49 AM) [Round: 0309] Start updating selected 10 clients...!
[INFO](2026/08/19/ 03:20:59 AM) [Round: 0309] ...10 clients are selected and updated (with total sample size: 43)!
[INFO](2026/08/19/ 03:20:59 AM) [Round: 0309] Aggregate updated weights of 10 clients...!
[INFO](2026/08/19/ 03:21:00 AM) [Round: 0309] ...updated weights of 10 clients are successfully averaged!
[INFO](2026/08/19/ 03:21:01 AM) [Round: 0309] Evaluate global model's performance...!                
	[Server] ...finished evaluation!                
	=> Loss: 31.5248                
	=> Accuracy: 6.90%

[INFO](2026/08/19/ 03:21:01 AM) [Round: 0310] Select clients...!
[INFO](2026/08/19/ 03:21:02 AM) [Round: 0310] ...successfully transmitted models to 10 selected clients!
[INFO](2026/08/19/ 03:21:02 AM) [Round: 0310] Start updating selected 10 clients...!
[INFO](2026/08/19/ 03:21:12 AM) [Round: 0310] ...10 clients are selected and updated (with total sample size: 30)!
[INFO](2026/08/19/ 03:21:13 AM) [Round: 0310] Aggregate updated weights of 10 clients...!
[INFO](2026/08/19/ 03:21:13 AM) [Round: 0310] ...updated weights of 10 clients are successfully averaged!
[INFO](2026/08/19/ 03:21:14 AM) [Round: 0310] Evaluate global model's performance...!                
	[Server] ...finished evaluation!                
	=> Loss: 33.5215                
	=> Accuracy: 5.48%

[INFO](2026/08/19/ 03:21:14 AM) [Round: 0311] Select clients...!
[INFO](2026/08/19/ 03:21:15 AM) [Round: 0311] ...successfully transmitted models to 10 selected clients!
[INFO](2026/08/19/ 03:21:15 AM) [Round: 0311] Start updating selected 10 clients...!
[INFO](2026/08/19/ 03:21:25 AM) [Round: 0311] ...10 clients are selected and updated (with total sample size: 52)!
[INFO](2026/08/19/ 03:21:26 AM) [Round: 0311] Aggregate updated weights of 10 clients...!
[INFO](2026/08/19/ 03:21:26 AM) [Round: 0311] ...updated weights of 10 clients are successfully averaged!
[INFO](2026/08/19/ 03:21:28 AM) [Round: 0311] Evaluate global model's performance...!                
	[Server] ...finished evaluation!                
	=> Loss: 49.7414                
	=> Accuracy: 4.76%

[INFO](2026/08/19/ 03:21:28 AM) [Round: 0312] Select clients...!
[INFO](2026/08/19/ 03:21:28 AM) [Round: 0312] ...successfully transmitted models to 10 selected clients!
[INFO](2026/08/19/ 03:21:28 AM) [Round: 0312] Start updating selected 10 clients...!
[INFO](2026/08/19/ 03:21:39 AM) [Round: 0312] ...10 clients are selected and updated (with total sample size: 43)!
[INFO](2026/08/19/ 03:21:39 AM) [Round: 0312] Aggregate updated weights of 10 clients...!
[INFO](2026/08/19/ 03:21:39 AM) [Round: 0312] ...updated weights of 10 clients are successfully averaged!
[INFO](2026/08/19/ 03:21:41 AM) [Round: 0312] Evaluate global model's performance...!                
	[Server] ...finished evaluation!                
	=> Loss: 34.5345                
	=> Accuracy: 4.76%

[INFO](2026/08/19/ 03:21:41 AM) [Round: 0313] Select clients...!
[INFO](2026/08/19/ 03:21:42 AM) [Round: 0313] ...successfully transmitted models to 10 selected clients!
[INFO](2026/08/19/ 03:21:42 AM) [Round: 0313] Start updating selected 10 clients...!
[INFO](2026/08/19/ 03:21:54 AM) [Round: 0313] ...10 clients are selected and updated (with total sample size: 43)!
[INFO](2026/08/19/ 03:21:54 AM) [Round: 0313] Aggregate updated weights of 10 clients...!
[INFO](2026/08/19/ 03:21:54 AM) [Round: 0313] ...updated weights of 10 clients are successfully averaged!
[INFO](2026/08/19/ 03:21:56 AM) [Round: 0313] Evaluate global model's performance...!                
	[Server] ...finished evaluation!                
	=> Loss: 30.3624                
	=> Accuracy: 7.14%

[INFO](2026/08/19/ 03:21:56 AM) [Round: 0314] Select clients...!
[INFO](2026/08/19/ 03:21:56 AM) [Round: 0314] ...successfully transmitted models to 10 selected clients!
[INFO](2026/08/19/ 03:21:56 AM) [Round: 0314] Start updating selected 10 clients...!
[INFO](2026/08/19/ 03:22:08 AM) [Round: 0314] ...10 clients are selected and updated (with total sample size: 30)!
[INFO](2026/08/19/ 03:22:08 AM) [Round: 0314] Aggregate updated weights of 10 clients...!
[INFO](2026/08/19/ 03:22:08 AM) [Round: 0314] ...updated weights of 10 clients are successfully averaged!
[INFO](2026/08/19/ 03:22:10 AM) [Round: 0314] Evaluate global model's performance...!                
	[Server] ...finished evaluation!                
	=> Loss: 31.8464                
	=> Accuracy: 7.38%

[INFO](2026/08/19/ 03:22:10 AM) [Round: 0315] Select clients...!
[INFO](2026/08/19/ 03:22:11 AM) [Round: 0315] ...successfully transmitted models to 10 selected clients!
[INFO](2026/08/19/ 03:22:11 AM) [Round: 0315] Start updating selected 10 clients...!
[INFO](2026/08/19/ 03:22:23 AM) [Round: 0315] ...10 clients are selected and updated (with total sample size: 43)!
[INFO](2026/08/19/ 03:22:23 AM) [Round: 0315] Aggregate updated weights of 10 clients...!
[INFO](2026/08/19/ 03:22:23 AM) [Round: 0315] ...updated weights of 10 clients are successfully averaged!
[INFO](2026/08/19/ 03:22:25 AM) [Round: 0315] Evaluate global model's performance...!                
	[Server] ...finished evaluation!                
	=> Loss: 41.4141                
	=> Accuracy: 5.71%

[INFO](2026/08/19/ 03:22:25 AM) [Round: 0316] Select clients...!
[INFO](2026/08/19/ 03:22:25 AM) [Round: 0316] ...successfully transmitted models to 10 selected clients!
[INFO](2026/08/19/ 03:22:25 AM) [Round: 0316] Start updating selected 10 clients...!
[INFO](2026/08/19/ 03:22:36 AM) [Round: 0316] ...10 clients are selected and updated (with total sample size: 52)!
[INFO](2026/08/19/ 03:22:37 AM) [Round: 0316] Aggregate updated weights of 10 clients...!
[INFO](2026/08/19/ 03:22:37 AM) [Round: 0316] ...updated weights of 10 clients are successfully averaged!
[INFO](2026/08/19/ 03:22:39 AM) [Round: 0316] Evaluate global model's performance...!                
	[Server] ...finished evaluation!                
	=> Loss: 26.0019                
	=> Accuracy: 4.76%

[INFO](2026/08/19/ 03:22:39 AM) [Round: 0317] Select clients...!
[INFO](2026/08/19/ 03:22:39 AM) [Round: 0317] ...successfully transmitted models to 10 selected clients!
[INFO](2026/08/19/ 03:22:39 AM) [Round: 0317] Start updating selected 10 clients...!
[INFO](2026/08/19/ 03:22:48 AM) [Round: 0317] ...10 clients are selected and updated (with total sample size: 28)!
[INFO](2026/08/19/ 03:22:48 AM) [Round: 0317] Aggregate updated weights of 10 clients...!
[INFO](2026/08/19/ 03:22:48 AM) [Round: 0317] ...updated weights of 10 clients are successfully averaged!
[INFO](2026/08/19/ 03:22:50 AM) [Round: 0317] Evaluate global model's performance...!                
	[Server] ...finished evaluation!                
	=> Loss: 41.1592                
	=> Accuracy: 7.86%

[INFO](2026/08/19/ 03:22:50 AM) [Round: 0318] Select clients...!
[INFO](2026/08/19/ 03:22:51 AM) [Round: 0318] ...successfully transmitted models to 10 selected clients!
[INFO](2026/08/19/ 03:22:51 AM) [Round: 0318] Start updating selected 10 clients...!
[INFO](2026/08/19/ 03:23:01 AM) [Round: 0318] ...10 clients are selected and updated (with total sample size: 43)!
[INFO](2026/08/19/ 03:23:01 AM) [Round: 0318] Aggregate updated weights of 10 clients...!
[INFO](2026/08/19/ 03:23:02 AM) [Round: 0318] ...updated weights of 10 clients are successfully averaged!
[INFO](2026/08/19/ 03:23:04 AM) [Round: 0318] Evaluate global model's performance...!                
	[Server] ...finished evaluation!                
	=> Loss: 43.9426                
	=> Accuracy: 5.48%

[INFO](2026/08/19/ 03:23:04 AM) [Round: 0319] Select clients...!
[INFO](2026/08/19/ 03:23:04 AM) [Round: 0319] ...successfully transmitted models to 10 selected clients!
[INFO](2026/08/19/ 03:23:04 AM) [Round: 0319] Start updating selected 10 clients...!
[INFO](2026/08/19/ 03:23:15 AM) [Round: 0319] ...10 clients are selected and updated (with total sample size: 43)!
[INFO](2026/08/19/ 03:23:15 AM) [Round: 0319] Aggregate updated weights of 10 clients...!
[INFO](2026/08/19/ 03:23:15 AM) [Round: 0319] ...updated weights of 10 clients are successfully averaged!
[INFO](2026/08/19/ 03:23:17 AM) [Round: 0319] Evaluate global model's performance...!                
	[Server] ...finished evaluation!                
	=> Loss: 31.9601                
	=> Accuracy: 4.52%

[INFO](2026/08/19/ 03:23:17 AM) [Round: 0320] Select clients...!
[INFO](2026/08/19/ 03:23:18 AM) [Round: 0320] ...successfully transmitted models to 10 selected clients!
[INFO](2026/08/19/ 03:23:18 AM) [Round: 0320] Start updating selected 10 clients...!
[INFO](2026/08/19/ 03:23:28 AM) [Round: 0320] ...10 clients are selected and updated (with total sample size: 43)!
[INFO](2026/08/19/ 03:23:28 AM) [Round: 0320] Aggregate updated weights of 10 clients...!
[INFO](2026/08/19/ 03:23:29 AM) [Round: 0320] ...updated weights of 10 clients are successfully averaged!
[INFO](2026/08/19/ 03:23:30 AM) [Round: 0320] Evaluate global model's performance...!                
	[Server] ...finished evaluation!                
	=> Loss: 21.5108                
	=> Accuracy: 4.29%

[INFO](2026/08/19/ 03:23:30 AM) [Round: 0321] Select clients...!
[INFO](2026/08/19/ 03:23:31 AM) [Round: 0321] ...successfully transmitted models to 10 selected clients!
[INFO](2026/08/19/ 03:23:31 AM) [Round: 0321] Start updating selected 10 clients...!
[INFO](2026/08/19/ 03:23:42 AM) [Round: 0321] ...10 clients are selected and updated (with total sample size: 52)!
[INFO](2026/08/19/ 03:23:42 AM) [Round: 0321] Aggregate updated weights of 10 clients...!
[INFO](2026/08/19/ 03:23:42 AM) [Round: 0321] ...updated weights of 10 clients are successfully averaged!
[INFO](2026/08/19/ 03:23:44 AM) [Round: 0321] Evaluate global model's performance...!                
	[Server] ...finished evaluation!                
	=> Loss: 27.6184                
	=> Accuracy: 4.52%

[INFO](2026/08/19/ 03:23:44 AM) [Round: 0322] Select clients...!
[INFO](2026/08/19/ 03:23:44 AM) [Round: 0322] ...successfully transmitted models to 10 selected clients!
[INFO](2026/08/19/ 03:23:45 AM) [Round: 0322] Start updating selected 10 clients...!
[INFO](2026/08/19/ 03:23:56 AM) [Round: 0322] ...10 clients are selected and updated (with total sample size: 56)!
[INFO](2026/08/19/ 03:23:56 AM) [Round: 0322] Aggregate updated weights of 10 clients...!
[INFO](2026/08/19/ 03:23:56 AM) [Round: 0322] ...updated weights of 10 clients are successfully averaged!
[INFO](2026/08/19/ 03:23:58 AM) [Round: 0322] Evaluate global model's performance...!                
	[Server] ...finished evaluation!                
	=> Loss: 48.4140                
	=> Accuracy: 5.95%

[INFO](2026/08/19/ 03:23:58 AM) [Round: 0323] Select clients...!
[INFO](2026/08/19/ 03:23:59 AM) [Round: 0323] ...successfully transmitted models to 10 selected clients!
[INFO](2026/08/19/ 03:23:59 AM) [Round: 0323] Start updating selected 10 clients...!
[INFO](2026/08/19/ 03:24:10 AM) [Round: 0323] ...10 clients are selected and updated (with total sample size: 39)!
[INFO](2026/08/19/ 03:24:10 AM) [Round: 0323] Aggregate updated weights of 10 clients...!
[INFO](2026/08/19/ 03:24:10 AM) [Round: 0323] ...updated weights of 10 clients are successfully averaged!
[INFO](2026/08/19/ 03:24:12 AM) [Round: 0323] Evaluate global model's performance...!                
	[Server] ...finished evaluation!                
	=> Loss: 28.1973                
	=> Accuracy: 7.86%

[INFO](2026/08/19/ 03:24:12 AM) [Round: 0324] Select clients...!
[INFO](2026/08/19/ 03:24:13 AM) [Round: 0324] ...successfully transmitted models to 10 selected clients!
[INFO](2026/08/19/ 03:24:13 AM) [Round: 0324] Start updating selected 10 clients...!
[INFO](2026/08/19/ 03:24:23 AM) [Round: 0324] ...10 clients are selected and updated (with total sample size: 42)!
[INFO](2026/08/19/ 03:24:23 AM) [Round: 0324] Aggregate updated weights of 10 clients...!
[INFO](2026/08/19/ 03:24:24 AM) [Round: 0324] ...updated weights of 10 clients are successfully averaged!
[INFO](2026/08/19/ 03:24:25 AM) [Round: 0324] Evaluate global model's performance...!                
	[Server] ...finished evaluation!                
	=> Loss: 43.2242                
	=> Accuracy: 5.00%

[INFO](2026/08/19/ 03:24:25 AM) [Round: 0325] Select clients...!
[INFO](2026/08/19/ 03:24:26 AM) [Round: 0325] ...successfully transmitted models to 10 selected clients!
[INFO](2026/08/19/ 03:24:26 AM) [Round: 0325] Start updating selected 10 clients...!
[INFO](2026/08/19/ 03:24:35 AM) [Round: 0325] ...10 clients are selected and updated (with total sample size: 43)!
[INFO](2026/08/19/ 03:24:35 AM) [Round: 0325] Aggregate updated weights of 10 clients...!
[INFO](2026/08/19/ 03:24:36 AM) [Round: 0325] ...updated weights of 10 clients are successfully averaged!
[INFO](2026/08/19/ 03:24:37 AM) [Round: 0325] Evaluate global model's performance...!                
	[Server] ...finished evaluation!                
	=> Loss: 32.1089                
	=> Accuracy: 8.10%

[INFO](2026/08/19/ 03:24:37 AM) [Round: 0326] Select clients...!
[INFO](2026/08/19/ 03:24:38 AM) [Round: 0326] ...successfully transmitted models to 10 selected clients!
[INFO](2026/08/19/ 03:24:38 AM) [Round: 0326] Start updating selected 10 clients...!
[INFO](2026/08/19/ 03:24:48 AM) [Round: 0326] ...10 clients are selected and updated (with total sample size: 28)!
[INFO](2026/08/19/ 03:24:48 AM) [Round: 0326] Aggregate updated weights of 10 clients...!
[INFO](2026/08/19/ 03:24:48 AM) [Round: 0326] ...updated weights of 10 clients are successfully averaged!
[INFO](2026/08/19/ 03:24:50 AM) [Round: 0326] Evaluate global model's performance...!                
	[Server] ...finished evaluation!                
	=> Loss: 28.0185                
	=> Accuracy: 6.43%

[INFO](2026/08/19/ 03:24:50 AM) [Round: 0327] Select clients...!
[INFO](2026/08/19/ 03:24:51 AM) [Round: 0327] ...successfully transmitted models to 10 selected clients!
[INFO](2026/08/19/ 03:24:51 AM) [Round: 0327] Start updating selected 10 clients...!
[INFO](2026/08/19/ 03:25:02 AM) [Round: 0327] ...10 clients are selected and updated (with total sample size: 57)!
[INFO](2026/08/19/ 03:25:02 AM) [Round: 0327] Aggregate updated weights of 10 clients...!
[INFO](2026/08/19/ 03:25:03 AM) [Round: 0327] ...updated weights of 10 clients are successfully averaged!
[INFO](2026/08/19/ 03:25:04 AM) [Round: 0327] Evaluate global model's performance...!                
	[Server] ...finished evaluation!                
	=> Loss: 49.0931                
	=> Accuracy: 4.52%

[INFO](2026/08/19/ 03:25:05 AM) [Round: 0328] Select clients...!
[INFO](2026/08/19/ 03:25:05 AM) [Round: 0328] ...successfully transmitted models to 10 selected clients!
[INFO](2026/08/19/ 03:25:05 AM) [Round: 0328] Start updating selected 10 clients...!
[INFO](2026/08/19/ 03:25:17 AM) [Round: 0328] ...10 clients are selected and updated (with total sample size: 52)!
[INFO](2026/08/19/ 03:25:17 AM) [Round: 0328] Aggregate updated weights of 10 clients...!
[INFO](2026/08/19/ 03:25:17 AM) [Round: 0328] ...updated weights of 10 clients are successfully averaged!
[INFO](2026/08/19/ 03:25:19 AM) [Round: 0328] Evaluate global model's performance...!                
	[Server] ...finished evaluation!                
	=> Loss: 26.7861                
	=> Accuracy: 6.43%

[INFO](2026/08/19/ 03:25:19 AM) [Round: 0329] Select clients...!
[INFO](2026/08/19/ 03:25:20 AM) [Round: 0329] ...successfully transmitted models to 10 selected clients!
[INFO](2026/08/19/ 03:25:20 AM) [Round: 0329] Start updating selected 10 clients...!
[INFO](2026/08/19/ 03:25:32 AM) [Round: 0329] ...10 clients are selected and updated (with total sample size: 57)!
[INFO](2026/08/19/ 03:25:32 AM) [Round: 0329] Aggregate updated weights of 10 clients...!
[INFO](2026/08/19/ 03:25:32 AM) [Round: 0329] ...updated weights of 10 clients are successfully averaged!
[INFO](2026/08/19/ 03:25:34 AM) [Round: 0329] Evaluate global model's performance...!                
	[Server] ...finished evaluation!                
	=> Loss: 23.0753                
	=> Accuracy: 5.24%

[INFO](2026/08/19/ 03:25:35 AM) [Round: 0330] Select clients...!
[INFO](2026/08/19/ 03:25:35 AM) [Round: 0330] ...successfully transmitted models to 10 selected clients!
[INFO](2026/08/19/ 03:25:35 AM) [Round: 0330] Start updating selected 10 clients...!
[INFO](2026/08/19/ 03:25:46 AM) [Round: 0330] ...10 clients are selected and updated (with total sample size: 30)!
[INFO](2026/08/19/ 03:25:47 AM) [Round: 0330] Aggregate updated weights of 10 clients...!
[INFO](2026/08/19/ 03:25:47 AM) [Round: 0330] ...updated weights of 10 clients are successfully averaged!
[INFO](2026/08/19/ 03:25:49 AM) [Round: 0330] Evaluate global model's performance...!                
	[Server] ...finished evaluation!                
	=> Loss: 33.6694                
	=> Accuracy: 5.24%

[INFO](2026/08/19/ 03:25:49 AM) [Round: 0331] Select clients...!
[INFO](2026/08/19/ 03:25:49 AM) [Round: 0331] ...successfully transmitted models to 10 selected clients!
[INFO](2026/08/19/ 03:25:50 AM) [Round: 0331] Start updating selected 10 clients...!
[INFO](2026/08/19/ 03:26:01 AM) [Round: 0331] ...10 clients are selected and updated (with total sample size: 39)!
[INFO](2026/08/19/ 03:26:01 AM) [Round: 0331] Aggregate updated weights of 10 clients...!
[INFO](2026/08/19/ 03:26:01 AM) [Round: 0331] ...updated weights of 10 clients are successfully averaged!
[INFO](2026/08/19/ 03:26:03 AM) [Round: 0331] Evaluate global model's performance...!                
	[Server] ...finished evaluation!                
	=> Loss: 30.2596                
	=> Accuracy: 5.00%

[INFO](2026/08/19/ 03:26:03 AM) [Round: 0332] Select clients...!
[INFO](2026/08/19/ 03:26:04 AM) [Round: 0332] ...successfully transmitted models to 10 selected clients!
[INFO](2026/08/19/ 03:26:04 AM) [Round: 0332] Start updating selected 10 clients...!
[INFO](2026/08/19/ 03:26:13 AM) [Round: 0332] ...10 clients are selected and updated (with total sample size: 30)!
[INFO](2026/08/19/ 03:26:13 AM) [Round: 0332] Aggregate updated weights of 10 clients...!
[INFO](2026/08/19/ 03:26:13 AM) [Round: 0332] ...updated weights of 10 clients are successfully averaged!
[INFO](2026/08/19/ 03:26:15 AM) [Round: 0332] Evaluate global model's performance...!                
	[Server] ...finished evaluation!                
	=> Loss: 34.4364                
	=> Accuracy: 6.43%

[INFO](2026/08/19/ 03:26:15 AM) [Round: 0333] Select clients...!
[INFO](2026/08/19/ 03:26:15 AM) [Round: 0333] ...successfully transmitted models to 10 selected clients!
[INFO](2026/08/19/ 03:26:15 AM) [Round: 0333] Start updating selected 10 clients...!
[INFO](2026/08/19/ 03:26:25 AM) [Round: 0333] ...10 clients are selected and updated (with total sample size: 52)!
[INFO](2026/08/19/ 03:26:25 AM) [Round: 0333] Aggregate updated weights of 10 clients...!
[INFO](2026/08/19/ 03:26:26 AM) [Round: 0333] ...updated weights of 10 clients are successfully averaged!
[INFO](2026/08/19/ 03:26:27 AM) [Round: 0333] Evaluate global model's performance...!                
	[Server] ...finished evaluation!                
	=> Loss: 30.6140                
	=> Accuracy: 6.90%

[INFO](2026/08/19/ 03:26:27 AM) [Round: 0334] Select clients...!
[INFO](2026/08/19/ 03:26:28 AM) [Round: 0334] ...successfully transmitted models to 10 selected clients!
[INFO](2026/08/19/ 03:26:28 AM) [Round: 0334] Start updating selected 10 clients...!
[INFO](2026/08/19/ 03:26:38 AM) [Round: 0334] ...10 clients are selected and updated (with total sample size: 30)!
[INFO](2026/08/19/ 03:26:38 AM) [Round: 0334] Aggregate updated weights of 10 clients...!
[INFO](2026/08/19/ 03:26:38 AM) [Round: 0334] ...updated weights of 10 clients are successfully averaged!
[INFO](2026/08/19/ 03:26:40 AM) [Round: 0334] Evaluate global model's performance...!                
	[Server] ...finished evaluation!                
	=> Loss: 35.6252                
	=> Accuracy: 8.10%

[INFO](2026/08/19/ 03:26:40 AM) [Round: 0335] Select clients...!
[INFO](2026/08/19/ 03:26:40 AM) [Round: 0335] ...successfully transmitted models to 10 selected clients!
[INFO](2026/08/19/ 03:26:41 AM) [Round: 0335] Start updating selected 10 clients...!
[INFO](2026/08/19/ 03:26:52 AM) [Round: 0335] ...10 clients are selected and updated (with total sample size: 32)!
[INFO](2026/08/19/ 03:26:52 AM) [Round: 0335] Aggregate updated weights of 10 clients...!
[INFO](2026/08/19/ 03:26:53 AM) [Round: 0335] ...updated weights of 10 clients are successfully averaged!
[INFO](2026/08/19/ 03:26:54 AM) [Round: 0335] Evaluate global model's performance...!                
	[Server] ...finished evaluation!                
	=> Loss: 32.4254                
	=> Accuracy: 5.48%

[INFO](2026/08/19/ 03:26:54 AM) [Round: 0336] Select clients...!
[INFO](2026/08/19/ 03:26:55 AM) [Round: 0336] ...successfully transmitted models to 10 selected clients!
[INFO](2026/08/19/ 03:26:55 AM) [Round: 0336] Start updating selected 10 clients...!
[INFO](2026/08/19/ 03:27:06 AM) [Round: 0336] ...10 clients are selected and updated (with total sample size: 52)!
[INFO](2026/08/19/ 03:27:06 AM) [Round: 0336] Aggregate updated weights of 10 clients...!
[INFO](2026/08/19/ 03:27:06 AM) [Round: 0336] ...updated weights of 10 clients are successfully averaged!
[INFO](2026/08/19/ 03:27:08 AM) [Round: 0336] Evaluate global model's performance...!                
	[Server] ...finished evaluation!                
	=> Loss: 35.4071                
	=> Accuracy: 6.67%

[INFO](2026/08/19/ 03:27:08 AM) [Round: 0337] Select clients...!
[INFO](2026/08/19/ 03:27:08 AM) [Round: 0337] ...successfully transmitted models to 10 selected clients!
[INFO](2026/08/19/ 03:27:08 AM) [Round: 0337] Start updating selected 10 clients...!
[INFO](2026/08/19/ 03:27:19 AM) [Round: 0337] ...10 clients are selected and updated (with total sample size: 43)!
[INFO](2026/08/19/ 03:27:19 AM) [Round: 0337] Aggregate updated weights of 10 clients...!
[INFO](2026/08/19/ 03:27:20 AM) [Round: 0337] ...updated weights of 10 clients are successfully averaged!
[INFO](2026/08/19/ 03:27:21 AM) [Round: 0337] Evaluate global model's performance...!                
	[Server] ...finished evaluation!                
	=> Loss: 40.2111                
	=> Accuracy: 4.52%

[INFO](2026/08/19/ 03:27:21 AM) [Round: 0338] Select clients...!
[INFO](2026/08/19/ 03:27:22 AM) [Round: 0338] ...successfully transmitted models to 10 selected clients!
[INFO](2026/08/19/ 03:27:22 AM) [Round: 0338] Start updating selected 10 clients...!
[INFO](2026/08/19/ 03:27:33 AM) [Round: 0338] ...10 clients are selected and updated (with total sample size: 52)!
[INFO](2026/08/19/ 03:27:33 AM) [Round: 0338] Aggregate updated weights of 10 clients...!
[INFO](2026/08/19/ 03:27:33 AM) [Round: 0338] ...updated weights of 10 clients are successfully averaged!
[INFO](2026/08/19/ 03:27:35 AM) [Round: 0338] Evaluate global model's performance...!                
	[Server] ...finished evaluation!                
	=> Loss: 44.1946                
	=> Accuracy: 4.29%

[INFO](2026/08/19/ 03:27:35 AM) [Round: 0339] Select clients...!
[INFO](2026/08/19/ 03:27:35 AM) [Round: 0339] ...successfully transmitted models to 10 selected clients!
[INFO](2026/08/19/ 03:27:35 AM) [Round: 0339] Start updating selected 10 clients...!
[INFO](2026/08/19/ 03:27:46 AM) [Round: 0339] ...10 clients are selected and updated (with total sample size: 43)!
[INFO](2026/08/19/ 03:27:47 AM) [Round: 0339] Aggregate updated weights of 10 clients...!
[INFO](2026/08/19/ 03:27:47 AM) [Round: 0339] ...updated weights of 10 clients are successfully averaged!
[INFO](2026/08/19/ 03:27:49 AM) [Round: 0339] Evaluate global model's performance...!                
	[Server] ...finished evaluation!                
	=> Loss: 33.1685                
	=> Accuracy: 8.57%

[INFO](2026/08/19/ 03:27:49 AM) [Round: 0340] Select clients...!
[INFO](2026/08/19/ 03:27:49 AM) [Round: 0340] ...successfully transmitted models to 10 selected clients!
[INFO](2026/08/19/ 03:27:49 AM) [Round: 0340] Start updating selected 10 clients...!
[INFO](2026/08/19/ 03:27:59 AM) [Round: 0340] ...10 clients are selected and updated (with total sample size: 43)!
[INFO](2026/08/19/ 03:27:59 AM) [Round: 0340] Aggregate updated weights of 10 clients...!
[INFO](2026/08/19/ 03:27:59 AM) [Round: 0340] ...updated weights of 10 clients are successfully averaged!
[INFO](2026/08/19/ 03:28:01 AM) [Round: 0340] Evaluate global model's performance...!                
	[Server] ...finished evaluation!                
	=> Loss: 30.3033                
	=> Accuracy: 7.38%

[INFO](2026/08/19/ 03:28:01 AM) [Round: 0341] Select clients...!
[INFO](2026/08/19/ 03:28:01 AM) [Round: 0341] ...successfully transmitted models to 10 selected clients!
[INFO](2026/08/19/ 03:28:01 AM) [Round: 0341] Start updating selected 10 clients...!
[INFO](2026/08/19/ 03:28:13 AM) [Round: 0341] ...10 clients are selected and updated (with total sample size: 39)!
[INFO](2026/08/19/ 03:28:13 AM) [Round: 0341] Aggregate updated weights of 10 clients...!
[INFO](2026/08/19/ 03:28:13 AM) [Round: 0341] ...updated weights of 10 clients are successfully averaged!
[INFO](2026/08/19/ 03:28:15 AM) [Round: 0341] Evaluate global model's performance...!                
	[Server] ...finished evaluation!                
	=> Loss: 29.1891                
	=> Accuracy: 5.48%

[INFO](2026/08/19/ 03:28:15 AM) [Round: 0342] Select clients...!
[INFO](2026/08/19/ 03:28:15 AM) [Round: 0342] ...successfully transmitted models to 10 selected clients!
[INFO](2026/08/19/ 03:28:15 AM) [Round: 0342] Start updating selected 10 clients...!
[INFO](2026/08/19/ 03:28:28 AM) [Round: 0342] ...10 clients are selected and updated (with total sample size: 42)!
[INFO](2026/08/19/ 03:28:28 AM) [Round: 0342] Aggregate updated weights of 10 clients...!
[INFO](2026/08/19/ 03:28:28 AM) [Round: 0342] ...updated weights of 10 clients are successfully averaged!
[INFO](2026/08/19/ 03:28:30 AM) [Round: 0342] Evaluate global model's performance...!                
	[Server] ...finished evaluation!                
	=> Loss: 48.8970                
	=> Accuracy: 6.43%

[INFO](2026/08/19/ 03:28:30 AM) [Round: 0343] Select clients...!
[INFO](2026/08/19/ 03:28:30 AM) [Round: 0343] ...successfully transmitted models to 10 selected clients!
[INFO](2026/08/19/ 03:28:30 AM) [Round: 0343] Start updating selected 10 clients...!
[INFO](2026/08/19/ 03:28:42 AM) [Round: 0343] ...10 clients are selected and updated (with total sample size: 30)!
[INFO](2026/08/19/ 03:28:42 AM) [Round: 0343] Aggregate updated weights of 10 clients...!
[INFO](2026/08/19/ 03:28:42 AM) [Round: 0343] ...updated weights of 10 clients are successfully averaged!
[INFO](2026/08/19/ 03:28:44 AM) [Round: 0343] Evaluate global model's performance...!                
	[Server] ...finished evaluation!                
	=> Loss: 61.0425                
	=> Accuracy: 5.24%

[INFO](2026/08/19/ 03:28:44 AM) [Round: 0344] Select clients...!
[INFO](2026/08/19/ 03:28:44 AM) [Round: 0344] ...successfully transmitted models to 10 selected clients!
[INFO](2026/08/19/ 03:28:44 AM) [Round: 0344] Start updating selected 10 clients...!
[INFO](2026/08/19/ 03:28:54 AM) [Round: 0344] ...10 clients are selected and updated (with total sample size: 52)!
[INFO](2026/08/19/ 03:28:54 AM) [Round: 0344] Aggregate updated weights of 10 clients...!
[INFO](2026/08/19/ 03:28:55 AM) [Round: 0344] ...updated weights of 10 clients are successfully averaged!
[INFO](2026/08/19/ 03:28:56 AM) [Round: 0344] Evaluate global model's performance...!                
	[Server] ...finished evaluation!                
	=> Loss: 31.8395                
	=> Accuracy: 5.71%

[INFO](2026/08/19/ 03:28:57 AM) [Round: 0345] Select clients...!
[INFO](2026/08/19/ 03:28:57 AM) [Round: 0345] ...successfully transmitted models to 10 selected clients!
[INFO](2026/08/19/ 03:28:57 AM) [Round: 0345] Start updating selected 10 clients...!
[INFO](2026/08/19/ 03:29:07 AM) [Round: 0345] ...10 clients are selected and updated (with total sample size: 43)!
[INFO](2026/08/19/ 03:29:07 AM) [Round: 0345] Aggregate updated weights of 10 clients...!
[INFO](2026/08/19/ 03:29:08 AM) [Round: 0345] ...updated weights of 10 clients are successfully averaged!
[INFO](2026/08/19/ 03:29:10 AM) [Round: 0345] Evaluate global model's performance...!                
	[Server] ...finished evaluation!                
	=> Loss: 31.6153                
	=> Accuracy: 6.67%

[INFO](2026/08/19/ 03:29:10 AM) [Round: 0346] Select clients...!
[INFO](2026/08/19/ 03:29:10 AM) [Round: 0346] ...successfully transmitted models to 10 selected clients!
[INFO](2026/08/19/ 03:29:10 AM) [Round: 0346] Start updating selected 10 clients...!
[INFO](2026/08/19/ 03:29:23 AM) [Round: 0346] ...10 clients are selected and updated (with total sample size: 43)!
[INFO](2026/08/19/ 03:29:23 AM) [Round: 0346] Aggregate updated weights of 10 clients...!
[INFO](2026/08/19/ 03:29:23 AM) [Round: 0346] ...updated weights of 10 clients are successfully averaged!
[INFO](2026/08/19/ 03:29:24 AM) [Round: 0346] Evaluate global model's performance...!                
	[Server] ...finished evaluation!                
	=> Loss: 44.1092                
	=> Accuracy: 5.00%

[INFO](2026/08/19/ 03:29:24 AM) [Round: 0347] Select clients...!
[INFO](2026/08/19/ 03:29:25 AM) [Round: 0347] ...successfully transmitted models to 10 selected clients!
[INFO](2026/08/19/ 03:29:25 AM) [Round: 0347] Start updating selected 10 clients...!
[INFO](2026/08/19/ 03:29:36 AM) [Round: 0347] ...10 clients are selected and updated (with total sample size: 43)!
[INFO](2026/08/19/ 03:29:36 AM) [Round: 0347] Aggregate updated weights of 10 clients...!
[INFO](2026/08/19/ 03:29:36 AM) [Round: 0347] ...updated weights of 10 clients are successfully averaged!
[INFO](2026/08/19/ 03:29:38 AM) [Round: 0347] Evaluate global model's performance...!                
	[Server] ...finished evaluation!                
	=> Loss: 34.8538                
	=> Accuracy: 5.24%

[INFO](2026/08/19/ 03:29:38 AM) [Round: 0348] Select clients...!
[INFO](2026/08/19/ 03:29:39 AM) [Round: 0348] ...successfully transmitted models to 10 selected clients!
[INFO](2026/08/19/ 03:29:39 AM) [Round: 0348] Start updating selected 10 clients...!
[INFO](2026/08/19/ 03:29:50 AM) [Round: 0348] ...10 clients are selected and updated (with total sample size: 52)!
[INFO](2026/08/19/ 03:29:50 AM) [Round: 0348] Aggregate updated weights of 10 clients...!
[INFO](2026/08/19/ 03:29:50 AM) [Round: 0348] ...updated weights of 10 clients are successfully averaged!
[INFO](2026/08/19/ 03:29:52 AM) [Round: 0348] Evaluate global model's performance...!                
	[Server] ...finished evaluation!                
	=> Loss: 46.2655                
	=> Accuracy: 7.86%

[INFO](2026/08/19/ 03:29:52 AM) [Round: 0349] Select clients...!
[INFO](2026/08/19/ 03:29:53 AM) [Round: 0349] ...successfully transmitted models to 10 selected clients!
[INFO](2026/08/19/ 03:29:53 AM) [Round: 0349] Start updating selected 10 clients...!
[INFO](2026/08/19/ 03:30:04 AM) [Round: 0349] ...10 clients are selected and updated (with total sample size: 43)!
[INFO](2026/08/19/ 03:30:04 AM) [Round: 0349] Aggregate updated weights of 10 clients...!
[INFO](2026/08/19/ 03:30:04 AM) [Round: 0349] ...updated weights of 10 clients are successfully averaged!
[INFO](2026/08/19/ 03:30:06 AM) [Round: 0349] Evaluate global model's performance...!                
	[Server] ...finished evaluation!                
	=> Loss: 54.3676                
	=> Accuracy: 5.95%

[INFO](2026/08/19/ 03:30:06 AM) [Round: 0350] Select clients...!
[INFO](2026/08/19/ 03:30:06 AM) [Round: 0350] ...successfully transmitted models to 10 selected clients!
[INFO](2026/08/19/ 03:30:07 AM) [Round: 0350] Start updating selected 10 clients...!
[INFO](2026/08/19/ 03:30:19 AM) [Round: 0350] ...10 clients are selected and updated (with total sample size: 57)!
[INFO](2026/08/19/ 03:30:19 AM) [Round: 0350] Aggregate updated weights of 10 clients...!
[INFO](2026/08/19/ 03:30:19 AM) [Round: 0350] ...updated weights of 10 clients are successfully averaged!
[INFO](2026/08/19/ 03:30:21 AM) [Round: 0350] Evaluate global model's performance...!                
	[Server] ...finished evaluation!                
	=> Loss: 40.7914                
	=> Accuracy: 5.71%

[INFO](2026/08/19/ 03:30:21 AM) [Round: 0351] Select clients...!
[INFO](2026/08/19/ 03:30:22 AM) [Round: 0351] ...successfully transmitted models to 10 selected clients!
[INFO](2026/08/19/ 03:30:22 AM) [Round: 0351] Start updating selected 10 clients...!
[INFO](2026/08/19/ 03:30:32 AM) [Round: 0351] ...10 clients are selected and updated (with total sample size: 52)!
[INFO](2026/08/19/ 03:30:32 AM) [Round: 0351] Aggregate updated weights of 10 clients...!
[INFO](2026/08/19/ 03:30:32 AM) [Round: 0351] ...updated weights of 10 clients are successfully averaged!
[INFO](2026/08/19/ 03:30:34 AM) [Round: 0351] Evaluate global model's performance...!                
	[Server] ...finished evaluation!                
	=> Loss: 41.1150                
	=> Accuracy: 5.95%

[INFO](2026/08/19/ 03:30:34 AM) [Round: 0352] Select clients...!
[INFO](2026/08/19/ 03:30:35 AM) [Round: 0352] ...successfully transmitted models to 10 selected clients!
[INFO](2026/08/19/ 03:30:35 AM) [Round: 0352] Start updating selected 10 clients...!
[INFO](2026/08/19/ 03:30:46 AM) [Round: 0352] ...10 clients are selected and updated (with total sample size: 43)!
[INFO](2026/08/19/ 03:30:46 AM) [Round: 0352] Aggregate updated weights of 10 clients...!
[INFO](2026/08/19/ 03:30:47 AM) [Round: 0352] ...updated weights of 10 clients are successfully averaged!
[INFO](2026/08/19/ 03:30:48 AM) [Round: 0352] Evaluate global model's performance...!                
	[Server] ...finished evaluation!                
	=> Loss: 35.3885                
	=> Accuracy: 7.62%

[INFO](2026/08/19/ 03:30:48 AM) [Round: 0353] Select clients...!
[INFO](2026/08/19/ 03:30:49 AM) [Round: 0353] ...successfully transmitted models to 10 selected clients!
[INFO](2026/08/19/ 03:30:49 AM) [Round: 0353] Start updating selected 10 clients...!
[INFO](2026/08/19/ 03:30:59 AM) [Round: 0353] ...10 clients are selected and updated (with total sample size: 43)!
[INFO](2026/08/19/ 03:30:59 AM) [Round: 0353] Aggregate updated weights of 10 clients...!
[INFO](2026/08/19/ 03:31:00 AM) [Round: 0353] ...updated weights of 10 clients are successfully averaged!
[INFO](2026/08/19/ 03:31:01 AM) [Round: 0353] Evaluate global model's performance...!                
	[Server] ...finished evaluation!                
	=> Loss: 41.2661                
	=> Accuracy: 5.71%

[INFO](2026/08/19/ 03:31:01 AM) [Round: 0354] Select clients...!
[INFO](2026/08/19/ 03:31:02 AM) [Round: 0354] ...successfully transmitted models to 10 selected clients!
[INFO](2026/08/19/ 03:31:02 AM) [Round: 0354] Start updating selected 10 clients...!
[INFO](2026/08/19/ 03:31:13 AM) [Round: 0354] ...10 clients are selected and updated (with total sample size: 43)!
[INFO](2026/08/19/ 03:31:13 AM) [Round: 0354] Aggregate updated weights of 10 clients...!
[INFO](2026/08/19/ 03:31:13 AM) [Round: 0354] ...updated weights of 10 clients are successfully averaged!
[INFO](2026/08/19/ 03:31:15 AM) [Round: 0354] Evaluate global model's performance...!                
	[Server] ...finished evaluation!                
	=> Loss: 46.0958                
	=> Accuracy: 4.05%

[INFO](2026/08/19/ 03:31:15 AM) [Round: 0355] Select clients...!
[INFO](2026/08/19/ 03:31:16 AM) [Round: 0355] ...successfully transmitted models to 10 selected clients!
[INFO](2026/08/19/ 03:31:16 AM) [Round: 0355] Start updating selected 10 clients...!
[INFO](2026/08/19/ 03:31:26 AM) [Round: 0355] ...10 clients are selected and updated (with total sample size: 35)!
[INFO](2026/08/19/ 03:31:27 AM) [Round: 0355] Aggregate updated weights of 10 clients...!
[INFO](2026/08/19/ 03:31:27 AM) [Round: 0355] ...updated weights of 10 clients are successfully averaged!
[INFO](2026/08/19/ 03:31:28 AM) [Round: 0355] Evaluate global model's performance...!                
	[Server] ...finished evaluation!                
	=> Loss: 49.8735                
	=> Accuracy: 7.62%

[INFO](2026/08/19/ 03:31:28 AM) [Round: 0356] Select clients...!
[INFO](2026/08/19/ 03:31:29 AM) [Round: 0356] ...successfully transmitted models to 10 selected clients!
[INFO](2026/08/19/ 03:31:29 AM) [Round: 0356] Start updating selected 10 clients...!
[INFO](2026/08/19/ 03:31:41 AM) [Round: 0356] ...10 clients are selected and updated (with total sample size: 42)!
[INFO](2026/08/19/ 03:31:41 AM) [Round: 0356] Aggregate updated weights of 10 clients...!
[INFO](2026/08/19/ 03:31:42 AM) [Round: 0356] ...updated weights of 10 clients are successfully averaged!
[INFO](2026/08/19/ 03:31:43 AM) [Round: 0356] Evaluate global model's performance...!                
	[Server] ...finished evaluation!                
	=> Loss: 53.1376                
	=> Accuracy: 7.86%

[INFO](2026/08/19/ 03:31:43 AM) [Round: 0357] Select clients...!
[INFO](2026/08/19/ 03:31:44 AM) [Round: 0357] ...successfully transmitted models to 10 selected clients!
[INFO](2026/08/19/ 03:31:44 AM) [Round: 0357] Start updating selected 10 clients...!
[INFO](2026/08/19/ 03:31:54 AM) [Round: 0357] ...10 clients are selected and updated (with total sample size: 43)!
[INFO](2026/08/19/ 03:31:54 AM) [Round: 0357] Aggregate updated weights of 10 clients...!
[INFO](2026/08/19/ 03:31:54 AM) [Round: 0357] ...updated weights of 10 clients are successfully averaged!
[INFO](2026/08/19/ 03:31:56 AM) [Round: 0357] Evaluate global model's performance...!                
	[Server] ...finished evaluation!                
	=> Loss: 64.7007                
	=> Accuracy: 6.19%

[INFO](2026/08/19/ 03:31:56 AM) [Round: 0358] Select clients...!
[INFO](2026/08/19/ 03:31:56 AM) [Round: 0358] ...successfully transmitted models to 10 selected clients!
[INFO](2026/08/19/ 03:31:57 AM) [Round: 0358] Start updating selected 10 clients...!
[INFO](2026/08/19/ 03:32:06 AM) [Round: 0358] ...10 clients are selected and updated (with total sample size: 39)!
[INFO](2026/08/19/ 03:32:06 AM) [Round: 0358] Aggregate updated weights of 10 clients...!
[INFO](2026/08/19/ 03:32:07 AM) [Round: 0358] ...updated weights of 10 clients are successfully averaged!
[INFO](2026/08/19/ 03:32:08 AM) [Round: 0358] Evaluate global model's performance...!                
	[Server] ...finished evaluation!                
	=> Loss: 70.9310                
	=> Accuracy: 5.71%

[INFO](2026/08/19/ 03:32:08 AM) [Round: 0359] Select clients...!
[INFO](2026/08/19/ 03:32:09 AM) [Round: 0359] ...successfully transmitted models to 10 selected clients!
[INFO](2026/08/19/ 03:32:09 AM) [Round: 0359] Start updating selected 10 clients...!
[INFO](2026/08/19/ 03:32:19 AM) [Round: 0359] ...10 clients are selected and updated (with total sample size: 30)!
[INFO](2026/08/19/ 03:32:19 AM) [Round: 0359] Aggregate updated weights of 10 clients...!
[INFO](2026/08/19/ 03:32:19 AM) [Round: 0359] ...updated weights of 10 clients are successfully averaged!
[INFO](2026/08/19/ 03:32:21 AM) [Round: 0359] Evaluate global model's performance...!                
	[Server] ...finished evaluation!                
	=> Loss: 75.7318                
	=> Accuracy: 3.81%

[INFO](2026/08/19/ 03:32:21 AM) [Round: 0360] Select clients...!
[INFO](2026/08/19/ 03:32:21 AM) [Round: 0360] ...successfully transmitted models to 10 selected clients!
[INFO](2026/08/19/ 03:32:21 AM) [Round: 0360] Start updating selected 10 clients...!
[INFO](2026/08/19/ 03:32:32 AM) [Round: 0360] ...10 clients are selected and updated (with total sample size: 43)!
[INFO](2026/08/19/ 03:32:33 AM) [Round: 0360] Aggregate updated weights of 10 clients...!
[INFO](2026/08/19/ 03:32:33 AM) [Round: 0360] ...updated weights of 10 clients are successfully averaged!
[INFO](2026/08/19/ 03:32:34 AM) [Round: 0360] Evaluate global model's performance...!                
	[Server] ...finished evaluation!                
	=> Loss: 33.4441                
	=> Accuracy: 7.38%

[INFO](2026/08/19/ 03:32:35 AM) [Round: 0361] Select clients...!
[INFO](2026/08/19/ 03:32:35 AM) [Round: 0361] ...successfully transmitted models to 10 selected clients!
[INFO](2026/08/19/ 03:32:35 AM) [Round: 0361] Start updating selected 10 clients...!
[INFO](2026/08/19/ 03:32:46 AM) [Round: 0361] ...10 clients are selected and updated (with total sample size: 39)!
[INFO](2026/08/19/ 03:32:47 AM) [Round: 0361] Aggregate updated weights of 10 clients...!
[INFO](2026/08/19/ 03:32:47 AM) [Round: 0361] ...updated weights of 10 clients are successfully averaged!
[INFO](2026/08/19/ 03:32:48 AM) [Round: 0361] Evaluate global model's performance...!                
	[Server] ...finished evaluation!                
	=> Loss: 76.3025                
	=> Accuracy: 5.24%

[INFO](2026/08/19/ 03:32:48 AM) [Round: 0362] Select clients...!
[INFO](2026/08/19/ 03:32:49 AM) [Round: 0362] ...successfully transmitted models to 10 selected clients!
[INFO](2026/08/19/ 03:32:49 AM) [Round: 0362] Start updating selected 10 clients...!
[INFO](2026/08/19/ 03:32:59 AM) [Round: 0362] ...10 clients are selected and updated (with total sample size: 52)!
[INFO](2026/08/19/ 03:32:59 AM) [Round: 0362] Aggregate updated weights of 10 clients...!
[INFO](2026/08/19/ 03:33:00 AM) [Round: 0362] ...updated weights of 10 clients are successfully averaged!
[INFO](2026/08/19/ 03:33:01 AM) [Round: 0362] Evaluate global model's performance...!                
	[Server] ...finished evaluation!                
	=> Loss: 72.1896                
	=> Accuracy: 5.71%

[INFO](2026/08/19/ 03:33:01 AM) [Round: 0363] Select clients...!
[INFO](2026/08/19/ 03:33:02 AM) [Round: 0363] ...successfully transmitted models to 10 selected clients!
[INFO](2026/08/19/ 03:33:02 AM) [Round: 0363] Start updating selected 10 clients...!
[INFO](2026/08/19/ 03:33:14 AM) [Round: 0363] ...10 clients are selected and updated (with total sample size: 30)!
[INFO](2026/08/19/ 03:33:14 AM) [Round: 0363] Aggregate updated weights of 10 clients...!
[INFO](2026/08/19/ 03:33:14 AM) [Round: 0363] ...updated weights of 10 clients are successfully averaged!
[INFO](2026/08/19/ 03:33:16 AM) [Round: 0363] Evaluate global model's performance...!                
	[Server] ...finished evaluation!                
	=> Loss: 48.5360                
	=> Accuracy: 6.43%

[INFO](2026/08/19/ 03:33:16 AM) [Round: 0364] Select clients...!
[INFO](2026/08/19/ 03:33:16 AM) [Round: 0364] ...successfully transmitted models to 10 selected clients!
[INFO](2026/08/19/ 03:33:16 AM) [Round: 0364] Start updating selected 10 clients...!
[INFO](2026/08/19/ 03:33:26 AM) [Round: 0364] ...10 clients are selected and updated (with total sample size: 52)!
[INFO](2026/08/19/ 03:33:26 AM) [Round: 0364] Aggregate updated weights of 10 clients...!
[INFO](2026/08/19/ 03:33:27 AM) [Round: 0364] ...updated weights of 10 clients are successfully averaged!
[INFO](2026/08/19/ 03:33:28 AM) [Round: 0364] Evaluate global model's performance...!                
	[Server] ...finished evaluation!                
	=> Loss: 75.5838                
	=> Accuracy: 5.71%

[INFO](2026/08/19/ 03:33:29 AM) [Round: 0365] Select clients...!
[INFO](2026/08/19/ 03:33:29 AM) [Round: 0365] ...successfully transmitted models to 10 selected clients!
[INFO](2026/08/19/ 03:33:29 AM) [Round: 0365] Start updating selected 10 clients...!
[INFO](2026/08/19/ 03:33:40 AM) [Round: 0365] ...10 clients are selected and updated (with total sample size: 52)!
[INFO](2026/08/19/ 03:33:40 AM) [Round: 0365] Aggregate updated weights of 10 clients...!
[INFO](2026/08/19/ 03:33:40 AM) [Round: 0365] ...updated weights of 10 clients are successfully averaged!
[INFO](2026/08/19/ 03:33:42 AM) [Round: 0365] Evaluate global model's performance...!                
	[Server] ...finished evaluation!                
	=> Loss: 97.1032                
	=> Accuracy: 4.05%

[INFO](2026/08/19/ 03:33:42 AM) [Round: 0366] Select clients...!
[INFO](2026/08/19/ 03:33:43 AM) [Round: 0366] ...successfully transmitted models to 10 selected clients!
[INFO](2026/08/19/ 03:33:43 AM) [Round: 0366] Start updating selected 10 clients...!
[INFO](2026/08/19/ 03:33:53 AM) [Round: 0366] ...10 clients are selected and updated (with total sample size: 39)!
[INFO](2026/08/19/ 03:33:53 AM) [Round: 0366] Aggregate updated weights of 10 clients...!
[INFO](2026/08/19/ 03:33:54 AM) [Round: 0366] ...updated weights of 10 clients are successfully averaged!
[INFO](2026/08/19/ 03:33:55 AM) [Round: 0366] Evaluate global model's performance...!                
	[Server] ...finished evaluation!                
	=> Loss: 47.8355                
	=> Accuracy: 6.19%

[INFO](2026/08/19/ 03:33:56 AM) [Round: 0367] Select clients...!
[INFO](2026/08/19/ 03:33:56 AM) [Round: 0367] ...successfully transmitted models to 10 selected clients!
[INFO](2026/08/19/ 03:33:56 AM) [Round: 0367] Start updating selected 10 clients...!
[INFO](2026/08/19/ 03:34:07 AM) [Round: 0367] ...10 clients are selected and updated (with total sample size: 35)!
[INFO](2026/08/19/ 03:34:07 AM) [Round: 0367] Aggregate updated weights of 10 clients...!
[INFO](2026/08/19/ 03:34:07 AM) [Round: 0367] ...updated weights of 10 clients are successfully averaged!
[INFO](2026/08/19/ 03:34:09 AM) [Round: 0367] Evaluate global model's performance...!                
	[Server] ...finished evaluation!                
	=> Loss: 57.2312                
	=> Accuracy: 6.67%

[INFO](2026/08/19/ 03:34:09 AM) [Round: 0368] Select clients...!
[INFO](2026/08/19/ 03:34:09 AM) [Round: 0368] ...successfully transmitted models to 10 selected clients!
[INFO](2026/08/19/ 03:34:09 AM) [Round: 0368] Start updating selected 10 clients...!
[INFO](2026/08/19/ 03:34:19 AM) [Round: 0368] ...10 clients are selected and updated (with total sample size: 39)!
[INFO](2026/08/19/ 03:34:19 AM) [Round: 0368] Aggregate updated weights of 10 clients...!
[INFO](2026/08/19/ 03:34:20 AM) [Round: 0368] ...updated weights of 10 clients are successfully averaged!
[INFO](2026/08/19/ 03:34:22 AM) [Round: 0368] Evaluate global model's performance...!                
	[Server] ...finished evaluation!                
	=> Loss: 59.9142                
	=> Accuracy: 5.48%

[INFO](2026/08/19/ 03:34:22 AM) [Round: 0369] Select clients...!
[INFO](2026/08/19/ 03:34:22 AM) [Round: 0369] ...successfully transmitted models to 10 selected clients!
[INFO](2026/08/19/ 03:34:22 AM) [Round: 0369] Start updating selected 10 clients...!
[INFO](2026/08/19/ 03:34:31 AM) [Round: 0369] ...10 clients are selected and updated (with total sample size: 52)!
[INFO](2026/08/19/ 03:34:31 AM) [Round: 0369] Aggregate updated weights of 10 clients...!
[INFO](2026/08/19/ 03:34:32 AM) [Round: 0369] ...updated weights of 10 clients are successfully averaged!
[INFO](2026/08/19/ 03:34:34 AM) [Round: 0369] Evaluate global model's performance...!                
	[Server] ...finished evaluation!                
	=> Loss: 91.7686                
	=> Accuracy: 3.81%

[INFO](2026/08/19/ 03:34:34 AM) [Round: 0370] Select clients...!
[INFO](2026/08/19/ 03:34:34 AM) [Round: 0370] ...successfully transmitted models to 10 selected clients!
[INFO](2026/08/19/ 03:34:34 AM) [Round: 0370] Start updating selected 10 clients...!
[INFO](2026/08/19/ 03:34:44 AM) [Round: 0370] ...10 clients are selected and updated (with total sample size: 52)!
[INFO](2026/08/19/ 03:34:44 AM) [Round: 0370] Aggregate updated weights of 10 clients...!
[INFO](2026/08/19/ 03:34:45 AM) [Round: 0370] ...updated weights of 10 clients are successfully averaged!
[INFO](2026/08/19/ 03:34:46 AM) [Round: 0370] Evaluate global model's performance...!                
	[Server] ...finished evaluation!                
	=> Loss: 59.0537                
	=> Accuracy: 5.48%

[INFO](2026/08/19/ 03:34:46 AM) [Round: 0371] Select clients...!
[INFO](2026/08/19/ 03:34:47 AM) [Round: 0371] ...successfully transmitted models to 10 selected clients!
[INFO](2026/08/19/ 03:34:47 AM) [Round: 0371] Start updating selected 10 clients...!
[INFO](2026/08/19/ 03:34:58 AM) [Round: 0371] ...10 clients are selected and updated (with total sample size: 43)!
[INFO](2026/08/19/ 03:34:58 AM) [Round: 0371] Aggregate updated weights of 10 clients...!
[INFO](2026/08/19/ 03:34:58 AM) [Round: 0371] ...updated weights of 10 clients are successfully averaged!
[INFO](2026/08/19/ 03:35:00 AM) [Round: 0371] Evaluate global model's performance...!                
	[Server] ...finished evaluation!                
	=> Loss: 40.2300                
	=> Accuracy: 6.19%

[INFO](2026/08/19/ 03:35:00 AM) [Round: 0372] Select clients...!
[INFO](2026/08/19/ 03:35:01 AM) [Round: 0372] ...successfully transmitted models to 10 selected clients!
[INFO](2026/08/19/ 03:35:01 AM) [Round: 0372] Start updating selected 10 clients...!
[INFO](2026/08/19/ 03:35:13 AM) [Round: 0372] ...10 clients are selected and updated (with total sample size: 43)!
[INFO](2026/08/19/ 03:35:13 AM) [Round: 0372] Aggregate updated weights of 10 clients...!
[INFO](2026/08/19/ 03:35:13 AM) [Round: 0372] ...updated weights of 10 clients are successfully averaged!
[INFO](2026/08/19/ 03:35:15 AM) [Round: 0372] Evaluate global model's performance...!                
	[Server] ...finished evaluation!                
	=> Loss: 62.0266                
	=> Accuracy: 5.95%

[INFO](2026/08/19/ 03:35:15 AM) [Round: 0373] Select clients...!
[INFO](2026/08/19/ 03:35:16 AM) [Round: 0373] ...successfully transmitted models to 10 selected clients!
[INFO](2026/08/19/ 03:35:16 AM) [Round: 0373] Start updating selected 10 clients...!
[INFO](2026/08/19/ 03:35:28 AM) [Round: 0373] ...10 clients are selected and updated (with total sample size: 43)!
[INFO](2026/08/19/ 03:35:28 AM) [Round: 0373] Aggregate updated weights of 10 clients...!
[INFO](2026/08/19/ 03:35:28 AM) [Round: 0373] ...updated weights of 10 clients are successfully averaged!
[INFO](2026/08/19/ 03:35:30 AM) [Round: 0373] Evaluate global model's performance...!                
	[Server] ...finished evaluation!                
	=> Loss: 40.5635                
	=> Accuracy: 6.90%

[INFO](2026/08/19/ 03:35:30 AM) [Round: 0374] Select clients...!
[INFO](2026/08/19/ 03:35:30 AM) [Round: 0374] ...successfully transmitted models to 10 selected clients!
[INFO](2026/08/19/ 03:35:30 AM) [Round: 0374] Start updating selected 10 clients...!
[INFO](2026/08/19/ 03:35:41 AM) [Round: 0374] ...10 clients are selected and updated (with total sample size: 39)!
[INFO](2026/08/19/ 03:35:42 AM) [Round: 0374] Aggregate updated weights of 10 clients...!
[INFO](2026/08/19/ 03:35:42 AM) [Round: 0374] ...updated weights of 10 clients are successfully averaged!
[INFO](2026/08/19/ 03:35:44 AM) [Round: 0374] Evaluate global model's performance...!                
	[Server] ...finished evaluation!                
	=> Loss: 40.0761                
	=> Accuracy: 6.67%

[INFO](2026/08/19/ 03:35:44 AM) [Round: 0375] Select clients...!
[INFO](2026/08/19/ 03:35:44 AM) [Round: 0375] ...successfully transmitted models to 10 selected clients!
[INFO](2026/08/19/ 03:35:44 AM) [Round: 0375] Start updating selected 10 clients...!
[INFO](2026/08/19/ 03:35:57 AM) [Round: 0375] ...10 clients are selected and updated (with total sample size: 43)!
[INFO](2026/08/19/ 03:35:57 AM) [Round: 0375] Aggregate updated weights of 10 clients...!
[INFO](2026/08/19/ 03:35:57 AM) [Round: 0375] ...updated weights of 10 clients are successfully averaged!
[INFO](2026/08/19/ 03:35:59 AM) [Round: 0375] Evaluate global model's performance...!                
	[Server] ...finished evaluation!                
	=> Loss: 49.7857                
	=> Accuracy: 7.38%

[INFO](2026/08/19/ 03:35:59 AM) [Round: 0376] Select clients...!
[INFO](2026/08/19/ 03:35:59 AM) [Round: 0376] ...successfully transmitted models to 10 selected clients!
[INFO](2026/08/19/ 03:35:59 AM) [Round: 0376] Start updating selected 10 clients...!
[INFO](2026/08/19/ 03:36:10 AM) [Round: 0376] ...10 clients are selected and updated (with total sample size: 39)!
[INFO](2026/08/19/ 03:36:10 AM) [Round: 0376] Aggregate updated weights of 10 clients...!
[INFO](2026/08/19/ 03:36:10 AM) [Round: 0376] ...updated weights of 10 clients are successfully averaged!
[INFO](2026/08/19/ 03:36:12 AM) [Round: 0376] Evaluate global model's performance...!                
	[Server] ...finished evaluation!                
	=> Loss: 40.2452                
	=> Accuracy: 7.62%

[INFO](2026/08/19/ 03:36:12 AM) [Round: 0377] Select clients...!
[INFO](2026/08/19/ 03:36:12 AM) [Round: 0377] ...successfully transmitted models to 10 selected clients!
[INFO](2026/08/19/ 03:36:13 AM) [Round: 0377] Start updating selected 10 clients...!
[INFO](2026/08/19/ 03:36:22 AM) [Round: 0377] ...10 clients are selected and updated (with total sample size: 43)!
[INFO](2026/08/19/ 03:36:22 AM) [Round: 0377] Aggregate updated weights of 10 clients...!
[INFO](2026/08/19/ 03:36:22 AM) [Round: 0377] ...updated weights of 10 clients are successfully averaged!
[INFO](2026/08/19/ 03:36:24 AM) [Round: 0377] Evaluate global model's performance...!                
	[Server] ...finished evaluation!                
	=> Loss: 58.9042                
	=> Accuracy: 5.24%

[INFO](2026/08/19/ 03:36:24 AM) [Round: 0378] Select clients...!
[INFO](2026/08/19/ 03:36:24 AM) [Round: 0378] ...successfully transmitted models to 10 selected clients!
[INFO](2026/08/19/ 03:36:24 AM) [Round: 0378] Start updating selected 10 clients...!
[INFO](2026/08/19/ 03:36:36 AM) [Round: 0378] ...10 clients are selected and updated (with total sample size: 43)!
[INFO](2026/08/19/ 03:36:36 AM) [Round: 0378] Aggregate updated weights of 10 clients...!
[INFO](2026/08/19/ 03:36:36 AM) [Round: 0378] ...updated weights of 10 clients are successfully averaged!
[INFO](2026/08/19/ 03:36:38 AM) [Round: 0378] Evaluate global model's performance...!                
	[Server] ...finished evaluation!                
	=> Loss: 58.2789                
	=> Accuracy: 6.43%

[INFO](2026/08/19/ 03:36:38 AM) [Round: 0379] Select clients...!
[INFO](2026/08/19/ 03:36:39 AM) [Round: 0379] ...successfully transmitted models to 10 selected clients!
[INFO](2026/08/19/ 03:36:39 AM) [Round: 0379] Start updating selected 10 clients...!
[INFO](2026/08/19/ 03:36:49 AM) [Round: 0379] ...10 clients are selected and updated (with total sample size: 52)!
[INFO](2026/08/19/ 03:36:49 AM) [Round: 0379] Aggregate updated weights of 10 clients...!
[INFO](2026/08/19/ 03:36:49 AM) [Round: 0379] ...updated weights of 10 clients are successfully averaged!
[INFO](2026/08/19/ 03:36:51 AM) [Round: 0379] Evaluate global model's performance...!                
	[Server] ...finished evaluation!                
	=> Loss: 50.1763                
	=> Accuracy: 4.52%

[INFO](2026/08/19/ 03:36:51 AM) [Round: 0380] Select clients...!
[INFO](2026/08/19/ 03:36:52 AM) [Round: 0380] ...successfully transmitted models to 10 selected clients!
[INFO](2026/08/19/ 03:36:52 AM) [Round: 0380] Start updating selected 10 clients...!
[INFO](2026/08/19/ 03:37:01 AM) [Round: 0380] ...10 clients are selected and updated (with total sample size: 42)!
[INFO](2026/08/19/ 03:37:01 AM) [Round: 0380] Aggregate updated weights of 10 clients...!
[INFO](2026/08/19/ 03:37:01 AM) [Round: 0380] ...updated weights of 10 clients are successfully averaged!
[INFO](2026/08/19/ 03:37:03 AM) [Round: 0380] Evaluate global model's performance...!                
	[Server] ...finished evaluation!                
	=> Loss: 47.9739                
	=> Accuracy: 7.38%

[INFO](2026/08/19/ 03:37:03 AM) [Round: 0381] Select clients...!
[INFO](2026/08/19/ 03:37:04 AM) [Round: 0381] ...successfully transmitted models to 10 selected clients!
[INFO](2026/08/19/ 03:37:04 AM) [Round: 0381] Start updating selected 10 clients...!
[INFO](2026/08/19/ 03:37:13 AM) [Round: 0381] ...10 clients are selected and updated (with total sample size: 28)!
[INFO](2026/08/19/ 03:37:13 AM) [Round: 0381] Aggregate updated weights of 10 clients...!
[INFO](2026/08/19/ 03:37:13 AM) [Round: 0381] ...updated weights of 10 clients are successfully averaged!
[INFO](2026/08/19/ 03:37:15 AM) [Round: 0381] Evaluate global model's performance...!                
	[Server] ...finished evaluation!                
	=> Loss: 53.4136                
	=> Accuracy: 7.14%

[INFO](2026/08/19/ 03:37:15 AM) [Round: 0382] Select clients...!
[INFO](2026/08/19/ 03:37:16 AM) [Round: 0382] ...successfully transmitted models to 10 selected clients!
[INFO](2026/08/19/ 03:37:16 AM) [Round: 0382] Start updating selected 10 clients...!
[INFO](2026/08/19/ 03:37:26 AM) [Round: 0382] ...10 clients are selected and updated (with total sample size: 28)!
[INFO](2026/08/19/ 03:37:26 AM) [Round: 0382] Aggregate updated weights of 10 clients...!
[INFO](2026/08/19/ 03:37:26 AM) [Round: 0382] ...updated weights of 10 clients are successfully averaged!
[INFO](2026/08/19/ 03:37:28 AM) [Round: 0382] Evaluate global model's performance...!                
	[Server] ...finished evaluation!                
	=> Loss: 57.9599                
	=> Accuracy: 3.81%

[INFO](2026/08/19/ 03:37:28 AM) [Round: 0383] Select clients...!
[INFO](2026/08/19/ 03:37:29 AM) [Round: 0383] ...successfully transmitted models to 10 selected clients!
[INFO](2026/08/19/ 03:37:29 AM) [Round: 0383] Start updating selected 10 clients...!
[INFO](2026/08/19/ 03:37:39 AM) [Round: 0383] ...10 clients are selected and updated (with total sample size: 39)!
[INFO](2026/08/19/ 03:37:40 AM) [Round: 0383] Aggregate updated weights of 10 clients...!
[INFO](2026/08/19/ 03:37:40 AM) [Round: 0383] ...updated weights of 10 clients are successfully averaged!
[INFO](2026/08/19/ 03:37:42 AM) [Round: 0383] Evaluate global model's performance...!                
	[Server] ...finished evaluation!                
	=> Loss: 81.9508                
	=> Accuracy: 5.24%

[INFO](2026/08/19/ 03:37:42 AM) [Round: 0384] Select clients...!
[INFO](2026/08/19/ 03:37:42 AM) [Round: 0384] ...successfully transmitted models to 10 selected clients!
[INFO](2026/08/19/ 03:37:42 AM) [Round: 0384] Start updating selected 10 clients...!
[INFO](2026/08/19/ 03:37:53 AM) [Round: 0384] ...10 clients are selected and updated (with total sample size: 52)!
[INFO](2026/08/19/ 03:37:53 AM) [Round: 0384] Aggregate updated weights of 10 clients...!
[INFO](2026/08/19/ 03:37:53 AM) [Round: 0384] ...updated weights of 10 clients are successfully averaged!
[INFO](2026/08/19/ 03:37:55 AM) [Round: 0384] Evaluate global model's performance...!                
	[Server] ...finished evaluation!                
	=> Loss: 51.4276                
	=> Accuracy: 5.71%

[INFO](2026/08/19/ 03:37:55 AM) [Round: 0385] Select clients...!
[INFO](2026/08/19/ 03:37:55 AM) [Round: 0385] ...successfully transmitted models to 10 selected clients!
[INFO](2026/08/19/ 03:37:56 AM) [Round: 0385] Start updating selected 10 clients...!
[INFO](2026/08/19/ 03:38:05 AM) [Round: 0385] ...10 clients are selected and updated (with total sample size: 43)!
[INFO](2026/08/19/ 03:38:05 AM) [Round: 0385] Aggregate updated weights of 10 clients...!
[INFO](2026/08/19/ 03:38:06 AM) [Round: 0385] ...updated weights of 10 clients are successfully averaged!
[INFO](2026/08/19/ 03:38:07 AM) [Round: 0385] Evaluate global model's performance...!                
	[Server] ...finished evaluation!                
	=> Loss: 60.2926                
	=> Accuracy: 3.81%

[INFO](2026/08/19/ 03:38:07 AM) [Round: 0386] Select clients...!
[INFO](2026/08/19/ 03:38:08 AM) [Round: 0386] ...successfully transmitted models to 10 selected clients!
[INFO](2026/08/19/ 03:38:08 AM) [Round: 0386] Start updating selected 10 clients...!
[INFO](2026/08/19/ 03:38:18 AM) [Round: 0386] ...10 clients are selected and updated (with total sample size: 43)!
[INFO](2026/08/19/ 03:38:18 AM) [Round: 0386] Aggregate updated weights of 10 clients...!
[INFO](2026/08/19/ 03:38:18 AM) [Round: 0386] ...updated weights of 10 clients are successfully averaged!
[INFO](2026/08/19/ 03:38:20 AM) [Round: 0386] Evaluate global model's performance...!                
	[Server] ...finished evaluation!                
	=> Loss: 51.1497                
	=> Accuracy: 6.43%

[INFO](2026/08/19/ 03:38:20 AM) [Round: 0387] Select clients...!
[INFO](2026/08/19/ 03:38:21 AM) [Round: 0387] ...successfully transmitted models to 10 selected clients!
[INFO](2026/08/19/ 03:38:21 AM) [Round: 0387] Start updating selected 10 clients...!
[INFO](2026/08/19/ 03:38:30 AM) [Round: 0387] ...10 clients are selected and updated (with total sample size: 57)!
[INFO](2026/08/19/ 03:38:30 AM) [Round: 0387] Aggregate updated weights of 10 clients...!
[INFO](2026/08/19/ 03:38:30 AM) [Round: 0387] ...updated weights of 10 clients are successfully averaged!
[INFO](2026/08/19/ 03:38:32 AM) [Round: 0387] Evaluate global model's performance...!                
	[Server] ...finished evaluation!                
	=> Loss: 74.5950                
	=> Accuracy: 5.24%

[INFO](2026/08/19/ 03:38:32 AM) [Round: 0388] Select clients...!
[INFO](2026/08/19/ 03:38:33 AM) [Round: 0388] ...successfully transmitted models to 10 selected clients!
[INFO](2026/08/19/ 03:38:33 AM) [Round: 0388] Start updating selected 10 clients...!
[INFO](2026/08/19/ 03:38:43 AM) [Round: 0388] ...10 clients are selected and updated (with total sample size: 30)!
[INFO](2026/08/19/ 03:38:43 AM) [Round: 0388] Aggregate updated weights of 10 clients...!
[INFO](2026/08/19/ 03:38:44 AM) [Round: 0388] ...updated weights of 10 clients are successfully averaged!
[INFO](2026/08/19/ 03:38:45 AM) [Round: 0388] Evaluate global model's performance...!                
	[Server] ...finished evaluation!                
	=> Loss: 75.1268                
	=> Accuracy: 5.00%

[INFO](2026/08/19/ 03:38:45 AM) [Round: 0389] Select clients...!
[INFO](2026/08/19/ 03:38:46 AM) [Round: 0389] ...successfully transmitted models to 10 selected clients!
[INFO](2026/08/19/ 03:38:46 AM) [Round: 0389] Start updating selected 10 clients...!
[INFO](2026/08/19/ 03:38:56 AM) [Round: 0389] ...10 clients are selected and updated (with total sample size: 43)!
[INFO](2026/08/19/ 03:38:56 AM) [Round: 0389] Aggregate updated weights of 10 clients...!
[INFO](2026/08/19/ 03:38:57 AM) [Round: 0389] ...updated weights of 10 clients are successfully averaged!
[INFO](2026/08/19/ 03:38:58 AM) [Round: 0389] Evaluate global model's performance...!                
	[Server] ...finished evaluation!                
	=> Loss: 80.2689                
	=> Accuracy: 3.57%

[INFO](2026/08/19/ 03:38:59 AM) [Round: 0390] Select clients...!
[INFO](2026/08/19/ 03:38:59 AM) [Round: 0390] ...successfully transmitted models to 10 selected clients!
[INFO](2026/08/19/ 03:38:59 AM) [Round: 0390] Start updating selected 10 clients...!
[INFO](2026/08/19/ 03:39:11 AM) [Round: 0390] ...10 clients are selected and updated (with total sample size: 43)!
[INFO](2026/08/19/ 03:39:11 AM) [Round: 0390] Aggregate updated weights of 10 clients...!
[INFO](2026/08/19/ 03:39:11 AM) [Round: 0390] ...updated weights of 10 clients are successfully averaged!
[INFO](2026/08/19/ 03:39:13 AM) [Round: 0390] Evaluate global model's performance...!                
	[Server] ...finished evaluation!                
	=> Loss: 49.4323                
	=> Accuracy: 4.29%

[INFO](2026/08/19/ 03:39:13 AM) [Round: 0391] Select clients...!
[INFO](2026/08/19/ 03:39:13 AM) [Round: 0391] ...successfully transmitted models to 10 selected clients!
[INFO](2026/08/19/ 03:39:14 AM) [Round: 0391] Start updating selected 10 clients...!
[INFO](2026/08/19/ 03:39:23 AM) [Round: 0391] ...10 clients are selected and updated (with total sample size: 28)!
[INFO](2026/08/19/ 03:39:24 AM) [Round: 0391] Aggregate updated weights of 10 clients...!
[INFO](2026/08/19/ 03:39:24 AM) [Round: 0391] ...updated weights of 10 clients are successfully averaged!
[INFO](2026/08/19/ 03:39:25 AM) [Round: 0391] Evaluate global model's performance...!                
	[Server] ...finished evaluation!                
	=> Loss: 73.5728                
	=> Accuracy: 3.33%

[INFO](2026/08/19/ 03:39:25 AM) [Round: 0392] Select clients...!
[INFO](2026/08/19/ 03:39:26 AM) [Round: 0392] ...successfully transmitted models to 10 selected clients!
[INFO](2026/08/19/ 03:39:26 AM) [Round: 0392] Start updating selected 10 clients...!
[INFO](2026/08/19/ 03:39:36 AM) [Round: 0392] ...10 clients are selected and updated (with total sample size: 43)!
[INFO](2026/08/19/ 03:39:36 AM) [Round: 0392] Aggregate updated weights of 10 clients...!
[INFO](2026/08/19/ 03:39:37 AM) [Round: 0392] ...updated weights of 10 clients are successfully averaged!
[INFO](2026/08/19/ 03:39:38 AM) [Round: 0392] Evaluate global model's performance...!                
	[Server] ...finished evaluation!                
	=> Loss: 65.6130                
	=> Accuracy: 4.05%

[INFO](2026/08/19/ 03:39:39 AM) [Round: 0393] Select clients...!
[INFO](2026/08/19/ 03:39:39 AM) [Round: 0393] ...successfully transmitted models to 10 selected clients!
[INFO](2026/08/19/ 03:39:39 AM) [Round: 0393] Start updating selected 10 clients...!
[INFO](2026/08/19/ 03:39:50 AM) [Round: 0393] ...10 clients are selected and updated (with total sample size: 43)!
[INFO](2026/08/19/ 03:39:50 AM) [Round: 0393] Aggregate updated weights of 10 clients...!
[INFO](2026/08/19/ 03:39:50 AM) [Round: 0393] ...updated weights of 10 clients are successfully averaged!
[INFO](2026/08/19/ 03:39:52 AM) [Round: 0393] Evaluate global model's performance...!                
	[Server] ...finished evaluation!                
	=> Loss: 67.6453                
	=> Accuracy: 5.24%

[INFO](2026/08/19/ 03:39:52 AM) [Round: 0394] Select clients...!
[INFO](2026/08/19/ 03:39:53 AM) [Round: 0394] ...successfully transmitted models to 10 selected clients!
[INFO](2026/08/19/ 03:39:53 AM) [Round: 0394] Start updating selected 10 clients...!
[INFO](2026/08/19/ 03:40:03 AM) [Round: 0394] ...10 clients are selected and updated (with total sample size: 42)!
[INFO](2026/08/19/ 03:40:03 AM) [Round: 0394] Aggregate updated weights of 10 clients...!
[INFO](2026/08/19/ 03:40:04 AM) [Round: 0394] ...updated weights of 10 clients are successfully averaged!
[INFO](2026/08/19/ 03:40:05 AM) [Round: 0394] Evaluate global model's performance...!                
	[Server] ...finished evaluation!                
	=> Loss: 57.8460                
	=> Accuracy: 6.19%

[INFO](2026/08/19/ 03:40:05 AM) [Round: 0395] Select clients...!
[INFO](2026/08/19/ 03:40:06 AM) [Round: 0395] ...successfully transmitted models to 10 selected clients!
[INFO](2026/08/19/ 03:40:06 AM) [Round: 0395] Start updating selected 10 clients...!
[INFO](2026/08/19/ 03:40:16 AM) [Round: 0395] ...10 clients are selected and updated (with total sample size: 52)!
[INFO](2026/08/19/ 03:40:16 AM) [Round: 0395] Aggregate updated weights of 10 clients...!
[INFO](2026/08/19/ 03:40:17 AM) [Round: 0395] ...updated weights of 10 clients are successfully averaged!
[INFO](2026/08/19/ 03:40:19 AM) [Round: 0395] Evaluate global model's performance...!                
	[Server] ...finished evaluation!                
	=> Loss: 64.7807                
	=> Accuracy: 5.95%

[INFO](2026/08/19/ 03:40:19 AM) [Round: 0396] Select clients...!
[INFO](2026/08/19/ 03:40:19 AM) [Round: 0396] ...successfully transmitted models to 10 selected clients!
[INFO](2026/08/19/ 03:40:19 AM) [Round: 0396] Start updating selected 10 clients...!
[INFO](2026/08/19/ 03:40:31 AM) [Round: 0396] ...10 clients are selected and updated (with total sample size: 57)!
[INFO](2026/08/19/ 03:40:31 AM) [Round: 0396] Aggregate updated weights of 10 clients...!
[INFO](2026/08/19/ 03:40:31 AM) [Round: 0396] ...updated weights of 10 clients are successfully averaged!
[INFO](2026/08/19/ 03:40:33 AM) [Round: 0396] Evaluate global model's performance...!                
	[Server] ...finished evaluation!                
	=> Loss: 35.8986                
	=> Accuracy: 5.00%

[INFO](2026/08/19/ 03:40:33 AM) [Round: 0397] Select clients...!
[INFO](2026/08/19/ 03:40:33 AM) [Round: 0397] ...successfully transmitted models to 10 selected clients!
[INFO](2026/08/19/ 03:40:34 AM) [Round: 0397] Start updating selected 10 clients...!
[INFO](2026/08/19/ 03:40:44 AM) [Round: 0397] ...10 clients are selected and updated (with total sample size: 39)!
[INFO](2026/08/19/ 03:40:44 AM) [Round: 0397] Aggregate updated weights of 10 clients...!
[INFO](2026/08/19/ 03:40:45 AM) [Round: 0397] ...updated weights of 10 clients are successfully averaged!
[INFO](2026/08/19/ 03:40:47 AM) [Round: 0397] Evaluate global model's performance...!                
	[Server] ...finished evaluation!                
	=> Loss: 32.7556                
	=> Accuracy: 5.48%

[INFO](2026/08/19/ 03:40:47 AM) [Round: 0398] Select clients...!
[INFO](2026/08/19/ 03:40:47 AM) [Round: 0398] ...successfully transmitted models to 10 selected clients!
[INFO](2026/08/19/ 03:40:47 AM) [Round: 0398] Start updating selected 10 clients...!
[INFO](2026/08/19/ 03:40:58 AM) [Round: 0398] ...10 clients are selected and updated (with total sample size: 57)!
[INFO](2026/08/19/ 03:40:58 AM) [Round: 0398] Aggregate updated weights of 10 clients...!
[INFO](2026/08/19/ 03:40:58 AM) [Round: 0398] ...updated weights of 10 clients are successfully averaged!
[INFO](2026/08/19/ 03:41:00 AM) [Round: 0398] Evaluate global model's performance...!                
	[Server] ...finished evaluation!                
	=> Loss: 57.9569                
	=> Accuracy: 5.00%

[INFO](2026/08/19/ 03:41:00 AM) [Round: 0399] Select clients...!
[INFO](2026/08/19/ 03:41:01 AM) [Round: 0399] ...successfully transmitted models to 10 selected clients!
[INFO](2026/08/19/ 03:41:01 AM) [Round: 0399] Start updating selected 10 clients...!
[INFO](2026/08/19/ 03:41:12 AM) [Round: 0399] ...10 clients are selected and updated (with total sample size: 42)!
[INFO](2026/08/19/ 03:41:12 AM) [Round: 0399] Aggregate updated weights of 10 clients...!
[INFO](2026/08/19/ 03:41:12 AM) [Round: 0399] ...updated weights of 10 clients are successfully averaged!
[INFO](2026/08/19/ 03:41:14 AM) [Round: 0399] Evaluate global model's performance...!                
	[Server] ...finished evaluation!                
	=> Loss: 35.8710                
	=> Accuracy: 6.19%

[INFO](2026/08/19/ 03:41:14 AM) [Round: 0400] Select clients...!
[INFO](2026/08/19/ 03:41:14 AM) [Round: 0400] ...successfully transmitted models to 10 selected clients!
[INFO](2026/08/19/ 03:41:14 AM) [Round: 0400] Start updating selected 10 clients...!
[INFO](2026/08/19/ 03:41:24 AM) [Round: 0400] ...10 clients are selected and updated (with total sample size: 52)!
[INFO](2026/08/19/ 03:41:24 AM) [Round: 0400] Aggregate updated weights of 10 clients...!
[INFO](2026/08/19/ 03:41:24 AM) [Round: 0400] ...updated weights of 10 clients are successfully averaged!
[INFO](2026/08/19/ 03:41:26 AM) [Round: 0400] Evaluate global model's performance...!                
	[Server] ...finished evaluation!                
	=> Loss: 43.1090                
	=> Accuracy: 2.62%

[INFO](2026/08/19/ 03:41:26 AM) [Round: 0401] Select clients...!
[INFO](2026/08/19/ 03:41:27 AM) [Round: 0401] ...successfully transmitted models to 10 selected clients!
[INFO](2026/08/19/ 03:41:27 AM) [Round: 0401] Start updating selected 10 clients...!
[INFO](2026/08/19/ 03:41:37 AM) [Round: 0401] ...10 clients are selected and updated (with total sample size: 39)!
[INFO](2026/08/19/ 03:41:37 AM) [Round: 0401] Aggregate updated weights of 10 clients...!
[INFO](2026/08/19/ 03:41:37 AM) [Round: 0401] ...updated weights of 10 clients are successfully averaged!
[INFO](2026/08/19/ 03:41:39 AM) [Round: 0401] Evaluate global model's performance...!                
	[Server] ...finished evaluation!                
	=> Loss: 37.9456                
	=> Accuracy: 4.05%

[INFO](2026/08/19/ 03:41:39 AM) [Round: 0402] Select clients...!
[INFO](2026/08/19/ 03:41:39 AM) [Round: 0402] ...successfully transmitted models to 10 selected clients!
[INFO](2026/08/19/ 03:41:39 AM) [Round: 0402] Start updating selected 10 clients...!
[INFO](2026/08/19/ 03:41:50 AM) [Round: 0402] ...10 clients are selected and updated (with total sample size: 52)!
[INFO](2026/08/19/ 03:41:50 AM) [Round: 0402] Aggregate updated weights of 10 clients...!
[INFO](2026/08/19/ 03:41:50 AM) [Round: 0402] ...updated weights of 10 clients are successfully averaged!
[INFO](2026/08/19/ 03:41:52 AM) [Round: 0402] Evaluate global model's performance...!                
	[Server] ...finished evaluation!                
	=> Loss: 38.4140                
	=> Accuracy: 7.14%

[INFO](2026/08/19/ 03:41:52 AM) [Round: 0403] Select clients...!
[INFO](2026/08/19/ 03:41:52 AM) [Round: 0403] ...successfully transmitted models to 10 selected clients!
[INFO](2026/08/19/ 03:41:53 AM) [Round: 0403] Start updating selected 10 clients...!
[INFO](2026/08/19/ 03:42:04 AM) [Round: 0403] ...10 clients are selected and updated (with total sample size: 43)!
[INFO](2026/08/19/ 03:42:04 AM) [Round: 0403] Aggregate updated weights of 10 clients...!
[INFO](2026/08/19/ 03:42:05 AM) [Round: 0403] ...updated weights of 10 clients are successfully averaged!
[INFO](2026/08/19/ 03:42:06 AM) [Round: 0403] Evaluate global model's performance...!                
	[Server] ...finished evaluation!                
	=> Loss: 45.4972                
	=> Accuracy: 6.19%

[INFO](2026/08/19/ 03:42:06 AM) [Round: 0404] Select clients...!
[INFO](2026/08/19/ 03:42:07 AM) [Round: 0404] ...successfully transmitted models to 10 selected clients!
[INFO](2026/08/19/ 03:42:07 AM) [Round: 0404] Start updating selected 10 clients...!
[INFO](2026/08/19/ 03:42:17 AM) [Round: 0404] ...10 clients are selected and updated (with total sample size: 30)!
[INFO](2026/08/19/ 03:42:17 AM) [Round: 0404] Aggregate updated weights of 10 clients...!
[INFO](2026/08/19/ 03:42:17 AM) [Round: 0404] ...updated weights of 10 clients are successfully averaged!
[INFO](2026/08/19/ 03:42:19 AM) [Round: 0404] Evaluate global model's performance...!                
	[Server] ...finished evaluation!                
	=> Loss: 50.0887                
	=> Accuracy: 4.76%

[INFO](2026/08/19/ 03:42:19 AM) [Round: 0405] Select clients...!
[INFO](2026/08/19/ 03:42:19 AM) [Round: 0405] ...successfully transmitted models to 10 selected clients!
[INFO](2026/08/19/ 03:42:19 AM) [Round: 0405] Start updating selected 10 clients...!
[INFO](2026/08/19/ 03:42:32 AM) [Round: 0405] ...10 clients are selected and updated (with total sample size: 39)!
[INFO](2026/08/19/ 03:42:32 AM) [Round: 0405] Aggregate updated weights of 10 clients...!
[INFO](2026/08/19/ 03:42:32 AM) [Round: 0405] ...updated weights of 10 clients are successfully averaged!
[INFO](2026/08/19/ 03:42:34 AM) [Round: 0405] Evaluate global model's performance...!                
	[Server] ...finished evaluation!                
	=> Loss: 63.4932                
	=> Accuracy: 5.71%

[INFO](2026/08/19/ 03:42:34 AM) [Round: 0406] Select clients...!
[INFO](2026/08/19/ 03:42:34 AM) [Round: 0406] ...successfully transmitted models to 10 selected clients!
[INFO](2026/08/19/ 03:42:34 AM) [Round: 0406] Start updating selected 10 clients...!
[INFO](2026/08/19/ 03:42:44 AM) [Round: 0406] ...10 clients are selected and updated (with total sample size: 52)!
[INFO](2026/08/19/ 03:42:45 AM) [Round: 0406] Aggregate updated weights of 10 clients...!
[INFO](2026/08/19/ 03:42:45 AM) [Round: 0406] ...updated weights of 10 clients are successfully averaged!
[INFO](2026/08/19/ 03:42:46 AM) [Round: 0406] Evaluate global model's performance...!                
	[Server] ...finished evaluation!                
	=> Loss: 46.2588                
	=> Accuracy: 6.43%

[INFO](2026/08/19/ 03:42:46 AM) [Round: 0407] Select clients...!
[INFO](2026/08/19/ 03:42:47 AM) [Round: 0407] ...successfully transmitted models to 10 selected clients!
[INFO](2026/08/19/ 03:42:47 AM) [Round: 0407] Start updating selected 10 clients...!
[INFO](2026/08/19/ 03:42:57 AM) [Round: 0407] ...10 clients are selected and updated (with total sample size: 43)!
[INFO](2026/08/19/ 03:42:57 AM) [Round: 0407] Aggregate updated weights of 10 clients...!
[INFO](2026/08/19/ 03:42:58 AM) [Round: 0407] ...updated weights of 10 clients are successfully averaged!
[INFO](2026/08/19/ 03:42:59 AM) [Round: 0407] Evaluate global model's performance...!                
	[Server] ...finished evaluation!                
	=> Loss: 35.4870                
	=> Accuracy: 5.71%

[INFO](2026/08/19/ 03:43:00 AM) [Round: 0408] Select clients...!
[INFO](2026/08/19/ 03:43:00 AM) [Round: 0408] ...successfully transmitted models to 10 selected clients!
[INFO](2026/08/19/ 03:43:00 AM) [Round: 0408] Start updating selected 10 clients...!
[INFO](2026/08/19/ 03:43:10 AM) [Round: 0408] ...10 clients are selected and updated (with total sample size: 30)!
[INFO](2026/08/19/ 03:43:10 AM) [Round: 0408] Aggregate updated weights of 10 clients...!
[INFO](2026/08/19/ 03:43:10 AM) [Round: 0408] ...updated weights of 10 clients are successfully averaged!
[INFO](2026/08/19/ 03:43:12 AM) [Round: 0408] Evaluate global model's performance...!                
	[Server] ...finished evaluation!                
	=> Loss: 67.5378                
	=> Accuracy: 4.76%

[INFO](2026/08/19/ 03:43:12 AM) [Round: 0409] Select clients...!
[INFO](2026/08/19/ 03:43:12 AM) [Round: 0409] ...successfully transmitted models to 10 selected clients!
[INFO](2026/08/19/ 03:43:12 AM) [Round: 0409] Start updating selected 10 clients...!
[INFO](2026/08/19/ 03:43:23 AM) [Round: 0409] ...10 clients are selected and updated (with total sample size: 39)!
[INFO](2026/08/19/ 03:43:23 AM) [Round: 0409] Aggregate updated weights of 10 clients...!
[INFO](2026/08/19/ 03:43:23 AM) [Round: 0409] ...updated weights of 10 clients are successfully averaged!
[INFO](2026/08/19/ 03:43:25 AM) [Round: 0409] Evaluate global model's performance...!                
	[Server] ...finished evaluation!                
	=> Loss: 51.1306                
	=> Accuracy: 4.29%

[INFO](2026/08/19/ 03:43:25 AM) [Round: 0410] Select clients...!
[INFO](2026/08/19/ 03:43:25 AM) [Round: 0410] ...successfully transmitted models to 10 selected clients!
[INFO](2026/08/19/ 03:43:26 AM) [Round: 0410] Start updating selected 10 clients...!
[INFO](2026/08/19/ 03:43:36 AM) [Round: 0410] ...10 clients are selected and updated (with total sample size: 56)!
[INFO](2026/08/19/ 03:43:36 AM) [Round: 0410] Aggregate updated weights of 10 clients...!
[INFO](2026/08/19/ 03:43:37 AM) [Round: 0410] ...updated weights of 10 clients are successfully averaged!
[INFO](2026/08/19/ 03:43:38 AM) [Round: 0410] Evaluate global model's performance...!                
	[Server] ...finished evaluation!                
	=> Loss: 49.5848                
	=> Accuracy: 4.76%

[INFO](2026/08/19/ 03:43:38 AM) [Round: 0411] Select clients...!
[INFO](2026/08/19/ 03:43:39 AM) [Round: 0411] ...successfully transmitted models to 10 selected clients!
[INFO](2026/08/19/ 03:43:39 AM) [Round: 0411] Start updating selected 10 clients...!
[INFO](2026/08/19/ 03:43:49 AM) [Round: 0411] ...10 clients are selected and updated (with total sample size: 35)!
[INFO](2026/08/19/ 03:43:49 AM) [Round: 0411] Aggregate updated weights of 10 clients...!
[INFO](2026/08/19/ 03:43:50 AM) [Round: 0411] ...updated weights of 10 clients are successfully averaged!
[INFO](2026/08/19/ 03:43:51 AM) [Round: 0411] Evaluate global model's performance...!                
	[Server] ...finished evaluation!                
	=> Loss: 46.4963                
	=> Accuracy: 3.81%

[INFO](2026/08/19/ 03:43:51 AM) [Round: 0412] Select clients...!
[INFO](2026/08/19/ 03:43:52 AM) [Round: 0412] ...successfully transmitted models to 10 selected clients!
[INFO](2026/08/19/ 03:43:52 AM) [Round: 0412] Start updating selected 10 clients...!
[INFO](2026/08/19/ 03:44:02 AM) [Round: 0412] ...10 clients are selected and updated (with total sample size: 42)!
[INFO](2026/08/19/ 03:44:02 AM) [Round: 0412] Aggregate updated weights of 10 clients...!
[INFO](2026/08/19/ 03:44:02 AM) [Round: 0412] ...updated weights of 10 clients are successfully averaged!
[INFO](2026/08/19/ 03:44:04 AM) [Round: 0412] Evaluate global model's performance...!                
	[Server] ...finished evaluation!                
	=> Loss: 77.3462                
	=> Accuracy: 3.81%

[INFO](2026/08/19/ 03:44:04 AM) [Round: 0413] Select clients...!
[INFO](2026/08/19/ 03:44:05 AM) [Round: 0413] ...successfully transmitted models to 10 selected clients!
[INFO](2026/08/19/ 03:44:05 AM) [Round: 0413] Start updating selected 10 clients...!
[INFO](2026/08/19/ 03:44:14 AM) [Round: 0413] ...10 clients are selected and updated (with total sample size: 28)!
[INFO](2026/08/19/ 03:44:14 AM) [Round: 0413] Aggregate updated weights of 10 clients...!
[INFO](2026/08/19/ 03:44:14 AM) [Round: 0413] ...updated weights of 10 clients are successfully averaged!
[INFO](2026/08/19/ 03:44:16 AM) [Round: 0413] Evaluate global model's performance...!                
	[Server] ...finished evaluation!                
	=> Loss: 50.7326                
	=> Accuracy: 5.24%

[INFO](2026/08/19/ 03:44:16 AM) [Round: 0414] Select clients...!
[INFO](2026/08/19/ 03:44:17 AM) [Round: 0414] ...successfully transmitted models to 10 selected clients!
[INFO](2026/08/19/ 03:44:17 AM) [Round: 0414] Start updating selected 10 clients...!
[INFO](2026/08/19/ 03:44:26 AM) [Round: 0414] ...10 clients are selected and updated (with total sample size: 43)!
[INFO](2026/08/19/ 03:44:26 AM) [Round: 0414] Aggregate updated weights of 10 clients...!
[INFO](2026/08/19/ 03:44:27 AM) [Round: 0414] ...updated weights of 10 clients are successfully averaged!
[INFO](2026/08/19/ 03:44:28 AM) [Round: 0414] Evaluate global model's performance...!                
	[Server] ...finished evaluation!                
	=> Loss: 39.4910                
	=> Accuracy: 5.95%

[INFO](2026/08/19/ 03:44:28 AM) [Round: 0415] Select clients...!
[INFO](2026/08/19/ 03:44:29 AM) [Round: 0415] ...successfully transmitted models to 10 selected clients!
[INFO](2026/08/19/ 03:44:29 AM) [Round: 0415] Start updating selected 10 clients...!
[INFO](2026/08/19/ 03:44:39 AM) [Round: 0415] ...10 clients are selected and updated (with total sample size: 30)!
[INFO](2026/08/19/ 03:44:40 AM) [Round: 0415] Aggregate updated weights of 10 clients...!
[INFO](2026/08/19/ 03:44:40 AM) [Round: 0415] ...updated weights of 10 clients are successfully averaged!
[INFO](2026/08/19/ 03:44:41 AM) [Round: 0415] Evaluate global model's performance...!                
	[Server] ...finished evaluation!                
	=> Loss: 34.7939                
	=> Accuracy: 3.57%

[INFO](2026/08/19/ 03:44:42 AM) [Round: 0416] Select clients...!
[INFO](2026/08/19/ 03:44:42 AM) [Round: 0416] ...successfully transmitted models to 10 selected clients!
[INFO](2026/08/19/ 03:44:42 AM) [Round: 0416] Start updating selected 10 clients...!
[INFO](2026/08/19/ 03:44:53 AM) [Round: 0416] ...10 clients are selected and updated (with total sample size: 43)!
[INFO](2026/08/19/ 03:44:53 AM) [Round: 0416] Aggregate updated weights of 10 clients...!
[INFO](2026/08/19/ 03:44:53 AM) [Round: 0416] ...updated weights of 10 clients are successfully averaged!
[INFO](2026/08/19/ 03:44:54 AM) [Round: 0416] Evaluate global model's performance...!                
	[Server] ...finished evaluation!                
	=> Loss: 61.4763                
	=> Accuracy: 5.24%

[INFO](2026/08/19/ 03:44:55 AM) [Round: 0417] Select clients...!
[INFO](2026/08/19/ 03:44:55 AM) [Round: 0417] ...successfully transmitted models to 10 selected clients!
[INFO](2026/08/19/ 03:44:55 AM) [Round: 0417] Start updating selected 10 clients...!
[INFO](2026/08/19/ 03:45:05 AM) [Round: 0417] ...10 clients are selected and updated (with total sample size: 28)!
[INFO](2026/08/19/ 03:45:05 AM) [Round: 0417] Aggregate updated weights of 10 clients...!
[INFO](2026/08/19/ 03:45:06 AM) [Round: 0417] ...updated weights of 10 clients are successfully averaged!
[INFO](2026/08/19/ 03:45:07 AM) [Round: 0417] Evaluate global model's performance...!                
	[Server] ...finished evaluation!                
	=> Loss: 55.3889                
	=> Accuracy: 5.00%

[INFO](2026/08/19/ 03:45:07 AM) [Round: 0418] Select clients...!
[INFO](2026/08/19/ 03:45:08 AM) [Round: 0418] ...successfully transmitted models to 10 selected clients!
[INFO](2026/08/19/ 03:45:08 AM) [Round: 0418] Start updating selected 10 clients...!
[INFO](2026/08/19/ 03:45:18 AM) [Round: 0418] ...10 clients are selected and updated (with total sample size: 42)!
[INFO](2026/08/19/ 03:45:18 AM) [Round: 0418] Aggregate updated weights of 10 clients...!
[INFO](2026/08/19/ 03:45:19 AM) [Round: 0418] ...updated weights of 10 clients are successfully averaged!
[INFO](2026/08/19/ 03:45:21 AM) [Round: 0418] Evaluate global model's performance...!                
	[Server] ...finished evaluation!                
	=> Loss: 60.4167                
	=> Accuracy: 4.05%

[INFO](2026/08/19/ 03:45:21 AM) [Round: 0419] Select clients...!
[INFO](2026/08/19/ 03:45:21 AM) [Round: 0419] ...successfully transmitted models to 10 selected clients!
[INFO](2026/08/19/ 03:45:21 AM) [Round: 0419] Start updating selected 10 clients...!
[INFO](2026/08/19/ 03:45:34 AM) [Round: 0419] ...10 clients are selected and updated (with total sample size: 52)!
[INFO](2026/08/19/ 03:45:34 AM) [Round: 0419] Aggregate updated weights of 10 clients...!
[INFO](2026/08/19/ 03:45:34 AM) [Round: 0419] ...updated weights of 10 clients are successfully averaged!
[INFO](2026/08/19/ 03:45:36 AM) [Round: 0419] Evaluate global model's performance...!                
	[Server] ...finished evaluation!                
	=> Loss: 71.0292                
	=> Accuracy: 5.71%

[INFO](2026/08/19/ 03:45:36 AM) [Round: 0420] Select clients...!
[INFO](2026/08/19/ 03:45:36 AM) [Round: 0420] ...successfully transmitted models to 10 selected clients!
[INFO](2026/08/19/ 03:45:37 AM) [Round: 0420] Start updating selected 10 clients...!
[INFO](2026/08/19/ 03:45:46 AM) [Round: 0420] ...10 clients are selected and updated (with total sample size: 43)!
[INFO](2026/08/19/ 03:45:46 AM) [Round: 0420] Aggregate updated weights of 10 clients...!
[INFO](2026/08/19/ 03:45:47 AM) [Round: 0420] ...updated weights of 10 clients are successfully averaged!
[INFO](2026/08/19/ 03:45:49 AM) [Round: 0420] Evaluate global model's performance...!                
	[Server] ...finished evaluation!                
	=> Loss: 65.2113                
	=> Accuracy: 4.52%

[INFO](2026/08/19/ 03:45:49 AM) [Round: 0421] Select clients...!
[INFO](2026/08/19/ 03:45:49 AM) [Round: 0421] ...successfully transmitted models to 10 selected clients!
[INFO](2026/08/19/ 03:45:49 AM) [Round: 0421] Start updating selected 10 clients...!
[INFO](2026/08/19/ 03:46:01 AM) [Round: 0421] ...10 clients are selected and updated (with total sample size: 57)!
[INFO](2026/08/19/ 03:46:01 AM) [Round: 0421] Aggregate updated weights of 10 clients...!
[INFO](2026/08/19/ 03:46:01 AM) [Round: 0421] ...updated weights of 10 clients are successfully averaged!
[INFO](2026/08/19/ 03:46:03 AM) [Round: 0421] Evaluate global model's performance...!                
	[Server] ...finished evaluation!                
	=> Loss: 35.4408                
	=> Accuracy: 5.71%

[INFO](2026/08/19/ 03:46:03 AM) [Round: 0422] Select clients...!
[INFO](2026/08/19/ 03:46:04 AM) [Round: 0422] ...successfully transmitted models to 10 selected clients!
[INFO](2026/08/19/ 03:46:04 AM) [Round: 0422] Start updating selected 10 clients...!
[INFO](2026/08/19/ 03:46:15 AM) [Round: 0422] ...10 clients are selected and updated (with total sample size: 35)!
[INFO](2026/08/19/ 03:46:15 AM) [Round: 0422] Aggregate updated weights of 10 clients...!
[INFO](2026/08/19/ 03:46:16 AM) [Round: 0422] ...updated weights of 10 clients are successfully averaged!
[INFO](2026/08/19/ 03:46:17 AM) [Round: 0422] Evaluate global model's performance...!                
	[Server] ...finished evaluation!                
	=> Loss: 30.8587                
	=> Accuracy: 5.24%

[INFO](2026/08/19/ 03:46:17 AM) [Round: 0423] Select clients...!
[INFO](2026/08/19/ 03:46:18 AM) [Round: 0423] ...successfully transmitted models to 10 selected clients!
[INFO](2026/08/19/ 03:46:18 AM) [Round: 0423] Start updating selected 10 clients...!
[INFO](2026/08/19/ 03:46:27 AM) [Round: 0423] ...10 clients are selected and updated (with total sample size: 42)!
[INFO](2026/08/19/ 03:46:27 AM) [Round: 0423] Aggregate updated weights of 10 clients...!
[INFO](2026/08/19/ 03:46:27 AM) [Round: 0423] ...updated weights of 10 clients are successfully averaged!
[INFO](2026/08/19/ 03:46:29 AM) [Round: 0423] Evaluate global model's performance...!                
	[Server] ...finished evaluation!                
	=> Loss: 36.8129                
	=> Accuracy: 5.71%

[INFO](2026/08/19/ 03:46:29 AM) [Round: 0424] Select clients...!
[INFO](2026/08/19/ 03:46:30 AM) [Round: 0424] ...successfully transmitted models to 10 selected clients!
[INFO](2026/08/19/ 03:46:30 AM) [Round: 0424] Start updating selected 10 clients...!
[INFO](2026/08/19/ 03:46:41 AM) [Round: 0424] ...10 clients are selected and updated (with total sample size: 39)!
[INFO](2026/08/19/ 03:46:41 AM) [Round: 0424] Aggregate updated weights of 10 clients...!
[INFO](2026/08/19/ 03:46:41 AM) [Round: 0424] ...updated weights of 10 clients are successfully averaged!
[INFO](2026/08/19/ 03:46:43 AM) [Round: 0424] Evaluate global model's performance...!                
	[Server] ...finished evaluation!                
	=> Loss: 22.5977                
	=> Accuracy: 7.38%

[INFO](2026/08/19/ 03:46:43 AM) [Round: 0425] Select clients...!
[INFO](2026/08/19/ 03:46:44 AM) [Round: 0425] ...successfully transmitted models to 10 selected clients!
[INFO](2026/08/19/ 03:46:44 AM) [Round: 0425] Start updating selected 10 clients...!
[INFO](2026/08/19/ 03:46:55 AM) [Round: 0425] ...10 clients are selected and updated (with total sample size: 43)!
[INFO](2026/08/19/ 03:46:55 AM) [Round: 0425] Aggregate updated weights of 10 clients...!
[INFO](2026/08/19/ 03:46:55 AM) [Round: 0425] ...updated weights of 10 clients are successfully averaged!
[INFO](2026/08/19/ 03:46:57 AM) [Round: 0425] Evaluate global model's performance...!                
	[Server] ...finished evaluation!                
	=> Loss: 48.8259                
	=> Accuracy: 4.52%

[INFO](2026/08/19/ 03:46:57 AM) [Round: 0426] Select clients...!
[INFO](2026/08/19/ 03:46:57 AM) [Round: 0426] ...successfully transmitted models to 10 selected clients!
[INFO](2026/08/19/ 03:46:57 AM) [Round: 0426] Start updating selected 10 clients...!
[INFO](2026/08/19/ 03:47:08 AM) [Round: 0426] ...10 clients are selected and updated (with total sample size: 57)!
[INFO](2026/08/19/ 03:47:08 AM) [Round: 0426] Aggregate updated weights of 10 clients...!
[INFO](2026/08/19/ 03:47:08 AM) [Round: 0426] ...updated weights of 10 clients are successfully averaged!
[INFO](2026/08/19/ 03:47:10 AM) [Round: 0426] Evaluate global model's performance...!                
	[Server] ...finished evaluation!                
	=> Loss: 40.9846                
	=> Accuracy: 3.81%

[INFO](2026/08/19/ 03:47:10 AM) [Round: 0427] Select clients...!
[INFO](2026/08/19/ 03:47:11 AM) [Round: 0427] ...successfully transmitted models to 10 selected clients!
[INFO](2026/08/19/ 03:47:11 AM) [Round: 0427] Start updating selected 10 clients...!
[INFO](2026/08/19/ 03:47:21 AM) [Round: 0427] ...10 clients are selected and updated (with total sample size: 43)!
[INFO](2026/08/19/ 03:47:21 AM) [Round: 0427] Aggregate updated weights of 10 clients...!
[INFO](2026/08/19/ 03:47:21 AM) [Round: 0427] ...updated weights of 10 clients are successfully averaged!
[INFO](2026/08/19/ 03:47:23 AM) [Round: 0427] Evaluate global model's performance...!                
	[Server] ...finished evaluation!                
	=> Loss: 37.3588                
	=> Accuracy: 4.05%

[INFO](2026/08/19/ 03:47:23 AM) [Round: 0428] Select clients...!
[INFO](2026/08/19/ 03:47:23 AM) [Round: 0428] ...successfully transmitted models to 10 selected clients!
[INFO](2026/08/19/ 03:47:23 AM) [Round: 0428] Start updating selected 10 clients...!
[INFO](2026/08/19/ 03:47:34 AM) [Round: 0428] ...10 clients are selected and updated (with total sample size: 43)!
[INFO](2026/08/19/ 03:47:34 AM) [Round: 0428] Aggregate updated weights of 10 clients...!
[INFO](2026/08/19/ 03:47:35 AM) [Round: 0428] ...updated weights of 10 clients are successfully averaged!
[INFO](2026/08/19/ 03:47:36 AM) [Round: 0428] Evaluate global model's performance...!                
	[Server] ...finished evaluation!                
	=> Loss: 58.6414                
	=> Accuracy: 5.00%

[INFO](2026/08/19/ 03:47:37 AM) [Round: 0429] Select clients...!
[INFO](2026/08/19/ 03:47:37 AM) [Round: 0429] ...successfully transmitted models to 10 selected clients!
[INFO](2026/08/19/ 03:47:37 AM) [Round: 0429] Start updating selected 10 clients...!
[INFO](2026/08/19/ 03:47:48 AM) [Round: 0429] ...10 clients are selected and updated (with total sample size: 43)!
[INFO](2026/08/19/ 03:47:48 AM) [Round: 0429] Aggregate updated weights of 10 clients...!
[INFO](2026/08/19/ 03:47:48 AM) [Round: 0429] ...updated weights of 10 clients are successfully averaged!
[INFO](2026/08/19/ 03:47:50 AM) [Round: 0429] Evaluate global model's performance...!                
	[Server] ...finished evaluation!                
	=> Loss: 36.0059                
	=> Accuracy: 4.05%

[INFO](2026/08/19/ 03:47:50 AM) [Round: 0430] Select clients...!
[INFO](2026/08/19/ 03:47:50 AM) [Round: 0430] ...successfully transmitted models to 10 selected clients!
[INFO](2026/08/19/ 03:47:51 AM) [Round: 0430] Start updating selected 10 clients...!
[INFO](2026/08/19/ 03:48:01 AM) [Round: 0430] ...10 clients are selected and updated (with total sample size: 43)!
[INFO](2026/08/19/ 03:48:01 AM) [Round: 0430] Aggregate updated weights of 10 clients...!
[INFO](2026/08/19/ 03:48:02 AM) [Round: 0430] ...updated weights of 10 clients are successfully averaged!
[INFO](2026/08/19/ 03:48:03 AM) [Round: 0430] Evaluate global model's performance...!                
	[Server] ...finished evaluation!                
	=> Loss: 45.3410                
	=> Accuracy: 5.00%

[INFO](2026/08/19/ 03:48:03 AM) [Round: 0431] Select clients...!
[INFO](2026/08/19/ 03:48:04 AM) [Round: 0431] ...successfully transmitted models to 10 selected clients!
[INFO](2026/08/19/ 03:48:04 AM) [Round: 0431] Start updating selected 10 clients...!
[INFO](2026/08/19/ 03:48:15 AM) [Round: 0431] ...10 clients are selected and updated (with total sample size: 39)!
[INFO](2026/08/19/ 03:48:15 AM) [Round: 0431] Aggregate updated weights of 10 clients...!
[INFO](2026/08/19/ 03:48:15 AM) [Round: 0431] ...updated weights of 10 clients are successfully averaged!
[INFO](2026/08/19/ 03:48:16 AM) [Round: 0431] Evaluate global model's performance...!                
	[Server] ...finished evaluation!                
	=> Loss: 30.2351                
	=> Accuracy: 5.00%

[INFO](2026/08/19/ 03:48:17 AM) [Round: 0432] Select clients...!
[INFO](2026/08/19/ 03:48:17 AM) [Round: 0432] ...successfully transmitted models to 10 selected clients!
[INFO](2026/08/19/ 03:48:17 AM) [Round: 0432] Start updating selected 10 clients...!
[INFO](2026/08/19/ 03:48:28 AM) [Round: 0432] ...10 clients are selected and updated (with total sample size: 30)!
[INFO](2026/08/19/ 03:48:28 AM) [Round: 0432] Aggregate updated weights of 10 clients...!
[INFO](2026/08/19/ 03:48:28 AM) [Round: 0432] ...updated weights of 10 clients are successfully averaged!
[INFO](2026/08/19/ 03:48:30 AM) [Round: 0432] Evaluate global model's performance...!                
	[Server] ...finished evaluation!                
	=> Loss: 33.6459                
	=> Accuracy: 5.00%

[INFO](2026/08/19/ 03:48:30 AM) [Round: 0433] Select clients...!
[INFO](2026/08/19/ 03:48:31 AM) [Round: 0433] ...successfully transmitted models to 10 selected clients!
[INFO](2026/08/19/ 03:48:31 AM) [Round: 0433] Start updating selected 10 clients...!
[INFO](2026/08/19/ 03:48:42 AM) [Round: 0433] ...10 clients are selected and updated (with total sample size: 52)!
[INFO](2026/08/19/ 03:48:42 AM) [Round: 0433] Aggregate updated weights of 10 clients...!
[INFO](2026/08/19/ 03:48:42 AM) [Round: 0433] ...updated weights of 10 clients are successfully averaged!
[INFO](2026/08/19/ 03:48:44 AM) [Round: 0433] Evaluate global model's performance...!                
	[Server] ...finished evaluation!                
	=> Loss: 33.3250                
	=> Accuracy: 4.76%

[INFO](2026/08/19/ 03:48:44 AM) [Round: 0434] Select clients...!
[INFO](2026/08/19/ 03:48:45 AM) [Round: 0434] ...successfully transmitted models to 10 selected clients!
[INFO](2026/08/19/ 03:48:45 AM) [Round: 0434] Start updating selected 10 clients...!
[INFO](2026/08/19/ 03:48:56 AM) [Round: 0434] ...10 clients are selected and updated (with total sample size: 42)!
[INFO](2026/08/19/ 03:48:56 AM) [Round: 0434] Aggregate updated weights of 10 clients...!
[INFO](2026/08/19/ 03:48:57 AM) [Round: 0434] ...updated weights of 10 clients are successfully averaged!
[INFO](2026/08/19/ 03:48:58 AM) [Round: 0434] Evaluate global model's performance...!                
	[Server] ...finished evaluation!                
	=> Loss: 33.1588                
	=> Accuracy: 4.05%

[INFO](2026/08/19/ 03:48:58 AM) [Round: 0435] Select clients...!
[INFO](2026/08/19/ 03:48:59 AM) [Round: 0435] ...successfully transmitted models to 10 selected clients!
[INFO](2026/08/19/ 03:48:59 AM) [Round: 0435] Start updating selected 10 clients...!
[INFO](2026/08/19/ 03:49:08 AM) [Round: 0435] ...10 clients are selected and updated (with total sample size: 43)!
[INFO](2026/08/19/ 03:49:08 AM) [Round: 0435] Aggregate updated weights of 10 clients...!
[INFO](2026/08/19/ 03:49:08 AM) [Round: 0435] ...updated weights of 10 clients are successfully averaged!
[INFO](2026/08/19/ 03:49:10 AM) [Round: 0435] Evaluate global model's performance...!                
	[Server] ...finished evaluation!                
	=> Loss: 36.3708                
	=> Accuracy: 3.57%

[INFO](2026/08/19/ 03:49:10 AM) [Round: 0436] Select clients...!
[INFO](2026/08/19/ 03:49:11 AM) [Round: 0436] ...successfully transmitted models to 10 selected clients!
[INFO](2026/08/19/ 03:49:11 AM) [Round: 0436] Start updating selected 10 clients...!
[INFO](2026/08/19/ 03:49:22 AM) [Round: 0436] ...10 clients are selected and updated (with total sample size: 30)!
[INFO](2026/08/19/ 03:49:22 AM) [Round: 0436] Aggregate updated weights of 10 clients...!
[INFO](2026/08/19/ 03:49:22 AM) [Round: 0436] ...updated weights of 10 clients are successfully averaged!
[INFO](2026/08/19/ 03:49:24 AM) [Round: 0436] Evaluate global model's performance...!                
	[Server] ...finished evaluation!                
	=> Loss: 49.8457                
	=> Accuracy: 4.76%

[INFO](2026/08/19/ 03:49:24 AM) [Round: 0437] Select clients...!
[INFO](2026/08/19/ 03:49:24 AM) [Round: 0437] ...successfully transmitted models to 10 selected clients!
[INFO](2026/08/19/ 03:49:25 AM) [Round: 0437] Start updating selected 10 clients...!
[INFO](2026/08/19/ 03:49:35 AM) [Round: 0437] ...10 clients are selected and updated (with total sample size: 43)!
[INFO](2026/08/19/ 03:49:35 AM) [Round: 0437] Aggregate updated weights of 10 clients...!
[INFO](2026/08/19/ 03:49:35 AM) [Round: 0437] ...updated weights of 10 clients are successfully averaged!
[INFO](2026/08/19/ 03:49:37 AM) [Round: 0437] Evaluate global model's performance...!                
	[Server] ...finished evaluation!                
	=> Loss: 23.5921                
	=> Accuracy: 4.76%

[INFO](2026/08/19/ 03:49:37 AM) [Round: 0438] Select clients...!
[INFO](2026/08/19/ 03:49:37 AM) [Round: 0438] ...successfully transmitted models to 10 selected clients!
[INFO](2026/08/19/ 03:49:38 AM) [Round: 0438] Start updating selected 10 clients...!
[INFO](2026/08/19/ 03:49:47 AM) [Round: 0438] ...10 clients are selected and updated (with total sample size: 30)!
[INFO](2026/08/19/ 03:49:47 AM) [Round: 0438] Aggregate updated weights of 10 clients...!
[INFO](2026/08/19/ 03:49:47 AM) [Round: 0438] ...updated weights of 10 clients are successfully averaged!
[INFO](2026/08/19/ 03:49:49 AM) [Round: 0438] Evaluate global model's performance...!                
	[Server] ...finished evaluation!                
	=> Loss: 17.7126                
	=> Accuracy: 5.00%

[INFO](2026/08/19/ 03:49:49 AM) [Round: 0439] Select clients...!
[INFO](2026/08/19/ 03:49:49 AM) [Round: 0439] ...successfully transmitted models to 10 selected clients!
[INFO](2026/08/19/ 03:49:49 AM) [Round: 0439] Start updating selected 10 clients...!
[INFO](2026/08/19/ 03:49:59 AM) [Round: 0439] ...10 clients are selected and updated (with total sample size: 35)!
[INFO](2026/08/19/ 03:50:00 AM) [Round: 0439] Aggregate updated weights of 10 clients...!
[INFO](2026/08/19/ 03:50:00 AM) [Round: 0439] ...updated weights of 10 clients are successfully averaged!
[INFO](2026/08/19/ 03:50:01 AM) [Round: 0439] Evaluate global model's performance...!                
	[Server] ...finished evaluation!                
	=> Loss: 19.8326                
	=> Accuracy: 6.43%

[INFO](2026/08/19/ 03:50:02 AM) [Round: 0440] Select clients...!
[INFO](2026/08/19/ 03:50:02 AM) [Round: 0440] ...successfully transmitted models to 10 selected clients!
[INFO](2026/08/19/ 03:50:02 AM) [Round: 0440] Start updating selected 10 clients...!
[INFO](2026/08/19/ 03:50:13 AM) [Round: 0440] ...10 clients are selected and updated (with total sample size: 43)!
[INFO](2026/08/19/ 03:50:13 AM) [Round: 0440] Aggregate updated weights of 10 clients...!
[INFO](2026/08/19/ 03:50:13 AM) [Round: 0440] ...updated weights of 10 clients are successfully averaged!
[INFO](2026/08/19/ 03:50:15 AM) [Round: 0440] Evaluate global model's performance...!                
	[Server] ...finished evaluation!                
	=> Loss: 18.6881                
	=> Accuracy: 5.24%

[INFO](2026/08/19/ 03:50:15 AM) [Round: 0441] Select clients...!
[INFO](2026/08/19/ 03:50:15 AM) [Round: 0441] ...successfully transmitted models to 10 selected clients!
[INFO](2026/08/19/ 03:50:15 AM) [Round: 0441] Start updating selected 10 clients...!
[INFO](2026/08/19/ 03:50:26 AM) [Round: 0441] ...10 clients are selected and updated (with total sample size: 30)!
[INFO](2026/08/19/ 03:50:26 AM) [Round: 0441] Aggregate updated weights of 10 clients...!
[INFO](2026/08/19/ 03:50:27 AM) [Round: 0441] ...updated weights of 10 clients are successfully averaged!
[INFO](2026/08/19/ 03:50:28 AM) [Round: 0441] Evaluate global model's performance...!                
	[Server] ...finished evaluation!                
	=> Loss: 23.4815                
	=> Accuracy: 3.81%

[INFO](2026/08/19/ 03:50:28 AM) [Round: 0442] Select clients...!
[INFO](2026/08/19/ 03:50:29 AM) [Round: 0442] ...successfully transmitted models to 10 selected clients!
[INFO](2026/08/19/ 03:50:29 AM) [Round: 0442] Start updating selected 10 clients...!
[INFO](2026/08/19/ 03:50:40 AM) [Round: 0442] ...10 clients are selected and updated (with total sample size: 43)!
[INFO](2026/08/19/ 03:50:40 AM) [Round: 0442] Aggregate updated weights of 10 clients...!
[INFO](2026/08/19/ 03:50:40 AM) [Round: 0442] ...updated weights of 10 clients are successfully averaged!
[INFO](2026/08/19/ 03:50:42 AM) [Round: 0442] Evaluate global model's performance...!                
	[Server] ...finished evaluation!                
	=> Loss: 28.5643                
	=> Accuracy: 6.43%

[INFO](2026/08/19/ 03:50:42 AM) [Round: 0443] Select clients...!
[INFO](2026/08/19/ 03:50:42 AM) [Round: 0443] ...successfully transmitted models to 10 selected clients!
[INFO](2026/08/19/ 03:50:43 AM) [Round: 0443] Start updating selected 10 clients...!
[INFO](2026/08/19/ 03:50:53 AM) [Round: 0443] ...10 clients are selected and updated (with total sample size: 39)!
[INFO](2026/08/19/ 03:50:53 AM) [Round: 0443] Aggregate updated weights of 10 clients...!
[INFO](2026/08/19/ 03:50:54 AM) [Round: 0443] ...updated weights of 10 clients are successfully averaged!
[INFO](2026/08/19/ 03:50:55 AM) [Round: 0443] Evaluate global model's performance...!                
	[Server] ...finished evaluation!                
	=> Loss: 24.6757                
	=> Accuracy: 6.90%

[INFO](2026/08/19/ 03:50:55 AM) [Round: 0444] Select clients...!
[INFO](2026/08/19/ 03:50:56 AM) [Round: 0444] ...successfully transmitted models to 10 selected clients!
[INFO](2026/08/19/ 03:50:56 AM) [Round: 0444] Start updating selected 10 clients...!
[INFO](2026/08/19/ 03:51:06 AM) [Round: 0444] ...10 clients are selected and updated (with total sample size: 39)!
[INFO](2026/08/19/ 03:51:06 AM) [Round: 0444] Aggregate updated weights of 10 clients...!
[INFO](2026/08/19/ 03:51:06 AM) [Round: 0444] ...updated weights of 10 clients are successfully averaged!
[INFO](2026/08/19/ 03:51:08 AM) [Round: 0444] Evaluate global model's performance...!                
	[Server] ...finished evaluation!                
	=> Loss: 28.5987                
	=> Accuracy: 3.33%

[INFO](2026/08/19/ 03:51:08 AM) [Round: 0445] Select clients...!
[INFO](2026/08/19/ 03:51:09 AM) [Round: 0445] ...successfully transmitted models to 10 selected clients!
[INFO](2026/08/19/ 03:51:09 AM) [Round: 0445] Start updating selected 10 clients...!
[INFO](2026/08/19/ 03:51:18 AM) [Round: 0445] ...10 clients are selected and updated (with total sample size: 30)!
[INFO](2026/08/19/ 03:51:18 AM) [Round: 0445] Aggregate updated weights of 10 clients...!
[INFO](2026/08/19/ 03:51:18 AM) [Round: 0445] ...updated weights of 10 clients are successfully averaged!
[INFO](2026/08/19/ 03:51:20 AM) [Round: 0445] Evaluate global model's performance...!                
	[Server] ...finished evaluation!                
	=> Loss: 30.5472                
	=> Accuracy: 5.95%

[INFO](2026/08/19/ 03:51:20 AM) [Round: 0446] Select clients...!
[INFO](2026/08/19/ 03:51:20 AM) [Round: 0446] ...successfully transmitted models to 10 selected clients!
[INFO](2026/08/19/ 03:51:21 AM) [Round: 0446] Start updating selected 10 clients...!
[INFO](2026/08/19/ 03:51:31 AM) [Round: 0446] ...10 clients are selected and updated (with total sample size: 52)!
[INFO](2026/08/19/ 03:51:31 AM) [Round: 0446] Aggregate updated weights of 10 clients...!
[INFO](2026/08/19/ 03:51:32 AM) [Round: 0446] ...updated weights of 10 clients are successfully averaged!
[INFO](2026/08/19/ 03:51:33 AM) [Round: 0446] Evaluate global model's performance...!                
	[Server] ...finished evaluation!                
	=> Loss: 23.5247                
	=> Accuracy: 8.10%

[INFO](2026/08/19/ 03:51:34 AM) [Round: 0447] Select clients...!
[INFO](2026/08/19/ 03:51:34 AM) [Round: 0447] ...successfully transmitted models to 10 selected clients!
[INFO](2026/08/19/ 03:51:34 AM) [Round: 0447] Start updating selected 10 clients...!
[INFO](2026/08/19/ 03:51:44 AM) [Round: 0447] ...10 clients are selected and updated (with total sample size: 52)!
[INFO](2026/08/19/ 03:51:44 AM) [Round: 0447] Aggregate updated weights of 10 clients...!
[INFO](2026/08/19/ 03:51:45 AM) [Round: 0447] ...updated weights of 10 clients are successfully averaged!
[INFO](2026/08/19/ 03:51:46 AM) [Round: 0447] Evaluate global model's performance...!                
	[Server] ...finished evaluation!                
	=> Loss: 36.1387                
	=> Accuracy: 5.00%

[INFO](2026/08/19/ 03:51:46 AM) [Round: 0448] Select clients...!
[INFO](2026/08/19/ 03:51:47 AM) [Round: 0448] ...successfully transmitted models to 10 selected clients!
[INFO](2026/08/19/ 03:51:47 AM) [Round: 0448] Start updating selected 10 clients...!
[INFO](2026/08/19/ 03:51:56 AM) [Round: 0448] ...10 clients are selected and updated (with total sample size: 39)!
[INFO](2026/08/19/ 03:51:56 AM) [Round: 0448] Aggregate updated weights of 10 clients...!
[INFO](2026/08/19/ 03:51:56 AM) [Round: 0448] ...updated weights of 10 clients are successfully averaged!
[INFO](2026/08/19/ 03:51:57 AM) [Round: 0448] Evaluate global model's performance...!                
	[Server] ...finished evaluation!                
	=> Loss: 44.4713                
	=> Accuracy: 3.81%

[INFO](2026/08/19/ 03:51:57 AM) [Round: 0449] Select clients...!
[INFO](2026/08/19/ 03:51:58 AM) [Round: 0449] ...successfully transmitted models to 10 selected clients!
[INFO](2026/08/19/ 03:51:58 AM) [Round: 0449] Start updating selected 10 clients...!
[INFO](2026/08/19/ 03:52:10 AM) [Round: 0449] ...10 clients are selected and updated (with total sample size: 57)!
[INFO](2026/08/19/ 03:52:10 AM) [Round: 0449] Aggregate updated weights of 10 clients...!
[INFO](2026/08/19/ 03:52:10 AM) [Round: 0449] ...updated weights of 10 clients are successfully averaged!
[INFO](2026/08/19/ 03:52:12 AM) [Round: 0449] Evaluate global model's performance...!                
	[Server] ...finished evaluation!                
	=> Loss: 46.0100                
	=> Accuracy: 5.24%

[INFO](2026/08/19/ 03:52:12 AM) [Round: 0450] Select clients...!
[INFO](2026/08/19/ 03:52:13 AM) [Round: 0450] ...successfully transmitted models to 10 selected clients!
[INFO](2026/08/19/ 03:52:13 AM) [Round: 0450] Start updating selected 10 clients...!
[INFO](2026/08/19/ 03:52:24 AM) [Round: 0450] ...10 clients are selected and updated (with total sample size: 43)!
[INFO](2026/08/19/ 03:52:24 AM) [Round: 0450] Aggregate updated weights of 10 clients...!
[INFO](2026/08/19/ 03:52:24 AM) [Round: 0450] ...updated weights of 10 clients are successfully averaged!
[INFO](2026/08/19/ 03:52:26 AM) [Round: 0450] Evaluate global model's performance...!                
	[Server] ...finished evaluation!                
	=> Loss: 33.1849                
	=> Accuracy: 6.19%

[INFO](2026/08/19/ 03:52:26 AM) [Round: 0451] Select clients...!
[INFO](2026/08/19/ 03:52:27 AM) [Round: 0451] ...successfully transmitted models to 10 selected clients!
[INFO](2026/08/19/ 03:52:27 AM) [Round: 0451] Start updating selected 10 clients...!
[INFO](2026/08/19/ 03:52:38 AM) [Round: 0451] ...10 clients are selected and updated (with total sample size: 56)!
[INFO](2026/08/19/ 03:52:39 AM) [Round: 0451] Aggregate updated weights of 10 clients...!
[INFO](2026/08/19/ 03:52:39 AM) [Round: 0451] ...updated weights of 10 clients are successfully averaged!
[INFO](2026/08/19/ 03:52:41 AM) [Round: 0451] Evaluate global model's performance...!                
	[Server] ...finished evaluation!                
	=> Loss: 49.9178                
	=> Accuracy: 5.00%

[INFO](2026/08/19/ 03:52:41 AM) [Round: 0452] Select clients...!
[INFO](2026/08/19/ 03:52:41 AM) [Round: 0452] ...successfully transmitted models to 10 selected clients!
[INFO](2026/08/19/ 03:52:41 AM) [Round: 0452] Start updating selected 10 clients...!
[INFO](2026/08/19/ 03:52:51 AM) [Round: 0452] ...10 clients are selected and updated (with total sample size: 43)!
[INFO](2026/08/19/ 03:52:51 AM) [Round: 0452] Aggregate updated weights of 10 clients...!
[INFO](2026/08/19/ 03:52:51 AM) [Round: 0452] ...updated weights of 10 clients are successfully averaged!
[INFO](2026/08/19/ 03:52:53 AM) [Round: 0452] Evaluate global model's performance...!                
	[Server] ...finished evaluation!                
	=> Loss: 48.4853                
	=> Accuracy: 5.24%

[INFO](2026/08/19/ 03:52:53 AM) [Round: 0453] Select clients...!
[INFO](2026/08/19/ 03:52:53 AM) [Round: 0453] ...successfully transmitted models to 10 selected clients!
[INFO](2026/08/19/ 03:52:53 AM) [Round: 0453] Start updating selected 10 clients...!
[INFO](2026/08/19/ 03:53:04 AM) [Round: 0453] ...10 clients are selected and updated (with total sample size: 43)!
[INFO](2026/08/19/ 03:53:04 AM) [Round: 0453] Aggregate updated weights of 10 clients...!
[INFO](2026/08/19/ 03:53:04 AM) [Round: 0453] ...updated weights of 10 clients are successfully averaged!
[INFO](2026/08/19/ 03:53:06 AM) [Round: 0453] Evaluate global model's performance...!                
	[Server] ...finished evaluation!                
	=> Loss: 34.2589                
	=> Accuracy: 5.24%

[INFO](2026/08/19/ 03:53:06 AM) [Round: 0454] Select clients...!
[INFO](2026/08/19/ 03:53:07 AM) [Round: 0454] ...successfully transmitted models to 10 selected clients!
[INFO](2026/08/19/ 03:53:07 AM) [Round: 0454] Start updating selected 10 clients...!
[INFO](2026/08/19/ 03:53:17 AM) [Round: 0454] ...10 clients are selected and updated (with total sample size: 52)!
[INFO](2026/08/19/ 03:53:17 AM) [Round: 0454] Aggregate updated weights of 10 clients...!
[INFO](2026/08/19/ 03:53:18 AM) [Round: 0454] ...updated weights of 10 clients are successfully averaged!
[INFO](2026/08/19/ 03:53:19 AM) [Round: 0454] Evaluate global model's performance...!                
	[Server] ...finished evaluation!                
	=> Loss: 34.7428                
	=> Accuracy: 5.00%

[INFO](2026/08/19/ 03:53:19 AM) [Round: 0455] Select clients...!
[INFO](2026/08/19/ 03:53:20 AM) [Round: 0455] ...successfully transmitted models to 10 selected clients!
[INFO](2026/08/19/ 03:53:20 AM) [Round: 0455] Start updating selected 10 clients...!
[INFO](2026/08/19/ 03:53:31 AM) [Round: 0455] ...10 clients are selected and updated (with total sample size: 52)!
[INFO](2026/08/19/ 03:53:31 AM) [Round: 0455] Aggregate updated weights of 10 clients...!
[INFO](2026/08/19/ 03:53:31 AM) [Round: 0455] ...updated weights of 10 clients are successfully averaged!
[INFO](2026/08/19/ 03:53:33 AM) [Round: 0455] Evaluate global model's performance...!                
	[Server] ...finished evaluation!                
	=> Loss: 37.9521                
	=> Accuracy: 6.67%

[INFO](2026/08/19/ 03:53:33 AM) [Round: 0456] Select clients...!
[INFO](2026/08/19/ 03:53:33 AM) [Round: 0456] ...successfully transmitted models to 10 selected clients!
[INFO](2026/08/19/ 03:53:34 AM) [Round: 0456] Start updating selected 10 clients...!
[INFO](2026/08/19/ 03:53:44 AM) [Round: 0456] ...10 clients are selected and updated (with total sample size: 43)!
[INFO](2026/08/19/ 03:53:44 AM) [Round: 0456] Aggregate updated weights of 10 clients...!
[INFO](2026/08/19/ 03:53:44 AM) [Round: 0456] ...updated weights of 10 clients are successfully averaged!
[INFO](2026/08/19/ 03:53:46 AM) [Round: 0456] Evaluate global model's performance...!                
	[Server] ...finished evaluation!                
	=> Loss: 59.3311                
	=> Accuracy: 5.48%

[INFO](2026/08/19/ 03:53:46 AM) [Round: 0457] Select clients...!
[INFO](2026/08/19/ 03:53:46 AM) [Round: 0457] ...successfully transmitted models to 10 selected clients!
[INFO](2026/08/19/ 03:53:46 AM) [Round: 0457] Start updating selected 10 clients...!
[INFO](2026/08/19/ 03:53:57 AM) [Round: 0457] ...10 clients are selected and updated (with total sample size: 52)!
[INFO](2026/08/19/ 03:53:57 AM) [Round: 0457] Aggregate updated weights of 10 clients...!
[INFO](2026/08/19/ 03:53:57 AM) [Round: 0457] ...updated weights of 10 clients are successfully averaged!
[INFO](2026/08/19/ 03:53:59 AM) [Round: 0457] Evaluate global model's performance...!                
	[Server] ...finished evaluation!                
	=> Loss: 40.2331                
	=> Accuracy: 5.71%

[INFO](2026/08/19/ 03:53:59 AM) [Round: 0458] Select clients...!
[INFO](2026/08/19/ 03:53:59 AM) [Round: 0458] ...successfully transmitted models to 10 selected clients!
[INFO](2026/08/19/ 03:54:00 AM) [Round: 0458] Start updating selected 10 clients...!
[INFO](2026/08/19/ 03:54:09 AM) [Round: 0458] ...10 clients are selected and updated (with total sample size: 30)!
[INFO](2026/08/19/ 03:54:09 AM) [Round: 0458] Aggregate updated weights of 10 clients...!
[INFO](2026/08/19/ 03:54:10 AM) [Round: 0458] ...updated weights of 10 clients are successfully averaged!
[INFO](2026/08/19/ 03:54:11 AM) [Round: 0458] Evaluate global model's performance...!                
	[Server] ...finished evaluation!                
	=> Loss: 35.6456                
	=> Accuracy: 4.52%

[INFO](2026/08/19/ 03:54:12 AM) [Round: 0459] Select clients...!
[INFO](2026/08/19/ 03:54:12 AM) [Round: 0459] ...successfully transmitted models to 10 selected clients!
[INFO](2026/08/19/ 03:54:12 AM) [Round: 0459] Start updating selected 10 clients...!
[INFO](2026/08/19/ 03:54:22 AM) [Round: 0459] ...10 clients are selected and updated (with total sample size: 36)!
[INFO](2026/08/19/ 03:54:22 AM) [Round: 0459] Aggregate updated weights of 10 clients...!
[INFO](2026/08/19/ 03:54:22 AM) [Round: 0459] ...updated weights of 10 clients are successfully averaged!
[INFO](2026/08/19/ 03:54:24 AM) [Round: 0459] Evaluate global model's performance...!                
	[Server] ...finished evaluation!                
	=> Loss: 52.9268                
	=> Accuracy: 5.00%

[INFO](2026/08/19/ 03:54:24 AM) [Round: 0460] Select clients...!
[INFO](2026/08/19/ 03:54:24 AM) [Round: 0460] ...successfully transmitted models to 10 selected clients!
[INFO](2026/08/19/ 03:54:24 AM) [Round: 0460] Start updating selected 10 clients...!
[INFO](2026/08/19/ 03:54:35 AM) [Round: 0460] ...10 clients are selected and updated (with total sample size: 43)!
[INFO](2026/08/19/ 03:54:35 AM) [Round: 0460] Aggregate updated weights of 10 clients...!
[INFO](2026/08/19/ 03:54:36 AM) [Round: 0460] ...updated weights of 10 clients are successfully averaged!
[INFO](2026/08/19/ 03:54:37 AM) [Round: 0460] Evaluate global model's performance...!                
	[Server] ...finished evaluation!                
	=> Loss: 38.5920                
	=> Accuracy: 2.62%

[INFO](2026/08/19/ 03:54:37 AM) [Round: 0461] Select clients...!
[INFO](2026/08/19/ 03:54:38 AM) [Round: 0461] ...successfully transmitted models to 10 selected clients!
[INFO](2026/08/19/ 03:54:38 AM) [Round: 0461] Start updating selected 10 clients...!
[INFO](2026/08/19/ 03:54:48 AM) [Round: 0461] ...10 clients are selected and updated (with total sample size: 35)!
[INFO](2026/08/19/ 03:54:48 AM) [Round: 0461] Aggregate updated weights of 10 clients...!
[INFO](2026/08/19/ 03:54:48 AM) [Round: 0461] ...updated weights of 10 clients are successfully averaged!
[INFO](2026/08/19/ 03:54:50 AM) [Round: 0461] Evaluate global model's performance...!                
	[Server] ...finished evaluation!                
	=> Loss: 53.9916                
	=> Accuracy: 5.00%

[INFO](2026/08/19/ 03:54:50 AM) [Round: 0462] Select clients...!
[INFO](2026/08/19/ 03:54:50 AM) [Round: 0462] ...successfully transmitted models to 10 selected clients!
[INFO](2026/08/19/ 03:54:51 AM) [Round: 0462] Start updating selected 10 clients...!
[INFO](2026/08/19/ 03:55:01 AM) [Round: 0462] ...10 clients are selected and updated (with total sample size: 52)!
[INFO](2026/08/19/ 03:55:01 AM) [Round: 0462] Aggregate updated weights of 10 clients...!
[INFO](2026/08/19/ 03:55:01 AM) [Round: 0462] ...updated weights of 10 clients are successfully averaged!
[INFO](2026/08/19/ 03:55:03 AM) [Round: 0462] Evaluate global model's performance...!                
	[Server] ...finished evaluation!                
	=> Loss: 36.6571                
	=> Accuracy: 4.05%

[INFO](2026/08/19/ 03:55:03 AM) [Round: 0463] Select clients...!
[INFO](2026/08/19/ 03:55:03 AM) [Round: 0463] ...successfully transmitted models to 10 selected clients!
[INFO](2026/08/19/ 03:55:03 AM) [Round: 0463] Start updating selected 10 clients...!
[INFO](2026/08/19/ 03:55:13 AM) [Round: 0463] ...10 clients are selected and updated (with total sample size: 39)!
[INFO](2026/08/19/ 03:55:13 AM) [Round: 0463] Aggregate updated weights of 10 clients...!
[INFO](2026/08/19/ 03:55:13 AM) [Round: 0463] ...updated weights of 10 clients are successfully averaged!
[INFO](2026/08/19/ 03:55:15 AM) [Round: 0463] Evaluate global model's performance...!                
	[Server] ...finished evaluation!                
	=> Loss: 63.4931                
	=> Accuracy: 5.00%

[INFO](2026/08/19/ 03:55:15 AM) [Round: 0464] Select clients...!
[INFO](2026/08/19/ 03:55:15 AM) [Round: 0464] ...successfully transmitted models to 10 selected clients!
[INFO](2026/08/19/ 03:55:15 AM) [Round: 0464] Start updating selected 10 clients...!
[INFO](2026/08/19/ 03:55:25 AM) [Round: 0464] ...10 clients are selected and updated (with total sample size: 28)!
[INFO](2026/08/19/ 03:55:25 AM) [Round: 0464] Aggregate updated weights of 10 clients...!
[INFO](2026/08/19/ 03:55:25 AM) [Round: 0464] ...updated weights of 10 clients are successfully averaged!
[INFO](2026/08/19/ 03:55:27 AM) [Round: 0464] Evaluate global model's performance...!                
	[Server] ...finished evaluation!                
	=> Loss: 35.6838                
	=> Accuracy: 5.00%

[INFO](2026/08/19/ 03:55:27 AM) [Round: 0465] Select clients...!
[INFO](2026/08/19/ 03:55:28 AM) [Round: 0465] ...successfully transmitted models to 10 selected clients!
[INFO](2026/08/19/ 03:55:28 AM) [Round: 0465] Start updating selected 10 clients...!
[INFO](2026/08/19/ 03:55:38 AM) [Round: 0465] ...10 clients are selected and updated (with total sample size: 39)!
[INFO](2026/08/19/ 03:55:38 AM) [Round: 0465] Aggregate updated weights of 10 clients...!
[INFO](2026/08/19/ 03:55:38 AM) [Round: 0465] ...updated weights of 10 clients are successfully averaged!
[INFO](2026/08/19/ 03:55:40 AM) [Round: 0465] Evaluate global model's performance...!                
	[Server] ...finished evaluation!                
	=> Loss: 58.9460                
	=> Accuracy: 4.76%

[INFO](2026/08/19/ 03:55:40 AM) [Round: 0466] Select clients...!
[INFO](2026/08/19/ 03:55:41 AM) [Round: 0466] ...successfully transmitted models to 10 selected clients!
[INFO](2026/08/19/ 03:55:41 AM) [Round: 0466] Start updating selected 10 clients...!
[INFO](2026/08/19/ 03:55:51 AM) [Round: 0466] ...10 clients are selected and updated (with total sample size: 42)!
[INFO](2026/08/19/ 03:55:51 AM) [Round: 0466] Aggregate updated weights of 10 clients...!
[INFO](2026/08/19/ 03:55:51 AM) [Round: 0466] ...updated weights of 10 clients are successfully averaged!
[INFO](2026/08/19/ 03:55:53 AM) [Round: 0466] Evaluate global model's performance...!                
	[Server] ...finished evaluation!                
	=> Loss: 50.2054                
	=> Accuracy: 3.10%

[INFO](2026/08/19/ 03:55:53 AM) [Round: 0467] Select clients...!
[INFO](2026/08/19/ 03:55:54 AM) [Round: 0467] ...successfully transmitted models to 10 selected clients!
[INFO](2026/08/19/ 03:55:54 AM) [Round: 0467] Start updating selected 10 clients...!
[INFO](2026/08/19/ 03:56:04 AM) [Round: 0467] ...10 clients are selected and updated (with total sample size: 52)!
[INFO](2026/08/19/ 03:56:04 AM) [Round: 0467] Aggregate updated weights of 10 clients...!
[INFO](2026/08/19/ 03:56:04 AM) [Round: 0467] ...updated weights of 10 clients are successfully averaged!
[INFO](2026/08/19/ 03:56:06 AM) [Round: 0467] Evaluate global model's performance...!                
	[Server] ...finished evaluation!                
	=> Loss: 47.7587                
	=> Accuracy: 5.48%

[INFO](2026/08/19/ 03:56:06 AM) [Round: 0468] Select clients...!
[INFO](2026/08/19/ 03:56:06 AM) [Round: 0468] ...successfully transmitted models to 10 selected clients!
[INFO](2026/08/19/ 03:56:06 AM) [Round: 0468] Start updating selected 10 clients...!
[INFO](2026/08/19/ 03:56:18 AM) [Round: 0468] ...10 clients are selected and updated (with total sample size: 43)!
[INFO](2026/08/19/ 03:56:18 AM) [Round: 0468] Aggregate updated weights of 10 clients...!
[INFO](2026/08/19/ 03:56:18 AM) [Round: 0468] ...updated weights of 10 clients are successfully averaged!
[INFO](2026/08/19/ 03:56:20 AM) [Round: 0468] Evaluate global model's performance...!                
	[Server] ...finished evaluation!                
	=> Loss: 52.5929                
	=> Accuracy: 6.43%

[INFO](2026/08/19/ 03:56:20 AM) [Round: 0469] Select clients...!
[INFO](2026/08/19/ 03:56:21 AM) [Round: 0469] ...successfully transmitted models to 10 selected clients!
[INFO](2026/08/19/ 03:56:21 AM) [Round: 0469] Start updating selected 10 clients...!
[INFO](2026/08/19/ 03:56:31 AM) [Round: 0469] ...10 clients are selected and updated (with total sample size: 56)!
[INFO](2026/08/19/ 03:56:31 AM) [Round: 0469] Aggregate updated weights of 10 clients...!
[INFO](2026/08/19/ 03:56:32 AM) [Round: 0469] ...updated weights of 10 clients are successfully averaged!
[INFO](2026/08/19/ 03:56:34 AM) [Round: 0469] Evaluate global model's performance...!                
	[Server] ...finished evaluation!                
	=> Loss: 44.4908                
	=> Accuracy: 5.00%

[INFO](2026/08/19/ 03:56:34 AM) [Round: 0470] Select clients...!
[INFO](2026/08/19/ 03:56:34 AM) [Round: 0470] ...successfully transmitted models to 10 selected clients!
[INFO](2026/08/19/ 03:56:34 AM) [Round: 0470] Start updating selected 10 clients...!
[INFO](2026/08/19/ 03:56:46 AM) [Round: 0470] ...10 clients are selected and updated (with total sample size: 28)!
[INFO](2026/08/19/ 03:56:46 AM) [Round: 0470] Aggregate updated weights of 10 clients...!
[INFO](2026/08/19/ 03:56:46 AM) [Round: 0470] ...updated weights of 10 clients are successfully averaged!
[INFO](2026/08/19/ 03:56:48 AM) [Round: 0470] Evaluate global model's performance...!                
	[Server] ...finished evaluation!                
	=> Loss: 57.1026                
	=> Accuracy: 5.00%

[INFO](2026/08/19/ 03:56:48 AM) [Round: 0471] Select clients...!
[INFO](2026/08/19/ 03:56:48 AM) [Round: 0471] ...successfully transmitted models to 10 selected clients!
[INFO](2026/08/19/ 03:56:48 AM) [Round: 0471] Start updating selected 10 clients...!
[INFO](2026/08/19/ 03:57:00 AM) [Round: 0471] ...10 clients are selected and updated (with total sample size: 52)!
[INFO](2026/08/19/ 03:57:00 AM) [Round: 0471] Aggregate updated weights of 10 clients...!
[INFO](2026/08/19/ 03:57:00 AM) [Round: 0471] ...updated weights of 10 clients are successfully averaged!
[INFO](2026/08/19/ 03:57:02 AM) [Round: 0471] Evaluate global model's performance...!                
	[Server] ...finished evaluation!                
	=> Loss: 59.1113                
	=> Accuracy: 3.33%

[INFO](2026/08/19/ 03:57:02 AM) [Round: 0472] Select clients...!
[INFO](2026/08/19/ 03:57:03 AM) [Round: 0472] ...successfully transmitted models to 10 selected clients!
[INFO](2026/08/19/ 03:57:03 AM) [Round: 0472] Start updating selected 10 clients...!
[INFO](2026/08/19/ 03:57:12 AM) [Round: 0472] ...10 clients are selected and updated (with total sample size: 57)!
[INFO](2026/08/19/ 03:57:12 AM) [Round: 0472] Aggregate updated weights of 10 clients...!
[INFO](2026/08/19/ 03:57:13 AM) [Round: 0472] ...updated weights of 10 clients are successfully averaged!
[INFO](2026/08/19/ 03:57:14 AM) [Round: 0472] Evaluate global model's performance...!                
	[Server] ...finished evaluation!                
	=> Loss: 49.9491                
	=> Accuracy: 3.33%

[INFO](2026/08/19/ 03:57:14 AM) [Round: 0473] Select clients...!
[INFO](2026/08/19/ 03:57:15 AM) [Round: 0473] ...successfully transmitted models to 10 selected clients!
[INFO](2026/08/19/ 03:57:15 AM) [Round: 0473] Start updating selected 10 clients...!
[INFO](2026/08/19/ 03:57:28 AM) [Round: 0473] ...10 clients are selected and updated (with total sample size: 57)!
[INFO](2026/08/19/ 03:57:28 AM) [Round: 0473] Aggregate updated weights of 10 clients...!
[INFO](2026/08/19/ 03:57:28 AM) [Round: 0473] ...updated weights of 10 clients are successfully averaged!
[INFO](2026/08/19/ 03:57:30 AM) [Round: 0473] Evaluate global model's performance...!                
	[Server] ...finished evaluation!                
	=> Loss: 43.0286                
	=> Accuracy: 4.29%

[INFO](2026/08/19/ 03:57:30 AM) [Round: 0474] Select clients...!
[INFO](2026/08/19/ 03:57:30 AM) [Round: 0474] ...successfully transmitted models to 10 selected clients!
[INFO](2026/08/19/ 03:57:30 AM) [Round: 0474] Start updating selected 10 clients...!
[INFO](2026/08/19/ 03:57:41 AM) [Round: 0474] ...10 clients are selected and updated (with total sample size: 52)!
[INFO](2026/08/19/ 03:57:41 AM) [Round: 0474] Aggregate updated weights of 10 clients...!
[INFO](2026/08/19/ 03:57:42 AM) [Round: 0474] ...updated weights of 10 clients are successfully averaged!
[INFO](2026/08/19/ 03:57:43 AM) [Round: 0474] Evaluate global model's performance...!                
	[Server] ...finished evaluation!                
	=> Loss: 43.7909                
	=> Accuracy: 4.52%

[INFO](2026/08/19/ 03:57:43 AM) [Round: 0475] Select clients...!
[INFO](2026/08/19/ 03:57:44 AM) [Round: 0475] ...successfully transmitted models to 10 selected clients!
[INFO](2026/08/19/ 03:57:44 AM) [Round: 0475] Start updating selected 10 clients...!
[INFO](2026/08/19/ 03:57:54 AM) [Round: 0475] ...10 clients are selected and updated (with total sample size: 39)!
[INFO](2026/08/19/ 03:57:54 AM) [Round: 0475] Aggregate updated weights of 10 clients...!
[INFO](2026/08/19/ 03:57:54 AM) [Round: 0475] ...updated weights of 10 clients are successfully averaged!
[INFO](2026/08/19/ 03:57:56 AM) [Round: 0475] Evaluate global model's performance...!                
	[Server] ...finished evaluation!                
	=> Loss: 38.9723                
	=> Accuracy: 4.29%

[INFO](2026/08/19/ 03:57:56 AM) [Round: 0476] Select clients...!
[INFO](2026/08/19/ 03:57:56 AM) [Round: 0476] ...successfully transmitted models to 10 selected clients!
[INFO](2026/08/19/ 03:57:56 AM) [Round: 0476] Start updating selected 10 clients...!
[INFO](2026/08/19/ 03:58:07 AM) [Round: 0476] ...10 clients are selected and updated (with total sample size: 52)!
[INFO](2026/08/19/ 03:58:07 AM) [Round: 0476] Aggregate updated weights of 10 clients...!
[INFO](2026/08/19/ 03:58:07 AM) [Round: 0476] ...updated weights of 10 clients are successfully averaged!
[INFO](2026/08/19/ 03:58:09 AM) [Round: 0476] Evaluate global model's performance...!                
	[Server] ...finished evaluation!                
	=> Loss: 59.0473                
	=> Accuracy: 4.52%

[INFO](2026/08/19/ 03:58:09 AM) [Round: 0477] Select clients...!
[INFO](2026/08/19/ 03:58:09 AM) [Round: 0477] ...successfully transmitted models to 10 selected clients!
[INFO](2026/08/19/ 03:58:10 AM) [Round: 0477] Start updating selected 10 clients...!
[INFO](2026/08/19/ 03:58:20 AM) [Round: 0477] ...10 clients are selected and updated (with total sample size: 43)!
[INFO](2026/08/19/ 03:58:20 AM) [Round: 0477] Aggregate updated weights of 10 clients...!
[INFO](2026/08/19/ 03:58:21 AM) [Round: 0477] ...updated weights of 10 clients are successfully averaged!
[INFO](2026/08/19/ 03:58:22 AM) [Round: 0477] Evaluate global model's performance...!                
	[Server] ...finished evaluation!                
	=> Loss: 40.4788                
	=> Accuracy: 5.00%

[INFO](2026/08/19/ 03:58:22 AM) [Round: 0478] Select clients...!
[INFO](2026/08/19/ 03:58:23 AM) [Round: 0478] ...successfully transmitted models to 10 selected clients!
[INFO](2026/08/19/ 03:58:23 AM) [Round: 0478] Start updating selected 10 clients...!
[INFO](2026/08/19/ 03:58:32 AM) [Round: 0478] ...10 clients are selected and updated (with total sample size: 52)!
[INFO](2026/08/19/ 03:58:32 AM) [Round: 0478] Aggregate updated weights of 10 clients...!
[INFO](2026/08/19/ 03:58:32 AM) [Round: 0478] ...updated weights of 10 clients are successfully averaged!
[INFO](2026/08/19/ 03:58:34 AM) [Round: 0478] Evaluate global model's performance...!                
	[Server] ...finished evaluation!                
	=> Loss: 41.9680                
	=> Accuracy: 4.29%

[INFO](2026/08/19/ 03:58:34 AM) [Round: 0479] Select clients...!
[INFO](2026/08/19/ 03:58:34 AM) [Round: 0479] ...successfully transmitted models to 10 selected clients!
[INFO](2026/08/19/ 03:58:35 AM) [Round: 0479] Start updating selected 10 clients...!
[INFO](2026/08/19/ 03:58:46 AM) [Round: 0479] ...10 clients are selected and updated (with total sample size: 39)!
[INFO](2026/08/19/ 03:58:46 AM) [Round: 0479] Aggregate updated weights of 10 clients...!
[INFO](2026/08/19/ 03:58:47 AM) [Round: 0479] ...updated weights of 10 clients are successfully averaged!
[INFO](2026/08/19/ 03:58:48 AM) [Round: 0479] Evaluate global model's performance...!                
	[Server] ...finished evaluation!                
	=> Loss: 45.4181                
	=> Accuracy: 5.24%

[INFO](2026/08/19/ 03:58:48 AM) [Round: 0480] Select clients...!
[INFO](2026/08/19/ 03:58:49 AM) [Round: 0480] ...successfully transmitted models to 10 selected clients!
[INFO](2026/08/19/ 03:58:49 AM) [Round: 0480] Start updating selected 10 clients...!
[INFO](2026/08/19/ 03:58:58 AM) [Round: 0480] ...10 clients are selected and updated (with total sample size: 39)!
[INFO](2026/08/19/ 03:58:59 AM) [Round: 0480] Aggregate updated weights of 10 clients...!
[INFO](2026/08/19/ 03:58:59 AM) [Round: 0480] ...updated weights of 10 clients are successfully averaged!
[INFO](2026/08/19/ 03:59:01 AM) [Round: 0480] Evaluate global model's performance...!                
	[Server] ...finished evaluation!                
	=> Loss: 48.0018                
	=> Accuracy: 5.24%

[INFO](2026/08/19/ 03:59:01 AM) [Round: 0481] Select clients...!
[INFO](2026/08/19/ 03:59:01 AM) [Round: 0481] ...successfully transmitted models to 10 selected clients!
[INFO](2026/08/19/ 03:59:01 AM) [Round: 0481] Start updating selected 10 clients...!
[INFO](2026/08/19/ 03:59:11 AM) [Round: 0481] ...10 clients are selected and updated (with total sample size: 39)!
[INFO](2026/08/19/ 03:59:11 AM) [Round: 0481] Aggregate updated weights of 10 clients...!
[INFO](2026/08/19/ 03:59:11 AM) [Round: 0481] ...updated weights of 10 clients are successfully averaged!
[INFO](2026/08/19/ 03:59:13 AM) [Round: 0481] Evaluate global model's performance...!                
	[Server] ...finished evaluation!                
	=> Loss: 56.7965                
	=> Accuracy: 4.05%

[INFO](2026/08/19/ 03:59:13 AM) [Round: 0482] Select clients...!
[INFO](2026/08/19/ 03:59:14 AM) [Round: 0482] ...successfully transmitted models to 10 selected clients!
[INFO](2026/08/19/ 03:59:14 AM) [Round: 0482] Start updating selected 10 clients...!
[INFO](2026/08/19/ 03:59:23 AM) [Round: 0482] ...10 clients are selected and updated (with total sample size: 39)!
[INFO](2026/08/19/ 03:59:23 AM) [Round: 0482] Aggregate updated weights of 10 clients...!
[INFO](2026/08/19/ 03:59:24 AM) [Round: 0482] ...updated weights of 10 clients are successfully averaged!
[INFO](2026/08/19/ 03:59:25 AM) [Round: 0482] Evaluate global model's performance...!                
	[Server] ...finished evaluation!                
	=> Loss: 45.3487                
	=> Accuracy: 4.05%

[INFO](2026/08/19/ 03:59:26 AM) [Round: 0483] Select clients...!
[INFO](2026/08/19/ 03:59:26 AM) [Round: 0483] ...successfully transmitted models to 10 selected clients!
[INFO](2026/08/19/ 03:59:26 AM) [Round: 0483] Start updating selected 10 clients...!
[INFO](2026/08/19/ 03:59:37 AM) [Round: 0483] ...10 clients are selected and updated (with total sample size: 43)!
[INFO](2026/08/19/ 03:59:37 AM) [Round: 0483] Aggregate updated weights of 10 clients...!
[INFO](2026/08/19/ 03:59:38 AM) [Round: 0483] ...updated weights of 10 clients are successfully averaged!
[INFO](2026/08/19/ 03:59:39 AM) [Round: 0483] Evaluate global model's performance...!                
	[Server] ...finished evaluation!                
	=> Loss: 42.0097                
	=> Accuracy: 6.90%

[INFO](2026/08/19/ 03:59:39 AM) [Round: 0484] Select clients...!
[INFO](2026/08/19/ 03:59:40 AM) [Round: 0484] ...successfully transmitted models to 10 selected clients!
[INFO](2026/08/19/ 03:59:40 AM) [Round: 0484] Start updating selected 10 clients...!
[INFO](2026/08/19/ 03:59:53 AM) [Round: 0484] ...10 clients are selected and updated (with total sample size: 52)!
[INFO](2026/08/19/ 03:59:53 AM) [Round: 0484] Aggregate updated weights of 10 clients...!
[INFO](2026/08/19/ 03:59:53 AM) [Round: 0484] ...updated weights of 10 clients are successfully averaged!
[INFO](2026/08/19/ 03:59:55 AM) [Round: 0484] Evaluate global model's performance...!                
	[Server] ...finished evaluation!                
	=> Loss: 50.2077                
	=> Accuracy: 5.00%

[INFO](2026/08/19/ 03:59:55 AM) [Round: 0485] Select clients...!
[INFO](2026/08/19/ 03:59:55 AM) [Round: 0485] ...successfully transmitted models to 10 selected clients!
[INFO](2026/08/19/ 03:59:55 AM) [Round: 0485] Start updating selected 10 clients...!
[INFO](2026/08/19/ 04:00:06 AM) [Round: 0485] ...10 clients are selected and updated (with total sample size: 43)!
[INFO](2026/08/19/ 04:00:06 AM) [Round: 0485] Aggregate updated weights of 10 clients...!
[INFO](2026/08/19/ 04:00:06 AM) [Round: 0485] ...updated weights of 10 clients are successfully averaged!
[INFO](2026/08/19/ 04:00:08 AM) [Round: 0485] Evaluate global model's performance...!                
	[Server] ...finished evaluation!                
	=> Loss: 48.2111                
	=> Accuracy: 4.76%

[INFO](2026/08/19/ 04:00:08 AM) [Round: 0486] Select clients...!
[INFO](2026/08/19/ 04:00:08 AM) [Round: 0486] ...successfully transmitted models to 10 selected clients!
[INFO](2026/08/19/ 04:00:08 AM) [Round: 0486] Start updating selected 10 clients...!
[INFO](2026/08/19/ 04:00:18 AM) [Round: 0486] ...10 clients are selected and updated (with total sample size: 39)!
[INFO](2026/08/19/ 04:00:18 AM) [Round: 0486] Aggregate updated weights of 10 clients...!
[INFO](2026/08/19/ 04:00:18 AM) [Round: 0486] ...updated weights of 10 clients are successfully averaged!
[INFO](2026/08/19/ 04:00:20 AM) [Round: 0486] Evaluate global model's performance...!                
	[Server] ...finished evaluation!                
	=> Loss: 67.6800                
	=> Accuracy: 3.81%

[INFO](2026/08/19/ 04:00:20 AM) [Round: 0487] Select clients...!
[INFO](2026/08/19/ 04:00:20 AM) [Round: 0487] ...successfully transmitted models to 10 selected clients!
[INFO](2026/08/19/ 04:00:21 AM) [Round: 0487] Start updating selected 10 clients...!
[INFO](2026/08/19/ 04:00:30 AM) [Round: 0487] ...10 clients are selected and updated (with total sample size: 39)!
[INFO](2026/08/19/ 04:00:30 AM) [Round: 0487] Aggregate updated weights of 10 clients...!
[INFO](2026/08/19/ 04:00:30 AM) [Round: 0487] ...updated weights of 10 clients are successfully averaged!
[INFO](2026/08/19/ 04:00:31 AM) [Round: 0487] Evaluate global model's performance...!                
	[Server] ...finished evaluation!                
	=> Loss: 41.2286                
	=> Accuracy: 4.76%

[INFO](2026/08/19/ 04:00:32 AM) [Round: 0488] Select clients...!
[INFO](2026/08/19/ 04:00:32 AM) [Round: 0488] ...successfully transmitted models to 10 selected clients!
[INFO](2026/08/19/ 04:00:32 AM) [Round: 0488] Start updating selected 10 clients...!
[INFO](2026/08/19/ 04:00:42 AM) [Round: 0488] ...10 clients are selected and updated (with total sample size: 39)!
[INFO](2026/08/19/ 04:00:42 AM) [Round: 0488] Aggregate updated weights of 10 clients...!
[INFO](2026/08/19/ 04:00:42 AM) [Round: 0488] ...updated weights of 10 clients are successfully averaged!
[INFO](2026/08/19/ 04:00:44 AM) [Round: 0488] Evaluate global model's performance...!                
	[Server] ...finished evaluation!                
	=> Loss: 51.9738                
	=> Accuracy: 3.33%

[INFO](2026/08/19/ 04:00:44 AM) [Round: 0489] Select clients...!
[INFO](2026/08/19/ 04:00:45 AM) [Round: 0489] ...successfully transmitted models to 10 selected clients!
[INFO](2026/08/19/ 04:00:45 AM) [Round: 0489] Start updating selected 10 clients...!
[INFO](2026/08/19/ 04:00:54 AM) [Round: 0489] ...10 clients are selected and updated (with total sample size: 28)!
[INFO](2026/08/19/ 04:00:54 AM) [Round: 0489] Aggregate updated weights of 10 clients...!
[INFO](2026/08/19/ 04:00:54 AM) [Round: 0489] ...updated weights of 10 clients are successfully averaged!
[INFO](2026/08/19/ 04:00:56 AM) [Round: 0489] Evaluate global model's performance...!                
	[Server] ...finished evaluation!                
	=> Loss: 39.0358                
	=> Accuracy: 4.76%

[INFO](2026/08/19/ 04:00:56 AM) [Round: 0490] Select clients...!
[INFO](2026/08/19/ 04:00:56 AM) [Round: 0490] ...successfully transmitted models to 10 selected clients!
[INFO](2026/08/19/ 04:00:56 AM) [Round: 0490] Start updating selected 10 clients...!
[INFO](2026/08/19/ 04:01:07 AM) [Round: 0490] ...10 clients are selected and updated (with total sample size: 28)!
[INFO](2026/08/19/ 04:01:07 AM) [Round: 0490] Aggregate updated weights of 10 clients...!
[INFO](2026/08/19/ 04:01:07 AM) [Round: 0490] ...updated weights of 10 clients are successfully averaged!
[INFO](2026/08/19/ 04:01:09 AM) [Round: 0490] Evaluate global model's performance...!                
	[Server] ...finished evaluation!                
	=> Loss: 44.7209                
	=> Accuracy: 3.57%

[INFO](2026/08/19/ 04:01:09 AM) [Round: 0491] Select clients...!
[INFO](2026/08/19/ 04:01:09 AM) [Round: 0491] ...successfully transmitted models to 10 selected clients!
[INFO](2026/08/19/ 04:01:10 AM) [Round: 0491] Start updating selected 10 clients...!
[INFO](2026/08/19/ 04:01:20 AM) [Round: 0491] ...10 clients are selected and updated (with total sample size: 30)!
[INFO](2026/08/19/ 04:01:20 AM) [Round: 0491] Aggregate updated weights of 10 clients...!
[INFO](2026/08/19/ 04:01:20 AM) [Round: 0491] ...updated weights of 10 clients are successfully averaged!
[INFO](2026/08/19/ 04:01:22 AM) [Round: 0491] Evaluate global model's performance...!                
	[Server] ...finished evaluation!                
	=> Loss: 38.2763                
	=> Accuracy: 5.95%

[INFO](2026/08/19/ 04:01:22 AM) [Round: 0492] Select clients...!
[INFO](2026/08/19/ 04:01:23 AM) [Round: 0492] ...successfully transmitted models to 10 selected clients!
[INFO](2026/08/19/ 04:01:23 AM) [Round: 0492] Start updating selected 10 clients...!
[INFO](2026/08/19/ 04:01:34 AM) [Round: 0492] ...10 clients are selected and updated (with total sample size: 43)!
[INFO](2026/08/19/ 04:01:34 AM) [Round: 0492] Aggregate updated weights of 10 clients...!
[INFO](2026/08/19/ 04:01:35 AM) [Round: 0492] ...updated weights of 10 clients are successfully averaged!
[INFO](2026/08/19/ 04:01:36 AM) [Round: 0492] Evaluate global model's performance...!                
	[Server] ...finished evaluation!                
	=> Loss: 44.3123                
	=> Accuracy: 5.71%

[INFO](2026/08/19/ 04:01:36 AM) [Round: 0493] Select clients...!
[INFO](2026/08/19/ 04:01:37 AM) [Round: 0493] ...successfully transmitted models to 10 selected clients!
[INFO](2026/08/19/ 04:01:37 AM) [Round: 0493] Start updating selected 10 clients...!
[INFO](2026/08/19/ 04:01:47 AM) [Round: 0493] ...10 clients are selected and updated (with total sample size: 43)!
[INFO](2026/08/19/ 04:01:48 AM) [Round: 0493] Aggregate updated weights of 10 clients...!
[INFO](2026/08/19/ 04:01:48 AM) [Round: 0493] ...updated weights of 10 clients are successfully averaged!
[INFO](2026/08/19/ 04:01:49 AM) [Round: 0493] Evaluate global model's performance...!                
	[Server] ...finished evaluation!                
	=> Loss: 39.0337                
	=> Accuracy: 5.24%

[INFO](2026/08/19/ 04:01:49 AM) [Round: 0494] Select clients...!
[INFO](2026/08/19/ 04:01:50 AM) [Round: 0494] ...successfully transmitted models to 10 selected clients!
[INFO](2026/08/19/ 04:01:50 AM) [Round: 0494] Start updating selected 10 clients...!
[INFO](2026/08/19/ 04:02:00 AM) [Round: 0494] ...10 clients are selected and updated (with total sample size: 56)!
[INFO](2026/08/19/ 04:02:00 AM) [Round: 0494] Aggregate updated weights of 10 clients...!
[INFO](2026/08/19/ 04:02:00 AM) [Round: 0494] ...updated weights of 10 clients are successfully averaged!
[INFO](2026/08/19/ 04:02:02 AM) [Round: 0494] Evaluate global model's performance...!                
	[Server] ...finished evaluation!                
	=> Loss: 46.7409                
	=> Accuracy: 5.95%

[INFO](2026/08/19/ 04:02:02 AM) [Round: 0495] Select clients...!
[INFO](2026/08/19/ 04:02:02 AM) [Round: 0495] ...successfully transmitted models to 10 selected clients!
[INFO](2026/08/19/ 04:02:03 AM) [Round: 0495] Start updating selected 10 clients...!
[INFO](2026/08/19/ 04:02:14 AM) [Round: 0495] ...10 clients are selected and updated (with total sample size: 39)!
[INFO](2026/08/19/ 04:02:14 AM) [Round: 0495] Aggregate updated weights of 10 clients...!
[INFO](2026/08/19/ 04:02:14 AM) [Round: 0495] ...updated weights of 10 clients are successfully averaged!
[INFO](2026/08/19/ 04:02:16 AM) [Round: 0495] Evaluate global model's performance...!                
	[Server] ...finished evaluation!                
	=> Loss: 46.5051                
	=> Accuracy: 3.33%

[INFO](2026/08/19/ 04:02:16 AM) [Round: 0496] Select clients...!
[INFO](2026/08/19/ 04:02:16 AM) [Round: 0496] ...successfully transmitted models to 10 selected clients!
[INFO](2026/08/19/ 04:02:16 AM) [Round: 0496] Start updating selected 10 clients...!
[INFO](2026/08/19/ 04:02:28 AM) [Round: 0496] ...10 clients are selected and updated (with total sample size: 39)!
[INFO](2026/08/19/ 04:02:28 AM) [Round: 0496] Aggregate updated weights of 10 clients...!
[INFO](2026/08/19/ 04:02:28 AM) [Round: 0496] ...updated weights of 10 clients are successfully averaged!
[INFO](2026/08/19/ 04:02:30 AM) [Round: 0496] Evaluate global model's performance...!                
	[Server] ...finished evaluation!                
	=> Loss: 44.7954                
	=> Accuracy: 4.29%

[INFO](2026/08/19/ 04:02:30 AM) [Round: 0497] Select clients...!
[INFO](2026/08/19/ 04:02:31 AM) [Round: 0497] ...successfully transmitted models to 10 selected clients!
[INFO](2026/08/19/ 04:02:31 AM) [Round: 0497] Start updating selected 10 clients...!
[INFO](2026/08/19/ 04:02:40 AM) [Round: 0497] ...10 clients are selected and updated (with total sample size: 39)!
[INFO](2026/08/19/ 04:02:40 AM) [Round: 0497] Aggregate updated weights of 10 clients...!
[INFO](2026/08/19/ 04:02:41 AM) [Round: 0497] ...updated weights of 10 clients are successfully averaged!
[INFO](2026/08/19/ 04:02:42 AM) [Round: 0497] Evaluate global model's performance...!                
	[Server] ...finished evaluation!                
	=> Loss: 74.3548                
	=> Accuracy: 5.00%

[INFO](2026/08/19/ 04:02:42 AM) [Round: 0498] Select clients...!
[INFO](2026/08/19/ 04:02:43 AM) [Round: 0498] ...successfully transmitted models to 10 selected clients!
[INFO](2026/08/19/ 04:02:43 AM) [Round: 0498] Start updating selected 10 clients...!
[INFO](2026/08/19/ 04:02:54 AM) [Round: 0498] ...10 clients are selected and updated (with total sample size: 28)!
[INFO](2026/08/19/ 04:02:54 AM) [Round: 0498] Aggregate updated weights of 10 clients...!
[INFO](2026/08/19/ 04:02:54 AM) [Round: 0498] ...updated weights of 10 clients are successfully averaged!
[INFO](2026/08/19/ 04:02:56 AM) [Round: 0498] Evaluate global model's performance...!                
	[Server] ...finished evaluation!                
	=> Loss: 33.5197                
	=> Accuracy: 5.71%

[INFO](2026/08/19/ 04:02:56 AM) [Round: 0499] Select clients...!
[INFO](2026/08/19/ 04:02:56 AM) [Round: 0499] ...successfully transmitted models to 10 selected clients!
[INFO](2026/08/19/ 04:02:56 AM) [Round: 0499] Start updating selected 10 clients...!
[INFO](2026/08/19/ 04:03:07 AM) [Round: 0499] ...10 clients are selected and updated (with total sample size: 43)!
[INFO](2026/08/19/ 04:03:07 AM) [Round: 0499] Aggregate updated weights of 10 clients...!
[INFO](2026/08/19/ 04:03:08 AM) [Round: 0499] ...updated weights of 10 clients are successfully averaged!
[INFO](2026/08/19/ 04:03:10 AM) [Round: 0499] Evaluate global model's performance...!                
	[Server] ...finished evaluation!                
	=> Loss: 39.7289                
	=> Accuracy: 6.90%

[INFO](2026/08/19/ 04:03:10 AM) [Round: 0500] Select clients...!
[INFO](2026/08/19/ 04:03:10 AM) [Round: 0500] ...successfully transmitted models to 10 selected clients!
[INFO](2026/08/19/ 04:03:11 AM) [Round: 0500] Start updating selected 10 clients...!
[INFO](2026/08/19/ 04:03:24 AM) [Round: 0500] ...10 clients are selected and updated (with total sample size: 43)!
[INFO](2026/08/19/ 04:03:24 AM) [Round: 0500] Aggregate updated weights of 10 clients...!
[INFO](2026/08/19/ 04:03:24 AM) [Round: 0500] ...updated weights of 10 clients are successfully averaged!
[INFO](2026/08/19/ 04:03:26 AM) [Round: 0500] Evaluate global model's performance...!                
	[Server] ...finished evaluation!                
	=> Loss: 42.5134                
	=> Accuracy: 5.24%

[INFO](2026/08/19/ 04:03:26 AM) [Round: 0501] Select clients...!
[INFO](2026/08/19/ 04:03:27 AM) [Round: 0501] ...successfully transmitted models to 10 selected clients!
[INFO](2026/08/19/ 04:03:27 AM) [Round: 0501] Start updating selected 10 clients...!
[INFO](2026/08/19/ 04:03:39 AM) [Round: 0501] ...10 clients are selected and updated (with total sample size: 35)!
[INFO](2026/08/19/ 04:03:39 AM) [Round: 0501] Aggregate updated weights of 10 clients...!
[INFO](2026/08/19/ 04:03:39 AM) [Round: 0501] ...updated weights of 10 clients are successfully averaged!
[INFO](2026/08/19/ 04:03:41 AM) [Round: 0501] Evaluate global model's performance...!                
	[Server] ...finished evaluation!                
	=> Loss: 34.1265                
	=> Accuracy: 5.24%

[INFO](2026/08/19/ 04:03:42 AM) [Round: 0502] Select clients...!
[INFO](2026/08/19/ 04:03:42 AM) [Round: 0502] ...successfully transmitted models to 10 selected clients!
[INFO](2026/08/19/ 04:03:42 AM) [Round: 0502] Start updating selected 10 clients...!
[INFO](2026/08/19/ 04:03:53 AM) [Round: 0502] ...10 clients are selected and updated (with total sample size: 28)!
[INFO](2026/08/19/ 04:03:53 AM) [Round: 0502] Aggregate updated weights of 10 clients...!
[INFO](2026/08/19/ 04:03:54 AM) [Round: 0502] ...updated weights of 10 clients are successfully averaged!
[INFO](2026/08/19/ 04:03:56 AM) [Round: 0502] Evaluate global model's performance...!                
	[Server] ...finished evaluation!                
	=> Loss: 35.4929                
	=> Accuracy: 5.48%

[INFO](2026/08/19/ 04:03:56 AM) [Round: 0503] Select clients...!
[INFO](2026/08/19/ 04:03:56 AM) [Round: 0503] ...successfully transmitted models to 10 selected clients!
[INFO](2026/08/19/ 04:03:56 AM) [Round: 0503] Start updating selected 10 clients...!
[INFO](2026/08/19/ 04:04:10 AM) [Round: 0503] ...10 clients are selected and updated (with total sample size: 43)!
[INFO](2026/08/19/ 04:04:10 AM) [Round: 0503] Aggregate updated weights of 10 clients...!
[INFO](2026/08/19/ 04:04:10 AM) [Round: 0503] ...updated weights of 10 clients are successfully averaged!
[INFO](2026/08/19/ 04:04:12 AM) [Round: 0503] Evaluate global model's performance...!                
	[Server] ...finished evaluation!                
	=> Loss: 36.2607                
	=> Accuracy: 6.19%

[INFO](2026/08/19/ 04:04:12 AM) [Round: 0504] Select clients...!
[INFO](2026/08/19/ 04:04:13 AM) [Round: 0504] ...successfully transmitted models to 10 selected clients!
[INFO](2026/08/19/ 04:04:13 AM) [Round: 0504] Start updating selected 10 clients...!
[INFO](2026/08/19/ 04:04:26 AM) [Round: 0504] ...10 clients are selected and updated (with total sample size: 42)!
[INFO](2026/08/19/ 04:04:26 AM) [Round: 0504] Aggregate updated weights of 10 clients...!
[INFO](2026/08/19/ 04:04:27 AM) [Round: 0504] ...updated weights of 10 clients are successfully averaged!
[INFO](2026/08/19/ 04:04:28 AM) [Round: 0504] Evaluate global model's performance...!                
	[Server] ...finished evaluation!                
	=> Loss: 38.4218                
	=> Accuracy: 5.00%

[INFO](2026/08/19/ 04:04:28 AM) [Round: 0505] Select clients...!
[INFO](2026/08/19/ 04:04:29 AM) [Round: 0505] ...successfully transmitted models to 10 selected clients!
[INFO](2026/08/19/ 04:04:29 AM) [Round: 0505] Start updating selected 10 clients...!
[INFO](2026/08/19/ 04:04:40 AM) [Round: 0505] ...10 clients are selected and updated (with total sample size: 28)!
[INFO](2026/08/19/ 04:04:40 AM) [Round: 0505] Aggregate updated weights of 10 clients...!
[INFO](2026/08/19/ 04:04:40 AM) [Round: 0505] ...updated weights of 10 clients are successfully averaged!
[INFO](2026/08/19/ 04:04:42 AM) [Round: 0505] Evaluate global model's performance...!                
	[Server] ...finished evaluation!                
	=> Loss: 44.7308                
	=> Accuracy: 5.71%

[INFO](2026/08/19/ 04:04:42 AM) [Round: 0506] Select clients...!
[INFO](2026/08/19/ 04:04:42 AM) [Round: 0506] ...successfully transmitted models to 10 selected clients!
[INFO](2026/08/19/ 04:04:43 AM) [Round: 0506] Start updating selected 10 clients...!
[INFO](2026/08/19/ 04:04:54 AM) [Round: 0506] ...10 clients are selected and updated (with total sample size: 30)!
[INFO](2026/08/19/ 04:04:54 AM) [Round: 0506] Aggregate updated weights of 10 clients...!
[INFO](2026/08/19/ 04:04:54 AM) [Round: 0506] ...updated weights of 10 clients are successfully averaged!
[INFO](2026/08/19/ 04:04:56 AM) [Round: 0506] Evaluate global model's performance...!                
	[Server] ...finished evaluation!                
	=> Loss: 43.8028                
	=> Accuracy: 3.57%

[INFO](2026/08/19/ 04:04:56 AM) [Round: 0507] Select clients...!
[INFO](2026/08/19/ 04:04:57 AM) [Round: 0507] ...successfully transmitted models to 10 selected clients!
[INFO](2026/08/19/ 04:04:57 AM) [Round: 0507] Start updating selected 10 clients...!
[INFO](2026/08/19/ 04:05:08 AM) [Round: 0507] ...10 clients are selected and updated (with total sample size: 43)!
[INFO](2026/08/19/ 04:05:08 AM) [Round: 0507] Aggregate updated weights of 10 clients...!
[INFO](2026/08/19/ 04:05:08 AM) [Round: 0507] ...updated weights of 10 clients are successfully averaged!
[INFO](2026/08/19/ 04:05:10 AM) [Round: 0507] Evaluate global model's performance...!                
	[Server] ...finished evaluation!                
	=> Loss: 70.7055                
	=> Accuracy: 5.48%

[INFO](2026/08/19/ 04:05:10 AM) [Round: 0508] Select clients...!
[INFO](2026/08/19/ 04:05:10 AM) [Round: 0508] ...successfully transmitted models to 10 selected clients!
[INFO](2026/08/19/ 04:05:11 AM) [Round: 0508] Start updating selected 10 clients...!
[INFO](2026/08/19/ 04:05:21 AM) [Round: 0508] ...10 clients are selected and updated (with total sample size: 28)!
[INFO](2026/08/19/ 04:05:21 AM) [Round: 0508] Aggregate updated weights of 10 clients...!
[INFO](2026/08/19/ 04:05:21 AM) [Round: 0508] ...updated weights of 10 clients are successfully averaged!
[INFO](2026/08/19/ 04:05:23 AM) [Round: 0508] Evaluate global model's performance...!                
	[Server] ...finished evaluation!                
	=> Loss: 39.5619                
	=> Accuracy: 3.81%

[INFO](2026/08/19/ 04:05:23 AM) [Round: 0509] Select clients...!
[INFO](2026/08/19/ 04:05:24 AM) [Round: 0509] ...successfully transmitted models to 10 selected clients!
[INFO](2026/08/19/ 04:05:24 AM) [Round: 0509] Start updating selected 10 clients...!
[INFO](2026/08/19/ 04:05:35 AM) [Round: 0509] ...10 clients are selected and updated (with total sample size: 28)!
[INFO](2026/08/19/ 04:05:35 AM) [Round: 0509] Aggregate updated weights of 10 clients...!
[INFO](2026/08/19/ 04:05:35 AM) [Round: 0509] ...updated weights of 10 clients are successfully averaged!
[INFO](2026/08/19/ 04:05:37 AM) [Round: 0509] Evaluate global model's performance...!                
	[Server] ...finished evaluation!                
	=> Loss: 44.2102                
	=> Accuracy: 3.57%

[INFO](2026/08/19/ 04:05:37 AM) [Round: 0510] Select clients...!
[INFO](2026/08/19/ 04:05:37 AM) [Round: 0510] ...successfully transmitted models to 10 selected clients!
[INFO](2026/08/19/ 04:05:37 AM) [Round: 0510] Start updating selected 10 clients...!
[INFO](2026/08/19/ 04:05:51 AM) [Round: 0510] ...10 clients are selected and updated (with total sample size: 52)!
[INFO](2026/08/19/ 04:05:51 AM) [Round: 0510] Aggregate updated weights of 10 clients...!
[INFO](2026/08/19/ 04:05:51 AM) [Round: 0510] ...updated weights of 10 clients are successfully averaged!
[INFO](2026/08/19/ 04:05:53 AM) [Round: 0510] Evaluate global model's performance...!                
	[Server] ...finished evaluation!                
	=> Loss: 46.6102                
	=> Accuracy: 4.76%

[INFO](2026/08/19/ 04:05:53 AM) [Round: 0511] Select clients...!
[INFO](2026/08/19/ 04:05:53 AM) [Round: 0511] ...successfully transmitted models to 10 selected clients!
[INFO](2026/08/19/ 04:05:53 AM) [Round: 0511] Start updating selected 10 clients...!
[INFO](2026/08/19/ 04:06:04 AM) [Round: 0511] ...10 clients are selected and updated (with total sample size: 39)!
[INFO](2026/08/19/ 04:06:04 AM) [Round: 0511] Aggregate updated weights of 10 clients...!
[INFO](2026/08/19/ 04:06:04 AM) [Round: 0511] ...updated weights of 10 clients are successfully averaged!
[INFO](2026/08/19/ 04:06:06 AM) [Round: 0511] Evaluate global model's performance...!                
	[Server] ...finished evaluation!                
	=> Loss: 42.8949                
	=> Accuracy: 6.43%

[INFO](2026/08/19/ 04:06:06 AM) [Round: 0512] Select clients...!
[INFO](2026/08/19/ 04:06:07 AM) [Round: 0512] ...successfully transmitted models to 10 selected clients!
[INFO](2026/08/19/ 04:06:07 AM) [Round: 0512] Start updating selected 10 clients...!
[INFO](2026/08/19/ 04:06:16 AM) [Round: 0512] ...10 clients are selected and updated (with total sample size: 39)!
[INFO](2026/08/19/ 04:06:16 AM) [Round: 0512] Aggregate updated weights of 10 clients...!
[INFO](2026/08/19/ 04:06:17 AM) [Round: 0512] ...updated weights of 10 clients are successfully averaged!
[INFO](2026/08/19/ 04:06:19 AM) [Round: 0512] Evaluate global model's performance...!                
	[Server] ...finished evaluation!                
	=> Loss: 40.0909                
	=> Accuracy: 5.00%

[INFO](2026/08/19/ 04:06:19 AM) [Round: 0513] Select clients...!
[INFO](2026/08/19/ 04:06:19 AM) [Round: 0513] ...successfully transmitted models to 10 selected clients!
[INFO](2026/08/19/ 04:06:19 AM) [Round: 0513] Start updating selected 10 clients...!
[INFO](2026/08/19/ 04:06:31 AM) [Round: 0513] ...10 clients are selected and updated (with total sample size: 52)!
[INFO](2026/08/19/ 04:06:31 AM) [Round: 0513] Aggregate updated weights of 10 clients...!
[INFO](2026/08/19/ 04:06:31 AM) [Round: 0513] ...updated weights of 10 clients are successfully averaged!
[INFO](2026/08/19/ 04:06:33 AM) [Round: 0513] Evaluate global model's performance...!                
	[Server] ...finished evaluation!                
	=> Loss: 42.0470                
	=> Accuracy: 5.71%

[INFO](2026/08/19/ 04:06:33 AM) [Round: 0514] Select clients...!
[INFO](2026/08/19/ 04:06:34 AM) [Round: 0514] ...successfully transmitted models to 10 selected clients!
[INFO](2026/08/19/ 04:06:34 AM) [Round: 0514] Start updating selected 10 clients...!
[INFO](2026/08/19/ 04:06:44 AM) [Round: 0514] ...10 clients are selected and updated (with total sample size: 43)!
[INFO](2026/08/19/ 04:06:44 AM) [Round: 0514] Aggregate updated weights of 10 clients...!
[INFO](2026/08/19/ 04:06:44 AM) [Round: 0514] ...updated weights of 10 clients are successfully averaged!
[INFO](2026/08/19/ 04:06:46 AM) [Round: 0514] Evaluate global model's performance...!                
	[Server] ...finished evaluation!                
	=> Loss: 53.5416                
	=> Accuracy: 6.67%

[INFO](2026/08/19/ 04:06:46 AM) [Round: 0515] Select clients...!
[INFO](2026/08/19/ 04:06:47 AM) [Round: 0515] ...successfully transmitted models to 10 selected clients!
[INFO](2026/08/19/ 04:06:47 AM) [Round: 0515] Start updating selected 10 clients...!
[INFO](2026/08/19/ 04:06:59 AM) [Round: 0515] ...10 clients are selected and updated (with total sample size: 43)!
[INFO](2026/08/19/ 04:06:59 AM) [Round: 0515] Aggregate updated weights of 10 clients...!
[INFO](2026/08/19/ 04:06:59 AM) [Round: 0515] ...updated weights of 10 clients are successfully averaged!
[INFO](2026/08/19/ 04:07:01 AM) [Round: 0515] Evaluate global model's performance...!                
	[Server] ...finished evaluation!                
	=> Loss: 52.6289                
	=> Accuracy: 5.48%

[INFO](2026/08/19/ 04:07:01 AM) [Round: 0516] Select clients...!
[INFO](2026/08/19/ 04:07:01 AM) [Round: 0516] ...successfully transmitted models to 10 selected clients!
[INFO](2026/08/19/ 04:07:01 AM) [Round: 0516] Start updating selected 10 clients...!
[INFO](2026/08/19/ 04:07:10 AM) [Round: 0516] ...10 clients are selected and updated (with total sample size: 39)!
[INFO](2026/08/19/ 04:07:10 AM) [Round: 0516] Aggregate updated weights of 10 clients...!
[INFO](2026/08/19/ 04:07:11 AM) [Round: 0516] ...updated weights of 10 clients are successfully averaged!
[INFO](2026/08/19/ 04:07:13 AM) [Round: 0516] Evaluate global model's performance...!                
	[Server] ...finished evaluation!                
	=> Loss: 45.1648                
	=> Accuracy: 5.00%

[INFO](2026/08/19/ 04:07:13 AM) [Round: 0517] Select clients...!
[INFO](2026/08/19/ 04:07:13 AM) [Round: 0517] ...successfully transmitted models to 10 selected clients!
[INFO](2026/08/19/ 04:07:13 AM) [Round: 0517] Start updating selected 10 clients...!
[INFO](2026/08/19/ 04:07:23 AM) [Round: 0517] ...10 clients are selected and updated (with total sample size: 52)!
[INFO](2026/08/19/ 04:07:23 AM) [Round: 0517] Aggregate updated weights of 10 clients...!
[INFO](2026/08/19/ 04:07:23 AM) [Round: 0517] ...updated weights of 10 clients are successfully averaged!
[INFO](2026/08/19/ 04:07:25 AM) [Round: 0517] Evaluate global model's performance...!                
	[Server] ...finished evaluation!                
	=> Loss: 56.3746                
	=> Accuracy: 5.24%

[INFO](2026/08/19/ 04:07:25 AM) [Round: 0518] Select clients...!
[INFO](2026/08/19/ 04:07:25 AM) [Round: 0518] ...successfully transmitted models to 10 selected clients!
[INFO](2026/08/19/ 04:07:25 AM) [Round: 0518] Start updating selected 10 clients...!
[INFO](2026/08/19/ 04:07:34 AM) [Round: 0518] ...10 clients are selected and updated (with total sample size: 39)!
[INFO](2026/08/19/ 04:07:34 AM) [Round: 0518] Aggregate updated weights of 10 clients...!
[INFO](2026/08/19/ 04:07:35 AM) [Round: 0518] ...updated weights of 10 clients are successfully averaged!
[INFO](2026/08/19/ 04:07:36 AM) [Round: 0518] Evaluate global model's performance...!                
	[Server] ...finished evaluation!                
	=> Loss: 44.7483                
	=> Accuracy: 6.90%

[INFO](2026/08/19/ 04:07:36 AM) [Round: 0519] Select clients...!
[INFO](2026/08/19/ 04:07:37 AM) [Round: 0519] ...successfully transmitted models to 10 selected clients!
[INFO](2026/08/19/ 04:07:37 AM) [Round: 0519] Start updating selected 10 clients...!
[INFO](2026/08/19/ 04:07:46 AM) [Round: 0519] ...10 clients are selected and updated (with total sample size: 28)!
[INFO](2026/08/19/ 04:07:46 AM) [Round: 0519] Aggregate updated weights of 10 clients...!
[INFO](2026/08/19/ 04:07:47 AM) [Round: 0519] ...updated weights of 10 clients are successfully averaged!
[INFO](2026/08/19/ 04:07:48 AM) [Round: 0519] Evaluate global model's performance...!                
	[Server] ...finished evaluation!                
	=> Loss: 50.4685                
	=> Accuracy: 5.48%

[INFO](2026/08/19/ 04:07:48 AM) [Round: 0520] Select clients...!
[INFO](2026/08/19/ 04:07:49 AM) [Round: 0520] ...successfully transmitted models to 10 selected clients!
[INFO](2026/08/19/ 04:07:49 AM) [Round: 0520] Start updating selected 10 clients...!
[INFO](2026/08/19/ 04:08:01 AM) [Round: 0520] ...10 clients are selected and updated (with total sample size: 39)!
[INFO](2026/08/19/ 04:08:01 AM) [Round: 0520] Aggregate updated weights of 10 clients...!
[INFO](2026/08/19/ 04:08:01 AM) [Round: 0520] ...updated weights of 10 clients are successfully averaged!
[INFO](2026/08/19/ 04:08:03 AM) [Round: 0520] Evaluate global model's performance...!                
	[Server] ...finished evaluation!                
	=> Loss: 42.9113                
	=> Accuracy: 5.48%

[INFO](2026/08/19/ 04:08:03 AM) [Round: 0521] Select clients...!
[INFO](2026/08/19/ 04:08:03 AM) [Round: 0521] ...successfully transmitted models to 10 selected clients!
[INFO](2026/08/19/ 04:08:03 AM) [Round: 0521] Start updating selected 10 clients...!
[INFO](2026/08/19/ 04:08:14 AM) [Round: 0521] ...10 clients are selected and updated (with total sample size: 42)!
[INFO](2026/08/19/ 04:08:14 AM) [Round: 0521] Aggregate updated weights of 10 clients...!
[INFO](2026/08/19/ 04:08:14 AM) [Round: 0521] ...updated weights of 10 clients are successfully averaged!
[INFO](2026/08/19/ 04:08:16 AM) [Round: 0521] Evaluate global model's performance...!                
	[Server] ...finished evaluation!                
	=> Loss: 51.3883                
	=> Accuracy: 5.00%

[INFO](2026/08/19/ 04:08:16 AM) [Round: 0522] Select clients...!
[INFO](2026/08/19/ 04:08:16 AM) [Round: 0522] ...successfully transmitted models to 10 selected clients!
[INFO](2026/08/19/ 04:08:16 AM) [Round: 0522] Start updating selected 10 clients...!
[INFO](2026/08/19/ 04:08:28 AM) [Round: 0522] ...10 clients are selected and updated (with total sample size: 28)!
[INFO](2026/08/19/ 04:08:28 AM) [Round: 0522] Aggregate updated weights of 10 clients...!
[INFO](2026/08/19/ 04:08:28 AM) [Round: 0522] ...updated weights of 10 clients are successfully averaged!
[INFO](2026/08/19/ 04:08:30 AM) [Round: 0522] Evaluate global model's performance...!                
	[Server] ...finished evaluation!                
	=> Loss: 45.4160                
	=> Accuracy: 4.05%

[INFO](2026/08/19/ 04:08:30 AM) [Round: 0523] Select clients...!
[INFO](2026/08/19/ 04:08:30 AM) [Round: 0523] ...successfully transmitted models to 10 selected clients!
[INFO](2026/08/19/ 04:08:31 AM) [Round: 0523] Start updating selected 10 clients...!
[INFO](2026/08/19/ 04:08:43 AM) [Round: 0523] ...10 clients are selected and updated (with total sample size: 39)!
[INFO](2026/08/19/ 04:08:43 AM) [Round: 0523] Aggregate updated weights of 10 clients...!
[INFO](2026/08/19/ 04:08:43 AM) [Round: 0523] ...updated weights of 10 clients are successfully averaged!
[INFO](2026/08/19/ 04:08:44 AM) [Round: 0523] Evaluate global model's performance...!                
	[Server] ...finished evaluation!                
	=> Loss: 42.2122                
	=> Accuracy: 4.76%

[INFO](2026/08/19/ 04:08:44 AM) [Round: 0524] Select clients...!
[INFO](2026/08/19/ 04:08:45 AM) [Round: 0524] ...successfully transmitted models to 10 selected clients!
[INFO](2026/08/19/ 04:08:45 AM) [Round: 0524] Start updating selected 10 clients...!
[INFO](2026/08/19/ 04:08:57 AM) [Round: 0524] ...10 clients are selected and updated (with total sample size: 57)!
[INFO](2026/08/19/ 04:08:57 AM) [Round: 0524] Aggregate updated weights of 10 clients...!
[INFO](2026/08/19/ 04:08:57 AM) [Round: 0524] ...updated weights of 10 clients are successfully averaged!
[INFO](2026/08/19/ 04:08:59 AM) [Round: 0524] Evaluate global model's performance...!                
	[Server] ...finished evaluation!                
	=> Loss: 58.7182                
	=> Accuracy: 4.76%

[INFO](2026/08/19/ 04:08:59 AM) [Round: 0525] Select clients...!
[INFO](2026/08/19/ 04:09:00 AM) [Round: 0525] ...successfully transmitted models to 10 selected clients!
[INFO](2026/08/19/ 04:09:00 AM) [Round: 0525] Start updating selected 10 clients...!
[INFO](2026/08/19/ 04:09:10 AM) [Round: 0525] ...10 clients are selected and updated (with total sample size: 42)!
[INFO](2026/08/19/ 04:09:11 AM) [Round: 0525] Aggregate updated weights of 10 clients...!
[INFO](2026/08/19/ 04:09:11 AM) [Round: 0525] ...updated weights of 10 clients are successfully averaged!
[INFO](2026/08/19/ 04:09:13 AM) [Round: 0525] Evaluate global model's performance...!                
	[Server] ...finished evaluation!                
	=> Loss: 50.6780                
	=> Accuracy: 5.00%

[INFO](2026/08/19/ 04:09:13 AM) [Round: 0526] Select clients...!
[INFO](2026/08/19/ 04:09:13 AM) [Round: 0526] ...successfully transmitted models to 10 selected clients!
[INFO](2026/08/19/ 04:09:14 AM) [Round: 0526] Start updating selected 10 clients...!
[INFO](2026/08/19/ 04:09:24 AM) [Round: 0526] ...10 clients are selected and updated (with total sample size: 52)!
[INFO](2026/08/19/ 04:09:24 AM) [Round: 0526] Aggregate updated weights of 10 clients...!
[INFO](2026/08/19/ 04:09:24 AM) [Round: 0526] ...updated weights of 10 clients are successfully averaged!
[INFO](2026/08/19/ 04:09:25 AM) [Round: 0526] Evaluate global model's performance...!                
	[Server] ...finished evaluation!                
	=> Loss: 52.8568                
	=> Accuracy: 5.00%

[INFO](2026/08/19/ 04:09:26 AM) [Round: 0527] Select clients...!
[INFO](2026/08/19/ 04:09:26 AM) [Round: 0527] ...successfully transmitted models to 10 selected clients!
[INFO](2026/08/19/ 04:09:26 AM) [Round: 0527] Start updating selected 10 clients...!
[INFO](2026/08/19/ 04:09:35 AM) [Round: 0527] ...10 clients are selected and updated (with total sample size: 28)!
[INFO](2026/08/19/ 04:09:35 AM) [Round: 0527] Aggregate updated weights of 10 clients...!
[INFO](2026/08/19/ 04:09:36 AM) [Round: 0527] ...updated weights of 10 clients are successfully averaged!
[INFO](2026/08/19/ 04:09:38 AM) [Round: 0527] Evaluate global model's performance...!                
	[Server] ...finished evaluation!                
	=> Loss: 51.4235                
	=> Accuracy: 5.00%

[INFO](2026/08/19/ 04:09:38 AM) [Round: 0528] Select clients...!
[INFO](2026/08/19/ 04:09:38 AM) [Round: 0528] ...successfully transmitted models to 10 selected clients!
[INFO](2026/08/19/ 04:09:38 AM) [Round: 0528] Start updating selected 10 clients...!
[INFO](2026/08/19/ 04:09:49 AM) [Round: 0528] ...10 clients are selected and updated (with total sample size: 30)!
[INFO](2026/08/19/ 04:09:49 AM) [Round: 0528] Aggregate updated weights of 10 clients...!
[INFO](2026/08/19/ 04:09:50 AM) [Round: 0528] ...updated weights of 10 clients are successfully averaged!
[INFO](2026/08/19/ 04:09:51 AM) [Round: 0528] Evaluate global model's performance...!                
	[Server] ...finished evaluation!                
	=> Loss: 57.1400                
	=> Accuracy: 3.33%

[INFO](2026/08/19/ 04:09:51 AM) [Round: 0529] Select clients...!
[INFO](2026/08/19/ 04:09:52 AM) [Round: 0529] ...successfully transmitted models to 10 selected clients!
[INFO](2026/08/19/ 04:09:52 AM) [Round: 0529] Start updating selected 10 clients...!
[INFO](2026/08/19/ 04:10:03 AM) [Round: 0529] ...10 clients are selected and updated (with total sample size: 43)!
[INFO](2026/08/19/ 04:10:03 AM) [Round: 0529] Aggregate updated weights of 10 clients...!
[INFO](2026/08/19/ 04:10:03 AM) [Round: 0529] ...updated weights of 10 clients are successfully averaged!
[INFO](2026/08/19/ 04:10:05 AM) [Round: 0529] Evaluate global model's performance...!                
	[Server] ...finished evaluation!                
	=> Loss: 54.8549                
	=> Accuracy: 5.00%

[INFO](2026/08/19/ 04:10:05 AM) [Round: 0530] Select clients...!
[INFO](2026/08/19/ 04:10:06 AM) [Round: 0530] ...successfully transmitted models to 10 selected clients!
[INFO](2026/08/19/ 04:10:06 AM) [Round: 0530] Start updating selected 10 clients...!
[INFO](2026/08/19/ 04:10:18 AM) [Round: 0530] ...10 clients are selected and updated (with total sample size: 43)!
[INFO](2026/08/19/ 04:10:18 AM) [Round: 0530] Aggregate updated weights of 10 clients...!
[INFO](2026/08/19/ 04:10:18 AM) [Round: 0530] ...updated weights of 10 clients are successfully averaged!
[INFO](2026/08/19/ 04:10:20 AM) [Round: 0530] Evaluate global model's performance...!                
	[Server] ...finished evaluation!                
	=> Loss: 55.2970                
	=> Accuracy: 3.33%

[INFO](2026/08/19/ 04:10:20 AM) [Round: 0531] Select clients...!
[INFO](2026/08/19/ 04:10:20 AM) [Round: 0531] ...successfully transmitted models to 10 selected clients!
[INFO](2026/08/19/ 04:10:21 AM) [Round: 0531] Start updating selected 10 clients...!
[INFO](2026/08/19/ 04:10:32 AM) [Round: 0531] ...10 clients are selected and updated (with total sample size: 57)!
[INFO](2026/08/19/ 04:10:32 AM) [Round: 0531] Aggregate updated weights of 10 clients...!
[INFO](2026/08/19/ 04:10:32 AM) [Round: 0531] ...updated weights of 10 clients are successfully averaged!
[INFO](2026/08/19/ 04:10:34 AM) [Round: 0531] Evaluate global model's performance...!                
	[Server] ...finished evaluation!                
	=> Loss: 46.8632                
	=> Accuracy: 5.24%

[INFO](2026/08/19/ 04:10:34 AM) [Round: 0532] Select clients...!
[INFO](2026/08/19/ 04:10:34 AM) [Round: 0532] ...successfully transmitted models to 10 selected clients!
[INFO](2026/08/19/ 04:10:34 AM) [Round: 0532] Start updating selected 10 clients...!
[INFO](2026/08/19/ 04:10:46 AM) [Round: 0532] ...10 clients are selected and updated (with total sample size: 39)!
[INFO](2026/08/19/ 04:10:46 AM) [Round: 0532] Aggregate updated weights of 10 clients...!
[INFO](2026/08/19/ 04:10:46 AM) [Round: 0532] ...updated weights of 10 clients are successfully averaged!
[INFO](2026/08/19/ 04:10:48 AM) [Round: 0532] Evaluate global model's performance...!                
	[Server] ...finished evaluation!                
	=> Loss: 68.5869                
	=> Accuracy: 3.81%

[INFO](2026/08/19/ 04:10:48 AM) [Round: 0533] Select clients...!
[INFO](2026/08/19/ 04:10:48 AM) [Round: 0533] ...successfully transmitted models to 10 selected clients!
[INFO](2026/08/19/ 04:10:48 AM) [Round: 0533] Start updating selected 10 clients...!
[INFO](2026/08/19/ 04:10:59 AM) [Round: 0533] ...10 clients are selected and updated (with total sample size: 43)!
[INFO](2026/08/19/ 04:11:00 AM) [Round: 0533] Aggregate updated weights of 10 clients...!
[INFO](2026/08/19/ 04:11:00 AM) [Round: 0533] ...updated weights of 10 clients are successfully averaged!
[INFO](2026/08/19/ 04:11:02 AM) [Round: 0533] Evaluate global model's performance...!                
	[Server] ...finished evaluation!                
	=> Loss: 48.5908                
	=> Accuracy: 5.24%

[INFO](2026/08/19/ 04:11:02 AM) [Round: 0534] Select clients...!
[INFO](2026/08/19/ 04:11:02 AM) [Round: 0534] ...successfully transmitted models to 10 selected clients!
[INFO](2026/08/19/ 04:11:02 AM) [Round: 0534] Start updating selected 10 clients...!
[INFO](2026/08/19/ 04:11:13 AM) [Round: 0534] ...10 clients are selected and updated (with total sample size: 43)!
[INFO](2026/08/19/ 04:11:13 AM) [Round: 0534] Aggregate updated weights of 10 clients...!
[INFO](2026/08/19/ 04:11:14 AM) [Round: 0534] ...updated weights of 10 clients are successfully averaged!
[INFO](2026/08/19/ 04:11:15 AM) [Round: 0534] Evaluate global model's performance...!                
	[Server] ...finished evaluation!                
	=> Loss: 52.4761                
	=> Accuracy: 6.90%

[INFO](2026/08/19/ 04:11:16 AM) [Round: 0535] Select clients...!
[INFO](2026/08/19/ 04:11:16 AM) [Round: 0535] ...successfully transmitted models to 10 selected clients!
[INFO](2026/08/19/ 04:11:16 AM) [Round: 0535] Start updating selected 10 clients...!
[INFO](2026/08/19/ 04:11:27 AM) [Round: 0535] ...10 clients are selected and updated (with total sample size: 56)!
[INFO](2026/08/19/ 04:11:27 AM) [Round: 0535] Aggregate updated weights of 10 clients...!
[INFO](2026/08/19/ 04:11:28 AM) [Round: 0535] ...updated weights of 10 clients are successfully averaged!
[INFO](2026/08/19/ 04:11:30 AM) [Round: 0535] Evaluate global model's performance...!                
	[Server] ...finished evaluation!                
	=> Loss: 47.9872                
	=> Accuracy: 4.76%

[INFO](2026/08/19/ 04:11:30 AM) [Round: 0536] Select clients...!
[INFO](2026/08/19/ 04:11:30 AM) [Round: 0536] ...successfully transmitted models to 10 selected clients!
[INFO](2026/08/19/ 04:11:30 AM) [Round: 0536] Start updating selected 10 clients...!
[INFO](2026/08/19/ 04:11:42 AM) [Round: 0536] ...10 clients are selected and updated (with total sample size: 56)!
[INFO](2026/08/19/ 04:11:42 AM) [Round: 0536] Aggregate updated weights of 10 clients...!
[INFO](2026/08/19/ 04:11:42 AM) [Round: 0536] ...updated weights of 10 clients are successfully averaged!
[INFO](2026/08/19/ 04:11:44 AM) [Round: 0536] Evaluate global model's performance...!                
	[Server] ...finished evaluation!                
	=> Loss: 62.7290                
	=> Accuracy: 4.05%

[INFO](2026/08/19/ 04:11:44 AM) [Round: 0537] Select clients...!
[INFO](2026/08/19/ 04:11:45 AM) [Round: 0537] ...successfully transmitted models to 10 selected clients!
[INFO](2026/08/19/ 04:11:45 AM) [Round: 0537] Start updating selected 10 clients...!
[INFO](2026/08/19/ 04:11:55 AM) [Round: 0537] ...10 clients are selected and updated (with total sample size: 30)!
[INFO](2026/08/19/ 04:11:55 AM) [Round: 0537] Aggregate updated weights of 10 clients...!
[INFO](2026/08/19/ 04:11:56 AM) [Round: 0537] ...updated weights of 10 clients are successfully averaged!
[INFO](2026/08/19/ 04:11:58 AM) [Round: 0537] Evaluate global model's performance...!                
	[Server] ...finished evaluation!                
	=> Loss: 78.9418                
	=> Accuracy: 5.48%

[INFO](2026/08/19/ 04:11:58 AM) [Round: 0538] Select clients...!
[INFO](2026/08/19/ 04:11:58 AM) [Round: 0538] ...successfully transmitted models to 10 selected clients!
[INFO](2026/08/19/ 04:11:58 AM) [Round: 0538] Start updating selected 10 clients...!
[INFO](2026/08/19/ 04:12:11 AM) [Round: 0538] ...10 clients are selected and updated (with total sample size: 57)!
[INFO](2026/08/19/ 04:12:11 AM) [Round: 0538] Aggregate updated weights of 10 clients...!
[INFO](2026/08/19/ 04:12:11 AM) [Round: 0538] ...updated weights of 10 clients are successfully averaged!
[INFO](2026/08/19/ 04:12:12 AM) [Round: 0538] Evaluate global model's performance...!                
	[Server] ...finished evaluation!                
	=> Loss: 51.6539                
	=> Accuracy: 5.48%

[INFO](2026/08/19/ 04:12:13 AM) [Round: 0539] Select clients...!
[INFO](2026/08/19/ 04:12:13 AM) [Round: 0539] ...successfully transmitted models to 10 selected clients!
[INFO](2026/08/19/ 04:12:13 AM) [Round: 0539] Start updating selected 10 clients...!
[INFO](2026/08/19/ 04:12:23 AM) [Round: 0539] ...10 clients are selected and updated (with total sample size: 32)!
[INFO](2026/08/19/ 04:12:23 AM) [Round: 0539] Aggregate updated weights of 10 clients...!
[INFO](2026/08/19/ 04:12:23 AM) [Round: 0539] ...updated weights of 10 clients are successfully averaged!
[INFO](2026/08/19/ 04:12:25 AM) [Round: 0539] Evaluate global model's performance...!                
	[Server] ...finished evaluation!                
	=> Loss: 46.6077                
	=> Accuracy: 5.71%

[INFO](2026/08/19/ 04:12:25 AM) [Round: 0540] Select clients...!
[INFO](2026/08/19/ 04:12:26 AM) [Round: 0540] ...successfully transmitted models to 10 selected clients!
[INFO](2026/08/19/ 04:12:26 AM) [Round: 0540] Start updating selected 10 clients...!
[INFO](2026/08/19/ 04:12:37 AM) [Round: 0540] ...10 clients are selected and updated (with total sample size: 56)!
[INFO](2026/08/19/ 04:12:37 AM) [Round: 0540] Aggregate updated weights of 10 clients...!
[INFO](2026/08/19/ 04:12:37 AM) [Round: 0540] ...updated weights of 10 clients are successfully averaged!
[INFO](2026/08/19/ 04:12:39 AM) [Round: 0540] Evaluate global model's performance...!                
	[Server] ...finished evaluation!                
	=> Loss: 61.0052                
	=> Accuracy: 5.24%

[INFO](2026/08/19/ 04:12:39 AM) [Round: 0541] Select clients...!
[INFO](2026/08/19/ 04:12:40 AM) [Round: 0541] ...successfully transmitted models to 10 selected clients!
[INFO](2026/08/19/ 04:12:40 AM) [Round: 0541] Start updating selected 10 clients...!
[INFO](2026/08/19/ 04:12:50 AM) [Round: 0541] ...10 clients are selected and updated (with total sample size: 30)!
[INFO](2026/08/19/ 04:12:51 AM) [Round: 0541] Aggregate updated weights of 10 clients...!
[INFO](2026/08/19/ 04:12:51 AM) [Round: 0541] ...updated weights of 10 clients are successfully averaged!
[INFO](2026/08/19/ 04:12:52 AM) [Round: 0541] Evaluate global model's performance...!                
	[Server] ...finished evaluation!                
	=> Loss: 51.5023                
	=> Accuracy: 5.48%

[INFO](2026/08/19/ 04:12:52 AM) [Round: 0542] Select clients...!
[INFO](2026/08/19/ 04:12:53 AM) [Round: 0542] ...successfully transmitted models to 10 selected clients!
[INFO](2026/08/19/ 04:12:53 AM) [Round: 0542] Start updating selected 10 clients...!
[INFO](2026/08/19/ 04:13:02 AM) [Round: 0542] ...10 clients are selected and updated (with total sample size: 43)!
[INFO](2026/08/19/ 04:13:02 AM) [Round: 0542] Aggregate updated weights of 10 clients...!
[INFO](2026/08/19/ 04:13:02 AM) [Round: 0542] ...updated weights of 10 clients are successfully averaged!
[INFO](2026/08/19/ 04:13:04 AM) [Round: 0542] Evaluate global model's performance...!                
	[Server] ...finished evaluation!                
	=> Loss: 76.6177                
	=> Accuracy: 4.05%

[INFO](2026/08/19/ 04:13:04 AM) [Round: 0543] Select clients...!
[INFO](2026/08/19/ 04:13:05 AM) [Round: 0543] ...successfully transmitted models to 10 selected clients!
[INFO](2026/08/19/ 04:13:05 AM) [Round: 0543] Start updating selected 10 clients...!
[INFO](2026/08/19/ 04:13:18 AM) [Round: 0543] ...10 clients are selected and updated (with total sample size: 43)!
[INFO](2026/08/19/ 04:13:18 AM) [Round: 0543] Aggregate updated weights of 10 clients...!
[INFO](2026/08/19/ 04:13:18 AM) [Round: 0543] ...updated weights of 10 clients are successfully averaged!
[INFO](2026/08/19/ 04:13:20 AM) [Round: 0543] Evaluate global model's performance...!                
	[Server] ...finished evaluation!                
	=> Loss: 63.1416                
	=> Accuracy: 5.00%

[INFO](2026/08/19/ 04:13:20 AM) [Round: 0544] Select clients...!
[INFO](2026/08/19/ 04:13:21 AM) [Round: 0544] ...successfully transmitted models to 10 selected clients!
[INFO](2026/08/19/ 04:13:21 AM) [Round: 0544] Start updating selected 10 clients...!
[INFO](2026/08/19/ 04:13:29 AM) [Round: 0544] ...10 clients are selected and updated (with total sample size: 39)!
[INFO](2026/08/19/ 04:13:30 AM) [Round: 0544] Aggregate updated weights of 10 clients...!
[INFO](2026/08/19/ 04:13:30 AM) [Round: 0544] ...updated weights of 10 clients are successfully averaged!
[INFO](2026/08/19/ 04:13:32 AM) [Round: 0544] Evaluate global model's performance...!                
	[Server] ...finished evaluation!                
	=> Loss: 63.5727                
	=> Accuracy: 6.90%

[INFO](2026/08/19/ 04:13:32 AM) [Round: 0545] Select clients...!
[INFO](2026/08/19/ 04:13:32 AM) [Round: 0545] ...successfully transmitted models to 10 selected clients!
[INFO](2026/08/19/ 04:13:32 AM) [Round: 0545] Start updating selected 10 clients...!
[INFO](2026/08/19/ 04:13:41 AM) [Round: 0545] ...10 clients are selected and updated (with total sample size: 30)!
[INFO](2026/08/19/ 04:13:42 AM) [Round: 0545] Aggregate updated weights of 10 clients...!
[INFO](2026/08/19/ 04:13:42 AM) [Round: 0545] ...updated weights of 10 clients are successfully averaged!
[INFO](2026/08/19/ 04:13:44 AM) [Round: 0545] Evaluate global model's performance...!                
	[Server] ...finished evaluation!                
	=> Loss: 77.4009                
	=> Accuracy: 3.57%

[INFO](2026/08/19/ 04:13:44 AM) [Round: 0546] Select clients...!
[INFO](2026/08/19/ 04:13:44 AM) [Round: 0546] ...successfully transmitted models to 10 selected clients!
[INFO](2026/08/19/ 04:13:44 AM) [Round: 0546] Start updating selected 10 clients...!
[INFO](2026/08/19/ 04:13:54 AM) [Round: 0546] ...10 clients are selected and updated (with total sample size: 30)!
[INFO](2026/08/19/ 04:13:54 AM) [Round: 0546] Aggregate updated weights of 10 clients...!
[INFO](2026/08/19/ 04:13:55 AM) [Round: 0546] ...updated weights of 10 clients are successfully averaged!
[INFO](2026/08/19/ 04:13:56 AM) [Round: 0546] Evaluate global model's performance...!                
	[Server] ...finished evaluation!                
	=> Loss: 62.5050                
	=> Accuracy: 4.76%

[INFO](2026/08/19/ 04:13:57 AM) [Round: 0547] Select clients...!
[INFO](2026/08/19/ 04:13:57 AM) [Round: 0547] ...successfully transmitted models to 10 selected clients!
[INFO](2026/08/19/ 04:13:57 AM) [Round: 0547] Start updating selected 10 clients...!
[INFO](2026/08/19/ 04:14:07 AM) [Round: 0547] ...10 clients are selected and updated (with total sample size: 28)!
[INFO](2026/08/19/ 04:14:07 AM) [Round: 0547] Aggregate updated weights of 10 clients...!
[INFO](2026/08/19/ 04:14:07 AM) [Round: 0547] ...updated weights of 10 clients are successfully averaged!
[INFO](2026/08/19/ 04:14:09 AM) [Round: 0547] Evaluate global model's performance...!                
	[Server] ...finished evaluation!                
	=> Loss: 63.8153                
	=> Accuracy: 5.00%

[INFO](2026/08/19/ 04:14:09 AM) [Round: 0548] Select clients...!
[INFO](2026/08/19/ 04:14:10 AM) [Round: 0548] ...successfully transmitted models to 10 selected clients!
[INFO](2026/08/19/ 04:14:10 AM) [Round: 0548] Start updating selected 10 clients...!
[INFO](2026/08/19/ 04:14:21 AM) [Round: 0548] ...10 clients are selected and updated (with total sample size: 57)!
[INFO](2026/08/19/ 04:14:21 AM) [Round: 0548] Aggregate updated weights of 10 clients...!
[INFO](2026/08/19/ 04:14:21 AM) [Round: 0548] ...updated weights of 10 clients are successfully averaged!
[INFO](2026/08/19/ 04:14:23 AM) [Round: 0548] Evaluate global model's performance...!                
	[Server] ...finished evaluation!                
	=> Loss: 61.9032                
	=> Accuracy: 5.71%

[INFO](2026/08/19/ 04:14:23 AM) [Round: 0549] Select clients...!
[INFO](2026/08/19/ 04:14:24 AM) [Round: 0549] ...successfully transmitted models to 10 selected clients!
[INFO](2026/08/19/ 04:14:24 AM) [Round: 0549] Start updating selected 10 clients...!
[INFO](2026/08/19/ 04:14:34 AM) [Round: 0549] ...10 clients are selected and updated (with total sample size: 39)!
[INFO](2026/08/19/ 04:14:35 AM) [Round: 0549] Aggregate updated weights of 10 clients...!
[INFO](2026/08/19/ 04:14:35 AM) [Round: 0549] ...updated weights of 10 clients are successfully averaged!
[INFO](2026/08/19/ 04:14:36 AM) [Round: 0549] Evaluate global model's performance...!                
	[Server] ...finished evaluation!                
	=> Loss: 67.4695                
	=> Accuracy: 5.24%

[INFO](2026/08/19/ 04:14:36 AM) [Round: 0550] Select clients...!
[INFO](2026/08/19/ 04:14:37 AM) [Round: 0550] ...successfully transmitted models to 10 selected clients!
[INFO](2026/08/19/ 04:14:37 AM) [Round: 0550] Start updating selected 10 clients...!
[INFO](2026/08/19/ 04:14:47 AM) [Round: 0550] ...10 clients are selected and updated (with total sample size: 39)!
[INFO](2026/08/19/ 04:14:47 AM) [Round: 0550] Aggregate updated weights of 10 clients...!
[INFO](2026/08/19/ 04:14:48 AM) [Round: 0550] ...updated weights of 10 clients are successfully averaged!
[INFO](2026/08/19/ 04:14:50 AM) [Round: 0550] Evaluate global model's performance...!                
	[Server] ...finished evaluation!                
	=> Loss: 57.5063                
	=> Accuracy: 6.90%

[INFO](2026/08/19/ 04:14:50 AM) [Round: 0551] Select clients...!
[INFO](2026/08/19/ 04:14:50 AM) [Round: 0551] ...successfully transmitted models to 10 selected clients!
[INFO](2026/08/19/ 04:14:50 AM) [Round: 0551] Start updating selected 10 clients...!
[INFO](2026/08/19/ 04:15:02 AM) [Round: 0551] ...10 clients are selected and updated (with total sample size: 39)!
[INFO](2026/08/19/ 04:15:02 AM) [Round: 0551] Aggregate updated weights of 10 clients...!
[INFO](2026/08/19/ 04:15:03 AM) [Round: 0551] ...updated weights of 10 clients are successfully averaged!
[INFO](2026/08/19/ 04:15:04 AM) [Round: 0551] Evaluate global model's performance...!                
	[Server] ...finished evaluation!                
	=> Loss: 63.5078                
	=> Accuracy: 5.24%

[INFO](2026/08/19/ 04:15:05 AM) [Round: 0552] Select clients...!
[INFO](2026/08/19/ 04:15:05 AM) [Round: 0552] ...successfully transmitted models to 10 selected clients!
[INFO](2026/08/19/ 04:15:05 AM) [Round: 0552] Start updating selected 10 clients...!
[INFO](2026/08/19/ 04:15:15 AM) [Round: 0552] ...10 clients are selected and updated (with total sample size: 28)!
[INFO](2026/08/19/ 04:15:15 AM) [Round: 0552] Aggregate updated weights of 10 clients...!
[INFO](2026/08/19/ 04:15:15 AM) [Round: 0552] ...updated weights of 10 clients are successfully averaged!
[INFO](2026/08/19/ 04:15:17 AM) [Round: 0552] Evaluate global model's performance...!                
	[Server] ...finished evaluation!                
	=> Loss: 63.6952                
	=> Accuracy: 5.24%

[INFO](2026/08/19/ 04:15:17 AM) [Round: 0553] Select clients...!
[INFO](2026/08/19/ 04:15:18 AM) [Round: 0553] ...successfully transmitted models to 10 selected clients!
[INFO](2026/08/19/ 04:15:18 AM) [Round: 0553] Start updating selected 10 clients...!
[INFO](2026/08/19/ 04:15:29 AM) [Round: 0553] ...10 clients are selected and updated (with total sample size: 52)!
[INFO](2026/08/19/ 04:15:29 AM) [Round: 0553] Aggregate updated weights of 10 clients...!
[INFO](2026/08/19/ 04:15:30 AM) [Round: 0553] ...updated weights of 10 clients are successfully averaged!
[INFO](2026/08/19/ 04:15:31 AM) [Round: 0553] Evaluate global model's performance...!                
	[Server] ...finished evaluation!                
	=> Loss: 75.3047                
	=> Accuracy: 4.76%

[INFO](2026/08/19/ 04:15:31 AM) [Round: 0554] Select clients...!
[INFO](2026/08/19/ 04:15:32 AM) [Round: 0554] ...successfully transmitted models to 10 selected clients!
[INFO](2026/08/19/ 04:15:32 AM) [Round: 0554] Start updating selected 10 clients...!
[INFO](2026/08/19/ 04:15:42 AM) [Round: 0554] ...10 clients are selected and updated (with total sample size: 57)!
[INFO](2026/08/19/ 04:15:42 AM) [Round: 0554] Aggregate updated weights of 10 clients...!
[INFO](2026/08/19/ 04:15:43 AM) [Round: 0554] ...updated weights of 10 clients are successfully averaged!
[INFO](2026/08/19/ 04:15:44 AM) [Round: 0554] Evaluate global model's performance...!                
	[Server] ...finished evaluation!                
	=> Loss: 63.8369                
	=> Accuracy: 4.52%

[INFO](2026/08/19/ 04:15:45 AM) [Round: 0555] Select clients...!
[INFO](2026/08/19/ 04:15:45 AM) [Round: 0555] ...successfully transmitted models to 10 selected clients!
[INFO](2026/08/19/ 04:15:45 AM) [Round: 0555] Start updating selected 10 clients...!
[INFO](2026/08/19/ 04:15:57 AM) [Round: 0555] ...10 clients are selected and updated (with total sample size: 35)!
[INFO](2026/08/19/ 04:15:57 AM) [Round: 0555] Aggregate updated weights of 10 clients...!
[INFO](2026/08/19/ 04:15:57 AM) [Round: 0555] ...updated weights of 10 clients are successfully averaged!
[INFO](2026/08/19/ 04:15:59 AM) [Round: 0555] Evaluate global model's performance...!                
	[Server] ...finished evaluation!                
	=> Loss: 67.4278                
	=> Accuracy: 5.24%

[INFO](2026/08/19/ 04:15:59 AM) [Round: 0556] Select clients...!
[INFO](2026/08/19/ 04:15:59 AM) [Round: 0556] ...successfully transmitted models to 10 selected clients!
[INFO](2026/08/19/ 04:15:59 AM) [Round: 0556] Start updating selected 10 clients...!
[INFO](2026/08/19/ 04:16:10 AM) [Round: 0556] ...10 clients are selected and updated (with total sample size: 43)!
[INFO](2026/08/19/ 04:16:10 AM) [Round: 0556] Aggregate updated weights of 10 clients...!
[INFO](2026/08/19/ 04:16:11 AM) [Round: 0556] ...updated weights of 10 clients are successfully averaged!
[INFO](2026/08/19/ 04:16:12 AM) [Round: 0556] Evaluate global model's performance...!                
	[Server] ...finished evaluation!                
	=> Loss: 79.0074                
	=> Accuracy: 5.48%

[INFO](2026/08/19/ 04:16:12 AM) [Round: 0557] Select clients...!
[INFO](2026/08/19/ 04:16:13 AM) [Round: 0557] ...successfully transmitted models to 10 selected clients!
[INFO](2026/08/19/ 04:16:13 AM) [Round: 0557] Start updating selected 10 clients...!
[INFO](2026/08/19/ 04:16:24 AM) [Round: 0557] ...10 clients are selected and updated (with total sample size: 52)!
[INFO](2026/08/19/ 04:16:24 AM) [Round: 0557] Aggregate updated weights of 10 clients...!
[INFO](2026/08/19/ 04:16:24 AM) [Round: 0557] ...updated weights of 10 clients are successfully averaged!
[INFO](2026/08/19/ 04:16:26 AM) [Round: 0557] Evaluate global model's performance...!                
	[Server] ...finished evaluation!                
	=> Loss: 88.9068                
	=> Accuracy: 5.24%

[INFO](2026/08/19/ 04:16:26 AM) [Round: 0558] Select clients...!
[INFO](2026/08/19/ 04:16:27 AM) [Round: 0558] ...successfully transmitted models to 10 selected clients!
[INFO](2026/08/19/ 04:16:27 AM) [Round: 0558] Start updating selected 10 clients...!
[INFO](2026/08/19/ 04:16:37 AM) [Round: 0558] ...10 clients are selected and updated (with total sample size: 57)!
[INFO](2026/08/19/ 04:16:37 AM) [Round: 0558] Aggregate updated weights of 10 clients...!
[INFO](2026/08/19/ 04:16:37 AM) [Round: 0558] ...updated weights of 10 clients are successfully averaged!
[INFO](2026/08/19/ 04:16:39 AM) [Round: 0558] Evaluate global model's performance...!                
	[Server] ...finished evaluation!                
	=> Loss: 76.9073                
	=> Accuracy: 5.71%

[INFO](2026/08/19/ 04:16:39 AM) [Round: 0559] Select clients...!
[INFO](2026/08/19/ 04:16:40 AM) [Round: 0559] ...successfully transmitted models to 10 selected clients!
[INFO](2026/08/19/ 04:16:40 AM) [Round: 0559] Start updating selected 10 clients...!
[INFO](2026/08/19/ 04:16:51 AM) [Round: 0559] ...10 clients are selected and updated (with total sample size: 52)!
[INFO](2026/08/19/ 04:16:51 AM) [Round: 0559] Aggregate updated weights of 10 clients...!
[INFO](2026/08/19/ 04:16:51 AM) [Round: 0559] ...updated weights of 10 clients are successfully averaged!
[INFO](2026/08/19/ 04:16:53 AM) [Round: 0559] Evaluate global model's performance...!                
	[Server] ...finished evaluation!                
	=> Loss: 52.9793                
	=> Accuracy: 4.05%

[INFO](2026/08/19/ 04:16:53 AM) [Round: 0560] Select clients...!
[INFO](2026/08/19/ 04:16:53 AM) [Round: 0560] ...successfully transmitted models to 10 selected clients!
[INFO](2026/08/19/ 04:16:53 AM) [Round: 0560] Start updating selected 10 clients...!
[INFO](2026/08/19/ 04:17:04 AM) [Round: 0560] ...10 clients are selected and updated (with total sample size: 39)!
[INFO](2026/08/19/ 04:17:04 AM) [Round: 0560] Aggregate updated weights of 10 clients...!
[INFO](2026/08/19/ 04:17:04 AM) [Round: 0560] ...updated weights of 10 clients are successfully averaged!
[INFO](2026/08/19/ 04:17:06 AM) [Round: 0560] Evaluate global model's performance...!                
	[Server] ...finished evaluation!                
	=> Loss: 63.0012                
	=> Accuracy: 5.24%

[INFO](2026/08/19/ 04:17:06 AM) [Round: 0561] Select clients...!
[INFO](2026/08/19/ 04:17:07 AM) [Round: 0561] ...successfully transmitted models to 10 selected clients!
[INFO](2026/08/19/ 04:17:07 AM) [Round: 0561] Start updating selected 10 clients...!
[INFO](2026/08/19/ 04:17:17 AM) [Round: 0561] ...10 clients are selected and updated (with total sample size: 43)!
[INFO](2026/08/19/ 04:17:17 AM) [Round: 0561] Aggregate updated weights of 10 clients...!
[INFO](2026/08/19/ 04:17:18 AM) [Round: 0561] ...updated weights of 10 clients are successfully averaged!
[INFO](2026/08/19/ 04:17:19 AM) [Round: 0561] Evaluate global model's performance...!                
	[Server] ...finished evaluation!                
	=> Loss: 75.9789                
	=> Accuracy: 3.57%

[INFO](2026/08/19/ 04:17:19 AM) [Round: 0562] Select clients...!
[INFO](2026/08/19/ 04:17:20 AM) [Round: 0562] ...successfully transmitted models to 10 selected clients!
[INFO](2026/08/19/ 04:17:20 AM) [Round: 0562] Start updating selected 10 clients...!
[INFO](2026/08/19/ 04:17:29 AM) [Round: 0562] ...10 clients are selected and updated (with total sample size: 52)!
[INFO](2026/08/19/ 04:17:29 AM) [Round: 0562] Aggregate updated weights of 10 clients...!
[INFO](2026/08/19/ 04:17:29 AM) [Round: 0562] ...updated weights of 10 clients are successfully averaged!
[INFO](2026/08/19/ 04:17:31 AM) [Round: 0562] Evaluate global model's performance...!                
	[Server] ...finished evaluation!                
	=> Loss: 99.0631                
	=> Accuracy: 3.57%

[INFO](2026/08/19/ 04:17:31 AM) [Round: 0563] Select clients...!
[INFO](2026/08/19/ 04:17:32 AM) [Round: 0563] ...successfully transmitted models to 10 selected clients!
[INFO](2026/08/19/ 04:17:32 AM) [Round: 0563] Start updating selected 10 clients...!
[INFO](2026/08/19/ 04:17:43 AM) [Round: 0563] ...10 clients are selected and updated (with total sample size: 43)!
[INFO](2026/08/19/ 04:17:43 AM) [Round: 0563] Aggregate updated weights of 10 clients...!
[INFO](2026/08/19/ 04:17:43 AM) [Round: 0563] ...updated weights of 10 clients are successfully averaged!
[INFO](2026/08/19/ 04:17:45 AM) [Round: 0563] Evaluate global model's performance...!                
	[Server] ...finished evaluation!                
	=> Loss: 93.3412                
	=> Accuracy: 5.48%

[INFO](2026/08/19/ 04:17:45 AM) [Round: 0564] Select clients...!
[INFO](2026/08/19/ 04:17:45 AM) [Round: 0564] ...successfully transmitted models to 10 selected clients!
[INFO](2026/08/19/ 04:17:45 AM) [Round: 0564] Start updating selected 10 clients...!
[INFO](2026/08/19/ 04:17:56 AM) [Round: 0564] ...10 clients are selected and updated (with total sample size: 39)!
[INFO](2026/08/19/ 04:17:56 AM) [Round: 0564] Aggregate updated weights of 10 clients...!
[INFO](2026/08/19/ 04:17:56 AM) [Round: 0564] ...updated weights of 10 clients are successfully averaged!
[INFO](2026/08/19/ 04:17:58 AM) [Round: 0564] Evaluate global model's performance...!                
	[Server] ...finished evaluation!                
	=> Loss: 82.3350                
	=> Accuracy: 5.00%

[INFO](2026/08/19/ 04:17:58 AM) [Round: 0565] Select clients...!
[INFO](2026/08/19/ 04:17:58 AM) [Round: 0565] ...successfully transmitted models to 10 selected clients!
[INFO](2026/08/19/ 04:17:58 AM) [Round: 0565] Start updating selected 10 clients...!
[INFO](2026/08/19/ 04:18:08 AM) [Round: 0565] ...10 clients are selected and updated (with total sample size: 30)!
[INFO](2026/08/19/ 04:18:08 AM) [Round: 0565] Aggregate updated weights of 10 clients...!
[INFO](2026/08/19/ 04:18:08 AM) [Round: 0565] ...updated weights of 10 clients are successfully averaged!
[INFO](2026/08/19/ 04:18:10 AM) [Round: 0565] Evaluate global model's performance...!                
	[Server] ...finished evaluation!                
	=> Loss: 54.3740                
	=> Accuracy: 8.10%

[INFO](2026/08/19/ 04:18:10 AM) [Round: 0566] Select clients...!
[INFO](2026/08/19/ 04:18:10 AM) [Round: 0566] ...successfully transmitted models to 10 selected clients!
[INFO](2026/08/19/ 04:18:10 AM) [Round: 0566] Start updating selected 10 clients...!
[INFO](2026/08/19/ 04:18:19 AM) [Round: 0566] ...10 clients are selected and updated (with total sample size: 28)!
[INFO](2026/08/19/ 04:18:19 AM) [Round: 0566] Aggregate updated weights of 10 clients...!
[INFO](2026/08/19/ 04:18:19 AM) [Round: 0566] ...updated weights of 10 clients are successfully averaged!
[INFO](2026/08/19/ 04:18:21 AM) [Round: 0566] Evaluate global model's performance...!                
	[Server] ...finished evaluation!                
	=> Loss: 78.1510                
	=> Accuracy: 5.00%

[INFO](2026/08/19/ 04:18:21 AM) [Round: 0567] Select clients...!
[INFO](2026/08/19/ 04:18:22 AM) [Round: 0567] ...successfully transmitted models to 10 selected clients!
[INFO](2026/08/19/ 04:18:22 AM) [Round: 0567] Start updating selected 10 clients...!
[INFO](2026/08/19/ 04:18:32 AM) [Round: 0567] ...10 clients are selected and updated (with total sample size: 43)!
[INFO](2026/08/19/ 04:18:32 AM) [Round: 0567] Aggregate updated weights of 10 clients...!
[INFO](2026/08/19/ 04:18:32 AM) [Round: 0567] ...updated weights of 10 clients are successfully averaged!
[INFO](2026/08/19/ 04:18:34 AM) [Round: 0567] Evaluate global model's performance...!                
	[Server] ...finished evaluation!                
	=> Loss: 83.6532                
	=> Accuracy: 5.24%

[INFO](2026/08/19/ 04:18:34 AM) [Round: 0568] Select clients...!
[INFO](2026/08/19/ 04:18:35 AM) [Round: 0568] ...successfully transmitted models to 10 selected clients!
[INFO](2026/08/19/ 04:18:35 AM) [Round: 0568] Start updating selected 10 clients...!
[INFO](2026/08/19/ 04:18:45 AM) [Round: 0568] ...10 clients are selected and updated (with total sample size: 28)!
[INFO](2026/08/19/ 04:18:45 AM) [Round: 0568] Aggregate updated weights of 10 clients...!
[INFO](2026/08/19/ 04:18:46 AM) [Round: 0568] ...updated weights of 10 clients are successfully averaged!
[INFO](2026/08/19/ 04:18:47 AM) [Round: 0568] Evaluate global model's performance...!                
	[Server] ...finished evaluation!                
	=> Loss: 86.6713                
	=> Accuracy: 4.76%

[INFO](2026/08/19/ 04:18:47 AM) [Round: 0569] Select clients...!
[INFO](2026/08/19/ 04:18:48 AM) [Round: 0569] ...successfully transmitted models to 10 selected clients!
[INFO](2026/08/19/ 04:18:48 AM) [Round: 0569] Start updating selected 10 clients...!
[INFO](2026/08/19/ 04:18:58 AM) [Round: 0569] ...10 clients are selected and updated (with total sample size: 39)!
[INFO](2026/08/19/ 04:18:58 AM) [Round: 0569] Aggregate updated weights of 10 clients...!
[INFO](2026/08/19/ 04:18:58 AM) [Round: 0569] ...updated weights of 10 clients are successfully averaged!
[INFO](2026/08/19/ 04:19:00 AM) [Round: 0569] Evaluate global model's performance...!                
	[Server] ...finished evaluation!                
	=> Loss: 83.6198                
	=> Accuracy: 5.00%

[INFO](2026/08/19/ 04:19:00 AM) [Round: 0570] Select clients...!
[INFO](2026/08/19/ 04:19:01 AM) [Round: 0570] ...successfully transmitted models to 10 selected clients!
[INFO](2026/08/19/ 04:19:01 AM) [Round: 0570] Start updating selected 10 clients...!
[INFO](2026/08/19/ 04:19:10 AM) [Round: 0570] ...10 clients are selected and updated (with total sample size: 42)!
[INFO](2026/08/19/ 04:19:10 AM) [Round: 0570] Aggregate updated weights of 10 clients...!
[INFO](2026/08/19/ 04:19:10 AM) [Round: 0570] ...updated weights of 10 clients are successfully averaged!
[INFO](2026/08/19/ 04:19:12 AM) [Round: 0570] Evaluate global model's performance...!                
	[Server] ...finished evaluation!                
	=> Loss: 86.4906                
	=> Accuracy: 5.71%

[INFO](2026/08/19/ 04:19:12 AM) [Round: 0571] Select clients...!
[INFO](2026/08/19/ 04:19:12 AM) [Round: 0571] ...successfully transmitted models to 10 selected clients!
[INFO](2026/08/19/ 04:19:13 AM) [Round: 0571] Start updating selected 10 clients...!
[INFO](2026/08/19/ 04:19:23 AM) [Round: 0571] ...10 clients are selected and updated (with total sample size: 30)!
[INFO](2026/08/19/ 04:19:23 AM) [Round: 0571] Aggregate updated weights of 10 clients...!
[INFO](2026/08/19/ 04:19:24 AM) [Round: 0571] ...updated weights of 10 clients are successfully averaged!
[INFO](2026/08/19/ 04:19:25 AM) [Round: 0571] Evaluate global model's performance...!                
	[Server] ...finished evaluation!                
	=> Loss: 66.6765                
	=> Accuracy: 5.95%

[INFO](2026/08/19/ 04:19:26 AM) [Round: 0572] Select clients...!
[INFO](2026/08/19/ 04:19:26 AM) [Round: 0572] ...successfully transmitted models to 10 selected clients!
[INFO](2026/08/19/ 04:19:26 AM) [Round: 0572] Start updating selected 10 clients...!
[INFO](2026/08/19/ 04:19:36 AM) [Round: 0572] ...10 clients are selected and updated (with total sample size: 43)!
[INFO](2026/08/19/ 04:19:36 AM) [Round: 0572] Aggregate updated weights of 10 clients...!
[INFO](2026/08/19/ 04:19:36 AM) [Round: 0572] ...updated weights of 10 clients are successfully averaged!
[INFO](2026/08/19/ 04:19:38 AM) [Round: 0572] Evaluate global model's performance...!                
	[Server] ...finished evaluation!                
	=> Loss: 78.6103                
	=> Accuracy: 5.48%

[INFO](2026/08/19/ 04:19:38 AM) [Round: 0573] Select clients...!
[INFO](2026/08/19/ 04:19:39 AM) [Round: 0573] ...successfully transmitted models to 10 selected clients!
[INFO](2026/08/19/ 04:19:39 AM) [Round: 0573] Start updating selected 10 clients...!
[INFO](2026/08/19/ 04:19:50 AM) [Round: 0573] ...10 clients are selected and updated (with total sample size: 43)!
[INFO](2026/08/19/ 04:19:50 AM) [Round: 0573] Aggregate updated weights of 10 clients...!
[INFO](2026/08/19/ 04:19:51 AM) [Round: 0573] ...updated weights of 10 clients are successfully averaged!
[INFO](2026/08/19/ 04:19:52 AM) [Round: 0573] Evaluate global model's performance...!                
	[Server] ...finished evaluation!                
	=> Loss: 62.2345                
	=> Accuracy: 4.05%

[INFO](2026/08/19/ 04:19:52 AM) [Round: 0574] Select clients...!
[INFO](2026/08/19/ 04:19:53 AM) [Round: 0574] ...successfully transmitted models to 10 selected clients!
[INFO](2026/08/19/ 04:19:53 AM) [Round: 0574] Start updating selected 10 clients...!
[INFO](2026/08/19/ 04:20:04 AM) [Round: 0574] ...10 clients are selected and updated (with total sample size: 39)!
[INFO](2026/08/19/ 04:20:04 AM) [Round: 0574] Aggregate updated weights of 10 clients...!
[INFO](2026/08/19/ 04:20:04 AM) [Round: 0574] ...updated weights of 10 clients are successfully averaged!
[INFO](2026/08/19/ 04:20:06 AM) [Round: 0574] Evaluate global model's performance...!                
	[Server] ...finished evaluation!                
	=> Loss: 61.3509                
	=> Accuracy: 7.38%

[INFO](2026/08/19/ 04:20:06 AM) [Round: 0575] Select clients...!
[INFO](2026/08/19/ 04:20:06 AM) [Round: 0575] ...successfully transmitted models to 10 selected clients!
[INFO](2026/08/19/ 04:20:06 AM) [Round: 0575] Start updating selected 10 clients...!
[INFO](2026/08/19/ 04:20:17 AM) [Round: 0575] ...10 clients are selected and updated (with total sample size: 43)!
[INFO](2026/08/19/ 04:20:17 AM) [Round: 0575] Aggregate updated weights of 10 clients...!
[INFO](2026/08/19/ 04:20:17 AM) [Round: 0575] ...updated weights of 10 clients are successfully averaged!
[INFO](2026/08/19/ 04:20:19 AM) [Round: 0575] Evaluate global model's performance...!                
	[Server] ...finished evaluation!                
	=> Loss: 52.9869                
	=> Accuracy: 4.76%

[INFO](2026/08/19/ 04:20:19 AM) [Round: 0576] Select clients...!
[INFO](2026/08/19/ 04:20:20 AM) [Round: 0576] ...successfully transmitted models to 10 selected clients!
[INFO](2026/08/19/ 04:20:20 AM) [Round: 0576] Start updating selected 10 clients...!
[INFO](2026/08/19/ 04:20:31 AM) [Round: 0576] ...10 clients are selected and updated (with total sample size: 43)!
[INFO](2026/08/19/ 04:20:32 AM) [Round: 0576] Aggregate updated weights of 10 clients...!
[INFO](2026/08/19/ 04:20:32 AM) [Round: 0576] ...updated weights of 10 clients are successfully averaged!
[INFO](2026/08/19/ 04:20:33 AM) [Round: 0576] Evaluate global model's performance...!                
	[Server] ...finished evaluation!                
	=> Loss: 72.5733                
	=> Accuracy: 5.00%

[INFO](2026/08/19/ 04:20:33 AM) [Round: 0577] Select clients...!
[INFO](2026/08/19/ 04:20:34 AM) [Round: 0577] ...successfully transmitted models to 10 selected clients!
[INFO](2026/08/19/ 04:20:34 AM) [Round: 0577] Start updating selected 10 clients...!
[INFO](2026/08/19/ 04:20:45 AM) [Round: 0577] ...10 clients are selected and updated (with total sample size: 43)!
[INFO](2026/08/19/ 04:20:45 AM) [Round: 0577] Aggregate updated weights of 10 clients...!
[INFO](2026/08/19/ 04:20:45 AM) [Round: 0577] ...updated weights of 10 clients are successfully averaged!
[INFO](2026/08/19/ 04:20:47 AM) [Round: 0577] Evaluate global model's performance...!                
	[Server] ...finished evaluation!                
	=> Loss: 140.2408                
	=> Accuracy: 3.81%

[INFO](2026/08/19/ 04:20:47 AM) [Round: 0578] Select clients...!
[INFO](2026/08/19/ 04:20:47 AM) [Round: 0578] ...successfully transmitted models to 10 selected clients!
[INFO](2026/08/19/ 04:20:48 AM) [Round: 0578] Start updating selected 10 clients...!
[INFO](2026/08/19/ 04:21:00 AM) [Round: 0578] ...10 clients are selected and updated (with total sample size: 52)!
[INFO](2026/08/19/ 04:21:00 AM) [Round: 0578] Aggregate updated weights of 10 clients...!
[INFO](2026/08/19/ 04:21:00 AM) [Round: 0578] ...updated weights of 10 clients are successfully averaged!
[INFO](2026/08/19/ 04:21:02 AM) [Round: 0578] Evaluate global model's performance...!                
	[Server] ...finished evaluation!                
	=> Loss: 78.3719                
	=> Accuracy: 5.24%

[INFO](2026/08/19/ 04:21:02 AM) [Round: 0579] Select clients...!
[INFO](2026/08/19/ 04:21:02 AM) [Round: 0579] ...successfully transmitted models to 10 selected clients!
[INFO](2026/08/19/ 04:21:02 AM) [Round: 0579] Start updating selected 10 clients...!
[INFO](2026/08/19/ 04:21:11 AM) [Round: 0579] ...10 clients are selected and updated (with total sample size: 28)!
[INFO](2026/08/19/ 04:21:11 AM) [Round: 0579] Aggregate updated weights of 10 clients...!
[INFO](2026/08/19/ 04:21:12 AM) [Round: 0579] ...updated weights of 10 clients are successfully averaged!
[INFO](2026/08/19/ 04:21:13 AM) [Round: 0579] Evaluate global model's performance...!                
	[Server] ...finished evaluation!                
	=> Loss: 49.3945                
	=> Accuracy: 6.43%

[INFO](2026/08/19/ 04:21:13 AM) [Round: 0580] Select clients...!
[INFO](2026/08/19/ 04:21:14 AM) [Round: 0580] ...successfully transmitted models to 10 selected clients!
[INFO](2026/08/19/ 04:21:14 AM) [Round: 0580] Start updating selected 10 clients...!
[INFO](2026/08/19/ 04:21:25 AM) [Round: 0580] ...10 clients are selected and updated (with total sample size: 43)!
[INFO](2026/08/19/ 04:21:25 AM) [Round: 0580] Aggregate updated weights of 10 clients...!
[INFO](2026/08/19/ 04:21:25 AM) [Round: 0580] ...updated weights of 10 clients are successfully averaged!
[INFO](2026/08/19/ 04:21:27 AM) [Round: 0580] Evaluate global model's performance...!                
	[Server] ...finished evaluation!                
	=> Loss: 68.7993                
	=> Accuracy: 5.95%

[INFO](2026/08/19/ 04:21:27 AM) [Round: 0581] Select clients...!
[INFO](2026/08/19/ 04:21:27 AM) [Round: 0581] ...successfully transmitted models to 10 selected clients!
[INFO](2026/08/19/ 04:21:28 AM) [Round: 0581] Start updating selected 10 clients...!
[INFO](2026/08/19/ 04:21:38 AM) [Round: 0581] ...10 clients are selected and updated (with total sample size: 56)!
[INFO](2026/08/19/ 04:21:38 AM) [Round: 0581] Aggregate updated weights of 10 clients...!
[INFO](2026/08/19/ 04:21:38 AM) [Round: 0581] ...updated weights of 10 clients are successfully averaged!
[INFO](2026/08/19/ 04:21:40 AM) [Round: 0581] Evaluate global model's performance...!                
	[Server] ...finished evaluation!                
	=> Loss: 47.5121                
	=> Accuracy: 3.57%

[INFO](2026/08/19/ 04:21:40 AM) [Round: 0582] Select clients...!
[INFO](2026/08/19/ 04:21:40 AM) [Round: 0582] ...successfully transmitted models to 10 selected clients!
[INFO](2026/08/19/ 04:21:40 AM) [Round: 0582] Start updating selected 10 clients...!
[INFO](2026/08/19/ 04:21:51 AM) [Round: 0582] ...10 clients are selected and updated (with total sample size: 52)!
[INFO](2026/08/19/ 04:21:51 AM) [Round: 0582] Aggregate updated weights of 10 clients...!
[INFO](2026/08/19/ 04:21:51 AM) [Round: 0582] ...updated weights of 10 clients are successfully averaged!
[INFO](2026/08/19/ 04:21:53 AM) [Round: 0582] Evaluate global model's performance...!                
	[Server] ...finished evaluation!                
	=> Loss: 50.9907                
	=> Accuracy: 5.71%

[INFO](2026/08/19/ 04:21:53 AM) [Round: 0583] Select clients...!
[INFO](2026/08/19/ 04:21:53 AM) [Round: 0583] ...successfully transmitted models to 10 selected clients!
[INFO](2026/08/19/ 04:21:54 AM) [Round: 0583] Start updating selected 10 clients...!
[INFO](2026/08/19/ 04:22:05 AM) [Round: 0583] ...10 clients are selected and updated (with total sample size: 43)!
[INFO](2026/08/19/ 04:22:05 AM) [Round: 0583] Aggregate updated weights of 10 clients...!
[INFO](2026/08/19/ 04:22:05 AM) [Round: 0583] ...updated weights of 10 clients are successfully averaged!
[INFO](2026/08/19/ 04:22:07 AM) [Round: 0583] Evaluate global model's performance...!                
	[Server] ...finished evaluation!                
	=> Loss: 56.3536                
	=> Accuracy: 4.76%

[INFO](2026/08/19/ 04:22:07 AM) [Round: 0584] Select clients...!
[INFO](2026/08/19/ 04:22:08 AM) [Round: 0584] ...successfully transmitted models to 10 selected clients!
[INFO](2026/08/19/ 04:22:08 AM) [Round: 0584] Start updating selected 10 clients...!
[INFO](2026/08/19/ 04:22:18 AM) [Round: 0584] ...10 clients are selected and updated (with total sample size: 43)!
[INFO](2026/08/19/ 04:22:18 AM) [Round: 0584] Aggregate updated weights of 10 clients...!
[INFO](2026/08/19/ 04:22:18 AM) [Round: 0584] ...updated weights of 10 clients are successfully averaged!
[INFO](2026/08/19/ 04:22:20 AM) [Round: 0584] Evaluate global model's performance...!                
	[Server] ...finished evaluation!                
	=> Loss: 65.7039                
	=> Accuracy: 4.29%

[INFO](2026/08/19/ 04:22:20 AM) [Round: 0585] Select clients...!
[INFO](2026/08/19/ 04:22:21 AM) [Round: 0585] ...successfully transmitted models to 10 selected clients!
[INFO](2026/08/19/ 04:22:21 AM) [Round: 0585] Start updating selected 10 clients...!
[INFO](2026/08/19/ 04:22:32 AM) [Round: 0585] ...10 clients are selected and updated (with total sample size: 52)!
[INFO](2026/08/19/ 04:22:32 AM) [Round: 0585] Aggregate updated weights of 10 clients...!
[INFO](2026/08/19/ 04:22:32 AM) [Round: 0585] ...updated weights of 10 clients are successfully averaged!
[INFO](2026/08/19/ 04:22:34 AM) [Round: 0585] Evaluate global model's performance...!                
	[Server] ...finished evaluation!                
	=> Loss: 63.2996                
	=> Accuracy: 5.71%

[INFO](2026/08/19/ 04:22:34 AM) [Round: 0586] Select clients...!
[INFO](2026/08/19/ 04:22:34 AM) [Round: 0586] ...successfully transmitted models to 10 selected clients!
[INFO](2026/08/19/ 04:22:35 AM) [Round: 0586] Start updating selected 10 clients...!
[INFO](2026/08/19/ 04:22:45 AM) [Round: 0586] ...10 clients are selected and updated (with total sample size: 43)!
[INFO](2026/08/19/ 04:22:45 AM) [Round: 0586] Aggregate updated weights of 10 clients...!
[INFO](2026/08/19/ 04:22:45 AM) [Round: 0586] ...updated weights of 10 clients are successfully averaged!
[INFO](2026/08/19/ 04:22:47 AM) [Round: 0586] Evaluate global model's performance...!                
	[Server] ...finished evaluation!                
	=> Loss: 58.4060                
	=> Accuracy: 5.24%

[INFO](2026/08/19/ 04:22:47 AM) [Round: 0587] Select clients...!
[INFO](2026/08/19/ 04:22:48 AM) [Round: 0587] ...successfully transmitted models to 10 selected clients!
[INFO](2026/08/19/ 04:22:48 AM) [Round: 0587] Start updating selected 10 clients...!
[INFO](2026/08/19/ 04:22:59 AM) [Round: 0587] ...10 clients are selected and updated (with total sample size: 30)!
[INFO](2026/08/19/ 04:22:59 AM) [Round: 0587] Aggregate updated weights of 10 clients...!
[INFO](2026/08/19/ 04:23:00 AM) [Round: 0587] ...updated weights of 10 clients are successfully averaged!
[INFO](2026/08/19/ 04:23:02 AM) [Round: 0587] Evaluate global model's performance...!                
	[Server] ...finished evaluation!                
	=> Loss: 51.5660                
	=> Accuracy: 5.48%

[INFO](2026/08/19/ 04:23:02 AM) [Round: 0588] Select clients...!
[INFO](2026/08/19/ 04:23:02 AM) [Round: 0588] ...successfully transmitted models to 10 selected clients!
[INFO](2026/08/19/ 04:23:02 AM) [Round: 0588] Start updating selected 10 clients...!
[INFO](2026/08/19/ 04:23:12 AM) [Round: 0588] ...10 clients are selected and updated (with total sample size: 39)!
[INFO](2026/08/19/ 04:23:12 AM) [Round: 0588] Aggregate updated weights of 10 clients...!
[INFO](2026/08/19/ 04:23:12 AM) [Round: 0588] ...updated weights of 10 clients are successfully averaged!
[INFO](2026/08/19/ 04:23:14 AM) [Round: 0588] Evaluate global model's performance...!                
	[Server] ...finished evaluation!                
	=> Loss: 58.1452                
	=> Accuracy: 4.29%

[INFO](2026/08/19/ 04:23:14 AM) [Round: 0589] Select clients...!
[INFO](2026/08/19/ 04:23:15 AM) [Round: 0589] ...successfully transmitted models to 10 selected clients!
[INFO](2026/08/19/ 04:23:15 AM) [Round: 0589] Start updating selected 10 clients...!
[INFO](2026/08/19/ 04:23:24 AM) [Round: 0589] ...10 clients are selected and updated (with total sample size: 39)!
[INFO](2026/08/19/ 04:23:25 AM) [Round: 0589] Aggregate updated weights of 10 clients...!
[INFO](2026/08/19/ 04:23:25 AM) [Round: 0589] ...updated weights of 10 clients are successfully averaged!
[INFO](2026/08/19/ 04:23:27 AM) [Round: 0589] Evaluate global model's performance...!                
	[Server] ...finished evaluation!                
	=> Loss: 45.5123                
	=> Accuracy: 5.71%

[INFO](2026/08/19/ 04:23:27 AM) [Round: 0590] Select clients...!
[INFO](2026/08/19/ 04:23:27 AM) [Round: 0590] ...successfully transmitted models to 10 selected clients!
[INFO](2026/08/19/ 04:23:27 AM) [Round: 0590] Start updating selected 10 clients...!
[INFO](2026/08/19/ 04:23:38 AM) [Round: 0590] ...10 clients are selected and updated (with total sample size: 39)!
[INFO](2026/08/19/ 04:23:39 AM) [Round: 0590] Aggregate updated weights of 10 clients...!
[INFO](2026/08/19/ 04:23:39 AM) [Round: 0590] ...updated weights of 10 clients are successfully averaged!
[INFO](2026/08/19/ 04:23:41 AM) [Round: 0590] Evaluate global model's performance...!                
	[Server] ...finished evaluation!                
	=> Loss: 53.3207                
	=> Accuracy: 5.24%

[INFO](2026/08/19/ 04:23:41 AM) [Round: 0591] Select clients...!
[INFO](2026/08/19/ 04:23:41 AM) [Round: 0591] ...successfully transmitted models to 10 selected clients!
[INFO](2026/08/19/ 04:23:41 AM) [Round: 0591] Start updating selected 10 clients...!
[INFO](2026/08/19/ 04:23:52 AM) [Round: 0591] ...10 clients are selected and updated (with total sample size: 52)!
[INFO](2026/08/19/ 04:23:52 AM) [Round: 0591] Aggregate updated weights of 10 clients...!
[INFO](2026/08/19/ 04:23:52 AM) [Round: 0591] ...updated weights of 10 clients are successfully averaged!
[INFO](2026/08/19/ 04:23:54 AM) [Round: 0591] Evaluate global model's performance...!                
	[Server] ...finished evaluation!                
	=> Loss: 47.5948                
	=> Accuracy: 5.71%

[INFO](2026/08/19/ 04:23:54 AM) [Round: 0592] Select clients...!
[INFO](2026/08/19/ 04:23:55 AM) [Round: 0592] ...successfully transmitted models to 10 selected clients!
[INFO](2026/08/19/ 04:23:55 AM) [Round: 0592] Start updating selected 10 clients...!
[INFO](2026/08/19/ 04:24:06 AM) [Round: 0592] ...10 clients are selected and updated (with total sample size: 30)!
[INFO](2026/08/19/ 04:24:06 AM) [Round: 0592] Aggregate updated weights of 10 clients...!
[INFO](2026/08/19/ 04:24:06 AM) [Round: 0592] ...updated weights of 10 clients are successfully averaged!
[INFO](2026/08/19/ 04:24:08 AM) [Round: 0592] Evaluate global model's performance...!                
	[Server] ...finished evaluation!                
	=> Loss: 36.8955                
	=> Accuracy: 5.00%

[INFO](2026/08/19/ 04:24:08 AM) [Round: 0593] Select clients...!
[INFO](2026/08/19/ 04:24:08 AM) [Round: 0593] ...successfully transmitted models to 10 selected clients!
[INFO](2026/08/19/ 04:24:09 AM) [Round: 0593] Start updating selected 10 clients...!
[INFO](2026/08/19/ 04:24:19 AM) [Round: 0593] ...10 clients are selected and updated (with total sample size: 39)!
[INFO](2026/08/19/ 04:24:19 AM) [Round: 0593] Aggregate updated weights of 10 clients...!
[INFO](2026/08/19/ 04:24:19 AM) [Round: 0593] ...updated weights of 10 clients are successfully averaged!
[INFO](2026/08/19/ 04:24:21 AM) [Round: 0593] Evaluate global model's performance...!                
	[Server] ...finished evaluation!                
	=> Loss: 43.0340                
	=> Accuracy: 4.76%

[INFO](2026/08/19/ 04:24:21 AM) [Round: 0594] Select clients...!
[INFO](2026/08/19/ 04:24:22 AM) [Round: 0594] ...successfully transmitted models to 10 selected clients!
[INFO](2026/08/19/ 04:24:22 AM) [Round: 0594] Start updating selected 10 clients...!
[INFO](2026/08/19/ 04:24:32 AM) [Round: 0594] ...10 clients are selected and updated (with total sample size: 43)!
[INFO](2026/08/19/ 04:24:32 AM) [Round: 0594] Aggregate updated weights of 10 clients...!
[INFO](2026/08/19/ 04:24:32 AM) [Round: 0594] ...updated weights of 10 clients are successfully averaged!
[INFO](2026/08/19/ 04:24:34 AM) [Round: 0594] Evaluate global model's performance...!                
	[Server] ...finished evaluation!                
	=> Loss: 57.9846                
	=> Accuracy: 4.76%

[INFO](2026/08/19/ 04:24:34 AM) [Round: 0595] Select clients...!
[INFO](2026/08/19/ 04:24:35 AM) [Round: 0595] ...successfully transmitted models to 10 selected clients!
[INFO](2026/08/19/ 04:24:35 AM) [Round: 0595] Start updating selected 10 clients...!
[INFO](2026/08/19/ 04:24:46 AM) [Round: 0595] ...10 clients are selected and updated (with total sample size: 52)!
[INFO](2026/08/19/ 04:24:46 AM) [Round: 0595] Aggregate updated weights of 10 clients...!
[INFO](2026/08/19/ 04:24:47 AM) [Round: 0595] ...updated weights of 10 clients are successfully averaged!
[INFO](2026/08/19/ 04:24:49 AM) [Round: 0595] Evaluate global model's performance...!                
	[Server] ...finished evaluation!                
	=> Loss: 52.8337                
	=> Accuracy: 5.24%

[INFO](2026/08/19/ 04:24:49 AM) [Round: 0596] Select clients...!
[INFO](2026/08/19/ 04:24:49 AM) [Round: 0596] ...successfully transmitted models to 10 selected clients!
[INFO](2026/08/19/ 04:24:49 AM) [Round: 0596] Start updating selected 10 clients...!
[INFO](2026/08/19/ 04:25:00 AM) [Round: 0596] ...10 clients are selected and updated (with total sample size: 35)!
[INFO](2026/08/19/ 04:25:00 AM) [Round: 0596] Aggregate updated weights of 10 clients...!
[INFO](2026/08/19/ 04:25:01 AM) [Round: 0596] ...updated weights of 10 clients are successfully averaged!
[INFO](2026/08/19/ 04:25:02 AM) [Round: 0596] Evaluate global model's performance...!                
	[Server] ...finished evaluation!                
	=> Loss: 60.1509                
	=> Accuracy: 5.71%

[INFO](2026/08/19/ 04:25:02 AM) [Round: 0597] Select clients...!
[INFO](2026/08/19/ 04:25:03 AM) [Round: 0597] ...successfully transmitted models to 10 selected clients!
[INFO](2026/08/19/ 04:25:03 AM) [Round: 0597] Start updating selected 10 clients...!
[INFO](2026/08/19/ 04:25:13 AM) [Round: 0597] ...10 clients are selected and updated (with total sample size: 43)!
[INFO](2026/08/19/ 04:25:14 AM) [Round: 0597] Aggregate updated weights of 10 clients...!
[INFO](2026/08/19/ 04:25:14 AM) [Round: 0597] ...updated weights of 10 clients are successfully averaged!
[INFO](2026/08/19/ 04:25:15 AM) [Round: 0597] Evaluate global model's performance...!                
	[Server] ...finished evaluation!                
	=> Loss: 64.5025                
	=> Accuracy: 5.95%

[INFO](2026/08/19/ 04:25:15 AM) [Round: 0598] Select clients...!
[INFO](2026/08/19/ 04:25:16 AM) [Round: 0598] ...successfully transmitted models to 10 selected clients!
[INFO](2026/08/19/ 04:25:16 AM) [Round: 0598] Start updating selected 10 clients...!
[INFO](2026/08/19/ 04:25:26 AM) [Round: 0598] ...10 clients are selected and updated (with total sample size: 43)!
[INFO](2026/08/19/ 04:25:26 AM) [Round: 0598] Aggregate updated weights of 10 clients...!
[INFO](2026/08/19/ 04:25:27 AM) [Round: 0598] ...updated weights of 10 clients are successfully averaged!
[INFO](2026/08/19/ 04:25:28 AM) [Round: 0598] Evaluate global model's performance...!                
	[Server] ...finished evaluation!                
	=> Loss: 41.3049                
	=> Accuracy: 6.67%

[INFO](2026/08/19/ 04:25:28 AM) [Round: 0599] Select clients...!
[INFO](2026/08/19/ 04:25:29 AM) [Round: 0599] ...successfully transmitted models to 10 selected clients!
[INFO](2026/08/19/ 04:25:29 AM) [Round: 0599] Start updating selected 10 clients...!
[INFO](2026/08/19/ 04:25:39 AM) [Round: 0599] ...10 clients are selected and updated (with total sample size: 43)!
[INFO](2026/08/19/ 04:25:39 AM) [Round: 0599] Aggregate updated weights of 10 clients...!
[INFO](2026/08/19/ 04:25:39 AM) [Round: 0599] ...updated weights of 10 clients are successfully averaged!
[INFO](2026/08/19/ 04:25:41 AM) [Round: 0599] Evaluate global model's performance...!                
	[Server] ...finished evaluation!                
	=> Loss: 79.0104                
	=> Accuracy: 4.29%

[INFO](2026/08/19/ 04:25:41 AM) [Round: 0600] Select clients...!
[INFO](2026/08/19/ 04:25:41 AM) [Round: 0600] ...successfully transmitted models to 10 selected clients!
[INFO](2026/08/19/ 04:25:42 AM) [Round: 0600] Start updating selected 10 clients...!
[INFO](2026/08/19/ 04:25:55 AM) [Round: 0600] ...10 clients are selected and updated (with total sample size: 43)!
[INFO](2026/08/19/ 04:25:55 AM) [Round: 0600] Aggregate updated weights of 10 clients...!
[INFO](2026/08/19/ 04:25:55 AM) [Round: 0600] ...updated weights of 10 clients are successfully averaged!
[INFO](2026/08/19/ 04:25:57 AM) [Round: 0600] Evaluate global model's performance...!                
	[Server] ...finished evaluation!                
	=> Loss: 73.3691                
	=> Accuracy: 5.00%

[INFO](2026/08/19/ 04:25:57 AM) [Round: 0601] Select clients...!
[INFO](2026/08/19/ 04:25:57 AM) [Round: 0601] ...successfully transmitted models to 10 selected clients!
[INFO](2026/08/19/ 04:25:58 AM) [Round: 0601] Start updating selected 10 clients...!
[INFO](2026/08/19/ 04:26:08 AM) [Round: 0601] ...10 clients are selected and updated (with total sample size: 39)!
[INFO](2026/08/19/ 04:26:08 AM) [Round: 0601] Aggregate updated weights of 10 clients...!
[INFO](2026/08/19/ 04:26:09 AM) [Round: 0601] ...updated weights of 10 clients are successfully averaged!
[INFO](2026/08/19/ 04:26:10 AM) [Round: 0601] Evaluate global model's performance...!                
	[Server] ...finished evaluation!                
	=> Loss: 76.5378                
	=> Accuracy: 6.67%

[INFO](2026/08/19/ 04:26:10 AM) [Round: 0602] Select clients...!
[INFO](2026/08/19/ 04:26:11 AM) [Round: 0602] ...successfully transmitted models to 10 selected clients!
[INFO](2026/08/19/ 04:26:11 AM) [Round: 0602] Start updating selected 10 clients...!
[INFO](2026/08/19/ 04:26:22 AM) [Round: 0602] ...10 clients are selected and updated (with total sample size: 43)!
[INFO](2026/08/19/ 04:26:22 AM) [Round: 0602] Aggregate updated weights of 10 clients...!
[INFO](2026/08/19/ 04:26:22 AM) [Round: 0602] ...updated weights of 10 clients are successfully averaged!
[INFO](2026/08/19/ 04:26:24 AM) [Round: 0602] Evaluate global model's performance...!                
	[Server] ...finished evaluation!                
	=> Loss: 84.8885                
	=> Accuracy: 5.48%

[INFO](2026/08/19/ 04:26:24 AM) [Round: 0603] Select clients...!
[INFO](2026/08/19/ 04:26:24 AM) [Round: 0603] ...successfully transmitted models to 10 selected clients!
[INFO](2026/08/19/ 04:26:25 AM) [Round: 0603] Start updating selected 10 clients...!
[INFO](2026/08/19/ 04:26:35 AM) [Round: 0603] ...10 clients are selected and updated (with total sample size: 52)!
[INFO](2026/08/19/ 04:26:35 AM) [Round: 0603] Aggregate updated weights of 10 clients...!
[INFO](2026/08/19/ 04:26:35 AM) [Round: 0603] ...updated weights of 10 clients are successfully averaged!
[INFO](2026/08/19/ 04:26:37 AM) [Round: 0603] Evaluate global model's performance...!                
	[Server] ...finished evaluation!                
	=> Loss: 95.0082                
	=> Accuracy: 5.71%

[INFO](2026/08/19/ 04:26:37 AM) [Round: 0604] Select clients...!
[INFO](2026/08/19/ 04:26:37 AM) [Round: 0604] ...successfully transmitted models to 10 selected clients!
[INFO](2026/08/19/ 04:26:38 AM) [Round: 0604] Start updating selected 10 clients...!
[INFO](2026/08/19/ 04:26:46 AM) [Round: 0604] ...10 clients are selected and updated (with total sample size: 28)!
[INFO](2026/08/19/ 04:26:47 AM) [Round: 0604] Aggregate updated weights of 10 clients...!
[INFO](2026/08/19/ 04:26:47 AM) [Round: 0604] ...updated weights of 10 clients are successfully averaged!
[INFO](2026/08/19/ 04:26:48 AM) [Round: 0604] Evaluate global model's performance...!                
	[Server] ...finished evaluation!                
	=> Loss: 134.3028                
	=> Accuracy: 5.71%

[INFO](2026/08/19/ 04:26:48 AM) [Round: 0605] Select clients...!
[INFO](2026/08/19/ 04:26:49 AM) [Round: 0605] ...successfully transmitted models to 10 selected clients!
[INFO](2026/08/19/ 04:26:49 AM) [Round: 0605] Start updating selected 10 clients...!
[INFO](2026/08/19/ 04:26:59 AM) [Round: 0605] ...10 clients are selected and updated (with total sample size: 39)!
[INFO](2026/08/19/ 04:26:59 AM) [Round: 0605] Aggregate updated weights of 10 clients...!
[INFO](2026/08/19/ 04:26:59 AM) [Round: 0605] ...updated weights of 10 clients are successfully averaged!
[INFO](2026/08/19/ 04:27:01 AM) [Round: 0605] Evaluate global model's performance...!                
	[Server] ...finished evaluation!                
	=> Loss: 106.5673                
	=> Accuracy: 4.29%

[INFO](2026/08/19/ 04:27:01 AM) [Round: 0606] Select clients...!
[INFO](2026/08/19/ 04:27:02 AM) [Round: 0606] ...successfully transmitted models to 10 selected clients!
[INFO](2026/08/19/ 04:27:02 AM) [Round: 0606] Start updating selected 10 clients...!
[INFO](2026/08/19/ 04:27:13 AM) [Round: 0606] ...10 clients are selected and updated (with total sample size: 28)!
[INFO](2026/08/19/ 04:27:13 AM) [Round: 0606] Aggregate updated weights of 10 clients...!
[INFO](2026/08/19/ 04:27:13 AM) [Round: 0606] ...updated weights of 10 clients are successfully averaged!
[INFO](2026/08/19/ 04:27:15 AM) [Round: 0606] Evaluate global model's performance...!                
	[Server] ...finished evaluation!                
	=> Loss: 111.4099                
	=> Accuracy: 5.95%

[INFO](2026/08/19/ 04:27:15 AM) [Round: 0607] Select clients...!
[INFO](2026/08/19/ 04:27:15 AM) [Round: 0607] ...successfully transmitted models to 10 selected clients!
[INFO](2026/08/19/ 04:27:16 AM) [Round: 0607] Start updating selected 10 clients...!
[INFO](2026/08/19/ 04:27:26 AM) [Round: 0607] ...10 clients are selected and updated (with total sample size: 52)!
[INFO](2026/08/19/ 04:27:26 AM) [Round: 0607] Aggregate updated weights of 10 clients...!
[INFO](2026/08/19/ 04:27:26 AM) [Round: 0607] ...updated weights of 10 clients are successfully averaged!
[INFO](2026/08/19/ 04:27:28 AM) [Round: 0607] Evaluate global model's performance...!                
	[Server] ...finished evaluation!                
	=> Loss: 131.8709                
	=> Accuracy: 5.24%

[INFO](2026/08/19/ 04:27:28 AM) [Round: 0608] Select clients...!
[INFO](2026/08/19/ 04:27:28 AM) [Round: 0608] ...successfully transmitted models to 10 selected clients!
[INFO](2026/08/19/ 04:27:28 AM) [Round: 0608] Start updating selected 10 clients...!
[INFO](2026/08/19/ 04:27:38 AM) [Round: 0608] ...10 clients are selected and updated (with total sample size: 42)!
[INFO](2026/08/19/ 04:27:38 AM) [Round: 0608] Aggregate updated weights of 10 clients...!
[INFO](2026/08/19/ 04:27:38 AM) [Round: 0608] ...updated weights of 10 clients are successfully averaged!
[INFO](2026/08/19/ 04:27:40 AM) [Round: 0608] Evaluate global model's performance...!                
	[Server] ...finished evaluation!                
	=> Loss: 108.8437                
	=> Accuracy: 3.57%

[INFO](2026/08/19/ 04:27:40 AM) [Round: 0609] Select clients...!
[INFO](2026/08/19/ 04:27:40 AM) [Round: 0609] ...successfully transmitted models to 10 selected clients!
[INFO](2026/08/19/ 04:27:40 AM) [Round: 0609] Start updating selected 10 clients...!
[INFO](2026/08/19/ 04:27:50 AM) [Round: 0609] ...10 clients are selected and updated (with total sample size: 57)!
[INFO](2026/08/19/ 04:27:51 AM) [Round: 0609] Aggregate updated weights of 10 clients...!
[INFO](2026/08/19/ 04:27:51 AM) [Round: 0609] ...updated weights of 10 clients are successfully averaged!
[INFO](2026/08/19/ 04:27:53 AM) [Round: 0609] Evaluate global model's performance...!                
	[Server] ...finished evaluation!                
	=> Loss: 70.9146                
	=> Accuracy: 5.24%

[INFO](2026/08/19/ 04:27:53 AM) [Round: 0610] Select clients...!
[INFO](2026/08/19/ 04:27:53 AM) [Round: 0610] ...successfully transmitted models to 10 selected clients!
[INFO](2026/08/19/ 04:27:53 AM) [Round: 0610] Start updating selected 10 clients...!
[INFO](2026/08/19/ 04:28:03 AM) [Round: 0610] ...10 clients are selected and updated (with total sample size: 52)!
[INFO](2026/08/19/ 04:28:04 AM) [Round: 0610] Aggregate updated weights of 10 clients...!
[INFO](2026/08/19/ 04:28:04 AM) [Round: 0610] ...updated weights of 10 clients are successfully averaged!
[INFO](2026/08/19/ 04:28:06 AM) [Round: 0610] Evaluate global model's performance...!                
	[Server] ...finished evaluation!                
	=> Loss: 68.8638                
	=> Accuracy: 3.81%

[INFO](2026/08/19/ 04:28:06 AM) [Round: 0611] Select clients...!
[INFO](2026/08/19/ 04:28:06 AM) [Round: 0611] ...successfully transmitted models to 10 selected clients!
[INFO](2026/08/19/ 04:28:06 AM) [Round: 0611] Start updating selected 10 clients...!
[INFO](2026/08/19/ 04:28:17 AM) [Round: 0611] ...10 clients are selected and updated (with total sample size: 57)!
[INFO](2026/08/19/ 04:28:17 AM) [Round: 0611] Aggregate updated weights of 10 clients...!
[INFO](2026/08/19/ 04:28:18 AM) [Round: 0611] ...updated weights of 10 clients are successfully averaged!
[INFO](2026/08/19/ 04:28:19 AM) [Round: 0611] Evaluate global model's performance...!                
	[Server] ...finished evaluation!                
	=> Loss: 48.6840                
	=> Accuracy: 6.67%

[INFO](2026/08/19/ 04:28:19 AM) [Round: 0612] Select clients...!
[INFO](2026/08/19/ 04:28:20 AM) [Round: 0612] ...successfully transmitted models to 10 selected clients!
[INFO](2026/08/19/ 04:28:20 AM) [Round: 0612] Start updating selected 10 clients...!
[INFO](2026/08/19/ 04:28:29 AM) [Round: 0612] ...10 clients are selected and updated (with total sample size: 30)!
[INFO](2026/08/19/ 04:28:30 AM) [Round: 0612] Aggregate updated weights of 10 clients...!
[INFO](2026/08/19/ 04:28:30 AM) [Round: 0612] ...updated weights of 10 clients are successfully averaged!
[INFO](2026/08/19/ 04:28:32 AM) [Round: 0612] Evaluate global model's performance...!                
	[Server] ...finished evaluation!                
	=> Loss: 73.5213                
	=> Accuracy: 4.76%

[INFO](2026/08/19/ 04:28:32 AM) [Round: 0613] Select clients...!
[INFO](2026/08/19/ 04:28:32 AM) [Round: 0613] ...successfully transmitted models to 10 selected clients!
[INFO](2026/08/19/ 04:28:32 AM) [Round: 0613] Start updating selected 10 clients...!
[INFO](2026/08/19/ 04:28:44 AM) [Round: 0613] ...10 clients are selected and updated (with total sample size: 43)!
[INFO](2026/08/19/ 04:28:44 AM) [Round: 0613] Aggregate updated weights of 10 clients...!
[INFO](2026/08/19/ 04:28:44 AM) [Round: 0613] ...updated weights of 10 clients are successfully averaged!
[INFO](2026/08/19/ 04:28:46 AM) [Round: 0613] Evaluate global model's performance...!                
	[Server] ...finished evaluation!                
	=> Loss: 58.9232                
	=> Accuracy: 5.00%

[INFO](2026/08/19/ 04:28:46 AM) [Round: 0614] Select clients...!
[INFO](2026/08/19/ 04:28:47 AM) [Round: 0614] ...successfully transmitted models to 10 selected clients!
[INFO](2026/08/19/ 04:28:47 AM) [Round: 0614] Start updating selected 10 clients...!
[INFO](2026/08/19/ 04:28:58 AM) [Round: 0614] ...10 clients are selected and updated (with total sample size: 52)!
[INFO](2026/08/19/ 04:28:58 AM) [Round: 0614] Aggregate updated weights of 10 clients...!
[INFO](2026/08/19/ 04:28:59 AM) [Round: 0614] ...updated weights of 10 clients are successfully averaged!
[INFO](2026/08/19/ 04:29:01 AM) [Round: 0614] Evaluate global model's performance...!                
	[Server] ...finished evaluation!                
	=> Loss: 64.1464                
	=> Accuracy: 7.62%

[INFO](2026/08/19/ 04:29:01 AM) [Round: 0615] Select clients...!
[INFO](2026/08/19/ 04:29:01 AM) [Round: 0615] ...successfully transmitted models to 10 selected clients!
[INFO](2026/08/19/ 04:29:01 AM) [Round: 0615] Start updating selected 10 clients...!
[INFO](2026/08/19/ 04:29:11 AM) [Round: 0615] ...10 clients are selected and updated (with total sample size: 42)!
[INFO](2026/08/19/ 04:29:11 AM) [Round: 0615] Aggregate updated weights of 10 clients...!
[INFO](2026/08/19/ 04:29:12 AM) [Round: 0615] ...updated weights of 10 clients are successfully averaged!
[INFO](2026/08/19/ 04:29:13 AM) [Round: 0615] Evaluate global model's performance...!                
	[Server] ...finished evaluation!                
	=> Loss: 50.9222                
	=> Accuracy: 6.90%

[INFO](2026/08/19/ 04:29:13 AM) [Round: 0616] Select clients...!
[INFO](2026/08/19/ 04:29:14 AM) [Round: 0616] ...successfully transmitted models to 10 selected clients!
[INFO](2026/08/19/ 04:29:14 AM) [Round: 0616] Start updating selected 10 clients...!
[INFO](2026/08/19/ 04:29:26 AM) [Round: 0616] ...10 clients are selected and updated (with total sample size: 57)!
[INFO](2026/08/19/ 04:29:26 AM) [Round: 0616] Aggregate updated weights of 10 clients...!
[INFO](2026/08/19/ 04:29:27 AM) [Round: 0616] ...updated weights of 10 clients are successfully averaged!
[INFO](2026/08/19/ 04:29:29 AM) [Round: 0616] Evaluate global model's performance...!                
	[Server] ...finished evaluation!                
	=> Loss: 48.8625                
	=> Accuracy: 4.76%

[INFO](2026/08/19/ 04:29:29 AM) [Round: 0617] Select clients...!
[INFO](2026/08/19/ 04:29:29 AM) [Round: 0617] ...successfully transmitted models to 10 selected clients!
[INFO](2026/08/19/ 04:29:29 AM) [Round: 0617] Start updating selected 10 clients...!
[INFO](2026/08/19/ 04:29:40 AM) [Round: 0617] ...10 clients are selected and updated (with total sample size: 52)!
[INFO](2026/08/19/ 04:29:40 AM) [Round: 0617] Aggregate updated weights of 10 clients...!
[INFO](2026/08/19/ 04:29:40 AM) [Round: 0617] ...updated weights of 10 clients are successfully averaged!
[INFO](2026/08/19/ 04:29:42 AM) [Round: 0617] Evaluate global model's performance...!                
	[Server] ...finished evaluation!                
	=> Loss: 40.4559                
	=> Accuracy: 5.24%

[INFO](2026/08/19/ 04:29:42 AM) [Round: 0618] Select clients...!
[INFO](2026/08/19/ 04:29:42 AM) [Round: 0618] ...successfully transmitted models to 10 selected clients!
[INFO](2026/08/19/ 04:29:43 AM) [Round: 0618] Start updating selected 10 clients...!
[INFO](2026/08/19/ 04:29:53 AM) [Round: 0618] ...10 clients are selected and updated (with total sample size: 30)!
[INFO](2026/08/19/ 04:29:53 AM) [Round: 0618] Aggregate updated weights of 10 clients...!
[INFO](2026/08/19/ 04:29:53 AM) [Round: 0618] ...updated weights of 10 clients are successfully averaged!
[INFO](2026/08/19/ 04:29:55 AM) [Round: 0618] Evaluate global model's performance...!                
	[Server] ...finished evaluation!                
	=> Loss: 67.3502                
	=> Accuracy: 5.00%

[INFO](2026/08/19/ 04:29:55 AM) [Round: 0619] Select clients...!
[INFO](2026/08/19/ 04:29:55 AM) [Round: 0619] ...successfully transmitted models to 10 selected clients!
[INFO](2026/08/19/ 04:29:56 AM) [Round: 0619] Start updating selected 10 clients...!
[INFO](2026/08/19/ 04:30:05 AM) [Round: 0619] ...10 clients are selected and updated (with total sample size: 56)!
[INFO](2026/08/19/ 04:30:06 AM) [Round: 0619] Aggregate updated weights of 10 clients...!
[INFO](2026/08/19/ 04:30:06 AM) [Round: 0619] ...updated weights of 10 clients are successfully averaged!
[INFO](2026/08/19/ 04:30:08 AM) [Round: 0619] Evaluate global model's performance...!                
	[Server] ...finished evaluation!                
	=> Loss: 31.0387                
	=> Accuracy: 5.00%

[INFO](2026/08/19/ 04:30:08 AM) [Round: 0620] Select clients...!
[INFO](2026/08/19/ 04:30:08 AM) [Round: 0620] ...successfully transmitted models to 10 selected clients!
[INFO](2026/08/19/ 04:30:08 AM) [Round: 0620] Start updating selected 10 clients...!
[INFO](2026/08/19/ 04:30:18 AM) [Round: 0620] ...10 clients are selected and updated (with total sample size: 28)!
[INFO](2026/08/19/ 04:30:18 AM) [Round: 0620] Aggregate updated weights of 10 clients...!
[INFO](2026/08/19/ 04:30:18 AM) [Round: 0620] ...updated weights of 10 clients are successfully averaged!
[INFO](2026/08/19/ 04:30:20 AM) [Round: 0620] Evaluate global model's performance...!                
	[Server] ...finished evaluation!                
	=> Loss: 59.2856                
	=> Accuracy: 5.71%

[INFO](2026/08/19/ 04:30:20 AM) [Round: 0621] Select clients...!
[INFO](2026/08/19/ 04:30:20 AM) [Round: 0621] ...successfully transmitted models to 10 selected clients!
[INFO](2026/08/19/ 04:30:20 AM) [Round: 0621] Start updating selected 10 clients...!
[INFO](2026/08/19/ 04:30:31 AM) [Round: 0621] ...10 clients are selected and updated (with total sample size: 52)!
[INFO](2026/08/19/ 04:30:31 AM) [Round: 0621] Aggregate updated weights of 10 clients...!
[INFO](2026/08/19/ 04:30:31 AM) [Round: 0621] ...updated weights of 10 clients are successfully averaged!
[INFO](2026/08/19/ 04:30:33 AM) [Round: 0621] Evaluate global model's performance...!                
	[Server] ...finished evaluation!                
	=> Loss: 34.3516                
	=> Accuracy: 4.29%

[INFO](2026/08/19/ 04:30:33 AM) [Round: 0622] Select clients...!
[INFO](2026/08/19/ 04:30:34 AM) [Round: 0622] ...successfully transmitted models to 10 selected clients!
[INFO](2026/08/19/ 04:30:34 AM) [Round: 0622] Start updating selected 10 clients...!
[INFO](2026/08/19/ 04:30:45 AM) [Round: 0622] ...10 clients are selected and updated (with total sample size: 57)!
[INFO](2026/08/19/ 04:30:45 AM) [Round: 0622] Aggregate updated weights of 10 clients...!
[INFO](2026/08/19/ 04:30:45 AM) [Round: 0622] ...updated weights of 10 clients are successfully averaged!
[INFO](2026/08/19/ 04:30:47 AM) [Round: 0622] Evaluate global model's performance...!                
	[Server] ...finished evaluation!                
	=> Loss: 35.9196                
	=> Accuracy: 6.43%

[INFO](2026/08/19/ 04:30:47 AM) [Round: 0623] Select clients...!
[INFO](2026/08/19/ 04:30:48 AM) [Round: 0623] ...successfully transmitted models to 10 selected clients!
[INFO](2026/08/19/ 04:30:48 AM) [Round: 0623] Start updating selected 10 clients...!
[INFO](2026/08/19/ 04:31:03 AM) [Round: 0623] ...10 clients are selected and updated (with total sample size: 52)!
[INFO](2026/08/19/ 04:31:03 AM) [Round: 0623] Aggregate updated weights of 10 clients...!
[INFO](2026/08/19/ 04:31:04 AM) [Round: 0623] ...updated weights of 10 clients are successfully averaged!
[INFO](2026/08/19/ 04:31:06 AM) [Round: 0623] Evaluate global model's performance...!                
	[Server] ...finished evaluation!                
	=> Loss: 47.3951                
	=> Accuracy: 7.14%

[INFO](2026/08/19/ 04:31:06 AM) [Round: 0624] Select clients...!
[INFO](2026/08/19/ 04:31:06 AM) [Round: 0624] ...successfully transmitted models to 10 selected clients!
[INFO](2026/08/19/ 04:31:06 AM) [Round: 0624] Start updating selected 10 clients...!
[INFO](2026/08/19/ 04:31:19 AM) [Round: 0624] ...10 clients are selected and updated (with total sample size: 39)!
[INFO](2026/08/19/ 04:31:19 AM) [Round: 0624] Aggregate updated weights of 10 clients...!
[INFO](2026/08/19/ 04:31:19 AM) [Round: 0624] ...updated weights of 10 clients are successfully averaged!
[INFO](2026/08/19/ 04:31:21 AM) [Round: 0624] Evaluate global model's performance...!                
	[Server] ...finished evaluation!                
	=> Loss: 44.3096                
	=> Accuracy: 6.67%

[INFO](2026/08/19/ 04:31:21 AM) [Round: 0625] Select clients...!
[INFO](2026/08/19/ 04:31:21 AM) [Round: 0625] ...successfully transmitted models to 10 selected clients!
[INFO](2026/08/19/ 04:31:21 AM) [Round: 0625] Start updating selected 10 clients...!
[INFO](2026/08/19/ 04:31:32 AM) [Round: 0625] ...10 clients are selected and updated (with total sample size: 52)!
[INFO](2026/08/19/ 04:31:32 AM) [Round: 0625] Aggregate updated weights of 10 clients...!
[INFO](2026/08/19/ 04:31:32 AM) [Round: 0625] ...updated weights of 10 clients are successfully averaged!
[INFO](2026/08/19/ 04:31:34 AM) [Round: 0625] Evaluate global model's performance...!                
	[Server] ...finished evaluation!                
	=> Loss: 36.3306                
	=> Accuracy: 7.86%

[INFO](2026/08/19/ 04:31:34 AM) [Round: 0626] Select clients...!
[INFO](2026/08/19/ 04:31:34 AM) [Round: 0626] ...successfully transmitted models to 10 selected clients!
[INFO](2026/08/19/ 04:31:35 AM) [Round: 0626] Start updating selected 10 clients...!
[INFO](2026/08/19/ 04:31:45 AM) [Round: 0626] ...10 clients are selected and updated (with total sample size: 35)!
[INFO](2026/08/19/ 04:31:46 AM) [Round: 0626] Aggregate updated weights of 10 clients...!
[INFO](2026/08/19/ 04:31:46 AM) [Round: 0626] ...updated weights of 10 clients are successfully averaged!
[INFO](2026/08/19/ 04:31:47 AM) [Round: 0626] Evaluate global model's performance...!                
	[Server] ...finished evaluation!                
	=> Loss: 41.9788                
	=> Accuracy: 6.90%

[INFO](2026/08/19/ 04:31:48 AM) [Round: 0627] Select clients...!
[INFO](2026/08/19/ 04:31:48 AM) [Round: 0627] ...successfully transmitted models to 10 selected clients!
[INFO](2026/08/19/ 04:31:48 AM) [Round: 0627] Start updating selected 10 clients...!
[INFO](2026/08/19/ 04:31:59 AM) [Round: 0627] ...10 clients are selected and updated (with total sample size: 43)!
[INFO](2026/08/19/ 04:31:59 AM) [Round: 0627] Aggregate updated weights of 10 clients...!
[INFO](2026/08/19/ 04:31:59 AM) [Round: 0627] ...updated weights of 10 clients are successfully averaged!
[INFO](2026/08/19/ 04:32:01 AM) [Round: 0627] Evaluate global model's performance...!                
	[Server] ...finished evaluation!                
	=> Loss: 39.9536                
	=> Accuracy: 6.67%

[INFO](2026/08/19/ 04:32:01 AM) [Round: 0628] Select clients...!
[INFO](2026/08/19/ 04:32:02 AM) [Round: 0628] ...successfully transmitted models to 10 selected clients!
[INFO](2026/08/19/ 04:32:02 AM) [Round: 0628] Start updating selected 10 clients...!
[INFO](2026/08/19/ 04:32:13 AM) [Round: 0628] ...10 clients are selected and updated (with total sample size: 42)!
[INFO](2026/08/19/ 04:32:13 AM) [Round: 0628] Aggregate updated weights of 10 clients...!
[INFO](2026/08/19/ 04:32:13 AM) [Round: 0628] ...updated weights of 10 clients are successfully averaged!
[INFO](2026/08/19/ 04:32:14 AM) [Round: 0628] Evaluate global model's performance...!                
	[Server] ...finished evaluation!                
	=> Loss: 40.6473                
	=> Accuracy: 6.90%

[INFO](2026/08/19/ 04:32:15 AM) [Round: 0629] Select clients...!
[INFO](2026/08/19/ 04:32:15 AM) [Round: 0629] ...successfully transmitted models to 10 selected clients!
[INFO](2026/08/19/ 04:32:15 AM) [Round: 0629] Start updating selected 10 clients...!
[INFO](2026/08/19/ 04:32:26 AM) [Round: 0629] ...10 clients are selected and updated (with total sample size: 39)!
[INFO](2026/08/19/ 04:32:26 AM) [Round: 0629] Aggregate updated weights of 10 clients...!
[INFO](2026/08/19/ 04:32:26 AM) [Round: 0629] ...updated weights of 10 clients are successfully averaged!
[INFO](2026/08/19/ 04:32:28 AM) [Round: 0629] Evaluate global model's performance...!                
	[Server] ...finished evaluation!                
	=> Loss: 33.3203                
	=> Accuracy: 6.43%

[INFO](2026/08/19/ 04:32:28 AM) [Round: 0630] Select clients...!
[INFO](2026/08/19/ 04:32:28 AM) [Round: 0630] ...successfully transmitted models to 10 selected clients!
[INFO](2026/08/19/ 04:32:28 AM) [Round: 0630] Start updating selected 10 clients...!
[INFO](2026/08/19/ 04:32:39 AM) [Round: 0630] ...10 clients are selected and updated (with total sample size: 52)!
[INFO](2026/08/19/ 04:32:40 AM) [Round: 0630] Aggregate updated weights of 10 clients...!
[INFO](2026/08/19/ 04:32:40 AM) [Round: 0630] ...updated weights of 10 clients are successfully averaged!
[INFO](2026/08/19/ 04:32:41 AM) [Round: 0630] Evaluate global model's performance...!                
	[Server] ...finished evaluation!                
	=> Loss: 26.4367                
	=> Accuracy: 8.33%

[INFO](2026/08/19/ 04:32:42 AM) [Round: 0631] Select clients...!
[INFO](2026/08/19/ 04:32:42 AM) [Round: 0631] ...successfully transmitted models to 10 selected clients!
[INFO](2026/08/19/ 04:32:42 AM) [Round: 0631] Start updating selected 10 clients...!
[INFO](2026/08/19/ 04:32:53 AM) [Round: 0631] ...10 clients are selected and updated (with total sample size: 52)!
[INFO](2026/08/19/ 04:32:53 AM) [Round: 0631] Aggregate updated weights of 10 clients...!
[INFO](2026/08/19/ 04:32:53 AM) [Round: 0631] ...updated weights of 10 clients are successfully averaged!
[INFO](2026/08/19/ 04:32:55 AM) [Round: 0631] Evaluate global model's performance...!                
	[Server] ...finished evaluation!                
	=> Loss: 36.2387                
	=> Accuracy: 7.14%

[INFO](2026/08/19/ 04:32:55 AM) [Round: 0632] Select clients...!
[INFO](2026/08/19/ 04:32:55 AM) [Round: 0632] ...successfully transmitted models to 10 selected clients!
[INFO](2026/08/19/ 04:32:56 AM) [Round: 0632] Start updating selected 10 clients...!
[INFO](2026/08/19/ 04:33:05 AM) [Round: 0632] ...10 clients are selected and updated (with total sample size: 43)!
[INFO](2026/08/19/ 04:33:05 AM) [Round: 0632] Aggregate updated weights of 10 clients...!
[INFO](2026/08/19/ 04:33:05 AM) [Round: 0632] ...updated weights of 10 clients are successfully averaged!
[INFO](2026/08/19/ 04:33:07 AM) [Round: 0632] Evaluate global model's performance...!                
	[Server] ...finished evaluation!                
	=> Loss: 43.7579                
	=> Accuracy: 7.62%

[INFO](2026/08/19/ 04:33:07 AM) [Round: 0633] Select clients...!
[INFO](2026/08/19/ 04:33:07 AM) [Round: 0633] ...successfully transmitted models to 10 selected clients!
[INFO](2026/08/19/ 04:33:08 AM) [Round: 0633] Start updating selected 10 clients...!
[INFO](2026/08/19/ 04:33:20 AM) [Round: 0633] ...10 clients are selected and updated (with total sample size: 52)!
[INFO](2026/08/19/ 04:33:20 AM) [Round: 0633] Aggregate updated weights of 10 clients...!
[INFO](2026/08/19/ 04:33:21 AM) [Round: 0633] ...updated weights of 10 clients are successfully averaged!
[INFO](2026/08/19/ 04:33:22 AM) [Round: 0633] Evaluate global model's performance...!                
	[Server] ...finished evaluation!                
	=> Loss: 47.4840                
	=> Accuracy: 6.43%

[INFO](2026/08/19/ 04:33:22 AM) [Round: 0634] Select clients...!
[INFO](2026/08/19/ 04:33:23 AM) [Round: 0634] ...successfully transmitted models to 10 selected clients!
[INFO](2026/08/19/ 04:33:23 AM) [Round: 0634] Start updating selected 10 clients...!
[INFO](2026/08/19/ 04:33:34 AM) [Round: 0634] ...10 clients are selected and updated (with total sample size: 43)!
[INFO](2026/08/19/ 04:33:34 AM) [Round: 0634] Aggregate updated weights of 10 clients...!
[INFO](2026/08/19/ 04:33:34 AM) [Round: 0634] ...updated weights of 10 clients are successfully averaged!
[INFO](2026/08/19/ 04:33:36 AM) [Round: 0634] Evaluate global model's performance...!                
	[Server] ...finished evaluation!                
	=> Loss: 32.9135                
	=> Accuracy: 7.14%

[INFO](2026/08/19/ 04:33:36 AM) [Round: 0635] Select clients...!
[INFO](2026/08/19/ 04:33:37 AM) [Round: 0635] ...successfully transmitted models to 10 selected clients!
[INFO](2026/08/19/ 04:33:37 AM) [Round: 0635] Start updating selected 10 clients...!
[INFO](2026/08/19/ 04:33:48 AM) [Round: 0635] ...10 clients are selected and updated (with total sample size: 30)!
[INFO](2026/08/19/ 04:33:48 AM) [Round: 0635] Aggregate updated weights of 10 clients...!
[INFO](2026/08/19/ 04:33:48 AM) [Round: 0635] ...updated weights of 10 clients are successfully averaged!
[INFO](2026/08/19/ 04:33:50 AM) [Round: 0635] Evaluate global model's performance...!                
	[Server] ...finished evaluation!                
	=> Loss: 42.3259                
	=> Accuracy: 8.57%

[INFO](2026/08/19/ 04:33:50 AM) [Round: 0636] Select clients...!
[INFO](2026/08/19/ 04:33:50 AM) [Round: 0636] ...successfully transmitted models to 10 selected clients!
[INFO](2026/08/19/ 04:33:50 AM) [Round: 0636] Start updating selected 10 clients...!
[INFO](2026/08/19/ 04:34:02 AM) [Round: 0636] ...10 clients are selected and updated (with total sample size: 43)!
[INFO](2026/08/19/ 04:34:02 AM) [Round: 0636] Aggregate updated weights of 10 clients...!
[INFO](2026/08/19/ 04:34:03 AM) [Round: 0636] ...updated weights of 10 clients are successfully averaged!
[INFO](2026/08/19/ 04:34:05 AM) [Round: 0636] Evaluate global model's performance...!                
	[Server] ...finished evaluation!                
	=> Loss: 56.5394                
	=> Accuracy: 5.95%

[INFO](2026/08/19/ 04:34:05 AM) [Round: 0637] Select clients...!
[INFO](2026/08/19/ 04:34:05 AM) [Round: 0637] ...successfully transmitted models to 10 selected clients!
[INFO](2026/08/19/ 04:34:05 AM) [Round: 0637] Start updating selected 10 clients...!
[INFO](2026/08/19/ 04:34:16 AM) [Round: 0637] ...10 clients are selected and updated (with total sample size: 52)!
[INFO](2026/08/19/ 04:34:16 AM) [Round: 0637] Aggregate updated weights of 10 clients...!
[INFO](2026/08/19/ 04:34:17 AM) [Round: 0637] ...updated weights of 10 clients are successfully averaged!
[INFO](2026/08/19/ 04:34:18 AM) [Round: 0637] Evaluate global model's performance...!                
	[Server] ...finished evaluation!                
	=> Loss: 38.6984                
	=> Accuracy: 8.81%

[INFO](2026/08/19/ 04:34:19 AM) [Round: 0638] Select clients...!
[INFO](2026/08/19/ 04:34:19 AM) [Round: 0638] ...successfully transmitted models to 10 selected clients!
[INFO](2026/08/19/ 04:34:19 AM) [Round: 0638] Start updating selected 10 clients...!
[INFO](2026/08/19/ 04:34:30 AM) [Round: 0638] ...10 clients are selected and updated (with total sample size: 39)!
[INFO](2026/08/19/ 04:34:30 AM) [Round: 0638] Aggregate updated weights of 10 clients...!
[INFO](2026/08/19/ 04:34:30 AM) [Round: 0638] ...updated weights of 10 clients are successfully averaged!
[INFO](2026/08/19/ 04:34:32 AM) [Round: 0638] Evaluate global model's performance...!                
	[Server] ...finished evaluation!                
	=> Loss: 71.1505                
	=> Accuracy: 5.48%

[INFO](2026/08/19/ 04:34:32 AM) [Round: 0639] Select clients...!
[INFO](2026/08/19/ 04:34:33 AM) [Round: 0639] ...successfully transmitted models to 10 selected clients!
[INFO](2026/08/19/ 04:34:33 AM) [Round: 0639] Start updating selected 10 clients...!
[INFO](2026/08/19/ 04:34:47 AM) [Round: 0639] ...10 clients are selected and updated (with total sample size: 52)!
[INFO](2026/08/19/ 04:34:47 AM) [Round: 0639] Aggregate updated weights of 10 clients...!
[INFO](2026/08/19/ 04:34:47 AM) [Round: 0639] ...updated weights of 10 clients are successfully averaged!
[INFO](2026/08/19/ 04:34:49 AM) [Round: 0639] Evaluate global model's performance...!                
	[Server] ...finished evaluation!                
	=> Loss: 31.3311                
	=> Accuracy: 7.86%

[INFO](2026/08/19/ 04:34:49 AM) [Round: 0640] Select clients...!
[INFO](2026/08/19/ 04:34:50 AM) [Round: 0640] ...successfully transmitted models to 10 selected clients!
[INFO](2026/08/19/ 04:34:50 AM) [Round: 0640] Start updating selected 10 clients...!
[INFO](2026/08/19/ 04:35:00 AM) [Round: 0640] ...10 clients are selected and updated (with total sample size: 43)!
[INFO](2026/08/19/ 04:35:00 AM) [Round: 0640] Aggregate updated weights of 10 clients...!
[INFO](2026/08/19/ 04:35:01 AM) [Round: 0640] ...updated weights of 10 clients are successfully averaged!
[INFO](2026/08/19/ 04:35:03 AM) [Round: 0640] Evaluate global model's performance...!                
	[Server] ...finished evaluation!                
	=> Loss: 34.5660                
	=> Accuracy: 7.14%

[INFO](2026/08/19/ 04:35:03 AM) [Round: 0641] Select clients...!
[INFO](2026/08/19/ 04:35:03 AM) [Round: 0641] ...successfully transmitted models to 10 selected clients!
[INFO](2026/08/19/ 04:35:03 AM) [Round: 0641] Start updating selected 10 clients...!
[INFO](2026/08/19/ 04:35:14 AM) [Round: 0641] ...10 clients are selected and updated (with total sample size: 43)!
[INFO](2026/08/19/ 04:35:15 AM) [Round: 0641] Aggregate updated weights of 10 clients...!
[INFO](2026/08/19/ 04:35:15 AM) [Round: 0641] ...updated weights of 10 clients are successfully averaged!
[INFO](2026/08/19/ 04:35:16 AM) [Round: 0641] Evaluate global model's performance...!                
	[Server] ...finished evaluation!                
	=> Loss: 48.5878                
	=> Accuracy: 6.43%

[INFO](2026/08/19/ 04:35:17 AM) [Round: 0642] Select clients...!
[INFO](2026/08/19/ 04:35:17 AM) [Round: 0642] ...successfully transmitted models to 10 selected clients!
[INFO](2026/08/19/ 04:35:17 AM) [Round: 0642] Start updating selected 10 clients...!
[INFO](2026/08/19/ 04:35:28 AM) [Round: 0642] ...10 clients are selected and updated (with total sample size: 52)!
[INFO](2026/08/19/ 04:35:29 AM) [Round: 0642] Aggregate updated weights of 10 clients...!
[INFO](2026/08/19/ 04:35:29 AM) [Round: 0642] ...updated weights of 10 clients are successfully averaged!
[INFO](2026/08/19/ 04:35:30 AM) [Round: 0642] Evaluate global model's performance...!                
	[Server] ...finished evaluation!                
	=> Loss: 39.7225                
	=> Accuracy: 6.19%

[INFO](2026/08/19/ 04:35:30 AM) [Round: 0643] Select clients...!
[INFO](2026/08/19/ 04:35:31 AM) [Round: 0643] ...successfully transmitted models to 10 selected clients!
[INFO](2026/08/19/ 04:35:31 AM) [Round: 0643] Start updating selected 10 clients...!
[INFO](2026/08/19/ 04:35:42 AM) [Round: 0643] ...10 clients are selected and updated (with total sample size: 39)!
[INFO](2026/08/19/ 04:35:43 AM) [Round: 0643] Aggregate updated weights of 10 clients...!
[INFO](2026/08/19/ 04:35:43 AM) [Round: 0643] ...updated weights of 10 clients are successfully averaged!
[INFO](2026/08/19/ 04:35:45 AM) [Round: 0643] Evaluate global model's performance...!                
	[Server] ...finished evaluation!                
	=> Loss: 36.5503                
	=> Accuracy: 7.62%

[INFO](2026/08/19/ 04:35:45 AM) [Round: 0644] Select clients...!
[INFO](2026/08/19/ 04:35:45 AM) [Round: 0644] ...successfully transmitted models to 10 selected clients!
[INFO](2026/08/19/ 04:35:45 AM) [Round: 0644] Start updating selected 10 clients...!
[INFO](2026/08/19/ 04:35:56 AM) [Round: 0644] ...10 clients are selected and updated (with total sample size: 39)!
[INFO](2026/08/19/ 04:35:56 AM) [Round: 0644] Aggregate updated weights of 10 clients...!
[INFO](2026/08/19/ 04:35:56 AM) [Round: 0644] ...updated weights of 10 clients are successfully averaged!
[INFO](2026/08/19/ 04:35:59 AM) [Round: 0644] Evaluate global model's performance...!                
	[Server] ...finished evaluation!                
	=> Loss: 73.4616                
	=> Accuracy: 5.24%

[INFO](2026/08/19/ 04:35:59 AM) [Round: 0645] Select clients...!
[INFO](2026/08/19/ 04:35:59 AM) [Round: 0645] ...successfully transmitted models to 10 selected clients!
[INFO](2026/08/19/ 04:35:59 AM) [Round: 0645] Start updating selected 10 clients...!
[INFO](2026/08/19/ 04:36:10 AM) [Round: 0645] ...10 clients are selected and updated (with total sample size: 42)!
[INFO](2026/08/19/ 04:36:10 AM) [Round: 0645] Aggregate updated weights of 10 clients...!
[INFO](2026/08/19/ 04:36:10 AM) [Round: 0645] ...updated weights of 10 clients are successfully averaged!
[INFO](2026/08/19/ 04:36:12 AM) [Round: 0645] Evaluate global model's performance...!                
	[Server] ...finished evaluation!                
	=> Loss: 64.6810                
	=> Accuracy: 5.71%

[INFO](2026/08/19/ 04:36:12 AM) [Round: 0646] Select clients...!
[INFO](2026/08/19/ 04:36:12 AM) [Round: 0646] ...successfully transmitted models to 10 selected clients!
[INFO](2026/08/19/ 04:36:13 AM) [Round: 0646] Start updating selected 10 clients...!
[INFO](2026/08/19/ 04:36:24 AM) [Round: 0646] ...10 clients are selected and updated (with total sample size: 43)!
[INFO](2026/08/19/ 04:36:24 AM) [Round: 0646] Aggregate updated weights of 10 clients...!
[INFO](2026/08/19/ 04:36:24 AM) [Round: 0646] ...updated weights of 10 clients are successfully averaged!
[INFO](2026/08/19/ 04:36:26 AM) [Round: 0646] Evaluate global model's performance...!                
	[Server] ...finished evaluation!                
	=> Loss: 47.2185                
	=> Accuracy: 7.14%

[INFO](2026/08/19/ 04:36:26 AM) [Round: 0647] Select clients...!
[INFO](2026/08/19/ 04:36:26 AM) [Round: 0647] ...successfully transmitted models to 10 selected clients!
[INFO](2026/08/19/ 04:36:26 AM) [Round: 0647] Start updating selected 10 clients...!
[INFO](2026/08/19/ 04:36:36 AM) [Round: 0647] ...10 clients are selected and updated (with total sample size: 56)!
[INFO](2026/08/19/ 04:36:36 AM) [Round: 0647] Aggregate updated weights of 10 clients...!
[INFO](2026/08/19/ 04:36:36 AM) [Round: 0647] ...updated weights of 10 clients are successfully averaged!
[INFO](2026/08/19/ 04:36:38 AM) [Round: 0647] Evaluate global model's performance...!                
	[Server] ...finished evaluation!                
	=> Loss: 39.7460                
	=> Accuracy: 6.90%

[INFO](2026/08/19/ 04:36:38 AM) [Round: 0648] Select clients...!
[INFO](2026/08/19/ 04:36:39 AM) [Round: 0648] ...successfully transmitted models to 10 selected clients!
[INFO](2026/08/19/ 04:36:39 AM) [Round: 0648] Start updating selected 10 clients...!
[INFO](2026/08/19/ 04:36:50 AM) [Round: 0648] ...10 clients are selected and updated (with total sample size: 52)!
[INFO](2026/08/19/ 04:36:50 AM) [Round: 0648] Aggregate updated weights of 10 clients...!
[INFO](2026/08/19/ 04:36:50 AM) [Round: 0648] ...updated weights of 10 clients are successfully averaged!
[INFO](2026/08/19/ 04:36:52 AM) [Round: 0648] Evaluate global model's performance...!                
	[Server] ...finished evaluation!                
	=> Loss: 55.8381                
	=> Accuracy: 5.95%

[INFO](2026/08/19/ 04:36:53 AM) [Round: 0649] Select clients...!
[INFO](2026/08/19/ 04:36:53 AM) [Round: 0649] ...successfully transmitted models to 10 selected clients!
[INFO](2026/08/19/ 04:36:53 AM) [Round: 0649] Start updating selected 10 clients...!
[INFO](2026/08/19/ 04:37:04 AM) [Round: 0649] ...10 clients are selected and updated (with total sample size: 43)!
[INFO](2026/08/19/ 04:37:04 AM) [Round: 0649] Aggregate updated weights of 10 clients...!
[INFO](2026/08/19/ 04:37:04 AM) [Round: 0649] ...updated weights of 10 clients are successfully averaged!
[INFO](2026/08/19/ 04:37:06 AM) [Round: 0649] Evaluate global model's performance...!                
	[Server] ...finished evaluation!                
	=> Loss: 36.5177                
	=> Accuracy: 8.57%

[INFO](2026/08/19/ 04:37:06 AM) [Round: 0650] Select clients...!
[INFO](2026/08/19/ 04:37:06 AM) [Round: 0650] ...successfully transmitted models to 10 selected clients!
[INFO](2026/08/19/ 04:37:06 AM) [Round: 0650] Start updating selected 10 clients...!
[INFO](2026/08/19/ 04:37:19 AM) [Round: 0650] ...10 clients are selected and updated (with total sample size: 52)!
[INFO](2026/08/19/ 04:37:19 AM) [Round: 0650] Aggregate updated weights of 10 clients...!
[INFO](2026/08/19/ 04:37:19 AM) [Round: 0650] ...updated weights of 10 clients are successfully averaged!
[INFO](2026/08/19/ 04:37:21 AM) [Round: 0650] Evaluate global model's performance...!                
	[Server] ...finished evaluation!                
	=> Loss: 44.6981                
	=> Accuracy: 8.81%

[INFO](2026/08/19/ 04:37:21 AM) [Round: 0651] Select clients...!
[INFO](2026/08/19/ 04:37:21 AM) [Round: 0651] ...successfully transmitted models to 10 selected clients!
[INFO](2026/08/19/ 04:37:21 AM) [Round: 0651] Start updating selected 10 clients...!
[INFO](2026/08/19/ 04:37:31 AM) [Round: 0651] ...10 clients are selected and updated (with total sample size: 42)!
[INFO](2026/08/19/ 04:37:31 AM) [Round: 0651] Aggregate updated weights of 10 clients...!
[INFO](2026/08/19/ 04:37:31 AM) [Round: 0651] ...updated weights of 10 clients are successfully averaged!
[INFO](2026/08/19/ 04:37:33 AM) [Round: 0651] Evaluate global model's performance...!                
	[Server] ...finished evaluation!                
	=> Loss: 49.6820                
	=> Accuracy: 6.43%

[INFO](2026/08/19/ 04:37:33 AM) [Round: 0652] Select clients...!
[INFO](2026/08/19/ 04:37:33 AM) [Round: 0652] ...successfully transmitted models to 10 selected clients!
[INFO](2026/08/19/ 04:37:33 AM) [Round: 0652] Start updating selected 10 clients...!
[INFO](2026/08/19/ 04:37:44 AM) [Round: 0652] ...10 clients are selected and updated (with total sample size: 28)!
[INFO](2026/08/19/ 04:37:44 AM) [Round: 0652] Aggregate updated weights of 10 clients...!
[INFO](2026/08/19/ 04:37:44 AM) [Round: 0652] ...updated weights of 10 clients are successfully averaged!
[INFO](2026/08/19/ 04:37:46 AM) [Round: 0652] Evaluate global model's performance...!                
	[Server] ...finished evaluation!                
	=> Loss: 53.3130                
	=> Accuracy: 5.48%

[INFO](2026/08/19/ 04:37:46 AM) [Round: 0653] Select clients...!
[INFO](2026/08/19/ 04:37:46 AM) [Round: 0653] ...successfully transmitted models to 10 selected clients!
[INFO](2026/08/19/ 04:37:46 AM) [Round: 0653] Start updating selected 10 clients...!
[INFO](2026/08/19/ 04:37:56 AM) [Round: 0653] ...10 clients are selected and updated (with total sample size: 30)!
[INFO](2026/08/19/ 04:37:56 AM) [Round: 0653] Aggregate updated weights of 10 clients...!
[INFO](2026/08/19/ 04:37:57 AM) [Round: 0653] ...updated weights of 10 clients are successfully averaged!
[INFO](2026/08/19/ 04:37:58 AM) [Round: 0653] Evaluate global model's performance...!                
	[Server] ...finished evaluation!                
	=> Loss: 46.6047                
	=> Accuracy: 8.33%

[INFO](2026/08/19/ 04:37:59 AM) [Round: 0654] Select clients...!
[INFO](2026/08/19/ 04:37:59 AM) [Round: 0654] ...successfully transmitted models to 10 selected clients!
[INFO](2026/08/19/ 04:37:59 AM) [Round: 0654] Start updating selected 10 clients...!
[INFO](2026/08/19/ 04:38:09 AM) [Round: 0654] ...10 clients are selected and updated (with total sample size: 52)!
[INFO](2026/08/19/ 04:38:09 AM) [Round: 0654] Aggregate updated weights of 10 clients...!
[INFO](2026/08/19/ 04:38:09 AM) [Round: 0654] ...updated weights of 10 clients are successfully averaged!
[INFO](2026/08/19/ 04:38:11 AM) [Round: 0654] Evaluate global model's performance...!                
	[Server] ...finished evaluation!                
	=> Loss: 50.7619                
	=> Accuracy: 5.71%

[INFO](2026/08/19/ 04:38:11 AM) [Round: 0655] Select clients...!
[INFO](2026/08/19/ 04:38:12 AM) [Round: 0655] ...successfully transmitted models to 10 selected clients!
[INFO](2026/08/19/ 04:38:12 AM) [Round: 0655] Start updating selected 10 clients...!
[INFO](2026/08/19/ 04:38:23 AM) [Round: 0655] ...10 clients are selected and updated (with total sample size: 52)!
[INFO](2026/08/19/ 04:38:23 AM) [Round: 0655] Aggregate updated weights of 10 clients...!
[INFO](2026/08/19/ 04:38:23 AM) [Round: 0655] ...updated weights of 10 clients are successfully averaged!
[INFO](2026/08/19/ 04:38:25 AM) [Round: 0655] Evaluate global model's performance...!                
	[Server] ...finished evaluation!                
	=> Loss: 62.3071                
	=> Accuracy: 5.48%

[INFO](2026/08/19/ 04:38:25 AM) [Round: 0656] Select clients...!
[INFO](2026/08/19/ 04:38:26 AM) [Round: 0656] ...successfully transmitted models to 10 selected clients!
[INFO](2026/08/19/ 04:38:26 AM) [Round: 0656] Start updating selected 10 clients...!
[INFO](2026/08/19/ 04:38:36 AM) [Round: 0656] ...10 clients are selected and updated (with total sample size: 30)!
[INFO](2026/08/19/ 04:38:36 AM) [Round: 0656] Aggregate updated weights of 10 clients...!
[INFO](2026/08/19/ 04:38:36 AM) [Round: 0656] ...updated weights of 10 clients are successfully averaged!
[INFO](2026/08/19/ 04:38:38 AM) [Round: 0656] Evaluate global model's performance...!                
	[Server] ...finished evaluation!                
	=> Loss: 37.3742                
	=> Accuracy: 9.29%

[INFO](2026/08/19/ 04:38:38 AM) [Round: 0657] Select clients...!
[INFO](2026/08/19/ 04:38:39 AM) [Round: 0657] ...successfully transmitted models to 10 selected clients!
[INFO](2026/08/19/ 04:38:39 AM) [Round: 0657] Start updating selected 10 clients...!
[INFO](2026/08/19/ 04:38:48 AM) [Round: 0657] ...10 clients are selected and updated (with total sample size: 28)!
[INFO](2026/08/19/ 04:38:48 AM) [Round: 0657] Aggregate updated weights of 10 clients...!
[INFO](2026/08/19/ 04:38:48 AM) [Round: 0657] ...updated weights of 10 clients are successfully averaged!
[INFO](2026/08/19/ 04:38:50 AM) [Round: 0657] Evaluate global model's performance...!                
	[Server] ...finished evaluation!                
	=> Loss: 48.2151                
	=> Accuracy: 7.14%

[INFO](2026/08/19/ 04:38:50 AM) [Round: 0658] Select clients...!
[INFO](2026/08/19/ 04:38:51 AM) [Round: 0658] ...successfully transmitted models to 10 selected clients!
[INFO](2026/08/19/ 04:38:51 AM) [Round: 0658] Start updating selected 10 clients...!
[INFO](2026/08/19/ 04:39:01 AM) [Round: 0658] ...10 clients are selected and updated (with total sample size: 42)!
[INFO](2026/08/19/ 04:39:01 AM) [Round: 0658] Aggregate updated weights of 10 clients...!
[INFO](2026/08/19/ 04:39:01 AM) [Round: 0658] ...updated weights of 10 clients are successfully averaged!
[INFO](2026/08/19/ 04:39:03 AM) [Round: 0658] Evaluate global model's performance...!                
	[Server] ...finished evaluation!                
	=> Loss: 48.3552                
	=> Accuracy: 4.52%

[INFO](2026/08/19/ 04:39:03 AM) [Round: 0659] Select clients...!
[INFO](2026/08/19/ 04:39:04 AM) [Round: 0659] ...successfully transmitted models to 10 selected clients!
[INFO](2026/08/19/ 04:39:04 AM) [Round: 0659] Start updating selected 10 clients...!
[INFO](2026/08/19/ 04:39:14 AM) [Round: 0659] ...10 clients are selected and updated (with total sample size: 42)!
[INFO](2026/08/19/ 04:39:14 AM) [Round: 0659] Aggregate updated weights of 10 clients...!
[INFO](2026/08/19/ 04:39:15 AM) [Round: 0659] ...updated weights of 10 clients are successfully averaged!
[INFO](2026/08/19/ 04:39:16 AM) [Round: 0659] Evaluate global model's performance...!                
	[Server] ...finished evaluation!                
	=> Loss: 31.2179                
	=> Accuracy: 5.48%

[INFO](2026/08/19/ 04:39:16 AM) [Round: 0660] Select clients...!
[INFO](2026/08/19/ 04:39:17 AM) [Round: 0660] ...successfully transmitted models to 10 selected clients!
[INFO](2026/08/19/ 04:39:17 AM) [Round: 0660] Start updating selected 10 clients...!
[INFO](2026/08/19/ 04:39:31 AM) [Round: 0660] ...10 clients are selected and updated (with total sample size: 43)!
[INFO](2026/08/19/ 04:39:31 AM) [Round: 0660] Aggregate updated weights of 10 clients...!
[INFO](2026/08/19/ 04:39:31 AM) [Round: 0660] ...updated weights of 10 clients are successfully averaged!
[INFO](2026/08/19/ 04:39:33 AM) [Round: 0660] Evaluate global model's performance...!                
	[Server] ...finished evaluation!                
	=> Loss: 47.0693                
	=> Accuracy: 7.14%

[INFO](2026/08/19/ 04:39:34 AM) [Round: 0661] Select clients...!
[INFO](2026/08/19/ 04:39:34 AM) [Round: 0661] ...successfully transmitted models to 10 selected clients!
[INFO](2026/08/19/ 04:39:34 AM) [Round: 0661] Start updating selected 10 clients...!
[INFO](2026/08/19/ 04:39:47 AM) [Round: 0661] ...10 clients are selected and updated (with total sample size: 30)!
[INFO](2026/08/19/ 04:39:47 AM) [Round: 0661] Aggregate updated weights of 10 clients...!
[INFO](2026/08/19/ 04:39:47 AM) [Round: 0661] ...updated weights of 10 clients are successfully averaged!
[INFO](2026/08/19/ 04:39:49 AM) [Round: 0661] Evaluate global model's performance...!                
	[Server] ...finished evaluation!                
	=> Loss: 35.6735                
	=> Accuracy: 5.24%

[INFO](2026/08/19/ 04:39:49 AM) [Round: 0662] Select clients...!
[INFO](2026/08/19/ 04:39:50 AM) [Round: 0662] ...successfully transmitted models to 10 selected clients!
[INFO](2026/08/19/ 04:39:50 AM) [Round: 0662] Start updating selected 10 clients...!
[INFO](2026/08/19/ 04:40:02 AM) [Round: 0662] ...10 clients are selected and updated (with total sample size: 39)!
[INFO](2026/08/19/ 04:40:02 AM) [Round: 0662] Aggregate updated weights of 10 clients...!
[INFO](2026/08/19/ 04:40:02 AM) [Round: 0662] ...updated weights of 10 clients are successfully averaged!
[INFO](2026/08/19/ 04:40:04 AM) [Round: 0662] Evaluate global model's performance...!                
	[Server] ...finished evaluation!                
	=> Loss: 45.4910                
	=> Accuracy: 6.90%

[INFO](2026/08/19/ 04:40:04 AM) [Round: 0663] Select clients...!
[INFO](2026/08/19/ 04:40:05 AM) [Round: 0663] ...successfully transmitted models to 10 selected clients!
[INFO](2026/08/19/ 04:40:05 AM) [Round: 0663] Start updating selected 10 clients...!
[INFO](2026/08/19/ 04:40:16 AM) [Round: 0663] ...10 clients are selected and updated (with total sample size: 52)!
[INFO](2026/08/19/ 04:40:16 AM) [Round: 0663] Aggregate updated weights of 10 clients...!
[INFO](2026/08/19/ 04:40:17 AM) [Round: 0663] ...updated weights of 10 clients are successfully averaged!
[INFO](2026/08/19/ 04:40:19 AM) [Round: 0663] Evaluate global model's performance...!                
	[Server] ...finished evaluation!                
	=> Loss: 50.0449                
	=> Accuracy: 4.29%

[INFO](2026/08/19/ 04:40:19 AM) [Round: 0664] Select clients...!
[INFO](2026/08/19/ 04:40:19 AM) [Round: 0664] ...successfully transmitted models to 10 selected clients!
[INFO](2026/08/19/ 04:40:19 AM) [Round: 0664] Start updating selected 10 clients...!
[INFO](2026/08/19/ 04:40:30 AM) [Round: 0664] ...10 clients are selected and updated (with total sample size: 43)!
[INFO](2026/08/19/ 04:40:31 AM) [Round: 0664] Aggregate updated weights of 10 clients...!
[INFO](2026/08/19/ 04:40:31 AM) [Round: 0664] ...updated weights of 10 clients are successfully averaged!
[INFO](2026/08/19/ 04:40:33 AM) [Round: 0664] Evaluate global model's performance...!                
	[Server] ...finished evaluation!                
	=> Loss: 41.3491                
	=> Accuracy: 6.90%

[INFO](2026/08/19/ 04:40:33 AM) [Round: 0665] Select clients...!
[INFO](2026/08/19/ 04:40:33 AM) [Round: 0665] ...successfully transmitted models to 10 selected clients!
[INFO](2026/08/19/ 04:40:33 AM) [Round: 0665] Start updating selected 10 clients...!
[INFO](2026/08/19/ 04:40:44 AM) [Round: 0665] ...10 clients are selected and updated (with total sample size: 52)!
[INFO](2026/08/19/ 04:40:44 AM) [Round: 0665] Aggregate updated weights of 10 clients...!
[INFO](2026/08/19/ 04:40:44 AM) [Round: 0665] ...updated weights of 10 clients are successfully averaged!
[INFO](2026/08/19/ 04:40:45 AM) [Round: 0665] Evaluate global model's performance...!                
	[Server] ...finished evaluation!                
	=> Loss: 50.4075                
	=> Accuracy: 5.48%

[INFO](2026/08/19/ 04:40:46 AM) [Round: 0666] Select clients...!
[INFO](2026/08/19/ 04:40:46 AM) [Round: 0666] ...successfully transmitted models to 10 selected clients!
[INFO](2026/08/19/ 04:40:46 AM) [Round: 0666] Start updating selected 10 clients...!
[INFO](2026/08/19/ 04:40:57 AM) [Round: 0666] ...10 clients are selected and updated (with total sample size: 52)!
[INFO](2026/08/19/ 04:40:57 AM) [Round: 0666] Aggregate updated weights of 10 clients...!
[INFO](2026/08/19/ 04:40:57 AM) [Round: 0666] ...updated weights of 10 clients are successfully averaged!
[INFO](2026/08/19/ 04:40:59 AM) [Round: 0666] Evaluate global model's performance...!                
	[Server] ...finished evaluation!                
	=> Loss: 40.6854                
	=> Accuracy: 7.62%

[INFO](2026/08/19/ 04:40:59 AM) [Round: 0667] Select clients...!
[INFO](2026/08/19/ 04:40:59 AM) [Round: 0667] ...successfully transmitted models to 10 selected clients!
[INFO](2026/08/19/ 04:41:00 AM) [Round: 0667] Start updating selected 10 clients...!
[INFO](2026/08/19/ 04:41:10 AM) [Round: 0667] ...10 clients are selected and updated (with total sample size: 30)!
[INFO](2026/08/19/ 04:41:10 AM) [Round: 0667] Aggregate updated weights of 10 clients...!
[INFO](2026/08/19/ 04:41:10 AM) [Round: 0667] ...updated weights of 10 clients are successfully averaged!
[INFO](2026/08/19/ 04:41:12 AM) [Round: 0667] Evaluate global model's performance...!                
	[Server] ...finished evaluation!                
	=> Loss: 40.4649                
	=> Accuracy: 6.19%

[INFO](2026/08/19/ 04:41:12 AM) [Round: 0668] Select clients...!
[INFO](2026/08/19/ 04:41:13 AM) [Round: 0668] ...successfully transmitted models to 10 selected clients!
[INFO](2026/08/19/ 04:41:13 AM) [Round: 0668] Start updating selected 10 clients...!
[INFO](2026/08/19/ 04:41:24 AM) [Round: 0668] ...10 clients are selected and updated (with total sample size: 43)!
[INFO](2026/08/19/ 04:41:24 AM) [Round: 0668] Aggregate updated weights of 10 clients...!
[INFO](2026/08/19/ 04:41:24 AM) [Round: 0668] ...updated weights of 10 clients are successfully averaged!
[INFO](2026/08/19/ 04:41:26 AM) [Round: 0668] Evaluate global model's performance...!                
	[Server] ...finished evaluation!                
	=> Loss: 60.7719                
	=> Accuracy: 5.95%

[INFO](2026/08/19/ 04:41:27 AM) [Round: 0669] Select clients...!
[INFO](2026/08/19/ 04:41:27 AM) [Round: 0669] ...successfully transmitted models to 10 selected clients!
[INFO](2026/08/19/ 04:41:27 AM) [Round: 0669] Start updating selected 10 clients...!
[INFO](2026/08/19/ 04:41:38 AM) [Round: 0669] ...10 clients are selected and updated (with total sample size: 39)!
[INFO](2026/08/19/ 04:41:38 AM) [Round: 0669] Aggregate updated weights of 10 clients...!
[INFO](2026/08/19/ 04:41:38 AM) [Round: 0669] ...updated weights of 10 clients are successfully averaged!
[INFO](2026/08/19/ 04:41:40 AM) [Round: 0669] Evaluate global model's performance...!                
	[Server] ...finished evaluation!                
	=> Loss: 54.8064                
	=> Accuracy: 5.24%

[INFO](2026/08/19/ 04:41:40 AM) [Round: 0670] Select clients...!
[INFO](2026/08/19/ 04:41:40 AM) [Round: 0670] ...successfully transmitted models to 10 selected clients!
[INFO](2026/08/19/ 04:41:41 AM) [Round: 0670] Start updating selected 10 clients...!
[INFO](2026/08/19/ 04:41:51 AM) [Round: 0670] ...10 clients are selected and updated (with total sample size: 43)!
[INFO](2026/08/19/ 04:41:51 AM) [Round: 0670] Aggregate updated weights of 10 clients...!
[INFO](2026/08/19/ 04:41:51 AM) [Round: 0670] ...updated weights of 10 clients are successfully averaged!
[INFO](2026/08/19/ 04:41:53 AM) [Round: 0670] Evaluate global model's performance...!                
	[Server] ...finished evaluation!                
	=> Loss: 44.9466                
	=> Accuracy: 5.24%

[INFO](2026/08/19/ 04:41:53 AM) [Round: 0671] Select clients...!
[INFO](2026/08/19/ 04:41:54 AM) [Round: 0671] ...successfully transmitted models to 10 selected clients!
[INFO](2026/08/19/ 04:41:54 AM) [Round: 0671] Start updating selected 10 clients...!
[INFO](2026/08/19/ 04:42:03 AM) [Round: 0671] ...10 clients are selected and updated (with total sample size: 28)!
[INFO](2026/08/19/ 04:42:03 AM) [Round: 0671] Aggregate updated weights of 10 clients...!
[INFO](2026/08/19/ 04:42:04 AM) [Round: 0671] ...updated weights of 10 clients are successfully averaged!
[INFO](2026/08/19/ 04:42:06 AM) [Round: 0671] Evaluate global model's performance...!                
	[Server] ...finished evaluation!                
	=> Loss: 68.4966                
	=> Accuracy: 4.52%

[INFO](2026/08/19/ 04:42:06 AM) [Round: 0672] Select clients...!
[INFO](2026/08/19/ 04:42:06 AM) [Round: 0672] ...successfully transmitted models to 10 selected clients!
[INFO](2026/08/19/ 04:42:06 AM) [Round: 0672] Start updating selected 10 clients...!
[INFO](2026/08/19/ 04:42:16 AM) [Round: 0672] ...10 clients are selected and updated (with total sample size: 52)!
[INFO](2026/08/19/ 04:42:17 AM) [Round: 0672] Aggregate updated weights of 10 clients...!
[INFO](2026/08/19/ 04:42:17 AM) [Round: 0672] ...updated weights of 10 clients are successfully averaged!
[INFO](2026/08/19/ 04:42:19 AM) [Round: 0672] Evaluate global model's performance...!                
	[Server] ...finished evaluation!                
	=> Loss: 61.6747                
	=> Accuracy: 4.76%

[INFO](2026/08/19/ 04:42:19 AM) [Round: 0673] Select clients...!
[INFO](2026/08/19/ 04:42:19 AM) [Round: 0673] ...successfully transmitted models to 10 selected clients!
[INFO](2026/08/19/ 04:42:19 AM) [Round: 0673] Start updating selected 10 clients...!
[INFO](2026/08/19/ 04:42:29 AM) [Round: 0673] ...10 clients are selected and updated (with total sample size: 28)!
[INFO](2026/08/19/ 04:42:29 AM) [Round: 0673] Aggregate updated weights of 10 clients...!
[INFO](2026/08/19/ 04:42:30 AM) [Round: 0673] ...updated weights of 10 clients are successfully averaged!
[INFO](2026/08/19/ 04:42:31 AM) [Round: 0673] Evaluate global model's performance...!                
	[Server] ...finished evaluation!                
	=> Loss: 57.3888                
	=> Accuracy: 3.33%

[INFO](2026/08/19/ 04:42:31 AM) [Round: 0674] Select clients...!
[INFO](2026/08/19/ 04:42:32 AM) [Round: 0674] ...successfully transmitted models to 10 selected clients!
[INFO](2026/08/19/ 04:42:32 AM) [Round: 0674] Start updating selected 10 clients...!
[INFO](2026/08/19/ 04:42:42 AM) [Round: 0674] ...10 clients are selected and updated (with total sample size: 28)!
[INFO](2026/08/19/ 04:42:42 AM) [Round: 0674] Aggregate updated weights of 10 clients...!
[INFO](2026/08/19/ 04:42:42 AM) [Round: 0674] ...updated weights of 10 clients are successfully averaged!
[INFO](2026/08/19/ 04:42:44 AM) [Round: 0674] Evaluate global model's performance...!                
	[Server] ...finished evaluation!                
	=> Loss: 74.3821                
	=> Accuracy: 6.43%

[INFO](2026/08/19/ 04:42:44 AM) [Round: 0675] Select clients...!
[INFO](2026/08/19/ 04:42:45 AM) [Round: 0675] ...successfully transmitted models to 10 selected clients!
[INFO](2026/08/19/ 04:42:45 AM) [Round: 0675] Start updating selected 10 clients...!
[INFO](2026/08/19/ 04:42:56 AM) [Round: 0675] ...10 clients are selected and updated (with total sample size: 52)!
[INFO](2026/08/19/ 04:42:56 AM) [Round: 0675] Aggregate updated weights of 10 clients...!
[INFO](2026/08/19/ 04:42:56 AM) [Round: 0675] ...updated weights of 10 clients are successfully averaged!
[INFO](2026/08/19/ 04:42:58 AM) [Round: 0675] Evaluate global model's performance...!                
	[Server] ...finished evaluation!                
	=> Loss: 61.0303                
	=> Accuracy: 6.19%

[INFO](2026/08/19/ 04:42:58 AM) [Round: 0676] Select clients...!
[INFO](2026/08/19/ 04:42:59 AM) [Round: 0676] ...successfully transmitted models to 10 selected clients!
[INFO](2026/08/19/ 04:42:59 AM) [Round: 0676] Start updating selected 10 clients...!
[INFO](2026/08/19/ 04:43:08 AM) [Round: 0676] ...10 clients are selected and updated (with total sample size: 28)!
[INFO](2026/08/19/ 04:43:08 AM) [Round: 0676] Aggregate updated weights of 10 clients...!
[INFO](2026/08/19/ 04:43:08 AM) [Round: 0676] ...updated weights of 10 clients are successfully averaged!
[INFO](2026/08/19/ 04:43:10 AM) [Round: 0676] Evaluate global model's performance...!                
	[Server] ...finished evaluation!                
	=> Loss: 72.8096                
	=> Accuracy: 5.95%

[INFO](2026/08/19/ 04:43:10 AM) [Round: 0677] Select clients...!
[INFO](2026/08/19/ 04:43:11 AM) [Round: 0677] ...successfully transmitted models to 10 selected clients!
[INFO](2026/08/19/ 04:43:11 AM) [Round: 0677] Start updating selected 10 clients...!
[INFO](2026/08/19/ 04:43:20 AM) [Round: 0677] ...10 clients are selected and updated (with total sample size: 30)!
[INFO](2026/08/19/ 04:43:20 AM) [Round: 0677] Aggregate updated weights of 10 clients...!
[INFO](2026/08/19/ 04:43:20 AM) [Round: 0677] ...updated weights of 10 clients are successfully averaged!
[INFO](2026/08/19/ 04:43:22 AM) [Round: 0677] Evaluate global model's performance...!                
	[Server] ...finished evaluation!                
	=> Loss: 67.5006                
	=> Accuracy: 5.71%

[INFO](2026/08/19/ 04:43:22 AM) [Round: 0678] Select clients...!
[INFO](2026/08/19/ 04:43:23 AM) [Round: 0678] ...successfully transmitted models to 10 selected clients!
[INFO](2026/08/19/ 04:43:23 AM) [Round: 0678] Start updating selected 10 clients...!
[INFO](2026/08/19/ 04:43:35 AM) [Round: 0678] ...10 clients are selected and updated (with total sample size: 30)!
[INFO](2026/08/19/ 04:43:35 AM) [Round: 0678] Aggregate updated weights of 10 clients...!
[INFO](2026/08/19/ 04:43:36 AM) [Round: 0678] ...updated weights of 10 clients are successfully averaged!
[INFO](2026/08/19/ 04:43:37 AM) [Round: 0678] Evaluate global model's performance...!                
	[Server] ...finished evaluation!                
	=> Loss: 64.7697                
	=> Accuracy: 5.71%

[INFO](2026/08/19/ 04:43:37 AM) [Round: 0679] Select clients...!
[INFO](2026/08/19/ 04:43:38 AM) [Round: 0679] ...successfully transmitted models to 10 selected clients!
[INFO](2026/08/19/ 04:43:38 AM) [Round: 0679] Start updating selected 10 clients...!
[INFO](2026/08/19/ 04:43:49 AM) [Round: 0679] ...10 clients are selected and updated (with total sample size: 52)!
[INFO](2026/08/19/ 04:43:49 AM) [Round: 0679] Aggregate updated weights of 10 clients...!
[INFO](2026/08/19/ 04:43:49 AM) [Round: 0679] ...updated weights of 10 clients are successfully averaged!
[INFO](2026/08/19/ 04:43:51 AM) [Round: 0679] Evaluate global model's performance...!                
	[Server] ...finished evaluation!                
	=> Loss: 62.3351                
	=> Accuracy: 7.62%

[INFO](2026/08/19/ 04:43:51 AM) [Round: 0680] Select clients...!
[INFO](2026/08/19/ 04:43:51 AM) [Round: 0680] ...successfully transmitted models to 10 selected clients!
[INFO](2026/08/19/ 04:43:52 AM) [Round: 0680] Start updating selected 10 clients...!
[INFO](2026/08/19/ 04:44:03 AM) [Round: 0680] ...10 clients are selected and updated (with total sample size: 57)!
[INFO](2026/08/19/ 04:44:03 AM) [Round: 0680] Aggregate updated weights of 10 clients...!
[INFO](2026/08/19/ 04:44:03 AM) [Round: 0680] ...updated weights of 10 clients are successfully averaged!
[INFO](2026/08/19/ 04:44:05 AM) [Round: 0680] Evaluate global model's performance...!                
	[Server] ...finished evaluation!                
	=> Loss: 53.5729                
	=> Accuracy: 5.95%

[INFO](2026/08/19/ 04:44:05 AM) [Round: 0681] Select clients...!
[INFO](2026/08/19/ 04:44:06 AM) [Round: 0681] ...successfully transmitted models to 10 selected clients!
[INFO](2026/08/19/ 04:44:06 AM) [Round: 0681] Start updating selected 10 clients...!
[INFO](2026/08/19/ 04:44:16 AM) [Round: 0681] ...10 clients are selected and updated (with total sample size: 42)!
[INFO](2026/08/19/ 04:44:16 AM) [Round: 0681] Aggregate updated weights of 10 clients...!
[INFO](2026/08/19/ 04:44:16 AM) [Round: 0681] ...updated weights of 10 clients are successfully averaged!
[INFO](2026/08/19/ 04:44:18 AM) [Round: 0681] Evaluate global model's performance...!                
	[Server] ...finished evaluation!                
	=> Loss: 99.9048                
	=> Accuracy: 5.95%

[INFO](2026/08/19/ 04:44:18 AM) [Round: 0682] Select clients...!
[INFO](2026/08/19/ 04:44:19 AM) [Round: 0682] ...successfully transmitted models to 10 selected clients!
[INFO](2026/08/19/ 04:44:19 AM) [Round: 0682] Start updating selected 10 clients...!
[INFO](2026/08/19/ 04:44:30 AM) [Round: 0682] ...10 clients are selected and updated (with total sample size: 43)!
[INFO](2026/08/19/ 04:44:30 AM) [Round: 0682] Aggregate updated weights of 10 clients...!
[INFO](2026/08/19/ 04:44:30 AM) [Round: 0682] ...updated weights of 10 clients are successfully averaged!
[INFO](2026/08/19/ 04:44:32 AM) [Round: 0682] Evaluate global model's performance...!                
	[Server] ...finished evaluation!                
	=> Loss: 61.5175                
	=> Accuracy: 6.19%

[INFO](2026/08/19/ 04:44:32 AM) [Round: 0683] Select clients...!
[INFO](2026/08/19/ 04:44:32 AM) [Round: 0683] ...successfully transmitted models to 10 selected clients!
[INFO](2026/08/19/ 04:44:32 AM) [Round: 0683] Start updating selected 10 clients...!
[INFO](2026/08/19/ 04:44:45 AM) [Round: 0683] ...10 clients are selected and updated (with total sample size: 52)!
[INFO](2026/08/19/ 04:44:45 AM) [Round: 0683] Aggregate updated weights of 10 clients...!
[INFO](2026/08/19/ 04:44:45 AM) [Round: 0683] ...updated weights of 10 clients are successfully averaged!
[INFO](2026/08/19/ 04:44:47 AM) [Round: 0683] Evaluate global model's performance...!                
	[Server] ...finished evaluation!                
	=> Loss: 108.2688                
	=> Accuracy: 6.19%

[INFO](2026/08/19/ 04:44:47 AM) [Round: 0684] Select clients...!
[INFO](2026/08/19/ 04:44:48 AM) [Round: 0684] ...successfully transmitted models to 10 selected clients!
[INFO](2026/08/19/ 04:44:48 AM) [Round: 0684] Start updating selected 10 clients...!
[INFO](2026/08/19/ 04:44:58 AM) [Round: 0684] ...10 clients are selected and updated (with total sample size: 28)!
[INFO](2026/08/19/ 04:44:58 AM) [Round: 0684] Aggregate updated weights of 10 clients...!
[INFO](2026/08/19/ 04:44:58 AM) [Round: 0684] ...updated weights of 10 clients are successfully averaged!
[INFO](2026/08/19/ 04:45:00 AM) [Round: 0684] Evaluate global model's performance...!                
	[Server] ...finished evaluation!                
	=> Loss: 71.7743                
	=> Accuracy: 5.71%

[INFO](2026/08/19/ 04:45:00 AM) [Round: 0685] Select clients...!
[INFO](2026/08/19/ 04:45:00 AM) [Round: 0685] ...successfully transmitted models to 10 selected clients!
[INFO](2026/08/19/ 04:45:00 AM) [Round: 0685] Start updating selected 10 clients...!
[INFO](2026/08/19/ 04:45:10 AM) [Round: 0685] ...10 clients are selected and updated (with total sample size: 28)!
[INFO](2026/08/19/ 04:45:10 AM) [Round: 0685] Aggregate updated weights of 10 clients...!
[INFO](2026/08/19/ 04:45:10 AM) [Round: 0685] ...updated weights of 10 clients are successfully averaged!
[INFO](2026/08/19/ 04:45:12 AM) [Round: 0685] Evaluate global model's performance...!                
	[Server] ...finished evaluation!                
	=> Loss: 63.2328                
	=> Accuracy: 6.19%

[INFO](2026/08/19/ 04:45:12 AM) [Round: 0686] Select clients...!
[INFO](2026/08/19/ 04:45:13 AM) [Round: 0686] ...successfully transmitted models to 10 selected clients!
[INFO](2026/08/19/ 04:45:13 AM) [Round: 0686] Start updating selected 10 clients...!
[INFO](2026/08/19/ 04:45:22 AM) [Round: 0686] ...10 clients are selected and updated (with total sample size: 39)!
[INFO](2026/08/19/ 04:45:22 AM) [Round: 0686] Aggregate updated weights of 10 clients...!
[INFO](2026/08/19/ 04:45:23 AM) [Round: 0686] ...updated weights of 10 clients are successfully averaged!
[INFO](2026/08/19/ 04:45:24 AM) [Round: 0686] Evaluate global model's performance...!                
	[Server] ...finished evaluation!                
	=> Loss: 106.9758                
	=> Accuracy: 5.48%

[INFO](2026/08/19/ 04:45:24 AM) [Round: 0687] Select clients...!
[INFO](2026/08/19/ 04:45:25 AM) [Round: 0687] ...successfully transmitted models to 10 selected clients!
[INFO](2026/08/19/ 04:45:25 AM) [Round: 0687] Start updating selected 10 clients...!
[INFO](2026/08/19/ 04:45:37 AM) [Round: 0687] ...10 clients are selected and updated (with total sample size: 30)!
[INFO](2026/08/19/ 04:45:37 AM) [Round: 0687] Aggregate updated weights of 10 clients...!
[INFO](2026/08/19/ 04:45:37 AM) [Round: 0687] ...updated weights of 10 clients are successfully averaged!
[INFO](2026/08/19/ 04:45:39 AM) [Round: 0687] Evaluate global model's performance...!                
	[Server] ...finished evaluation!                
	=> Loss: 65.7857                
	=> Accuracy: 5.24%

[INFO](2026/08/19/ 04:45:39 AM) [Round: 0688] Select clients...!
[INFO](2026/08/19/ 04:45:39 AM) [Round: 0688] ...successfully transmitted models to 10 selected clients!
[INFO](2026/08/19/ 04:45:39 AM) [Round: 0688] Start updating selected 10 clients...!
[INFO](2026/08/19/ 04:45:50 AM) [Round: 0688] ...10 clients are selected and updated (with total sample size: 39)!
[INFO](2026/08/19/ 04:45:50 AM) [Round: 0688] Aggregate updated weights of 10 clients...!
[INFO](2026/08/19/ 04:45:50 AM) [Round: 0688] ...updated weights of 10 clients are successfully averaged!
[INFO](2026/08/19/ 04:45:52 AM) [Round: 0688] Evaluate global model's performance...!                
	[Server] ...finished evaluation!                
	=> Loss: 103.6694                
	=> Accuracy: 4.76%

[INFO](2026/08/19/ 04:45:52 AM) [Round: 0689] Select clients...!
[INFO](2026/08/19/ 04:45:53 AM) [Round: 0689] ...successfully transmitted models to 10 selected clients!
[INFO](2026/08/19/ 04:45:53 AM) [Round: 0689] Start updating selected 10 clients...!
[INFO](2026/08/19/ 04:46:03 AM) [Round: 0689] ...10 clients are selected and updated (with total sample size: 43)!
[INFO](2026/08/19/ 04:46:03 AM) [Round: 0689] Aggregate updated weights of 10 clients...!
[INFO](2026/08/19/ 04:46:03 AM) [Round: 0689] ...updated weights of 10 clients are successfully averaged!
[INFO](2026/08/19/ 04:46:05 AM) [Round: 0689] Evaluate global model's performance...!                
	[Server] ...finished evaluation!                
	=> Loss: 83.4965                
	=> Accuracy: 6.90%

[INFO](2026/08/19/ 04:46:05 AM) [Round: 0690] Select clients...!
[INFO](2026/08/19/ 04:46:06 AM) [Round: 0690] ...successfully transmitted models to 10 selected clients!
[INFO](2026/08/19/ 04:46:06 AM) [Round: 0690] Start updating selected 10 clients...!
[INFO](2026/08/19/ 04:46:17 AM) [Round: 0690] ...10 clients are selected and updated (with total sample size: 42)!
[INFO](2026/08/19/ 04:46:17 AM) [Round: 0690] Aggregate updated weights of 10 clients...!
[INFO](2026/08/19/ 04:46:17 AM) [Round: 0690] ...updated weights of 10 clients are successfully averaged!
[INFO](2026/08/19/ 04:46:19 AM) [Round: 0690] Evaluate global model's performance...!                
	[Server] ...finished evaluation!                
	=> Loss: 101.0792                
	=> Accuracy: 5.24%

[INFO](2026/08/19/ 04:46:19 AM) [Round: 0691] Select clients...!
[INFO](2026/08/19/ 04:46:19 AM) [Round: 0691] ...successfully transmitted models to 10 selected clients!
[INFO](2026/08/19/ 04:46:19 AM) [Round: 0691] Start updating selected 10 clients...!
[INFO](2026/08/19/ 04:46:29 AM) [Round: 0691] ...10 clients are selected and updated (with total sample size: 43)!
[INFO](2026/08/19/ 04:46:29 AM) [Round: 0691] Aggregate updated weights of 10 clients...!
[INFO](2026/08/19/ 04:46:30 AM) [Round: 0691] ...updated weights of 10 clients are successfully averaged!
[INFO](2026/08/19/ 04:46:31 AM) [Round: 0691] Evaluate global model's performance...!                
	[Server] ...finished evaluation!                
	=> Loss: 117.2228                
	=> Accuracy: 5.24%

[INFO](2026/08/19/ 04:46:31 AM) [Round: 0692] Select clients...!
[INFO](2026/08/19/ 04:46:32 AM) [Round: 0692] ...successfully transmitted models to 10 selected clients!
[INFO](2026/08/19/ 04:46:32 AM) [Round: 0692] Start updating selected 10 clients...!
[INFO](2026/08/19/ 04:46:42 AM) [Round: 0692] ...10 clients are selected and updated (with total sample size: 52)!
[INFO](2026/08/19/ 04:46:42 AM) [Round: 0692] Aggregate updated weights of 10 clients...!
[INFO](2026/08/19/ 04:46:43 AM) [Round: 0692] ...updated weights of 10 clients are successfully averaged!
[INFO](2026/08/19/ 04:46:44 AM) [Round: 0692] Evaluate global model's performance...!                
	[Server] ...finished evaluation!                
	=> Loss: 99.1975                
	=> Accuracy: 4.76%

[INFO](2026/08/19/ 04:46:44 AM) [Round: 0693] Select clients...!
[INFO](2026/08/19/ 04:46:45 AM) [Round: 0693] ...successfully transmitted models to 10 selected clients!
[INFO](2026/08/19/ 04:46:45 AM) [Round: 0693] Start updating selected 10 clients...!
[INFO](2026/08/19/ 04:46:57 AM) [Round: 0693] ...10 clients are selected and updated (with total sample size: 28)!
[INFO](2026/08/19/ 04:46:57 AM) [Round: 0693] Aggregate updated weights of 10 clients...!
[INFO](2026/08/19/ 04:46:58 AM) [Round: 0693] ...updated weights of 10 clients are successfully averaged!
[INFO](2026/08/19/ 04:46:59 AM) [Round: 0693] Evaluate global model's performance...!                
	[Server] ...finished evaluation!                
	=> Loss: 115.1276                
	=> Accuracy: 4.76%

[INFO](2026/08/19/ 04:47:00 AM) [Round: 0694] Select clients...!
[INFO](2026/08/19/ 04:47:00 AM) [Round: 0694] ...successfully transmitted models to 10 selected clients!
[INFO](2026/08/19/ 04:47:00 AM) [Round: 0694] Start updating selected 10 clients...!
[INFO](2026/08/19/ 04:47:11 AM) [Round: 0694] ...10 clients are selected and updated (with total sample size: 52)!
[INFO](2026/08/19/ 04:47:11 AM) [Round: 0694] Aggregate updated weights of 10 clients...!
[INFO](2026/08/19/ 04:47:12 AM) [Round: 0694] ...updated weights of 10 clients are successfully averaged!
[INFO](2026/08/19/ 04:47:13 AM) [Round: 0694] Evaluate global model's performance...!                
	[Server] ...finished evaluation!                
	=> Loss: 117.5411                
	=> Accuracy: 4.76%

[INFO](2026/08/19/ 04:47:14 AM) [Round: 0695] Select clients...!
[INFO](2026/08/19/ 04:47:14 AM) [Round: 0695] ...successfully transmitted models to 10 selected clients!
[INFO](2026/08/19/ 04:47:14 AM) [Round: 0695] Start updating selected 10 clients...!
[INFO](2026/08/19/ 04:47:24 AM) [Round: 0695] ...10 clients are selected and updated (with total sample size: 35)!
[INFO](2026/08/19/ 04:47:24 AM) [Round: 0695] Aggregate updated weights of 10 clients...!
[INFO](2026/08/19/ 04:47:24 AM) [Round: 0695] ...updated weights of 10 clients are successfully averaged!
[INFO](2026/08/19/ 04:47:26 AM) [Round: 0695] Evaluate global model's performance...!                
	[Server] ...finished evaluation!                
	=> Loss: 93.2854                
	=> Accuracy: 5.71%

[INFO](2026/08/19/ 04:47:26 AM) [Round: 0696] Select clients...!
[INFO](2026/08/19/ 04:47:26 AM) [Round: 0696] ...successfully transmitted models to 10 selected clients!
[INFO](2026/08/19/ 04:47:26 AM) [Round: 0696] Start updating selected 10 clients...!
[INFO](2026/08/19/ 04:47:37 AM) [Round: 0696] ...10 clients are selected and updated (with total sample size: 39)!
[INFO](2026/08/19/ 04:47:37 AM) [Round: 0696] Aggregate updated weights of 10 clients...!
[INFO](2026/08/19/ 04:47:37 AM) [Round: 0696] ...updated weights of 10 clients are successfully averaged!
[INFO](2026/08/19/ 04:47:39 AM) [Round: 0696] Evaluate global model's performance...!                
	[Server] ...finished evaluation!                
	=> Loss: 97.9567                
	=> Accuracy: 5.24%

[INFO](2026/08/19/ 04:47:39 AM) [Round: 0697] Select clients...!
[INFO](2026/08/19/ 04:47:40 AM) [Round: 0697] ...successfully transmitted models to 10 selected clients!
[INFO](2026/08/19/ 04:47:40 AM) [Round: 0697] Start updating selected 10 clients...!
[INFO](2026/08/19/ 04:47:51 AM) [Round: 0697] ...10 clients are selected and updated (with total sample size: 52)!
[INFO](2026/08/19/ 04:47:51 AM) [Round: 0697] Aggregate updated weights of 10 clients...!
[INFO](2026/08/19/ 04:47:52 AM) [Round: 0697] ...updated weights of 10 clients are successfully averaged!
[INFO](2026/08/19/ 04:47:53 AM) [Round: 0697] Evaluate global model's performance...!                
	[Server] ...finished evaluation!                
	=> Loss: 89.1378                
	=> Accuracy: 6.19%

[INFO](2026/08/19/ 04:47:53 AM) [Round: 0698] Select clients...!
[INFO](2026/08/19/ 04:47:54 AM) [Round: 0698] ...successfully transmitted models to 10 selected clients!
[INFO](2026/08/19/ 04:47:54 AM) [Round: 0698] Start updating selected 10 clients...!
[INFO](2026/08/19/ 04:48:04 AM) [Round: 0698] ...10 clients are selected and updated (with total sample size: 57)!
[INFO](2026/08/19/ 04:48:05 AM) [Round: 0698] Aggregate updated weights of 10 clients...!
[INFO](2026/08/19/ 04:48:05 AM) [Round: 0698] ...updated weights of 10 clients are successfully averaged!
[INFO](2026/08/19/ 04:48:06 AM) [Round: 0698] Evaluate global model's performance...!                
	[Server] ...finished evaluation!                
	=> Loss: 111.0383                
	=> Accuracy: 5.00%

[INFO](2026/08/19/ 04:48:06 AM) [Round: 0699] Select clients...!
[INFO](2026/08/19/ 04:48:07 AM) [Round: 0699] ...successfully transmitted models to 10 selected clients!
[INFO](2026/08/19/ 04:48:07 AM) [Round: 0699] Start updating selected 10 clients...!
[INFO](2026/08/19/ 04:48:19 AM) [Round: 0699] ...10 clients are selected and updated (with total sample size: 43)!
[INFO](2026/08/19/ 04:48:19 AM) [Round: 0699] Aggregate updated weights of 10 clients...!
[INFO](2026/08/19/ 04:48:20 AM) [Round: 0699] ...updated weights of 10 clients are successfully averaged!
[INFO](2026/08/19/ 04:48:21 AM) [Round: 0699] Evaluate global model's performance...!                
	[Server] ...finished evaluation!                
	=> Loss: 40.8345                
	=> Accuracy: 6.90%

[INFO](2026/08/19/ 04:48:21 AM) [Round: 0700] Select clients...!
[INFO](2026/08/19/ 04:48:22 AM) [Round: 0700] ...successfully transmitted models to 10 selected clients!
[INFO](2026/08/19/ 04:48:22 AM) [Round: 0700] Start updating selected 10 clients...!
[INFO](2026/08/19/ 04:48:32 AM) [Round: 0700] ...10 clients are selected and updated (with total sample size: 30)!
[INFO](2026/08/19/ 04:48:32 AM) [Round: 0700] Aggregate updated weights of 10 clients...!
[INFO](2026/08/19/ 04:48:32 AM) [Round: 0700] ...updated weights of 10 clients are successfully averaged!
[INFO](2026/08/19/ 04:48:34 AM) [Round: 0700] Evaluate global model's performance...!                
	[Server] ...finished evaluation!                
	=> Loss: 53.3713                
	=> Accuracy: 7.14%

[INFO](2026/08/19/ 04:48:34 AM) [Round: 0701] Select clients...!
[INFO](2026/08/19/ 04:48:35 AM) [Round: 0701] ...successfully transmitted models to 10 selected clients!
[INFO](2026/08/19/ 04:48:35 AM) [Round: 0701] Start updating selected 10 clients...!
[INFO](2026/08/19/ 04:48:45 AM) [Round: 0701] ...10 clients are selected and updated (with total sample size: 39)!
[INFO](2026/08/19/ 04:48:45 AM) [Round: 0701] Aggregate updated weights of 10 clients...!
[INFO](2026/08/19/ 04:48:46 AM) [Round: 0701] ...updated weights of 10 clients are successfully averaged!
[INFO](2026/08/19/ 04:48:47 AM) [Round: 0701] Evaluate global model's performance...!                
	[Server] ...finished evaluation!                
	=> Loss: 78.6112                
	=> Accuracy: 5.00%

[INFO](2026/08/19/ 04:48:47 AM) [Round: 0702] Select clients...!
[INFO](2026/08/19/ 04:48:48 AM) [Round: 0702] ...successfully transmitted models to 10 selected clients!
[INFO](2026/08/19/ 04:48:48 AM) [Round: 0702] Start updating selected 10 clients...!
[INFO](2026/08/19/ 04:48:58 AM) [Round: 0702] ...10 clients are selected and updated (with total sample size: 28)!
[INFO](2026/08/19/ 04:48:58 AM) [Round: 0702] Aggregate updated weights of 10 clients...!
[INFO](2026/08/19/ 04:48:58 AM) [Round: 0702] ...updated weights of 10 clients are successfully averaged!
[INFO](2026/08/19/ 04:49:00 AM) [Round: 0702] Evaluate global model's performance...!                
	[Server] ...finished evaluation!                
	=> Loss: 93.7331                
	=> Accuracy: 4.76%

[INFO](2026/08/19/ 04:49:00 AM) [Round: 0703] Select clients...!
[INFO](2026/08/19/ 04:49:01 AM) [Round: 0703] ...successfully transmitted models to 10 selected clients!
[INFO](2026/08/19/ 04:49:01 AM) [Round: 0703] Start updating selected 10 clients...!
[INFO](2026/08/19/ 04:49:11 AM) [Round: 0703] ...10 clients are selected and updated (with total sample size: 57)!
[INFO](2026/08/19/ 04:49:11 AM) [Round: 0703] Aggregate updated weights of 10 clients...!
[INFO](2026/08/19/ 04:49:11 AM) [Round: 0703] ...updated weights of 10 clients are successfully averaged!
[INFO](2026/08/19/ 04:49:13 AM) [Round: 0703] Evaluate global model's performance...!                
	[Server] ...finished evaluation!                
	=> Loss: 91.0965                
	=> Accuracy: 5.00%

[INFO](2026/08/19/ 04:49:13 AM) [Round: 0704] Select clients...!
[INFO](2026/08/19/ 04:49:14 AM) [Round: 0704] ...successfully transmitted models to 10 selected clients!
[INFO](2026/08/19/ 04:49:14 AM) [Round: 0704] Start updating selected 10 clients...!
[INFO](2026/08/19/ 04:49:26 AM) [Round: 0704] ...10 clients are selected and updated (with total sample size: 57)!
[INFO](2026/08/19/ 04:49:26 AM) [Round: 0704] Aggregate updated weights of 10 clients...!
[INFO](2026/08/19/ 04:49:26 AM) [Round: 0704] ...updated weights of 10 clients are successfully averaged!
[INFO](2026/08/19/ 04:49:28 AM) [Round: 0704] Evaluate global model's performance...!                
	[Server] ...finished evaluation!                
	=> Loss: 102.6601                
	=> Accuracy: 5.00%

[INFO](2026/08/19/ 04:49:28 AM) [Round: 0705] Select clients...!
[INFO](2026/08/19/ 04:49:29 AM) [Round: 0705] ...successfully transmitted models to 10 selected clients!
[INFO](2026/08/19/ 04:49:29 AM) [Round: 0705] Start updating selected 10 clients...!
[INFO](2026/08/19/ 04:49:39 AM) [Round: 0705] ...10 clients are selected and updated (with total sample size: 42)!
[INFO](2026/08/19/ 04:49:39 AM) [Round: 0705] Aggregate updated weights of 10 clients...!
[INFO](2026/08/19/ 04:49:39 AM) [Round: 0705] ...updated weights of 10 clients are successfully averaged!
[INFO](2026/08/19/ 04:49:41 AM) [Round: 0705] Evaluate global model's performance...!                
	[Server] ...finished evaluation!                
	=> Loss: 137.7361                
	=> Accuracy: 5.71%

[INFO](2026/08/19/ 04:49:41 AM) [Round: 0706] Select clients...!
[INFO](2026/08/19/ 04:49:41 AM) [Round: 0706] ...successfully transmitted models to 10 selected clients!
[INFO](2026/08/19/ 04:49:42 AM) [Round: 0706] Start updating selected 10 clients...!
[INFO](2026/08/19/ 04:49:51 AM) [Round: 0706] ...10 clients are selected and updated (with total sample size: 30)!
[INFO](2026/08/19/ 04:49:51 AM) [Round: 0706] Aggregate updated weights of 10 clients...!
[INFO](2026/08/19/ 04:49:52 AM) [Round: 0706] ...updated weights of 10 clients are successfully averaged!
[INFO](2026/08/19/ 04:49:53 AM) [Round: 0706] Evaluate global model's performance...!                
	[Server] ...finished evaluation!                
	=> Loss: 113.1551                
	=> Accuracy: 4.76%

[INFO](2026/08/19/ 04:49:53 AM) [Round: 0707] Select clients...!
[INFO](2026/08/19/ 04:49:54 AM) [Round: 0707] ...successfully transmitted models to 10 selected clients!
[INFO](2026/08/19/ 04:49:54 AM) [Round: 0707] Start updating selected 10 clients...!
[INFO](2026/08/19/ 04:50:04 AM) [Round: 0707] ...10 clients are selected and updated (with total sample size: 52)!
[INFO](2026/08/19/ 04:50:04 AM) [Round: 0707] Aggregate updated weights of 10 clients...!
[INFO](2026/08/19/ 04:50:04 AM) [Round: 0707] ...updated weights of 10 clients are successfully averaged!
[INFO](2026/08/19/ 04:50:06 AM) [Round: 0707] Evaluate global model's performance...!                
	[Server] ...finished evaluation!                
	=> Loss: 92.0362                
	=> Accuracy: 5.00%

[INFO](2026/08/19/ 04:50:06 AM) [Round: 0708] Select clients...!
[INFO](2026/08/19/ 04:50:07 AM) [Round: 0708] ...successfully transmitted models to 10 selected clients!
[INFO](2026/08/19/ 04:50:07 AM) [Round: 0708] Start updating selected 10 clients...!
[INFO](2026/08/19/ 04:50:17 AM) [Round: 0708] ...10 clients are selected and updated (with total sample size: 57)!
[INFO](2026/08/19/ 04:50:17 AM) [Round: 0708] Aggregate updated weights of 10 clients...!
[INFO](2026/08/19/ 04:50:17 AM) [Round: 0708] ...updated weights of 10 clients are successfully averaged!
[INFO](2026/08/19/ 04:50:19 AM) [Round: 0708] Evaluate global model's performance...!                
	[Server] ...finished evaluation!                
	=> Loss: 83.4368                
	=> Accuracy: 5.24%

[INFO](2026/08/19/ 04:50:19 AM) [Round: 0709] Select clients...!
[INFO](2026/08/19/ 04:50:20 AM) [Round: 0709] ...successfully transmitted models to 10 selected clients!
[INFO](2026/08/19/ 04:50:20 AM) [Round: 0709] Start updating selected 10 clients...!
[INFO](2026/08/19/ 04:50:31 AM) [Round: 0709] ...10 clients are selected and updated (with total sample size: 36)!
[INFO](2026/08/19/ 04:50:31 AM) [Round: 0709] Aggregate updated weights of 10 clients...!
[INFO](2026/08/19/ 04:50:31 AM) [Round: 0709] ...updated weights of 10 clients are successfully averaged!
[INFO](2026/08/19/ 04:50:33 AM) [Round: 0709] Evaluate global model's performance...!                
	[Server] ...finished evaluation!                
	=> Loss: 55.7725                
	=> Accuracy: 5.00%

[INFO](2026/08/19/ 04:50:33 AM) [Round: 0710] Select clients...!
[INFO](2026/08/19/ 04:50:33 AM) [Round: 0710] ...successfully transmitted models to 10 selected clients!
[INFO](2026/08/19/ 04:50:33 AM) [Round: 0710] Start updating selected 10 clients...!
[INFO](2026/08/19/ 04:50:44 AM) [Round: 0710] ...10 clients are selected and updated (with total sample size: 56)!
[INFO](2026/08/19/ 04:50:44 AM) [Round: 0710] Aggregate updated weights of 10 clients...!
[INFO](2026/08/19/ 04:50:45 AM) [Round: 0710] ...updated weights of 10 clients are successfully averaged!
[INFO](2026/08/19/ 04:50:46 AM) [Round: 0710] Evaluate global model's performance...!                
	[Server] ...finished evaluation!                
	=> Loss: 53.6447                
	=> Accuracy: 3.33%

[INFO](2026/08/19/ 04:50:46 AM) [Round: 0711] Select clients...!
[INFO](2026/08/19/ 04:50:47 AM) [Round: 0711] ...successfully transmitted models to 10 selected clients!
[INFO](2026/08/19/ 04:50:47 AM) [Round: 0711] Start updating selected 10 clients...!
[INFO](2026/08/19/ 04:50:59 AM) [Round: 0711] ...10 clients are selected and updated (with total sample size: 43)!
[INFO](2026/08/19/ 04:50:59 AM) [Round: 0711] Aggregate updated weights of 10 clients...!
[INFO](2026/08/19/ 04:50:59 AM) [Round: 0711] ...updated weights of 10 clients are successfully averaged!
[INFO](2026/08/19/ 04:51:01 AM) [Round: 0711] Evaluate global model's performance...!                
	[Server] ...finished evaluation!                
	=> Loss: 46.7032                
	=> Accuracy: 4.76%

[INFO](2026/08/19/ 04:51:01 AM) [Round: 0712] Select clients...!
[INFO](2026/08/19/ 04:51:01 AM) [Round: 0712] ...successfully transmitted models to 10 selected clients!
[INFO](2026/08/19/ 04:51:01 AM) [Round: 0712] Start updating selected 10 clients...!
[INFO](2026/08/19/ 04:51:13 AM) [Round: 0712] ...10 clients are selected and updated (with total sample size: 42)!
[INFO](2026/08/19/ 04:51:13 AM) [Round: 0712] Aggregate updated weights of 10 clients...!
[INFO](2026/08/19/ 04:51:13 AM) [Round: 0712] ...updated weights of 10 clients are successfully averaged!
[INFO](2026/08/19/ 04:51:15 AM) [Round: 0712] Evaluate global model's performance...!                
	[Server] ...finished evaluation!                
	=> Loss: 67.4658                
	=> Accuracy: 3.81%

[INFO](2026/08/19/ 04:51:15 AM) [Round: 0713] Select clients...!
[INFO](2026/08/19/ 04:51:16 AM) [Round: 0713] ...successfully transmitted models to 10 selected clients!
[INFO](2026/08/19/ 04:51:16 AM) [Round: 0713] Start updating selected 10 clients...!
[INFO](2026/08/19/ 04:51:26 AM) [Round: 0713] ...10 clients are selected and updated (with total sample size: 43)!
[INFO](2026/08/19/ 04:51:27 AM) [Round: 0713] Aggregate updated weights of 10 clients...!
[INFO](2026/08/19/ 04:51:27 AM) [Round: 0713] ...updated weights of 10 clients are successfully averaged!
[INFO](2026/08/19/ 04:51:28 AM) [Round: 0713] Evaluate global model's performance...!                
	[Server] ...finished evaluation!                
	=> Loss: 48.9315                
	=> Accuracy: 4.76%

[INFO](2026/08/19/ 04:51:28 AM) [Round: 0714] Select clients...!
[INFO](2026/08/19/ 04:51:29 AM) [Round: 0714] ...successfully transmitted models to 10 selected clients!
[INFO](2026/08/19/ 04:51:29 AM) [Round: 0714] Start updating selected 10 clients...!
[INFO](2026/08/19/ 04:51:39 AM) [Round: 0714] ...10 clients are selected and updated (with total sample size: 42)!
[INFO](2026/08/19/ 04:51:40 AM) [Round: 0714] Aggregate updated weights of 10 clients...!
[INFO](2026/08/19/ 04:51:40 AM) [Round: 0714] ...updated weights of 10 clients are successfully averaged!
[INFO](2026/08/19/ 04:51:42 AM) [Round: 0714] Evaluate global model's performance...!                
	[Server] ...finished evaluation!                
	=> Loss: 79.1310                
	=> Accuracy: 5.24%

[INFO](2026/08/19/ 04:51:42 AM) [Round: 0715] Select clients...!
[INFO](2026/08/19/ 04:51:42 AM) [Round: 0715] ...successfully transmitted models to 10 selected clients!
[INFO](2026/08/19/ 04:51:42 AM) [Round: 0715] Start updating selected 10 clients...!
[INFO](2026/08/19/ 04:51:54 AM) [Round: 0715] ...10 clients are selected and updated (with total sample size: 39)!
[INFO](2026/08/19/ 04:51:54 AM) [Round: 0715] Aggregate updated weights of 10 clients...!
[INFO](2026/08/19/ 04:51:54 AM) [Round: 0715] ...updated weights of 10 clients are successfully averaged!
[INFO](2026/08/19/ 04:51:56 AM) [Round: 0715] Evaluate global model's performance...!                
	[Server] ...finished evaluation!                
	=> Loss: 69.2477                
	=> Accuracy: 5.48%

[INFO](2026/08/19/ 04:51:56 AM) [Round: 0716] Select clients...!
[INFO](2026/08/19/ 04:51:56 AM) [Round: 0716] ...successfully transmitted models to 10 selected clients!
[INFO](2026/08/19/ 04:51:56 AM) [Round: 0716] Start updating selected 10 clients...!
[INFO](2026/08/19/ 04:52:08 AM) [Round: 0716] ...10 clients are selected and updated (with total sample size: 43)!
[INFO](2026/08/19/ 04:52:08 AM) [Round: 0716] Aggregate updated weights of 10 clients...!
[INFO](2026/08/19/ 04:52:08 AM) [Round: 0716] ...updated weights of 10 clients are successfully averaged!
[INFO](2026/08/19/ 04:52:10 AM) [Round: 0716] Evaluate global model's performance...!                
	[Server] ...finished evaluation!                
	=> Loss: 54.6253                
	=> Accuracy: 5.24%

[INFO](2026/08/19/ 04:52:10 AM) [Round: 0717] Select clients...!
[INFO](2026/08/19/ 04:52:11 AM) [Round: 0717] ...successfully transmitted models to 10 selected clients!
[INFO](2026/08/19/ 04:52:11 AM) [Round: 0717] Start updating selected 10 clients...!
[INFO](2026/08/19/ 04:52:22 AM) [Round: 0717] ...10 clients are selected and updated (with total sample size: 52)!
[INFO](2026/08/19/ 04:52:22 AM) [Round: 0717] Aggregate updated weights of 10 clients...!
[INFO](2026/08/19/ 04:52:22 AM) [Round: 0717] ...updated weights of 10 clients are successfully averaged!
[INFO](2026/08/19/ 04:52:24 AM) [Round: 0717] Evaluate global model's performance...!                
	[Server] ...finished evaluation!                
	=> Loss: 68.5082                
	=> Accuracy: 3.81%

[INFO](2026/08/19/ 04:52:24 AM) [Round: 0718] Select clients...!
[INFO](2026/08/19/ 04:52:24 AM) [Round: 0718] ...successfully transmitted models to 10 selected clients!
[INFO](2026/08/19/ 04:52:24 AM) [Round: 0718] Start updating selected 10 clients...!
[INFO](2026/08/19/ 04:52:34 AM) [Round: 0718] ...10 clients are selected and updated (with total sample size: 43)!
[INFO](2026/08/19/ 04:52:34 AM) [Round: 0718] Aggregate updated weights of 10 clients...!
[INFO](2026/08/19/ 04:52:34 AM) [Round: 0718] ...updated weights of 10 clients are successfully averaged!
[INFO](2026/08/19/ 04:52:36 AM) [Round: 0718] Evaluate global model's performance...!                
	[Server] ...finished evaluation!                
	=> Loss: 60.0277                
	=> Accuracy: 5.24%

[INFO](2026/08/19/ 04:52:36 AM) [Round: 0719] Select clients...!
[INFO](2026/08/19/ 04:52:36 AM) [Round: 0719] ...successfully transmitted models to 10 selected clients!
[INFO](2026/08/19/ 04:52:37 AM) [Round: 0719] Start updating selected 10 clients...!
[INFO](2026/08/19/ 04:52:47 AM) [Round: 0719] ...10 clients are selected and updated (with total sample size: 39)!
[INFO](2026/08/19/ 04:52:47 AM) [Round: 0719] Aggregate updated weights of 10 clients...!
[INFO](2026/08/19/ 04:52:48 AM) [Round: 0719] ...updated weights of 10 clients are successfully averaged!
[INFO](2026/08/19/ 04:52:49 AM) [Round: 0719] Evaluate global model's performance...!                
	[Server] ...finished evaluation!                
	=> Loss: 40.8723                
	=> Accuracy: 5.24%

[INFO](2026/08/19/ 04:52:49 AM) [Round: 0720] Select clients...!
[INFO](2026/08/19/ 04:52:50 AM) [Round: 0720] ...successfully transmitted models to 10 selected clients!
[INFO](2026/08/19/ 04:52:50 AM) [Round: 0720] Start updating selected 10 clients...!
[INFO](2026/08/19/ 04:53:01 AM) [Round: 0720] ...10 clients are selected and updated (with total sample size: 43)!
[INFO](2026/08/19/ 04:53:01 AM) [Round: 0720] Aggregate updated weights of 10 clients...!
[INFO](2026/08/19/ 04:53:02 AM) [Round: 0720] ...updated weights of 10 clients are successfully averaged!
[INFO](2026/08/19/ 04:53:03 AM) [Round: 0720] Evaluate global model's performance...!                
	[Server] ...finished evaluation!                
	=> Loss: 40.7552                
	=> Accuracy: 3.57%

[INFO](2026/08/19/ 04:53:03 AM) [Round: 0721] Select clients...!
[INFO](2026/08/19/ 04:53:04 AM) [Round: 0721] ...successfully transmitted models to 10 selected clients!
[INFO](2026/08/19/ 04:53:04 AM) [Round: 0721] Start updating selected 10 clients...!
[INFO](2026/08/19/ 04:53:14 AM) [Round: 0721] ...10 clients are selected and updated (with total sample size: 52)!
[INFO](2026/08/19/ 04:53:14 AM) [Round: 0721] Aggregate updated weights of 10 clients...!
[INFO](2026/08/19/ 04:53:15 AM) [Round: 0721] ...updated weights of 10 clients are successfully averaged!
[INFO](2026/08/19/ 04:53:17 AM) [Round: 0721] Evaluate global model's performance...!                
	[Server] ...finished evaluation!                
	=> Loss: 79.0900                
	=> Accuracy: 5.24%

[INFO](2026/08/19/ 04:53:17 AM) [Round: 0722] Select clients...!
[INFO](2026/08/19/ 04:53:17 AM) [Round: 0722] ...successfully transmitted models to 10 selected clients!
[INFO](2026/08/19/ 04:53:17 AM) [Round: 0722] Start updating selected 10 clients...!
[INFO](2026/08/19/ 04:53:27 AM) [Round: 0722] ...10 clients are selected and updated (with total sample size: 39)!
[INFO](2026/08/19/ 04:53:27 AM) [Round: 0722] Aggregate updated weights of 10 clients...!
[INFO](2026/08/19/ 04:53:28 AM) [Round: 0722] ...updated weights of 10 clients are successfully averaged!
[INFO](2026/08/19/ 04:53:29 AM) [Round: 0722] Evaluate global model's performance...!                
	[Server] ...finished evaluation!                
	=> Loss: 63.3920                
	=> Accuracy: 3.33%

[INFO](2026/08/19/ 04:53:29 AM) [Round: 0723] Select clients...!
[INFO](2026/08/19/ 04:53:30 AM) [Round: 0723] ...successfully transmitted models to 10 selected clients!
[INFO](2026/08/19/ 04:53:30 AM) [Round: 0723] Start updating selected 10 clients...!
[INFO](2026/08/19/ 04:53:40 AM) [Round: 0723] ...10 clients are selected and updated (with total sample size: 30)!
[INFO](2026/08/19/ 04:53:40 AM) [Round: 0723] Aggregate updated weights of 10 clients...!
[INFO](2026/08/19/ 04:53:41 AM) [Round: 0723] ...updated weights of 10 clients are successfully averaged!
[INFO](2026/08/19/ 04:53:43 AM) [Round: 0723] Evaluate global model's performance...!                
	[Server] ...finished evaluation!                
	=> Loss: 68.0187                
	=> Accuracy: 4.05%

[INFO](2026/08/19/ 04:53:43 AM) [Round: 0724] Select clients...!
[INFO](2026/08/19/ 04:53:43 AM) [Round: 0724] ...successfully transmitted models to 10 selected clients!
[INFO](2026/08/19/ 04:53:43 AM) [Round: 0724] Start updating selected 10 clients...!
[INFO](2026/08/19/ 04:53:55 AM) [Round: 0724] ...10 clients are selected and updated (with total sample size: 52)!
[INFO](2026/08/19/ 04:53:55 AM) [Round: 0724] Aggregate updated weights of 10 clients...!
[INFO](2026/08/19/ 04:53:56 AM) [Round: 0724] ...updated weights of 10 clients are successfully averaged!
[INFO](2026/08/19/ 04:53:58 AM) [Round: 0724] Evaluate global model's performance...!                
	[Server] ...finished evaluation!                
	=> Loss: 65.9785                
	=> Accuracy: 4.76%

[INFO](2026/08/19/ 04:53:58 AM) [Round: 0725] Select clients...!
[INFO](2026/08/19/ 04:53:58 AM) [Round: 0725] ...successfully transmitted models to 10 selected clients!
[INFO](2026/08/19/ 04:53:58 AM) [Round: 0725] Start updating selected 10 clients...!
[INFO](2026/08/19/ 04:54:10 AM) [Round: 0725] ...10 clients are selected and updated (with total sample size: 28)!
[INFO](2026/08/19/ 04:54:10 AM) [Round: 0725] Aggregate updated weights of 10 clients...!
[INFO](2026/08/19/ 04:54:10 AM) [Round: 0725] ...updated weights of 10 clients are successfully averaged!
[INFO](2026/08/19/ 04:54:11 AM) [Round: 0725] Evaluate global model's performance...!                
	[Server] ...finished evaluation!                
	=> Loss: 70.1503                
	=> Accuracy: 5.00%

[INFO](2026/08/19/ 04:54:12 AM) [Round: 0726] Select clients...!
[INFO](2026/08/19/ 04:54:12 AM) [Round: 0726] ...successfully transmitted models to 10 selected clients!
[INFO](2026/08/19/ 04:54:12 AM) [Round: 0726] Start updating selected 10 clients...!
[INFO](2026/08/19/ 04:54:22 AM) [Round: 0726] ...10 clients are selected and updated (with total sample size: 52)!
[INFO](2026/08/19/ 04:54:23 AM) [Round: 0726] Aggregate updated weights of 10 clients...!
[INFO](2026/08/19/ 04:54:23 AM) [Round: 0726] ...updated weights of 10 clients are successfully averaged!
[INFO](2026/08/19/ 04:54:24 AM) [Round: 0726] Evaluate global model's performance...!                
	[Server] ...finished evaluation!                
	=> Loss: 40.5948                
	=> Accuracy: 5.48%

[INFO](2026/08/19/ 04:54:25 AM) [Round: 0727] Select clients...!
[INFO](2026/08/19/ 04:54:25 AM) [Round: 0727] ...successfully transmitted models to 10 selected clients!
[INFO](2026/08/19/ 04:54:25 AM) [Round: 0727] Start updating selected 10 clients...!
[INFO](2026/08/19/ 04:54:37 AM) [Round: 0727] ...10 clients are selected and updated (with total sample size: 30)!
[INFO](2026/08/19/ 04:54:37 AM) [Round: 0727] Aggregate updated weights of 10 clients...!
[INFO](2026/08/19/ 04:54:37 AM) [Round: 0727] ...updated weights of 10 clients are successfully averaged!
[INFO](2026/08/19/ 04:54:39 AM) [Round: 0727] Evaluate global model's performance...!                
	[Server] ...finished evaluation!                
	=> Loss: 46.2349                
	=> Accuracy: 4.05%

[INFO](2026/08/19/ 04:54:40 AM) [Round: 0728] Select clients...!
[INFO](2026/08/19/ 04:54:40 AM) [Round: 0728] ...successfully transmitted models to 10 selected clients!
[INFO](2026/08/19/ 04:54:40 AM) [Round: 0728] Start updating selected 10 clients...!
[INFO](2026/08/19/ 04:54:51 AM) [Round: 0728] ...10 clients are selected and updated (with total sample size: 57)!
[INFO](2026/08/19/ 04:54:51 AM) [Round: 0728] Aggregate updated weights of 10 clients...!
[INFO](2026/08/19/ 04:54:51 AM) [Round: 0728] ...updated weights of 10 clients are successfully averaged!
[INFO](2026/08/19/ 04:54:52 AM) [Round: 0728] Evaluate global model's performance...!                
	[Server] ...finished evaluation!                
	=> Loss: 34.9272                
	=> Accuracy: 5.00%

[INFO](2026/08/19/ 04:54:53 AM) [Round: 0729] Select clients...!
[INFO](2026/08/19/ 04:54:53 AM) [Round: 0729] ...successfully transmitted models to 10 selected clients!
[INFO](2026/08/19/ 04:54:53 AM) [Round: 0729] Start updating selected 10 clients...!
[INFO](2026/08/19/ 04:55:04 AM) [Round: 0729] ...10 clients are selected and updated (with total sample size: 43)!
[INFO](2026/08/19/ 04:55:04 AM) [Round: 0729] Aggregate updated weights of 10 clients...!
[INFO](2026/08/19/ 04:55:05 AM) [Round: 0729] ...updated weights of 10 clients are successfully averaged!
[INFO](2026/08/19/ 04:55:07 AM) [Round: 0729] Evaluate global model's performance...!                
	[Server] ...finished evaluation!                
	=> Loss: 42.3070                
	=> Accuracy: 4.52%

[INFO](2026/08/19/ 04:55:07 AM) [Round: 0730] Select clients...!
[INFO](2026/08/19/ 04:55:07 AM) [Round: 0730] ...successfully transmitted models to 10 selected clients!
[INFO](2026/08/19/ 04:55:07 AM) [Round: 0730] Start updating selected 10 clients...!
[INFO](2026/08/19/ 04:55:16 AM) [Round: 0730] ...10 clients are selected and updated (with total sample size: 30)!
[INFO](2026/08/19/ 04:55:16 AM) [Round: 0730] Aggregate updated weights of 10 clients...!
[INFO](2026/08/19/ 04:55:16 AM) [Round: 0730] ...updated weights of 10 clients are successfully averaged!
[INFO](2026/08/19/ 04:55:18 AM) [Round: 0730] Evaluate global model's performance...!                
	[Server] ...finished evaluation!                
	=> Loss: 50.9727                
	=> Accuracy: 4.29%

[INFO](2026/08/19/ 04:55:18 AM) [Round: 0731] Select clients...!
[INFO](2026/08/19/ 04:55:18 AM) [Round: 0731] ...successfully transmitted models to 10 selected clients!
[INFO](2026/08/19/ 04:55:18 AM) [Round: 0731] Start updating selected 10 clients...!
[INFO](2026/08/19/ 04:55:30 AM) [Round: 0731] ...10 clients are selected and updated (with total sample size: 52)!
[INFO](2026/08/19/ 04:55:30 AM) [Round: 0731] Aggregate updated weights of 10 clients...!
[INFO](2026/08/19/ 04:55:30 AM) [Round: 0731] ...updated weights of 10 clients are successfully averaged!
[INFO](2026/08/19/ 04:55:32 AM) [Round: 0731] Evaluate global model's performance...!                
	[Server] ...finished evaluation!                
	=> Loss: 44.4637                
	=> Accuracy: 5.24%

[INFO](2026/08/19/ 04:55:32 AM) [Round: 0732] Select clients...!
[INFO](2026/08/19/ 04:55:33 AM) [Round: 0732] ...successfully transmitted models to 10 selected clients!
[INFO](2026/08/19/ 04:55:33 AM) [Round: 0732] Start updating selected 10 clients...!
[INFO](2026/08/19/ 04:55:43 AM) [Round: 0732] ...10 clients are selected and updated (with total sample size: 52)!
[INFO](2026/08/19/ 04:55:44 AM) [Round: 0732] Aggregate updated weights of 10 clients...!
[INFO](2026/08/19/ 04:55:44 AM) [Round: 0732] ...updated weights of 10 clients are successfully averaged!
[INFO](2026/08/19/ 04:55:45 AM) [Round: 0732] Evaluate global model's performance...!                
	[Server] ...finished evaluation!                
	=> Loss: 45.6778                
	=> Accuracy: 3.81%

[INFO](2026/08/19/ 04:55:46 AM) [Round: 0733] Select clients...!
[INFO](2026/08/19/ 04:55:46 AM) [Round: 0733] ...successfully transmitted models to 10 selected clients!
[INFO](2026/08/19/ 04:55:46 AM) [Round: 0733] Start updating selected 10 clients...!
[INFO](2026/08/19/ 04:55:56 AM) [Round: 0733] ...10 clients are selected and updated (with total sample size: 43)!
[INFO](2026/08/19/ 04:55:56 AM) [Round: 0733] Aggregate updated weights of 10 clients...!
[INFO](2026/08/19/ 04:55:56 AM) [Round: 0733] ...updated weights of 10 clients are successfully averaged!
[INFO](2026/08/19/ 04:55:58 AM) [Round: 0733] Evaluate global model's performance...!                
	[Server] ...finished evaluation!                
	=> Loss: 33.3651                
	=> Accuracy: 7.62%

[INFO](2026/08/19/ 04:55:58 AM) [Round: 0734] Select clients...!
[INFO](2026/08/19/ 04:55:59 AM) [Round: 0734] ...successfully transmitted models to 10 selected clients!
[INFO](2026/08/19/ 04:55:59 AM) [Round: 0734] Start updating selected 10 clients...!
[INFO](2026/08/19/ 04:56:10 AM) [Round: 0734] ...10 clients are selected and updated (with total sample size: 52)!
[INFO](2026/08/19/ 04:56:10 AM) [Round: 0734] Aggregate updated weights of 10 clients...!
[INFO](2026/08/19/ 04:56:10 AM) [Round: 0734] ...updated weights of 10 clients are successfully averaged!
[INFO](2026/08/19/ 04:56:12 AM) [Round: 0734] Evaluate global model's performance...!                
	[Server] ...finished evaluation!                
	=> Loss: 37.6664                
	=> Accuracy: 5.24%

[INFO](2026/08/19/ 04:56:12 AM) [Round: 0735] Select clients...!
[INFO](2026/08/19/ 04:56:12 AM) [Round: 0735] ...successfully transmitted models to 10 selected clients!
[INFO](2026/08/19/ 04:56:12 AM) [Round: 0735] Start updating selected 10 clients...!
[INFO](2026/08/19/ 04:56:24 AM) [Round: 0735] ...10 clients are selected and updated (with total sample size: 56)!
[INFO](2026/08/19/ 04:56:24 AM) [Round: 0735] Aggregate updated weights of 10 clients...!
[INFO](2026/08/19/ 04:56:24 AM) [Round: 0735] ...updated weights of 10 clients are successfully averaged!
[INFO](2026/08/19/ 04:56:26 AM) [Round: 0735] Evaluate global model's performance...!                
	[Server] ...finished evaluation!                
	=> Loss: 24.9649                
	=> Accuracy: 6.19%

[INFO](2026/08/19/ 04:56:27 AM) [Round: 0736] Select clients...!
[INFO](2026/08/19/ 04:56:27 AM) [Round: 0736] ...successfully transmitted models to 10 selected clients!
[INFO](2026/08/19/ 04:56:27 AM) [Round: 0736] Start updating selected 10 clients...!
[INFO](2026/08/19/ 04:56:36 AM) [Round: 0736] ...10 clients are selected and updated (with total sample size: 52)!
[INFO](2026/08/19/ 04:56:36 AM) [Round: 0736] Aggregate updated weights of 10 clients...!
[INFO](2026/08/19/ 04:56:37 AM) [Round: 0736] ...updated weights of 10 clients are successfully averaged!
[INFO](2026/08/19/ 04:56:38 AM) [Round: 0736] Evaluate global model's performance...!                
	[Server] ...finished evaluation!                
	=> Loss: 25.6395                
	=> Accuracy: 5.00%

[INFO](2026/08/19/ 04:56:39 AM) [Round: 0737] Select clients...!
[INFO](2026/08/19/ 04:56:39 AM) [Round: 0737] ...successfully transmitted models to 10 selected clients!
[INFO](2026/08/19/ 04:56:39 AM) [Round: 0737] Start updating selected 10 clients...!
[INFO](2026/08/19/ 04:56:50 AM) [Round: 0737] ...10 clients are selected and updated (with total sample size: 39)!
[INFO](2026/08/19/ 04:56:50 AM) [Round: 0737] Aggregate updated weights of 10 clients...!
[INFO](2026/08/19/ 04:56:50 AM) [Round: 0737] ...updated weights of 10 clients are successfully averaged!
[INFO](2026/08/19/ 04:56:52 AM) [Round: 0737] Evaluate global model's performance...!                
	[Server] ...finished evaluation!                
	=> Loss: 29.3301                
	=> Accuracy: 3.10%

[INFO](2026/08/19/ 04:56:52 AM) [Round: 0738] Select clients...!
[INFO](2026/08/19/ 04:56:53 AM) [Round: 0738] ...successfully transmitted models to 10 selected clients!
[INFO](2026/08/19/ 04:56:53 AM) [Round: 0738] Start updating selected 10 clients...!
[INFO](2026/08/19/ 04:57:03 AM) [Round: 0738] ...10 clients are selected and updated (with total sample size: 43)!
[INFO](2026/08/19/ 04:57:03 AM) [Round: 0738] Aggregate updated weights of 10 clients...!
[INFO](2026/08/19/ 04:57:04 AM) [Round: 0738] ...updated weights of 10 clients are successfully averaged!
[INFO](2026/08/19/ 04:57:06 AM) [Round: 0738] Evaluate global model's performance...!                
	[Server] ...finished evaluation!                
	=> Loss: 26.9093                
	=> Accuracy: 6.19%

[INFO](2026/08/19/ 04:57:06 AM) [Round: 0739] Select clients...!
[INFO](2026/08/19/ 04:57:06 AM) [Round: 0739] ...successfully transmitted models to 10 selected clients!
[INFO](2026/08/19/ 04:57:06 AM) [Round: 0739] Start updating selected 10 clients...!
[INFO](2026/08/19/ 04:57:16 AM) [Round: 0739] ...10 clients are selected and updated (with total sample size: 52)!
[INFO](2026/08/19/ 04:57:16 AM) [Round: 0739] Aggregate updated weights of 10 clients...!
[INFO](2026/08/19/ 04:57:16 AM) [Round: 0739] ...updated weights of 10 clients are successfully averaged!
[INFO](2026/08/19/ 04:57:18 AM) [Round: 0739] Evaluate global model's performance...!                
	[Server] ...finished evaluation!                
	=> Loss: 33.4076                
	=> Accuracy: 6.67%

[INFO](2026/08/19/ 04:57:18 AM) [Round: 0740] Select clients...!
[INFO](2026/08/19/ 04:57:19 AM) [Round: 0740] ...successfully transmitted models to 10 selected clients!
[INFO](2026/08/19/ 04:57:19 AM) [Round: 0740] Start updating selected 10 clients...!
[INFO](2026/08/19/ 04:57:31 AM) [Round: 0740] ...10 clients are selected and updated (with total sample size: 42)!
[INFO](2026/08/19/ 04:57:31 AM) [Round: 0740] Aggregate updated weights of 10 clients...!
[INFO](2026/08/19/ 04:57:31 AM) [Round: 0740] ...updated weights of 10 clients are successfully averaged!
[INFO](2026/08/19/ 04:57:33 AM) [Round: 0740] Evaluate global model's performance...!                
	[Server] ...finished evaluation!                
	=> Loss: 26.5700                
	=> Accuracy: 7.86%

[INFO](2026/08/19/ 04:57:33 AM) [Round: 0741] Select clients...!
[INFO](2026/08/19/ 04:57:33 AM) [Round: 0741] ...successfully transmitted models to 10 selected clients!
[INFO](2026/08/19/ 04:57:34 AM) [Round: 0741] Start updating selected 10 clients...!
[INFO](2026/08/19/ 04:57:44 AM) [Round: 0741] ...10 clients are selected and updated (with total sample size: 39)!
[INFO](2026/08/19/ 04:57:44 AM) [Round: 0741] Aggregate updated weights of 10 clients...!
[INFO](2026/08/19/ 04:57:44 AM) [Round: 0741] ...updated weights of 10 clients are successfully averaged!
[INFO](2026/08/19/ 04:57:46 AM) [Round: 0741] Evaluate global model's performance...!                
	[Server] ...finished evaluation!                
	=> Loss: 36.9346                
	=> Accuracy: 6.19%

[INFO](2026/08/19/ 04:57:46 AM) [Round: 0742] Select clients...!
[INFO](2026/08/19/ 04:57:47 AM) [Round: 0742] ...successfully transmitted models to 10 selected clients!
[INFO](2026/08/19/ 04:57:47 AM) [Round: 0742] Start updating selected 10 clients...!
[INFO](2026/08/19/ 04:57:58 AM) [Round: 0742] ...10 clients are selected and updated (with total sample size: 30)!
[INFO](2026/08/19/ 04:57:58 AM) [Round: 0742] Aggregate updated weights of 10 clients...!
[INFO](2026/08/19/ 04:57:58 AM) [Round: 0742] ...updated weights of 10 clients are successfully averaged!
[INFO](2026/08/19/ 04:58:00 AM) [Round: 0742] Evaluate global model's performance...!                
	[Server] ...finished evaluation!                
	=> Loss: 26.2648                
	=> Accuracy: 8.81%

[INFO](2026/08/19/ 04:58:00 AM) [Round: 0743] Select clients...!
[INFO](2026/08/19/ 04:58:01 AM) [Round: 0743] ...successfully transmitted models to 10 selected clients!
[INFO](2026/08/19/ 04:58:01 AM) [Round: 0743] Start updating selected 10 clients...!
[INFO](2026/08/19/ 04:58:10 AM) [Round: 0743] ...10 clients are selected and updated (with total sample size: 56)!
[INFO](2026/08/19/ 04:58:10 AM) [Round: 0743] Aggregate updated weights of 10 clients...!
[INFO](2026/08/19/ 04:58:11 AM) [Round: 0743] ...updated weights of 10 clients are successfully averaged!
[INFO](2026/08/19/ 04:58:13 AM) [Round: 0743] Evaluate global model's performance...!                
	[Server] ...finished evaluation!                
	=> Loss: 35.1613                
	=> Accuracy: 6.19%

[INFO](2026/08/19/ 04:58:13 AM) [Round: 0744] Select clients...!
[INFO](2026/08/19/ 04:58:13 AM) [Round: 0744] ...successfully transmitted models to 10 selected clients!
[INFO](2026/08/19/ 04:58:13 AM) [Round: 0744] Start updating selected 10 clients...!
[INFO](2026/08/19/ 04:58:24 AM) [Round: 0744] ...10 clients are selected and updated (with total sample size: 68)!
[INFO](2026/08/19/ 04:58:24 AM) [Round: 0744] Aggregate updated weights of 10 clients...!
[INFO](2026/08/19/ 04:58:24 AM) [Round: 0744] ...updated weights of 10 clients are successfully averaged!
[INFO](2026/08/19/ 04:58:26 AM) [Round: 0744] Evaluate global model's performance...!                
	[Server] ...finished evaluation!                
	=> Loss: 42.9276                
	=> Accuracy: 5.48%

[INFO](2026/08/19/ 04:58:26 AM) [Round: 0745] Select clients...!
[INFO](2026/08/19/ 04:58:27 AM) [Round: 0745] ...successfully transmitted models to 10 selected clients!
[INFO](2026/08/19/ 04:58:27 AM) [Round: 0745] Start updating selected 10 clients...!
[INFO](2026/08/19/ 04:58:36 AM) [Round: 0745] ...10 clients are selected and updated (with total sample size: 30)!
[INFO](2026/08/19/ 04:58:36 AM) [Round: 0745] Aggregate updated weights of 10 clients...!
[INFO](2026/08/19/ 04:58:37 AM) [Round: 0745] ...updated weights of 10 clients are successfully averaged!
[INFO](2026/08/19/ 04:58:38 AM) [Round: 0745] Evaluate global model's performance...!                
	[Server] ...finished evaluation!                
	=> Loss: 31.4562                
	=> Accuracy: 6.43%

[INFO](2026/08/19/ 04:58:38 AM) [Round: 0746] Select clients...!
[INFO](2026/08/19/ 04:58:39 AM) [Round: 0746] ...successfully transmitted models to 10 selected clients!
[INFO](2026/08/19/ 04:58:39 AM) [Round: 0746] Start updating selected 10 clients...!
[INFO](2026/08/19/ 04:58:50 AM) [Round: 0746] ...10 clients are selected and updated (with total sample size: 43)!
[INFO](2026/08/19/ 04:58:50 AM) [Round: 0746] Aggregate updated weights of 10 clients...!
[INFO](2026/08/19/ 04:58:50 AM) [Round: 0746] ...updated weights of 10 clients are successfully averaged!
[INFO](2026/08/19/ 04:58:52 AM) [Round: 0746] Evaluate global model's performance...!                
	[Server] ...finished evaluation!                
	=> Loss: 33.9955                
	=> Accuracy: 5.00%

[INFO](2026/08/19/ 04:58:52 AM) [Round: 0747] Select clients...!
[INFO](2026/08/19/ 04:58:52 AM) [Round: 0747] ...successfully transmitted models to 10 selected clients!
[INFO](2026/08/19/ 04:58:52 AM) [Round: 0747] Start updating selected 10 clients...!
[INFO](2026/08/19/ 04:59:02 AM) [Round: 0747] ...10 clients are selected and updated (with total sample size: 52)!
[INFO](2026/08/19/ 04:59:02 AM) [Round: 0747] Aggregate updated weights of 10 clients...!
[INFO](2026/08/19/ 04:59:03 AM) [Round: 0747] ...updated weights of 10 clients are successfully averaged!
[INFO](2026/08/19/ 04:59:05 AM) [Round: 0747] Evaluate global model's performance...!                
	[Server] ...finished evaluation!                
	=> Loss: 26.6819                
	=> Accuracy: 6.19%

[INFO](2026/08/19/ 04:59:05 AM) [Round: 0748] Select clients...!
[INFO](2026/08/19/ 04:59:06 AM) [Round: 0748] ...successfully transmitted models to 10 selected clients!
[INFO](2026/08/19/ 04:59:06 AM) [Round: 0748] Start updating selected 10 clients...!
[INFO](2026/08/19/ 04:59:16 AM) [Round: 0748] ...10 clients are selected and updated (with total sample size: 52)!
[INFO](2026/08/19/ 04:59:16 AM) [Round: 0748] Aggregate updated weights of 10 clients...!
[INFO](2026/08/19/ 04:59:16 AM) [Round: 0748] ...updated weights of 10 clients are successfully averaged!
[INFO](2026/08/19/ 04:59:18 AM) [Round: 0748] Evaluate global model's performance...!                
	[Server] ...finished evaluation!                
	=> Loss: 30.5793                
	=> Accuracy: 6.67%

[INFO](2026/08/19/ 04:59:18 AM) [Round: 0749] Select clients...!
[INFO](2026/08/19/ 04:59:19 AM) [Round: 0749] ...successfully transmitted models to 10 selected clients!
[INFO](2026/08/19/ 04:59:19 AM) [Round: 0749] Start updating selected 10 clients...!
[INFO](2026/08/19/ 04:59:30 AM) [Round: 0749] ...10 clients are selected and updated (with total sample size: 28)!
[INFO](2026/08/19/ 04:59:30 AM) [Round: 0749] Aggregate updated weights of 10 clients...!
[INFO](2026/08/19/ 04:59:30 AM) [Round: 0749] ...updated weights of 10 clients are successfully averaged!
[INFO](2026/08/19/ 04:59:32 AM) [Round: 0749] Evaluate global model's performance...!                
	[Server] ...finished evaluation!                
	=> Loss: 23.5046                
	=> Accuracy: 6.43%

[INFO](2026/08/19/ 04:59:32 AM) [Round: 0750] Select clients...!
[INFO](2026/08/19/ 04:59:32 AM) [Round: 0750] ...successfully transmitted models to 10 selected clients!
[INFO](2026/08/19/ 04:59:32 AM) [Round: 0750] Start updating selected 10 clients...!
[INFO](2026/08/19/ 04:59:43 AM) [Round: 0750] ...10 clients are selected and updated (with total sample size: 52)!
[INFO](2026/08/19/ 04:59:43 AM) [Round: 0750] Aggregate updated weights of 10 clients...!
[INFO](2026/08/19/ 04:59:43 AM) [Round: 0750] ...updated weights of 10 clients are successfully averaged!
[INFO](2026/08/19/ 04:59:45 AM) [Round: 0750] Evaluate global model's performance...!                
	[Server] ...finished evaluation!                
	=> Loss: 32.5870                
	=> Accuracy: 6.19%

[INFO](2026/08/19/ 04:59:45 AM) [Round: 0751] Select clients...!
[INFO](2026/08/19/ 04:59:46 AM) [Round: 0751] ...successfully transmitted models to 10 selected clients!
[INFO](2026/08/19/ 04:59:46 AM) [Round: 0751] Start updating selected 10 clients...!
[INFO](2026/08/19/ 04:59:59 AM) [Round: 0751] ...10 clients are selected and updated (with total sample size: 43)!
[INFO](2026/08/19/ 04:59:59 AM) [Round: 0751] Aggregate updated weights of 10 clients...!
[INFO](2026/08/19/ 04:59:59 AM) [Round: 0751] ...updated weights of 10 clients are successfully averaged!
[INFO](2026/08/19/ 05:00:01 AM) [Round: 0751] Evaluate global model's performance...!                
	[Server] ...finished evaluation!                
	=> Loss: 23.7155                
	=> Accuracy: 6.90%

[INFO](2026/08/19/ 05:00:01 AM) [Round: 0752] Select clients...!
[INFO](2026/08/19/ 05:00:01 AM) [Round: 0752] ...successfully transmitted models to 10 selected clients!
[INFO](2026/08/19/ 05:00:02 AM) [Round: 0752] Start updating selected 10 clients...!
[INFO](2026/08/19/ 05:00:13 AM) [Round: 0752] ...10 clients are selected and updated (with total sample size: 28)!
[INFO](2026/08/19/ 05:00:13 AM) [Round: 0752] Aggregate updated weights of 10 clients...!
[INFO](2026/08/19/ 05:00:13 AM) [Round: 0752] ...updated weights of 10 clients are successfully averaged!
[INFO](2026/08/19/ 05:00:15 AM) [Round: 0752] Evaluate global model's performance...!                
	[Server] ...finished evaluation!                
	=> Loss: 20.0699                
	=> Accuracy: 6.19%

[INFO](2026/08/19/ 05:00:15 AM) [Round: 0753] Select clients...!
[INFO](2026/08/19/ 05:00:16 AM) [Round: 0753] ...successfully transmitted models to 10 selected clients!
[INFO](2026/08/19/ 05:00:16 AM) [Round: 0753] Start updating selected 10 clients...!
[INFO](2026/08/19/ 05:00:25 AM) [Round: 0753] ...10 clients are selected and updated (with total sample size: 39)!
[INFO](2026/08/19/ 05:00:25 AM) [Round: 0753] Aggregate updated weights of 10 clients...!
[INFO](2026/08/19/ 05:00:25 AM) [Round: 0753] ...updated weights of 10 clients are successfully averaged!
[INFO](2026/08/19/ 05:00:27 AM) [Round: 0753] Evaluate global model's performance...!                
	[Server] ...finished evaluation!                
	=> Loss: 22.6820                
	=> Accuracy: 6.67%

[INFO](2026/08/19/ 05:00:27 AM) [Round: 0754] Select clients...!
[INFO](2026/08/19/ 05:00:27 AM) [Round: 0754] ...successfully transmitted models to 10 selected clients!
[INFO](2026/08/19/ 05:00:28 AM) [Round: 0754] Start updating selected 10 clients...!
[INFO](2026/08/19/ 05:00:38 AM) [Round: 0754] ...10 clients are selected and updated (with total sample size: 30)!
[INFO](2026/08/19/ 05:00:38 AM) [Round: 0754] Aggregate updated weights of 10 clients...!
[INFO](2026/08/19/ 05:00:38 AM) [Round: 0754] ...updated weights of 10 clients are successfully averaged!
[INFO](2026/08/19/ 05:00:40 AM) [Round: 0754] Evaluate global model's performance...!                
	[Server] ...finished evaluation!                
	=> Loss: 21.7145                
	=> Accuracy: 4.52%

[INFO](2026/08/19/ 05:00:41 AM) [Round: 0755] Select clients...!
[INFO](2026/08/19/ 05:00:41 AM) [Round: 0755] ...successfully transmitted models to 10 selected clients!
[INFO](2026/08/19/ 05:00:41 AM) [Round: 0755] Start updating selected 10 clients...!
[INFO](2026/08/19/ 05:00:53 AM) [Round: 0755] ...10 clients are selected and updated (with total sample size: 57)!
[INFO](2026/08/19/ 05:00:53 AM) [Round: 0755] Aggregate updated weights of 10 clients...!
[INFO](2026/08/19/ 05:00:53 AM) [Round: 0755] ...updated weights of 10 clients are successfully averaged!
[INFO](2026/08/19/ 05:00:55 AM) [Round: 0755] Evaluate global model's performance...!                
	[Server] ...finished evaluation!                
	=> Loss: 22.6527                
	=> Accuracy: 4.76%

[INFO](2026/08/19/ 05:00:55 AM) [Round: 0756] Select clients...!
[INFO](2026/08/19/ 05:00:55 AM) [Round: 0756] ...successfully transmitted models to 10 selected clients!
[INFO](2026/08/19/ 05:00:55 AM) [Round: 0756] Start updating selected 10 clients...!
[INFO](2026/08/19/ 05:01:05 AM) [Round: 0756] ...10 clients are selected and updated (with total sample size: 35)!
[INFO](2026/08/19/ 05:01:06 AM) [Round: 0756] Aggregate updated weights of 10 clients...!
[INFO](2026/08/19/ 05:01:06 AM) [Round: 0756] ...updated weights of 10 clients are successfully averaged!
[INFO](2026/08/19/ 05:01:07 AM) [Round: 0756] Evaluate global model's performance...!                
	[Server] ...finished evaluation!                
	=> Loss: 29.1902                
	=> Accuracy: 5.24%

[INFO](2026/08/19/ 05:01:08 AM) [Round: 0757] Select clients...!
[INFO](2026/08/19/ 05:01:08 AM) [Round: 0757] ...successfully transmitted models to 10 selected clients!
[INFO](2026/08/19/ 05:01:08 AM) [Round: 0757] Start updating selected 10 clients...!
[INFO](2026/08/19/ 05:01:17 AM) [Round: 0757] ...10 clients are selected and updated (with total sample size: 30)!
[INFO](2026/08/19/ 05:01:17 AM) [Round: 0757] Aggregate updated weights of 10 clients...!
[INFO](2026/08/19/ 05:01:18 AM) [Round: 0757] ...updated weights of 10 clients are successfully averaged!
[INFO](2026/08/19/ 05:01:19 AM) [Round: 0757] Evaluate global model's performance...!                
	[Server] ...finished evaluation!                
	=> Loss: 26.3612                
	=> Accuracy: 6.19%

[INFO](2026/08/19/ 05:01:19 AM) [Round: 0758] Select clients...!
[INFO](2026/08/19/ 05:01:20 AM) [Round: 0758] ...successfully transmitted models to 10 selected clients!
[INFO](2026/08/19/ 05:01:20 AM) [Round: 0758] Start updating selected 10 clients...!
[INFO](2026/08/19/ 05:01:31 AM) [Round: 0758] ...10 clients are selected and updated (with total sample size: 57)!
[INFO](2026/08/19/ 05:01:31 AM) [Round: 0758] Aggregate updated weights of 10 clients...!
[INFO](2026/08/19/ 05:01:31 AM) [Round: 0758] ...updated weights of 10 clients are successfully averaged!
[INFO](2026/08/19/ 05:01:33 AM) [Round: 0758] Evaluate global model's performance...!                
	[Server] ...finished evaluation!                
	=> Loss: 28.9079                
	=> Accuracy: 5.71%

[INFO](2026/08/19/ 05:01:33 AM) [Round: 0759] Select clients...!
[INFO](2026/08/19/ 05:01:33 AM) [Round: 0759] ...successfully transmitted models to 10 selected clients!
[INFO](2026/08/19/ 05:01:33 AM) [Round: 0759] Start updating selected 10 clients...!
[INFO](2026/08/19/ 05:01:44 AM) [Round: 0759] ...10 clients are selected and updated (with total sample size: 43)!
[INFO](2026/08/19/ 05:01:44 AM) [Round: 0759] Aggregate updated weights of 10 clients...!
[INFO](2026/08/19/ 05:01:45 AM) [Round: 0759] ...updated weights of 10 clients are successfully averaged!
[INFO](2026/08/19/ 05:01:46 AM) [Round: 0759] Evaluate global model's performance...!                
	[Server] ...finished evaluation!                
	=> Loss: 29.0957                
	=> Accuracy: 5.48%

[INFO](2026/08/19/ 05:01:46 AM) [Round: 0760] Select clients...!
[INFO](2026/08/19/ 05:01:47 AM) [Round: 0760] ...successfully transmitted models to 10 selected clients!
[INFO](2026/08/19/ 05:01:47 AM) [Round: 0760] Start updating selected 10 clients...!
[INFO](2026/08/19/ 05:01:56 AM) [Round: 0760] ...10 clients are selected and updated (with total sample size: 28)!
[INFO](2026/08/19/ 05:01:56 AM) [Round: 0760] Aggregate updated weights of 10 clients...!
[INFO](2026/08/19/ 05:01:56 AM) [Round: 0760] ...updated weights of 10 clients are successfully averaged!
[INFO](2026/08/19/ 05:01:58 AM) [Round: 0760] Evaluate global model's performance...!                
	[Server] ...finished evaluation!                
	=> Loss: 34.2676                
	=> Accuracy: 3.57%

[INFO](2026/08/19/ 05:01:58 AM) [Round: 0761] Select clients...!
[INFO](2026/08/19/ 05:01:59 AM) [Round: 0761] ...successfully transmitted models to 10 selected clients!
[INFO](2026/08/19/ 05:01:59 AM) [Round: 0761] Start updating selected 10 clients...!
[INFO](2026/08/19/ 05:02:11 AM) [Round: 0761] ...10 clients are selected and updated (with total sample size: 39)!
[INFO](2026/08/19/ 05:02:11 AM) [Round: 0761] Aggregate updated weights of 10 clients...!
[INFO](2026/08/19/ 05:02:11 AM) [Round: 0761] ...updated weights of 10 clients are successfully averaged!
[INFO](2026/08/19/ 05:02:12 AM) [Round: 0761] Evaluate global model's performance...!                
	[Server] ...finished evaluation!                
	=> Loss: 29.9487                
	=> Accuracy: 4.76%

[INFO](2026/08/19/ 05:02:13 AM) [Round: 0762] Select clients...!
[INFO](2026/08/19/ 05:02:13 AM) [Round: 0762] ...successfully transmitted models to 10 selected clients!
[INFO](2026/08/19/ 05:02:13 AM) [Round: 0762] Start updating selected 10 clients...!
[INFO](2026/08/19/ 05:02:24 AM) [Round: 0762] ...10 clients are selected and updated (with total sample size: 57)!
[INFO](2026/08/19/ 05:02:24 AM) [Round: 0762] Aggregate updated weights of 10 clients...!
[INFO](2026/08/19/ 05:02:25 AM) [Round: 0762] ...updated weights of 10 clients are successfully averaged!
[INFO](2026/08/19/ 05:02:26 AM) [Round: 0762] Evaluate global model's performance...!                
	[Server] ...finished evaluation!                
	=> Loss: 34.9890                
	=> Accuracy: 4.76%

[INFO](2026/08/19/ 05:02:27 AM) [Round: 0763] Select clients...!
[INFO](2026/08/19/ 05:02:27 AM) [Round: 0763] ...successfully transmitted models to 10 selected clients!
[INFO](2026/08/19/ 05:02:27 AM) [Round: 0763] Start updating selected 10 clients...!
[INFO](2026/08/19/ 05:02:37 AM) [Round: 0763] ...10 clients are selected and updated (with total sample size: 56)!
[INFO](2026/08/19/ 05:02:37 AM) [Round: 0763] Aggregate updated weights of 10 clients...!
[INFO](2026/08/19/ 05:02:38 AM) [Round: 0763] ...updated weights of 10 clients are successfully averaged!
[INFO](2026/08/19/ 05:02:39 AM) [Round: 0763] Evaluate global model's performance...!                
	[Server] ...finished evaluation!                
	=> Loss: 24.5781                
	=> Accuracy: 4.76%

[INFO](2026/08/19/ 05:02:40 AM) [Round: 0764] Select clients...!
[INFO](2026/08/19/ 05:02:40 AM) [Round: 0764] ...successfully transmitted models to 10 selected clients!
[INFO](2026/08/19/ 05:02:40 AM) [Round: 0764] Start updating selected 10 clients...!
[INFO](2026/08/19/ 05:02:51 AM) [Round: 0764] ...10 clients are selected and updated (with total sample size: 30)!
[INFO](2026/08/19/ 05:02:51 AM) [Round: 0764] Aggregate updated weights of 10 clients...!
[INFO](2026/08/19/ 05:02:51 AM) [Round: 0764] ...updated weights of 10 clients are successfully averaged!
[INFO](2026/08/19/ 05:02:53 AM) [Round: 0764] Evaluate global model's performance...!                
	[Server] ...finished evaluation!                
	=> Loss: 36.0653                
	=> Accuracy: 5.00%

[INFO](2026/08/19/ 05:02:53 AM) [Round: 0765] Select clients...!
[INFO](2026/08/19/ 05:02:53 AM) [Round: 0765] ...successfully transmitted models to 10 selected clients!
[INFO](2026/08/19/ 05:02:53 AM) [Round: 0765] Start updating selected 10 clients...!
[INFO](2026/08/19/ 05:03:03 AM) [Round: 0765] ...10 clients are selected and updated (with total sample size: 35)!
[INFO](2026/08/19/ 05:03:03 AM) [Round: 0765] Aggregate updated weights of 10 clients...!
[INFO](2026/08/19/ 05:03:03 AM) [Round: 0765] ...updated weights of 10 clients are successfully averaged!
[INFO](2026/08/19/ 05:03:05 AM) [Round: 0765] Evaluate global model's performance...!                
	[Server] ...finished evaluation!                
	=> Loss: 28.8697                
	=> Accuracy: 3.57%

[INFO](2026/08/19/ 05:03:05 AM) [Round: 0766] Select clients...!
[INFO](2026/08/19/ 05:03:06 AM) [Round: 0766] ...successfully transmitted models to 10 selected clients!
[INFO](2026/08/19/ 05:03:06 AM) [Round: 0766] Start updating selected 10 clients...!
[INFO](2026/08/19/ 05:03:16 AM) [Round: 0766] ...10 clients are selected and updated (with total sample size: 52)!
[INFO](2026/08/19/ 05:03:16 AM) [Round: 0766] Aggregate updated weights of 10 clients...!
[INFO](2026/08/19/ 05:03:16 AM) [Round: 0766] ...updated weights of 10 clients are successfully averaged!
[INFO](2026/08/19/ 05:03:17 AM) [Round: 0766] Evaluate global model's performance...!                
	[Server] ...finished evaluation!                
	=> Loss: 30.6543                
	=> Accuracy: 4.76%

[INFO](2026/08/19/ 05:03:18 AM) [Round: 0767] Select clients...!
[INFO](2026/08/19/ 05:03:18 AM) [Round: 0767] ...successfully transmitted models to 10 selected clients!
[INFO](2026/08/19/ 05:03:18 AM) [Round: 0767] Start updating selected 10 clients...!
[INFO](2026/08/19/ 05:03:29 AM) [Round: 0767] ...10 clients are selected and updated (with total sample size: 28)!
[INFO](2026/08/19/ 05:03:29 AM) [Round: 0767] Aggregate updated weights of 10 clients...!
[INFO](2026/08/19/ 05:03:29 AM) [Round: 0767] ...updated weights of 10 clients are successfully averaged!
[INFO](2026/08/19/ 05:03:31 AM) [Round: 0767] Evaluate global model's performance...!                
	[Server] ...finished evaluation!                
	=> Loss: 39.3823                
	=> Accuracy: 4.05%

[INFO](2026/08/19/ 05:03:31 AM) [Round: 0768] Select clients...!
[INFO](2026/08/19/ 05:03:32 AM) [Round: 0768] ...successfully transmitted models to 10 selected clients!
[INFO](2026/08/19/ 05:03:32 AM) [Round: 0768] Start updating selected 10 clients...!
[INFO](2026/08/19/ 05:03:41 AM) [Round: 0768] ...10 clients are selected and updated (with total sample size: 52)!
[INFO](2026/08/19/ 05:03:41 AM) [Round: 0768] Aggregate updated weights of 10 clients...!
[INFO](2026/08/19/ 05:03:42 AM) [Round: 0768] ...updated weights of 10 clients are successfully averaged!
[INFO](2026/08/19/ 05:03:43 AM) [Round: 0768] Evaluate global model's performance...!                
	[Server] ...finished evaluation!                
	=> Loss: 40.8553                
	=> Accuracy: 4.05%

[INFO](2026/08/19/ 05:03:44 AM) [Round: 0769] Select clients...!
[INFO](2026/08/19/ 05:03:44 AM) [Round: 0769] ...successfully transmitted models to 10 selected clients!
[INFO](2026/08/19/ 05:03:44 AM) [Round: 0769] Start updating selected 10 clients...!
[INFO](2026/08/19/ 05:03:52 AM) [Round: 0769] ...10 clients are selected and updated (with total sample size: 30)!
[INFO](2026/08/19/ 05:03:52 AM) [Round: 0769] Aggregate updated weights of 10 clients...!
[INFO](2026/08/19/ 05:03:52 AM) [Round: 0769] ...updated weights of 10 clients are successfully averaged!
[INFO](2026/08/19/ 05:03:54 AM) [Round: 0769] Evaluate global model's performance...!                
	[Server] ...finished evaluation!                
	=> Loss: 35.4822                
	=> Accuracy: 4.76%

[INFO](2026/08/19/ 05:03:54 AM) [Round: 0770] Select clients...!
[INFO](2026/08/19/ 05:03:54 AM) [Round: 0770] ...successfully transmitted models to 10 selected clients!
[INFO](2026/08/19/ 05:03:54 AM) [Round: 0770] Start updating selected 10 clients...!
[INFO](2026/08/19/ 05:04:05 AM) [Round: 0770] ...10 clients are selected and updated (with total sample size: 43)!
[INFO](2026/08/19/ 05:04:06 AM) [Round: 0770] Aggregate updated weights of 10 clients...!
[INFO](2026/08/19/ 05:04:06 AM) [Round: 0770] ...updated weights of 10 clients are successfully averaged!
[INFO](2026/08/19/ 05:04:08 AM) [Round: 0770] Evaluate global model's performance...!                
	[Server] ...finished evaluation!                
	=> Loss: 34.7055                
	=> Accuracy: 5.71%

[INFO](2026/08/19/ 05:04:08 AM) [Round: 0771] Select clients...!
[INFO](2026/08/19/ 05:04:08 AM) [Round: 0771] ...successfully transmitted models to 10 selected clients!
[INFO](2026/08/19/ 05:04:08 AM) [Round: 0771] Start updating selected 10 clients...!
[INFO](2026/08/19/ 05:04:18 AM) [Round: 0771] ...10 clients are selected and updated (with total sample size: 43)!
[INFO](2026/08/19/ 05:04:18 AM) [Round: 0771] Aggregate updated weights of 10 clients...!
[INFO](2026/08/19/ 05:04:18 AM) [Round: 0771] ...updated weights of 10 clients are successfully averaged!
[INFO](2026/08/19/ 05:04:19 AM) [Round: 0771] Evaluate global model's performance...!                
	[Server] ...finished evaluation!                
	=> Loss: 30.9347                
	=> Accuracy: 7.38%

[INFO](2026/08/19/ 05:04:20 AM) [Round: 0772] Select clients...!
[INFO](2026/08/19/ 05:04:20 AM) [Round: 0772] ...successfully transmitted models to 10 selected clients!
[INFO](2026/08/19/ 05:04:20 AM) [Round: 0772] Start updating selected 10 clients...!
[INFO](2026/08/19/ 05:04:32 AM) [Round: 0772] ...10 clients are selected and updated (with total sample size: 43)!
[INFO](2026/08/19/ 05:04:32 AM) [Round: 0772] Aggregate updated weights of 10 clients...!
[INFO](2026/08/19/ 05:04:32 AM) [Round: 0772] ...updated weights of 10 clients are successfully averaged!
[INFO](2026/08/19/ 05:04:34 AM) [Round: 0772] Evaluate global model's performance...!                
	[Server] ...finished evaluation!                
	=> Loss: 44.9886                
	=> Accuracy: 6.19%

[INFO](2026/08/19/ 05:04:34 AM) [Round: 0773] Select clients...!
[INFO](2026/08/19/ 05:04:35 AM) [Round: 0773] ...successfully transmitted models to 10 selected clients!
[INFO](2026/08/19/ 05:04:35 AM) [Round: 0773] Start updating selected 10 clients...!
[INFO](2026/08/19/ 05:04:44 AM) [Round: 0773] ...10 clients are selected and updated (with total sample size: 43)!
[INFO](2026/08/19/ 05:04:44 AM) [Round: 0773] Aggregate updated weights of 10 clients...!
[INFO](2026/08/19/ 05:04:44 AM) [Round: 0773] ...updated weights of 10 clients are successfully averaged!
[INFO](2026/08/19/ 05:04:46 AM) [Round: 0773] Evaluate global model's performance...!                
	[Server] ...finished evaluation!                
	=> Loss: 32.0319                
	=> Accuracy: 5.71%

[INFO](2026/08/19/ 05:04:46 AM) [Round: 0774] Select clients...!
[INFO](2026/08/19/ 05:04:47 AM) [Round: 0774] ...successfully transmitted models to 10 selected clients!
[INFO](2026/08/19/ 05:04:47 AM) [Round: 0774] Start updating selected 10 clients...!
[INFO](2026/08/19/ 05:04:58 AM) [Round: 0774] ...10 clients are selected and updated (with total sample size: 39)!
[INFO](2026/08/19/ 05:04:58 AM) [Round: 0774] Aggregate updated weights of 10 clients...!
[INFO](2026/08/19/ 05:04:59 AM) [Round: 0774] ...updated weights of 10 clients are successfully averaged!
[INFO](2026/08/19/ 05:05:01 AM) [Round: 0774] Evaluate global model's performance...!                
	[Server] ...finished evaluation!                
	=> Loss: 36.7738                
	=> Accuracy: 5.48%

[INFO](2026/08/19/ 05:05:01 AM) [Round: 0775] Select clients...!
[INFO](2026/08/19/ 05:05:01 AM) [Round: 0775] ...successfully transmitted models to 10 selected clients!
[INFO](2026/08/19/ 05:05:01 AM) [Round: 0775] Start updating selected 10 clients...!
[INFO](2026/08/19/ 05:05:11 AM) [Round: 0775] ...10 clients are selected and updated (with total sample size: 43)!
[INFO](2026/08/19/ 05:05:11 AM) [Round: 0775] Aggregate updated weights of 10 clients...!
[INFO](2026/08/19/ 05:05:11 AM) [Round: 0775] ...updated weights of 10 clients are successfully averaged!
[INFO](2026/08/19/ 05:05:13 AM) [Round: 0775] Evaluate global model's performance...!                
	[Server] ...finished evaluation!                
	=> Loss: 32.8507                
	=> Accuracy: 5.71%

[INFO](2026/08/19/ 05:05:13 AM) [Round: 0776] Select clients...!
[INFO](2026/08/19/ 05:05:13 AM) [Round: 0776] ...successfully transmitted models to 10 selected clients!
[INFO](2026/08/19/ 05:05:13 AM) [Round: 0776] Start updating selected 10 clients...!
[INFO](2026/08/19/ 05:05:24 AM) [Round: 0776] ...10 clients are selected and updated (with total sample size: 52)!
[INFO](2026/08/19/ 05:05:24 AM) [Round: 0776] Aggregate updated weights of 10 clients...!
[INFO](2026/08/19/ 05:05:25 AM) [Round: 0776] ...updated weights of 10 clients are successfully averaged!
[INFO](2026/08/19/ 05:05:26 AM) [Round: 0776] Evaluate global model's performance...!                
	[Server] ...finished evaluation!                
	=> Loss: 31.4972                
	=> Accuracy: 5.95%

[INFO](2026/08/19/ 05:05:26 AM) [Round: 0777] Select clients...!
[INFO](2026/08/19/ 05:05:27 AM) [Round: 0777] ...successfully transmitted models to 10 selected clients!
[INFO](2026/08/19/ 05:05:27 AM) [Round: 0777] Start updating selected 10 clients...!
[INFO](2026/08/19/ 05:05:38 AM) [Round: 0777] ...10 clients are selected and updated (with total sample size: 39)!
[INFO](2026/08/19/ 05:05:38 AM) [Round: 0777] Aggregate updated weights of 10 clients...!
[INFO](2026/08/19/ 05:05:38 AM) [Round: 0777] ...updated weights of 10 clients are successfully averaged!
[INFO](2026/08/19/ 05:05:40 AM) [Round: 0777] Evaluate global model's performance...!                
	[Server] ...finished evaluation!                
	=> Loss: 31.4345                
	=> Accuracy: 4.76%

[INFO](2026/08/19/ 05:05:40 AM) [Round: 0778] Select clients...!
[INFO](2026/08/19/ 05:05:41 AM) [Round: 0778] ...successfully transmitted models to 10 selected clients!
[INFO](2026/08/19/ 05:05:41 AM) [Round: 0778] Start updating selected 10 clients...!
[INFO](2026/08/19/ 05:05:51 AM) [Round: 0778] ...10 clients are selected and updated (with total sample size: 30)!
[INFO](2026/08/19/ 05:05:51 AM) [Round: 0778] Aggregate updated weights of 10 clients...!
[INFO](2026/08/19/ 05:05:51 AM) [Round: 0778] ...updated weights of 10 clients are successfully averaged!
[INFO](2026/08/19/ 05:05:53 AM) [Round: 0778] Evaluate global model's performance...!                
	[Server] ...finished evaluation!                
	=> Loss: 47.4771                
	=> Accuracy: 4.29%

[INFO](2026/08/19/ 05:05:53 AM) [Round: 0779] Select clients...!
[INFO](2026/08/19/ 05:05:54 AM) [Round: 0779] ...successfully transmitted models to 10 selected clients!
[INFO](2026/08/19/ 05:05:54 AM) [Round: 0779] Start updating selected 10 clients...!
[INFO](2026/08/19/ 05:06:04 AM) [Round: 0779] ...10 clients are selected and updated (with total sample size: 39)!
[INFO](2026/08/19/ 05:06:04 AM) [Round: 0779] Aggregate updated weights of 10 clients...!
[INFO](2026/08/19/ 05:06:04 AM) [Round: 0779] ...updated weights of 10 clients are successfully averaged!
[INFO](2026/08/19/ 05:06:06 AM) [Round: 0779] Evaluate global model's performance...!                
	[Server] ...finished evaluation!                
	=> Loss: 33.3182                
	=> Accuracy: 5.00%

[INFO](2026/08/19/ 05:06:06 AM) [Round: 0780] Select clients...!
[INFO](2026/08/19/ 05:06:07 AM) [Round: 0780] ...successfully transmitted models to 10 selected clients!
[INFO](2026/08/19/ 05:06:07 AM) [Round: 0780] Start updating selected 10 clients...!
[INFO](2026/08/19/ 05:06:19 AM) [Round: 0780] ...10 clients are selected and updated (with total sample size: 52)!
[INFO](2026/08/19/ 05:06:19 AM) [Round: 0780] Aggregate updated weights of 10 clients...!
[INFO](2026/08/19/ 05:06:19 AM) [Round: 0780] ...updated weights of 10 clients are successfully averaged!
[INFO](2026/08/19/ 05:06:21 AM) [Round: 0780] Evaluate global model's performance...!                
	[Server] ...finished evaluation!                
	=> Loss: 52.0282                
	=> Accuracy: 6.19%

[INFO](2026/08/19/ 05:06:21 AM) [Round: 0781] Select clients...!
[INFO](2026/08/19/ 05:06:21 AM) [Round: 0781] ...successfully transmitted models to 10 selected clients!
[INFO](2026/08/19/ 05:06:21 AM) [Round: 0781] Start updating selected 10 clients...!
[INFO](2026/08/19/ 05:06:32 AM) [Round: 0781] ...10 clients are selected and updated (with total sample size: 52)!
[INFO](2026/08/19/ 05:06:32 AM) [Round: 0781] Aggregate updated weights of 10 clients...!
[INFO](2026/08/19/ 05:06:33 AM) [Round: 0781] ...updated weights of 10 clients are successfully averaged!
[INFO](2026/08/19/ 05:06:34 AM) [Round: 0781] Evaluate global model's performance...!                
	[Server] ...finished evaluation!                
	=> Loss: 50.6861                
	=> Accuracy: 4.29%

[INFO](2026/08/19/ 05:06:35 AM) [Round: 0782] Select clients...!
[INFO](2026/08/19/ 05:06:35 AM) [Round: 0782] ...successfully transmitted models to 10 selected clients!
[INFO](2026/08/19/ 05:06:35 AM) [Round: 0782] Start updating selected 10 clients...!
[INFO](2026/08/19/ 05:06:45 AM) [Round: 0782] ...10 clients are selected and updated (with total sample size: 43)!
[INFO](2026/08/19/ 05:06:45 AM) [Round: 0782] Aggregate updated weights of 10 clients...!
[INFO](2026/08/19/ 05:06:46 AM) [Round: 0782] ...updated weights of 10 clients are successfully averaged!
[INFO](2026/08/19/ 05:06:47 AM) [Round: 0782] Evaluate global model's performance...!                
	[Server] ...finished evaluation!                
	=> Loss: 47.3042                
	=> Accuracy: 5.95%

[INFO](2026/08/19/ 05:06:47 AM) [Round: 0783] Select clients...!
[INFO](2026/08/19/ 05:06:48 AM) [Round: 0783] ...successfully transmitted models to 10 selected clients!
[INFO](2026/08/19/ 05:06:48 AM) [Round: 0783] Start updating selected 10 clients...!
[INFO](2026/08/19/ 05:06:57 AM) [Round: 0783] ...10 clients are selected and updated (with total sample size: 30)!
[INFO](2026/08/19/ 05:06:57 AM) [Round: 0783] Aggregate updated weights of 10 clients...!
[INFO](2026/08/19/ 05:06:57 AM) [Round: 0783] ...updated weights of 10 clients are successfully averaged!
[INFO](2026/08/19/ 05:06:59 AM) [Round: 0783] Evaluate global model's performance...!                
	[Server] ...finished evaluation!                
	=> Loss: 68.1882                
	=> Accuracy: 4.29%

[INFO](2026/08/19/ 05:06:59 AM) [Round: 0784] Select clients...!
[INFO](2026/08/19/ 05:07:00 AM) [Round: 0784] ...successfully transmitted models to 10 selected clients!
[INFO](2026/08/19/ 05:07:00 AM) [Round: 0784] Start updating selected 10 clients...!
[INFO](2026/08/19/ 05:07:10 AM) [Round: 0784] ...10 clients are selected and updated (with total sample size: 39)!
[INFO](2026/08/19/ 05:07:10 AM) [Round: 0784] Aggregate updated weights of 10 clients...!
[INFO](2026/08/19/ 05:07:10 AM) [Round: 0784] ...updated weights of 10 clients are successfully averaged!
[INFO](2026/08/19/ 05:07:12 AM) [Round: 0784] Evaluate global model's performance...!                
	[Server] ...finished evaluation!                
	=> Loss: 53.0400                
	=> Accuracy: 3.33%

[INFO](2026/08/19/ 05:07:12 AM) [Round: 0785] Select clients...!
[INFO](2026/08/19/ 05:07:12 AM) [Round: 0785] ...successfully transmitted models to 10 selected clients!
[INFO](2026/08/19/ 05:07:13 AM) [Round: 0785] Start updating selected 10 clients...!
[INFO](2026/08/19/ 05:07:24 AM) [Round: 0785] ...10 clients are selected and updated (with total sample size: 52)!
[INFO](2026/08/19/ 05:07:24 AM) [Round: 0785] Aggregate updated weights of 10 clients...!
[INFO](2026/08/19/ 05:07:24 AM) [Round: 0785] ...updated weights of 10 clients are successfully averaged!
[INFO](2026/08/19/ 05:07:26 AM) [Round: 0785] Evaluate global model's performance...!                
	[Server] ...finished evaluation!                
	=> Loss: 54.6392                
	=> Accuracy: 3.57%

[INFO](2026/08/19/ 05:07:26 AM) [Round: 0786] Select clients...!
[INFO](2026/08/19/ 05:07:26 AM) [Round: 0786] ...successfully transmitted models to 10 selected clients!
[INFO](2026/08/19/ 05:07:27 AM) [Round: 0786] Start updating selected 10 clients...!
[INFO](2026/08/19/ 05:07:37 AM) [Round: 0786] ...10 clients are selected and updated (with total sample size: 43)!
[INFO](2026/08/19/ 05:07:37 AM) [Round: 0786] Aggregate updated weights of 10 clients...!
[INFO](2026/08/19/ 05:07:37 AM) [Round: 0786] ...updated weights of 10 clients are successfully averaged!
[INFO](2026/08/19/ 05:07:39 AM) [Round: 0786] Evaluate global model's performance...!                
	[Server] ...finished evaluation!                
	=> Loss: 70.7277                
	=> Accuracy: 3.57%

[INFO](2026/08/19/ 05:07:39 AM) [Round: 0787] Select clients...!
[INFO](2026/08/19/ 05:07:39 AM) [Round: 0787] ...successfully transmitted models to 10 selected clients!
[INFO](2026/08/19/ 05:07:39 AM) [Round: 0787] Start updating selected 10 clients...!
[INFO](2026/08/19/ 05:07:50 AM) [Round: 0787] ...10 clients are selected and updated (with total sample size: 56)!
[INFO](2026/08/19/ 05:07:50 AM) [Round: 0787] Aggregate updated weights of 10 clients...!
[INFO](2026/08/19/ 05:07:50 AM) [Round: 0787] ...updated weights of 10 clients are successfully averaged!
[INFO](2026/08/19/ 05:07:52 AM) [Round: 0787] Evaluate global model's performance...!                
	[Server] ...finished evaluation!                
	=> Loss: 68.6613                
	=> Accuracy: 4.05%

[INFO](2026/08/19/ 05:07:52 AM) [Round: 0788] Select clients...!
[INFO](2026/08/19/ 05:07:52 AM) [Round: 0788] ...successfully transmitted models to 10 selected clients!
[INFO](2026/08/19/ 05:07:53 AM) [Round: 0788] Start updating selected 10 clients...!
[INFO](2026/08/19/ 05:08:03 AM) [Round: 0788] ...10 clients are selected and updated (with total sample size: 43)!
[INFO](2026/08/19/ 05:08:03 AM) [Round: 0788] Aggregate updated weights of 10 clients...!
[INFO](2026/08/19/ 05:08:03 AM) [Round: 0788] ...updated weights of 10 clients are successfully averaged!
[INFO](2026/08/19/ 05:08:05 AM) [Round: 0788] Evaluate global model's performance...!                
	[Server] ...finished evaluation!                
	=> Loss: 59.2636                
	=> Accuracy: 4.52%

[INFO](2026/08/19/ 05:08:05 AM) [Round: 0789] Select clients...!
[INFO](2026/08/19/ 05:08:05 AM) [Round: 0789] ...successfully transmitted models to 10 selected clients!
[INFO](2026/08/19/ 05:08:06 AM) [Round: 0789] Start updating selected 10 clients...!
[INFO](2026/08/19/ 05:08:16 AM) [Round: 0789] ...10 clients are selected and updated (with total sample size: 52)!
[INFO](2026/08/19/ 05:08:16 AM) [Round: 0789] Aggregate updated weights of 10 clients...!
[INFO](2026/08/19/ 05:08:16 AM) [Round: 0789] ...updated weights of 10 clients are successfully averaged!
[INFO](2026/08/19/ 05:08:18 AM) [Round: 0789] Evaluate global model's performance...!                
	[Server] ...finished evaluation!                
	=> Loss: 77.0711                
	=> Accuracy: 3.33%

[INFO](2026/08/19/ 05:08:18 AM) [Round: 0790] Select clients...!
[INFO](2026/08/19/ 05:08:19 AM) [Round: 0790] ...successfully transmitted models to 10 selected clients!
[INFO](2026/08/19/ 05:08:19 AM) [Round: 0790] Start updating selected 10 clients...!
[INFO](2026/08/19/ 05:08:30 AM) [Round: 0790] ...10 clients are selected and updated (with total sample size: 39)!
[INFO](2026/08/19/ 05:08:30 AM) [Round: 0790] Aggregate updated weights of 10 clients...!
[INFO](2026/08/19/ 05:08:30 AM) [Round: 0790] ...updated weights of 10 clients are successfully averaged!
[INFO](2026/08/19/ 05:08:32 AM) [Round: 0790] Evaluate global model's performance...!                
	[Server] ...finished evaluation!                
	=> Loss: 82.3025                
	=> Accuracy: 3.33%

[INFO](2026/08/19/ 05:08:32 AM) [Round: 0791] Select clients...!
[INFO](2026/08/19/ 05:08:32 AM) [Round: 0791] ...successfully transmitted models to 10 selected clients!
[INFO](2026/08/19/ 05:08:32 AM) [Round: 0791] Start updating selected 10 clients...!
[INFO](2026/08/19/ 05:08:43 AM) [Round: 0791] ...10 clients are selected and updated (with total sample size: 52)!
[INFO](2026/08/19/ 05:08:43 AM) [Round: 0791] Aggregate updated weights of 10 clients...!
[INFO](2026/08/19/ 05:08:44 AM) [Round: 0791] ...updated weights of 10 clients are successfully averaged!
[INFO](2026/08/19/ 05:08:45 AM) [Round: 0791] Evaluate global model's performance...!                
	[Server] ...finished evaluation!                
	=> Loss: 56.6358                
	=> Accuracy: 5.48%

[INFO](2026/08/19/ 05:08:45 AM) [Round: 0792] Select clients...!
[INFO](2026/08/19/ 05:08:46 AM) [Round: 0792] ...successfully transmitted models to 10 selected clients!
[INFO](2026/08/19/ 05:08:46 AM) [Round: 0792] Start updating selected 10 clients...!
[INFO](2026/08/19/ 05:08:57 AM) [Round: 0792] ...10 clients are selected and updated (with total sample size: 30)!
[INFO](2026/08/19/ 05:08:57 AM) [Round: 0792] Aggregate updated weights of 10 clients...!
[INFO](2026/08/19/ 05:08:58 AM) [Round: 0792] ...updated weights of 10 clients are successfully averaged!
[INFO](2026/08/19/ 05:08:59 AM) [Round: 0792] Evaluate global model's performance...!                
	[Server] ...finished evaluation!                
	=> Loss: 54.1420                
	=> Accuracy: 3.10%

[INFO](2026/08/19/ 05:08:59 AM) [Round: 0793] Select clients...!
[INFO](2026/08/19/ 05:09:00 AM) [Round: 0793] ...successfully transmitted models to 10 selected clients!
[INFO](2026/08/19/ 05:09:00 AM) [Round: 0793] Start updating selected 10 clients...!
[INFO](2026/08/19/ 05:09:10 AM) [Round: 0793] ...10 clients are selected and updated (with total sample size: 43)!
[INFO](2026/08/19/ 05:09:10 AM) [Round: 0793] Aggregate updated weights of 10 clients...!
[INFO](2026/08/19/ 05:09:10 AM) [Round: 0793] ...updated weights of 10 clients are successfully averaged!
[INFO](2026/08/19/ 05:09:12 AM) [Round: 0793] Evaluate global model's performance...!                
	[Server] ...finished evaluation!                
	=> Loss: 53.8431                
	=> Accuracy: 4.52%

[INFO](2026/08/19/ 05:09:12 AM) [Round: 0794] Select clients...!
[INFO](2026/08/19/ 05:09:12 AM) [Round: 0794] ...successfully transmitted models to 10 selected clients!
[INFO](2026/08/19/ 05:09:12 AM) [Round: 0794] Start updating selected 10 clients...!
[INFO](2026/08/19/ 05:09:22 AM) [Round: 0794] ...10 clients are selected and updated (with total sample size: 39)!
[INFO](2026/08/19/ 05:09:23 AM) [Round: 0794] Aggregate updated weights of 10 clients...!
[INFO](2026/08/19/ 05:09:23 AM) [Round: 0794] ...updated weights of 10 clients are successfully averaged!
[INFO](2026/08/19/ 05:09:25 AM) [Round: 0794] Evaluate global model's performance...!                
	[Server] ...finished evaluation!                
	=> Loss: 60.4740                
	=> Accuracy: 3.81%

[INFO](2026/08/19/ 05:09:25 AM) [Round: 0795] Select clients...!
[INFO](2026/08/19/ 05:09:25 AM) [Round: 0795] ...successfully transmitted models to 10 selected clients!
[INFO](2026/08/19/ 05:09:25 AM) [Round: 0795] Start updating selected 10 clients...!
[INFO](2026/08/19/ 05:09:36 AM) [Round: 0795] ...10 clients are selected and updated (with total sample size: 39)!
[INFO](2026/08/19/ 05:09:36 AM) [Round: 0795] Aggregate updated weights of 10 clients...!
[INFO](2026/08/19/ 05:09:36 AM) [Round: 0795] ...updated weights of 10 clients are successfully averaged!
[INFO](2026/08/19/ 05:09:38 AM) [Round: 0795] Evaluate global model's performance...!                
	[Server] ...finished evaluation!                
	=> Loss: 48.1972                
	=> Accuracy: 5.48%

[INFO](2026/08/19/ 05:09:38 AM) [Round: 0796] Select clients...!
[INFO](2026/08/19/ 05:09:38 AM) [Round: 0796] ...successfully transmitted models to 10 selected clients!
[INFO](2026/08/19/ 05:09:38 AM) [Round: 0796] Start updating selected 10 clients...!
[INFO](2026/08/19/ 05:09:49 AM) [Round: 0796] ...10 clients are selected and updated (with total sample size: 52)!
[INFO](2026/08/19/ 05:09:49 AM) [Round: 0796] Aggregate updated weights of 10 clients...!
[INFO](2026/08/19/ 05:09:49 AM) [Round: 0796] ...updated weights of 10 clients are successfully averaged!
[INFO](2026/08/19/ 05:09:51 AM) [Round: 0796] Evaluate global model's performance...!                
	[Server] ...finished evaluation!                
	=> Loss: 51.1867                
	=> Accuracy: 5.95%

[INFO](2026/08/19/ 05:09:51 AM) [Round: 0797] Select clients...!
[INFO](2026/08/19/ 05:09:52 AM) [Round: 0797] ...successfully transmitted models to 10 selected clients!
[INFO](2026/08/19/ 05:09:52 AM) [Round: 0797] Start updating selected 10 clients...!
[INFO](2026/08/19/ 05:10:02 AM) [Round: 0797] ...10 clients are selected and updated (with total sample size: 43)!
[INFO](2026/08/19/ 05:10:03 AM) [Round: 0797] Aggregate updated weights of 10 clients...!
[INFO](2026/08/19/ 05:10:03 AM) [Round: 0797] ...updated weights of 10 clients are successfully averaged!
[INFO](2026/08/19/ 05:10:05 AM) [Round: 0797] Evaluate global model's performance...!                
	[Server] ...finished evaluation!                
	=> Loss: 52.4011                
	=> Accuracy: 5.00%

[INFO](2026/08/19/ 05:10:05 AM) [Round: 0798] Select clients...!
[INFO](2026/08/19/ 05:10:05 AM) [Round: 0798] ...successfully transmitted models to 10 selected clients!
[INFO](2026/08/19/ 05:10:05 AM) [Round: 0798] Start updating selected 10 clients...!
[INFO](2026/08/19/ 05:10:15 AM) [Round: 0798] ...10 clients are selected and updated (with total sample size: 57)!
[INFO](2026/08/19/ 05:10:15 AM) [Round: 0798] Aggregate updated weights of 10 clients...!
[INFO](2026/08/19/ 05:10:15 AM) [Round: 0798] ...updated weights of 10 clients are successfully averaged!
[INFO](2026/08/19/ 05:10:17 AM) [Round: 0798] Evaluate global model's performance...!                
	[Server] ...finished evaluation!                
	=> Loss: 56.0691                
	=> Accuracy: 6.19%

[INFO](2026/08/19/ 05:10:17 AM) [Round: 0799] Select clients...!
[INFO](2026/08/19/ 05:10:18 AM) [Round: 0799] ...successfully transmitted models to 10 selected clients!
[INFO](2026/08/19/ 05:10:18 AM) [Round: 0799] Start updating selected 10 clients...!
[INFO](2026/08/19/ 05:10:29 AM) [Round: 0799] ...10 clients are selected and updated (with total sample size: 39)!
[INFO](2026/08/19/ 05:10:29 AM) [Round: 0799] Aggregate updated weights of 10 clients...!
[INFO](2026/08/19/ 05:10:29 AM) [Round: 0799] ...updated weights of 10 clients are successfully averaged!
[INFO](2026/08/19/ 05:10:31 AM) [Round: 0799] Evaluate global model's performance...!                
	[Server] ...finished evaluation!                
	=> Loss: 53.9458                
	=> Accuracy: 5.95%

[INFO](2026/08/19/ 05:10:31 AM) [Round: 0800] Select clients...!
[INFO](2026/08/19/ 05:10:32 AM) [Round: 0800] ...successfully transmitted models to 10 selected clients!
[INFO](2026/08/19/ 05:10:32 AM) [Round: 0800] Start updating selected 10 clients...!
[INFO](2026/08/19/ 05:10:41 AM) [Round: 0800] ...10 clients are selected and updated (with total sample size: 39)!
[INFO](2026/08/19/ 05:10:41 AM) [Round: 0800] Aggregate updated weights of 10 clients...!
[INFO](2026/08/19/ 05:10:41 AM) [Round: 0800] ...updated weights of 10 clients are successfully averaged!
[INFO](2026/08/19/ 05:10:43 AM) [Round: 0800] Evaluate global model's performance...!                
	[Server] ...finished evaluation!                
	=> Loss: 49.3253                
	=> Accuracy: 5.00%

[INFO](2026/08/19/ 05:10:43 AM) [Round: 0801] Select clients...!
[INFO](2026/08/19/ 05:10:43 AM) [Round: 0801] ...successfully transmitted models to 10 selected clients!
[INFO](2026/08/19/ 05:10:43 AM) [Round: 0801] Start updating selected 10 clients...!
[INFO](2026/08/19/ 05:10:55 AM) [Round: 0801] ...10 clients are selected and updated (with total sample size: 43)!
[INFO](2026/08/19/ 05:10:55 AM) [Round: 0801] Aggregate updated weights of 10 clients...!
[INFO](2026/08/19/ 05:10:56 AM) [Round: 0801] ...updated weights of 10 clients are successfully averaged!
[INFO](2026/08/19/ 05:10:58 AM) [Round: 0801] Evaluate global model's performance...!                
	[Server] ...finished evaluation!                
	=> Loss: 46.9468                
	=> Accuracy: 5.71%

[INFO](2026/08/19/ 05:10:58 AM) [Round: 0802] Select clients...!
[INFO](2026/08/19/ 05:10:58 AM) [Round: 0802] ...successfully transmitted models to 10 selected clients!
[INFO](2026/08/19/ 05:10:58 AM) [Round: 0802] Start updating selected 10 clients...!
[INFO](2026/08/19/ 05:11:09 AM) [Round: 0802] ...10 clients are selected and updated (with total sample size: 43)!
[INFO](2026/08/19/ 05:11:09 AM) [Round: 0802] Aggregate updated weights of 10 clients...!
[INFO](2026/08/19/ 05:11:10 AM) [Round: 0802] ...updated weights of 10 clients are successfully averaged!
[INFO](2026/08/19/ 05:11:11 AM) [Round: 0802] Evaluate global model's performance...!                
	[Server] ...finished evaluation!                
	=> Loss: 53.7658                
	=> Accuracy: 5.71%

[INFO](2026/08/19/ 05:11:11 AM) [Round: 0803] Select clients...!
[INFO](2026/08/19/ 05:11:12 AM) [Round: 0803] ...successfully transmitted models to 10 selected clients!
[INFO](2026/08/19/ 05:11:12 AM) [Round: 0803] Start updating selected 10 clients...!
[INFO](2026/08/19/ 05:11:21 AM) [Round: 0803] ...10 clients are selected and updated (with total sample size: 30)!
[INFO](2026/08/19/ 05:11:21 AM) [Round: 0803] Aggregate updated weights of 10 clients...!
[INFO](2026/08/19/ 05:11:22 AM) [Round: 0803] ...updated weights of 10 clients are successfully averaged!
[INFO](2026/08/19/ 05:11:24 AM) [Round: 0803] Evaluate global model's performance...!                
	[Server] ...finished evaluation!                
	=> Loss: 51.2947                
	=> Accuracy: 5.48%

[INFO](2026/08/19/ 05:11:24 AM) [Round: 0804] Select clients...!
[INFO](2026/08/19/ 05:11:24 AM) [Round: 0804] ...successfully transmitted models to 10 selected clients!
[INFO](2026/08/19/ 05:11:24 AM) [Round: 0804] Start updating selected 10 clients...!
[INFO](2026/08/19/ 05:11:34 AM) [Round: 0804] ...10 clients are selected and updated (with total sample size: 43)!
[INFO](2026/08/19/ 05:11:34 AM) [Round: 0804] Aggregate updated weights of 10 clients...!
[INFO](2026/08/19/ 05:11:34 AM) [Round: 0804] ...updated weights of 10 clients are successfully averaged!
[INFO](2026/08/19/ 05:11:36 AM) [Round: 0804] Evaluate global model's performance...!                
	[Server] ...finished evaluation!                
	=> Loss: 33.3192                
	=> Accuracy: 6.67%

[INFO](2026/08/19/ 05:11:36 AM) [Round: 0805] Select clients...!
[INFO](2026/08/19/ 05:11:37 AM) [Round: 0805] ...successfully transmitted models to 10 selected clients!
[INFO](2026/08/19/ 05:11:37 AM) [Round: 0805] Start updating selected 10 clients...!
[INFO](2026/08/19/ 05:11:48 AM) [Round: 0805] ...10 clients are selected and updated (with total sample size: 30)!
[INFO](2026/08/19/ 05:11:48 AM) [Round: 0805] Aggregate updated weights of 10 clients...!
[INFO](2026/08/19/ 05:11:49 AM) [Round: 0805] ...updated weights of 10 clients are successfully averaged!
[INFO](2026/08/19/ 05:11:50 AM) [Round: 0805] Evaluate global model's performance...!                
	[Server] ...finished evaluation!                
	=> Loss: 49.7210                
	=> Accuracy: 5.95%

[INFO](2026/08/19/ 05:11:50 AM) [Round: 0806] Select clients...!
[INFO](2026/08/19/ 05:11:51 AM) [Round: 0806] ...successfully transmitted models to 10 selected clients!
[INFO](2026/08/19/ 05:11:51 AM) [Round: 0806] Start updating selected 10 clients...!
[INFO](2026/08/19/ 05:12:02 AM) [Round: 0806] ...10 clients are selected and updated (with total sample size: 30)!
[INFO](2026/08/19/ 05:12:02 AM) [Round: 0806] Aggregate updated weights of 10 clients...!
[INFO](2026/08/19/ 05:12:02 AM) [Round: 0806] ...updated weights of 10 clients are successfully averaged!
[INFO](2026/08/19/ 05:12:04 AM) [Round: 0806] Evaluate global model's performance...!                
	[Server] ...finished evaluation!                
	=> Loss: 45.1484                
	=> Accuracy: 5.48%

[INFO](2026/08/19/ 05:12:04 AM) [Round: 0807] Select clients...!
[INFO](2026/08/19/ 05:12:04 AM) [Round: 0807] ...successfully transmitted models to 10 selected clients!
[INFO](2026/08/19/ 05:12:05 AM) [Round: 0807] Start updating selected 10 clients...!
[INFO](2026/08/19/ 05:12:14 AM) [Round: 0807] ...10 clients are selected and updated (with total sample size: 28)!
[INFO](2026/08/19/ 05:12:14 AM) [Round: 0807] Aggregate updated weights of 10 clients...!
[INFO](2026/08/19/ 05:12:15 AM) [Round: 0807] ...updated weights of 10 clients are successfully averaged!
[INFO](2026/08/19/ 05:12:16 AM) [Round: 0807] Evaluate global model's performance...!                
	[Server] ...finished evaluation!                
	=> Loss: 47.1540                
	=> Accuracy: 5.95%

[INFO](2026/08/19/ 05:12:16 AM) [Round: 0808] Select clients...!
[INFO](2026/08/19/ 05:12:17 AM) [Round: 0808] ...successfully transmitted models to 10 selected clients!
[INFO](2026/08/19/ 05:12:17 AM) [Round: 0808] Start updating selected 10 clients...!
[INFO](2026/08/19/ 05:12:28 AM) [Round: 0808] ...10 clients are selected and updated (with total sample size: 39)!
[INFO](2026/08/19/ 05:12:29 AM) [Round: 0808] Aggregate updated weights of 10 clients...!
[INFO](2026/08/19/ 05:12:29 AM) [Round: 0808] ...updated weights of 10 clients are successfully averaged!
[INFO](2026/08/19/ 05:12:31 AM) [Round: 0808] Evaluate global model's performance...!                
	[Server] ...finished evaluation!                
	=> Loss: 74.4629                
	=> Accuracy: 5.24%

[INFO](2026/08/19/ 05:12:31 AM) [Round: 0809] Select clients...!
[INFO](2026/08/19/ 05:12:31 AM) [Round: 0809] ...successfully transmitted models to 10 selected clients!
[INFO](2026/08/19/ 05:12:31 AM) [Round: 0809] Start updating selected 10 clients...!
[INFO](2026/08/19/ 05:12:42 AM) [Round: 0809] ...10 clients are selected and updated (with total sample size: 43)!
[INFO](2026/08/19/ 05:12:42 AM) [Round: 0809] Aggregate updated weights of 10 clients...!
[INFO](2026/08/19/ 05:12:42 AM) [Round: 0809] ...updated weights of 10 clients are successfully averaged!
[INFO](2026/08/19/ 05:12:44 AM) [Round: 0809] Evaluate global model's performance...!                
	[Server] ...finished evaluation!                
	=> Loss: 43.4174                
	=> Accuracy: 5.24%

[INFO](2026/08/19/ 05:12:44 AM) [Round: 0810] Select clients...!
[INFO](2026/08/19/ 05:12:45 AM) [Round: 0810] ...successfully transmitted models to 10 selected clients!
[INFO](2026/08/19/ 05:12:45 AM) [Round: 0810] Start updating selected 10 clients...!
[INFO](2026/08/19/ 05:12:55 AM) [Round: 0810] ...10 clients are selected and updated (with total sample size: 39)!
[INFO](2026/08/19/ 05:12:55 AM) [Round: 0810] Aggregate updated weights of 10 clients...!
[INFO](2026/08/19/ 05:12:56 AM) [Round: 0810] ...updated weights of 10 clients are successfully averaged!
[INFO](2026/08/19/ 05:12:58 AM) [Round: 0810] Evaluate global model's performance...!                
	[Server] ...finished evaluation!                
	=> Loss: 47.4015                
	=> Accuracy: 5.00%

[INFO](2026/08/19/ 05:12:58 AM) [Round: 0811] Select clients...!
[INFO](2026/08/19/ 05:12:58 AM) [Round: 0811] ...successfully transmitted models to 10 selected clients!
[INFO](2026/08/19/ 05:12:58 AM) [Round: 0811] Start updating selected 10 clients...!
[INFO](2026/08/19/ 05:13:08 AM) [Round: 0811] ...10 clients are selected and updated (with total sample size: 56)!
[INFO](2026/08/19/ 05:13:08 AM) [Round: 0811] Aggregate updated weights of 10 clients...!
[INFO](2026/08/19/ 05:13:08 AM) [Round: 0811] ...updated weights of 10 clients are successfully averaged!
[INFO](2026/08/19/ 05:13:10 AM) [Round: 0811] Evaluate global model's performance...!                
	[Server] ...finished evaluation!                
	=> Loss: 43.7050                
	=> Accuracy: 5.24%

[INFO](2026/08/19/ 05:13:10 AM) [Round: 0812] Select clients...!
[INFO](2026/08/19/ 05:13:11 AM) [Round: 0812] ...successfully transmitted models to 10 selected clients!
[INFO](2026/08/19/ 05:13:11 AM) [Round: 0812] Start updating selected 10 clients...!
[INFO](2026/08/19/ 05:13:20 AM) [Round: 0812] ...10 clients are selected and updated (with total sample size: 42)!
[INFO](2026/08/19/ 05:13:20 AM) [Round: 0812] Aggregate updated weights of 10 clients...!
[INFO](2026/08/19/ 05:13:20 AM) [Round: 0812] ...updated weights of 10 clients are successfully averaged!
[INFO](2026/08/19/ 05:13:21 AM) [Round: 0812] Evaluate global model's performance...!                
	[Server] ...finished evaluation!                
	=> Loss: 51.8022                
	=> Accuracy: 5.24%

[INFO](2026/08/19/ 05:13:22 AM) [Round: 0813] Select clients...!
[INFO](2026/08/19/ 05:13:22 AM) [Round: 0813] ...successfully transmitted models to 10 selected clients!
[INFO](2026/08/19/ 05:13:22 AM) [Round: 0813] Start updating selected 10 clients...!
[INFO](2026/08/19/ 05:13:34 AM) [Round: 0813] ...10 clients are selected and updated (with total sample size: 35)!
[INFO](2026/08/19/ 05:13:35 AM) [Round: 0813] Aggregate updated weights of 10 clients...!
[INFO](2026/08/19/ 05:13:35 AM) [Round: 0813] ...updated weights of 10 clients are successfully averaged!
[INFO](2026/08/19/ 05:13:36 AM) [Round: 0813] Evaluate global model's performance...!                
	[Server] ...finished evaluation!                
	=> Loss: 39.3285                
	=> Accuracy: 5.48%

[INFO](2026/08/19/ 05:13:36 AM) [Round: 0814] Select clients...!
[INFO](2026/08/19/ 05:13:37 AM) [Round: 0814] ...successfully transmitted models to 10 selected clients!
[INFO](2026/08/19/ 05:13:37 AM) [Round: 0814] Start updating selected 10 clients...!
[INFO](2026/08/19/ 05:13:47 AM) [Round: 0814] ...10 clients are selected and updated (with total sample size: 35)!
[INFO](2026/08/19/ 05:13:47 AM) [Round: 0814] Aggregate updated weights of 10 clients...!
[INFO](2026/08/19/ 05:13:47 AM) [Round: 0814] ...updated weights of 10 clients are successfully averaged!
[INFO](2026/08/19/ 05:13:49 AM) [Round: 0814] Evaluate global model's performance...!                
	[Server] ...finished evaluation!                
	=> Loss: 64.8526                
	=> Accuracy: 5.00%

[INFO](2026/08/19/ 05:13:49 AM) [Round: 0815] Select clients...!
[INFO](2026/08/19/ 05:13:50 AM) [Round: 0815] ...successfully transmitted models to 10 selected clients!
[INFO](2026/08/19/ 05:13:50 AM) [Round: 0815] Start updating selected 10 clients...!
[INFO](2026/08/19/ 05:14:01 AM) [Round: 0815] ...10 clients are selected and updated (with total sample size: 30)!
[INFO](2026/08/19/ 05:14:01 AM) [Round: 0815] Aggregate updated weights of 10 clients...!
[INFO](2026/08/19/ 05:14:01 AM) [Round: 0815] ...updated weights of 10 clients are successfully averaged!
[INFO](2026/08/19/ 05:14:03 AM) [Round: 0815] Evaluate global model's performance...!                
	[Server] ...finished evaluation!                
	=> Loss: 57.6800                
	=> Accuracy: 4.76%

[INFO](2026/08/19/ 05:14:03 AM) [Round: 0816] Select clients...!
[INFO](2026/08/19/ 05:14:03 AM) [Round: 0816] ...successfully transmitted models to 10 selected clients!
[INFO](2026/08/19/ 05:14:03 AM) [Round: 0816] Start updating selected 10 clients...!
[INFO](2026/08/19/ 05:14:14 AM) [Round: 0816] ...10 clients are selected and updated (with total sample size: 43)!
[INFO](2026/08/19/ 05:14:14 AM) [Round: 0816] Aggregate updated weights of 10 clients...!
[INFO](2026/08/19/ 05:14:15 AM) [Round: 0816] ...updated weights of 10 clients are successfully averaged!
[INFO](2026/08/19/ 05:14:16 AM) [Round: 0816] Evaluate global model's performance...!                
	[Server] ...finished evaluation!                
	=> Loss: 40.2663                
	=> Accuracy: 5.71%

[INFO](2026/08/19/ 05:14:16 AM) [Round: 0817] Select clients...!
[INFO](2026/08/19/ 05:14:17 AM) [Round: 0817] ...successfully transmitted models to 10 selected clients!
[INFO](2026/08/19/ 05:14:17 AM) [Round: 0817] Start updating selected 10 clients...!
[INFO](2026/08/19/ 05:14:27 AM) [Round: 0817] ...10 clients are selected and updated (with total sample size: 52)!
[INFO](2026/08/19/ 05:14:27 AM) [Round: 0817] Aggregate updated weights of 10 clients...!
[INFO](2026/08/19/ 05:14:27 AM) [Round: 0817] ...updated weights of 10 clients are successfully averaged!
[INFO](2026/08/19/ 05:14:29 AM) [Round: 0817] Evaluate global model's performance...!                
	[Server] ...finished evaluation!                
	=> Loss: 41.3157                
	=> Accuracy: 5.24%

[INFO](2026/08/19/ 05:14:29 AM) [Round: 0818] Select clients...!
[INFO](2026/08/19/ 05:14:30 AM) [Round: 0818] ...successfully transmitted models to 10 selected clients!
[INFO](2026/08/19/ 05:14:30 AM) [Round: 0818] Start updating selected 10 clients...!
[INFO](2026/08/19/ 05:14:40 AM) [Round: 0818] ...10 clients are selected and updated (with total sample size: 43)!
[INFO](2026/08/19/ 05:14:40 AM) [Round: 0818] Aggregate updated weights of 10 clients...!
[INFO](2026/08/19/ 05:14:40 AM) [Round: 0818] ...updated weights of 10 clients are successfully averaged!
[INFO](2026/08/19/ 05:14:42 AM) [Round: 0818] Evaluate global model's performance...!                
	[Server] ...finished evaluation!                
	=> Loss: 41.9395                
	=> Accuracy: 4.76%

[INFO](2026/08/19/ 05:14:42 AM) [Round: 0819] Select clients...!
[INFO](2026/08/19/ 05:14:42 AM) [Round: 0819] ...successfully transmitted models to 10 selected clients!
[INFO](2026/08/19/ 05:14:42 AM) [Round: 0819] Start updating selected 10 clients...!
[INFO](2026/08/19/ 05:14:53 AM) [Round: 0819] ...10 clients are selected and updated (with total sample size: 30)!
[INFO](2026/08/19/ 05:14:53 AM) [Round: 0819] Aggregate updated weights of 10 clients...!
[INFO](2026/08/19/ 05:14:53 AM) [Round: 0819] ...updated weights of 10 clients are successfully averaged!
[INFO](2026/08/19/ 05:14:55 AM) [Round: 0819] Evaluate global model's performance...!                
	[Server] ...finished evaluation!                
	=> Loss: 53.3641                
	=> Accuracy: 5.00%

[INFO](2026/08/19/ 05:14:55 AM) [Round: 0820] Select clients...!
[INFO](2026/08/19/ 05:14:56 AM) [Round: 0820] ...successfully transmitted models to 10 selected clients!
[INFO](2026/08/19/ 05:14:56 AM) [Round: 0820] Start updating selected 10 clients...!
[INFO](2026/08/19/ 05:15:10 AM) [Round: 0820] ...10 clients are selected and updated (with total sample size: 30)!
[INFO](2026/08/19/ 05:15:10 AM) [Round: 0820] Aggregate updated weights of 10 clients...!
[INFO](2026/08/19/ 05:15:10 AM) [Round: 0820] ...updated weights of 10 clients are successfully averaged!
[INFO](2026/08/19/ 05:15:12 AM) [Round: 0820] Evaluate global model's performance...!                
	[Server] ...finished evaluation!                
	=> Loss: 50.0059                
	=> Accuracy: 4.76%

[INFO](2026/08/19/ 05:15:12 AM) [Round: 0821] Select clients...!
[INFO](2026/08/19/ 05:15:12 AM) [Round: 0821] ...successfully transmitted models to 10 selected clients!
[INFO](2026/08/19/ 05:15:12 AM) [Round: 0821] Start updating selected 10 clients...!
[INFO](2026/08/19/ 05:15:25 AM) [Round: 0821] ...10 clients are selected and updated (with total sample size: 43)!
[INFO](2026/08/19/ 05:15:25 AM) [Round: 0821] Aggregate updated weights of 10 clients...!
[INFO](2026/08/19/ 05:15:26 AM) [Round: 0821] ...updated weights of 10 clients are successfully averaged!
[INFO](2026/08/19/ 05:15:27 AM) [Round: 0821] Evaluate global model's performance...!                
	[Server] ...finished evaluation!                
	=> Loss: 44.2955                
	=> Accuracy: 5.24%

[INFO](2026/08/19/ 05:15:28 AM) [Round: 0822] Select clients...!
[INFO](2026/08/19/ 05:15:28 AM) [Round: 0822] ...successfully transmitted models to 10 selected clients!
[INFO](2026/08/19/ 05:15:28 AM) [Round: 0822] Start updating selected 10 clients...!
[INFO](2026/08/19/ 05:15:39 AM) [Round: 0822] ...10 clients are selected and updated (with total sample size: 52)!
[INFO](2026/08/19/ 05:15:39 AM) [Round: 0822] Aggregate updated weights of 10 clients...!
[INFO](2026/08/19/ 05:15:39 AM) [Round: 0822] ...updated weights of 10 clients are successfully averaged!
[INFO](2026/08/19/ 05:15:41 AM) [Round: 0822] Evaluate global model's performance...!                
	[Server] ...finished evaluation!                
	=> Loss: 50.4865                
	=> Accuracy: 5.00%

[INFO](2026/08/19/ 05:15:41 AM) [Round: 0823] Select clients...!
[INFO](2026/08/19/ 05:15:42 AM) [Round: 0823] ...successfully transmitted models to 10 selected clients!
[INFO](2026/08/19/ 05:15:42 AM) [Round: 0823] Start updating selected 10 clients...!
[INFO](2026/08/19/ 05:15:52 AM) [Round: 0823] ...10 clients are selected and updated (with total sample size: 30)!
[INFO](2026/08/19/ 05:15:52 AM) [Round: 0823] Aggregate updated weights of 10 clients...!
[INFO](2026/08/19/ 05:15:52 AM) [Round: 0823] ...updated weights of 10 clients are successfully averaged!
[INFO](2026/08/19/ 05:15:54 AM) [Round: 0823] Evaluate global model's performance...!                
	[Server] ...finished evaluation!                
	=> Loss: 39.2244                
	=> Accuracy: 5.71%

[INFO](2026/08/19/ 05:15:54 AM) [Round: 0824] Select clients...!
[INFO](2026/08/19/ 05:15:55 AM) [Round: 0824] ...successfully transmitted models to 10 selected clients!
[INFO](2026/08/19/ 05:15:55 AM) [Round: 0824] Start updating selected 10 clients...!
[INFO](2026/08/19/ 05:16:06 AM) [Round: 0824] ...10 clients are selected and updated (with total sample size: 30)!
[INFO](2026/08/19/ 05:16:06 AM) [Round: 0824] Aggregate updated weights of 10 clients...!
[INFO](2026/08/19/ 05:16:06 AM) [Round: 0824] ...updated weights of 10 clients are successfully averaged!
[INFO](2026/08/19/ 05:16:08 AM) [Round: 0824] Evaluate global model's performance...!                
	[Server] ...finished evaluation!                
	=> Loss: 48.9593                
	=> Accuracy: 6.90%

[INFO](2026/08/19/ 05:16:08 AM) [Round: 0825] Select clients...!
[INFO](2026/08/19/ 05:16:08 AM) [Round: 0825] ...successfully transmitted models to 10 selected clients!
[INFO](2026/08/19/ 05:16:09 AM) [Round: 0825] Start updating selected 10 clients...!
[INFO](2026/08/19/ 05:16:19 AM) [Round: 0825] ...10 clients are selected and updated (with total sample size: 39)!
[INFO](2026/08/19/ 05:16:19 AM) [Round: 0825] Aggregate updated weights of 10 clients...!
[INFO](2026/08/19/ 05:16:19 AM) [Round: 0825] ...updated weights of 10 clients are successfully averaged!
[INFO](2026/08/19/ 05:16:21 AM) [Round: 0825] Evaluate global model's performance...!                
	[Server] ...finished evaluation!                
	=> Loss: 45.6749                
	=> Accuracy: 4.76%

[INFO](2026/08/19/ 05:16:21 AM) [Round: 0826] Select clients...!
[INFO](2026/08/19/ 05:16:22 AM) [Round: 0826] ...successfully transmitted models to 10 selected clients!
[INFO](2026/08/19/ 05:16:22 AM) [Round: 0826] Start updating selected 10 clients...!
[INFO](2026/08/19/ 05:16:34 AM) [Round: 0826] ...10 clients are selected and updated (with total sample size: 35)!
[INFO](2026/08/19/ 05:16:34 AM) [Round: 0826] Aggregate updated weights of 10 clients...!
[INFO](2026/08/19/ 05:16:35 AM) [Round: 0826] ...updated weights of 10 clients are successfully averaged!
[INFO](2026/08/19/ 05:16:37 AM) [Round: 0826] Evaluate global model's performance...!                
	[Server] ...finished evaluation!                
	=> Loss: 39.8185                
	=> Accuracy: 5.71%

[INFO](2026/08/19/ 05:16:37 AM) [Round: 0827] Select clients...!
[INFO](2026/08/19/ 05:16:37 AM) [Round: 0827] ...successfully transmitted models to 10 selected clients!
[INFO](2026/08/19/ 05:16:37 AM) [Round: 0827] Start updating selected 10 clients...!
[INFO](2026/08/19/ 05:16:49 AM) [Round: 0827] ...10 clients are selected and updated (with total sample size: 30)!
[INFO](2026/08/19/ 05:16:50 AM) [Round: 0827] Aggregate updated weights of 10 clients...!
[INFO](2026/08/19/ 05:16:50 AM) [Round: 0827] ...updated weights of 10 clients are successfully averaged!
[INFO](2026/08/19/ 05:16:51 AM) [Round: 0827] Evaluate global model's performance...!                
	[Server] ...finished evaluation!                
	=> Loss: 42.3726                
	=> Accuracy: 4.76%

[INFO](2026/08/19/ 05:16:51 AM) [Round: 0828] Select clients...!
[INFO](2026/08/19/ 05:16:52 AM) [Round: 0828] ...successfully transmitted models to 10 selected clients!
[INFO](2026/08/19/ 05:16:52 AM) [Round: 0828] Start updating selected 10 clients...!
[INFO](2026/08/19/ 05:17:03 AM) [Round: 0828] ...10 clients are selected and updated (with total sample size: 28)!
[INFO](2026/08/19/ 05:17:03 AM) [Round: 0828] Aggregate updated weights of 10 clients...!
[INFO](2026/08/19/ 05:17:03 AM) [Round: 0828] ...updated weights of 10 clients are successfully averaged!
[INFO](2026/08/19/ 05:17:05 AM) [Round: 0828] Evaluate global model's performance...!                
	[Server] ...finished evaluation!                
	=> Loss: 30.3154                
	=> Accuracy: 6.19%

[INFO](2026/08/19/ 05:17:05 AM) [Round: 0829] Select clients...!
[INFO](2026/08/19/ 05:17:06 AM) [Round: 0829] ...successfully transmitted models to 10 selected clients!
[INFO](2026/08/19/ 05:17:06 AM) [Round: 0829] Start updating selected 10 clients...!
[INFO](2026/08/19/ 05:17:18 AM) [Round: 0829] ...10 clients are selected and updated (with total sample size: 43)!
[INFO](2026/08/19/ 05:17:18 AM) [Round: 0829] Aggregate updated weights of 10 clients...!
[INFO](2026/08/19/ 05:17:18 AM) [Round: 0829] ...updated weights of 10 clients are successfully averaged!
[INFO](2026/08/19/ 05:17:20 AM) [Round: 0829] Evaluate global model's performance...!                
	[Server] ...finished evaluation!                
	=> Loss: 39.5385                
	=> Accuracy: 5.00%

[INFO](2026/08/19/ 05:17:20 AM) [Round: 0830] Select clients...!
[INFO](2026/08/19/ 05:17:20 AM) [Round: 0830] ...successfully transmitted models to 10 selected clients!
[INFO](2026/08/19/ 05:17:20 AM) [Round: 0830] Start updating selected 10 clients...!
[INFO](2026/08/19/ 05:17:32 AM) [Round: 0830] ...10 clients are selected and updated (with total sample size: 57)!
[INFO](2026/08/19/ 05:17:32 AM) [Round: 0830] Aggregate updated weights of 10 clients...!
[INFO](2026/08/19/ 05:17:33 AM) [Round: 0830] ...updated weights of 10 clients are successfully averaged!
[INFO](2026/08/19/ 05:17:34 AM) [Round: 0830] Evaluate global model's performance...!                
	[Server] ...finished evaluation!                
	=> Loss: 44.4212                
	=> Accuracy: 3.81%

[INFO](2026/08/19/ 05:17:34 AM) [Round: 0831] Select clients...!
[INFO](2026/08/19/ 05:17:35 AM) [Round: 0831] ...successfully transmitted models to 10 selected clients!
[INFO](2026/08/19/ 05:17:35 AM) [Round: 0831] Start updating selected 10 clients...!
[INFO](2026/08/19/ 05:17:44 AM) [Round: 0831] ...10 clients are selected and updated (with total sample size: 43)!
[INFO](2026/08/19/ 05:17:44 AM) [Round: 0831] Aggregate updated weights of 10 clients...!
[INFO](2026/08/19/ 05:17:44 AM) [Round: 0831] ...updated weights of 10 clients are successfully averaged!
[INFO](2026/08/19/ 05:17:46 AM) [Round: 0831] Evaluate global model's performance...!                
	[Server] ...finished evaluation!                
	=> Loss: 37.6599                
	=> Accuracy: 4.52%

[INFO](2026/08/19/ 05:17:47 AM) [Round: 0832] Select clients...!
[INFO](2026/08/19/ 05:17:47 AM) [Round: 0832] ...successfully transmitted models to 10 selected clients!
[INFO](2026/08/19/ 05:17:47 AM) [Round: 0832] Start updating selected 10 clients...!
[INFO](2026/08/19/ 05:17:58 AM) [Round: 0832] ...10 clients are selected and updated (with total sample size: 52)!
[INFO](2026/08/19/ 05:17:59 AM) [Round: 0832] Aggregate updated weights of 10 clients...!
[INFO](2026/08/19/ 05:17:59 AM) [Round: 0832] ...updated weights of 10 clients are successfully averaged!
[INFO](2026/08/19/ 05:18:00 AM) [Round: 0832] Evaluate global model's performance...!                
	[Server] ...finished evaluation!                
	=> Loss: 50.4299                
	=> Accuracy: 5.48%

[INFO](2026/08/19/ 05:18:01 AM) [Round: 0833] Select clients...!
[INFO](2026/08/19/ 05:18:01 AM) [Round: 0833] ...successfully transmitted models to 10 selected clients!
[INFO](2026/08/19/ 05:18:01 AM) [Round: 0833] Start updating selected 10 clients...!
[INFO](2026/08/19/ 05:18:11 AM) [Round: 0833] ...10 clients are selected and updated (with total sample size: 43)!
[INFO](2026/08/19/ 05:18:12 AM) [Round: 0833] Aggregate updated weights of 10 clients...!
[INFO](2026/08/19/ 05:18:12 AM) [Round: 0833] ...updated weights of 10 clients are successfully averaged!
[INFO](2026/08/19/ 05:18:14 AM) [Round: 0833] Evaluate global model's performance...!                
	[Server] ...finished evaluation!                
	=> Loss: 40.9866                
	=> Accuracy: 5.48%

[INFO](2026/08/19/ 05:18:14 AM) [Round: 0834] Select clients...!
[INFO](2026/08/19/ 05:18:14 AM) [Round: 0834] ...successfully transmitted models to 10 selected clients!
[INFO](2026/08/19/ 05:18:14 AM) [Round: 0834] Start updating selected 10 clients...!
[INFO](2026/08/19/ 05:18:24 AM) [Round: 0834] ...10 clients are selected and updated (with total sample size: 43)!
[INFO](2026/08/19/ 05:18:25 AM) [Round: 0834] Aggregate updated weights of 10 clients...!
[INFO](2026/08/19/ 05:18:25 AM) [Round: 0834] ...updated weights of 10 clients are successfully averaged!
[INFO](2026/08/19/ 05:18:27 AM) [Round: 0834] Evaluate global model's performance...!                
	[Server] ...finished evaluation!                
	=> Loss: 46.8320                
	=> Accuracy: 5.24%

[INFO](2026/08/19/ 05:18:27 AM) [Round: 0835] Select clients...!
[INFO](2026/08/19/ 05:18:27 AM) [Round: 0835] ...successfully transmitted models to 10 selected clients!
[INFO](2026/08/19/ 05:18:27 AM) [Round: 0835] Start updating selected 10 clients...!
[INFO](2026/08/19/ 05:18:39 AM) [Round: 0835] ...10 clients are selected and updated (with total sample size: 52)!
[INFO](2026/08/19/ 05:18:39 AM) [Round: 0835] Aggregate updated weights of 10 clients...!
[INFO](2026/08/19/ 05:18:40 AM) [Round: 0835] ...updated weights of 10 clients are successfully averaged!
[INFO](2026/08/19/ 05:18:42 AM) [Round: 0835] Evaluate global model's performance...!                
	[Server] ...finished evaluation!                
	=> Loss: 42.5080                
	=> Accuracy: 5.71%

[INFO](2026/08/19/ 05:18:42 AM) [Round: 0836] Select clients...!
[INFO](2026/08/19/ 05:18:42 AM) [Round: 0836] ...successfully transmitted models to 10 selected clients!
[INFO](2026/08/19/ 05:18:42 AM) [Round: 0836] Start updating selected 10 clients...!
[INFO](2026/08/19/ 05:18:53 AM) [Round: 0836] ...10 clients are selected and updated (with total sample size: 39)!
[INFO](2026/08/19/ 05:18:53 AM) [Round: 0836] Aggregate updated weights of 10 clients...!
[INFO](2026/08/19/ 05:18:53 AM) [Round: 0836] ...updated weights of 10 clients are successfully averaged!
[INFO](2026/08/19/ 05:18:55 AM) [Round: 0836] Evaluate global model's performance...!                
	[Server] ...finished evaluation!                
	=> Loss: 35.0026                
	=> Accuracy: 5.71%

[INFO](2026/08/19/ 05:18:55 AM) [Round: 0837] Select clients...!
[INFO](2026/08/19/ 05:18:55 AM) [Round: 0837] ...successfully transmitted models to 10 selected clients!
[INFO](2026/08/19/ 05:18:55 AM) [Round: 0837] Start updating selected 10 clients...!
[INFO](2026/08/19/ 05:19:06 AM) [Round: 0837] ...10 clients are selected and updated (with total sample size: 35)!
[INFO](2026/08/19/ 05:19:06 AM) [Round: 0837] Aggregate updated weights of 10 clients...!
[INFO](2026/08/19/ 05:19:06 AM) [Round: 0837] ...updated weights of 10 clients are successfully averaged!
[INFO](2026/08/19/ 05:19:08 AM) [Round: 0837] Evaluate global model's performance...!                
	[Server] ...finished evaluation!                
	=> Loss: 40.2209                
	=> Accuracy: 5.00%

[INFO](2026/08/19/ 05:19:08 AM) [Round: 0838] Select clients...!
[INFO](2026/08/19/ 05:19:08 AM) [Round: 0838] ...successfully transmitted models to 10 selected clients!
[INFO](2026/08/19/ 05:19:08 AM) [Round: 0838] Start updating selected 10 clients...!
[INFO](2026/08/19/ 05:19:19 AM) [Round: 0838] ...10 clients are selected and updated (with total sample size: 57)!
[INFO](2026/08/19/ 05:19:19 AM) [Round: 0838] Aggregate updated weights of 10 clients...!
[INFO](2026/08/19/ 05:19:19 AM) [Round: 0838] ...updated weights of 10 clients are successfully averaged!
[INFO](2026/08/19/ 05:19:21 AM) [Round: 0838] Evaluate global model's performance...!                
	[Server] ...finished evaluation!                
	=> Loss: 47.3841                
	=> Accuracy: 5.24%

[INFO](2026/08/19/ 05:19:21 AM) [Round: 0839] Select clients...!
[INFO](2026/08/19/ 05:19:21 AM) [Round: 0839] ...successfully transmitted models to 10 selected clients!
[INFO](2026/08/19/ 05:19:21 AM) [Round: 0839] Start updating selected 10 clients...!
[INFO](2026/08/19/ 05:19:31 AM) [Round: 0839] ...10 clients are selected and updated (with total sample size: 42)!
[INFO](2026/08/19/ 05:19:31 AM) [Round: 0839] Aggregate updated weights of 10 clients...!
[INFO](2026/08/19/ 05:19:32 AM) [Round: 0839] ...updated weights of 10 clients are successfully averaged!
[INFO](2026/08/19/ 05:19:34 AM) [Round: 0839] Evaluate global model's performance...!                
	[Server] ...finished evaluation!                
	=> Loss: 44.8917                
	=> Accuracy: 4.29%

[INFO](2026/08/19/ 05:19:34 AM) [Round: 0840] Select clients...!
[INFO](2026/08/19/ 05:19:34 AM) [Round: 0840] ...successfully transmitted models to 10 selected clients!
[INFO](2026/08/19/ 05:19:34 AM) [Round: 0840] Start updating selected 10 clients...!
[INFO](2026/08/19/ 05:19:45 AM) [Round: 0840] ...10 clients are selected and updated (with total sample size: 43)!
[INFO](2026/08/19/ 05:19:45 AM) [Round: 0840] Aggregate updated weights of 10 clients...!
[INFO](2026/08/19/ 05:19:46 AM) [Round: 0840] ...updated weights of 10 clients are successfully averaged!
[INFO](2026/08/19/ 05:19:47 AM) [Round: 0840] Evaluate global model's performance...!                
	[Server] ...finished evaluation!                
	=> Loss: 41.9502                
	=> Accuracy: 5.71%

[INFO](2026/08/19/ 05:19:47 AM) [Round: 0841] Select clients...!
[INFO](2026/08/19/ 05:19:48 AM) [Round: 0841] ...successfully transmitted models to 10 selected clients!
[INFO](2026/08/19/ 05:19:48 AM) [Round: 0841] Start updating selected 10 clients...!
[INFO](2026/08/19/ 05:19:57 AM) [Round: 0841] ...10 clients are selected and updated (with total sample size: 39)!
[INFO](2026/08/19/ 05:19:57 AM) [Round: 0841] Aggregate updated weights of 10 clients...!
[INFO](2026/08/19/ 05:19:57 AM) [Round: 0841] ...updated weights of 10 clients are successfully averaged!
[INFO](2026/08/19/ 05:19:59 AM) [Round: 0841] Evaluate global model's performance...!                
	[Server] ...finished evaluation!                
	=> Loss: 48.5504                
	=> Accuracy: 4.05%

[INFO](2026/08/19/ 05:19:59 AM) [Round: 0842] Select clients...!
[INFO](2026/08/19/ 05:19:59 AM) [Round: 0842] ...successfully transmitted models to 10 selected clients!
[INFO](2026/08/19/ 05:19:59 AM) [Round: 0842] Start updating selected 10 clients...!
[INFO](2026/08/19/ 05:20:11 AM) [Round: 0842] ...10 clients are selected and updated (with total sample size: 43)!
[INFO](2026/08/19/ 05:20:11 AM) [Round: 0842] Aggregate updated weights of 10 clients...!
[INFO](2026/08/19/ 05:20:12 AM) [Round: 0842] ...updated weights of 10 clients are successfully averaged!
[INFO](2026/08/19/ 05:20:13 AM) [Round: 0842] Evaluate global model's performance...!                
	[Server] ...finished evaluation!                
	=> Loss: 56.3140                
	=> Accuracy: 5.00%

[INFO](2026/08/19/ 05:20:13 AM) [Round: 0843] Select clients...!
[INFO](2026/08/19/ 05:20:14 AM) [Round: 0843] ...successfully transmitted models to 10 selected clients!
[INFO](2026/08/19/ 05:20:14 AM) [Round: 0843] Start updating selected 10 clients...!
[INFO](2026/08/19/ 05:20:24 AM) [Round: 0843] ...10 clients are selected and updated (with total sample size: 32)!
[INFO](2026/08/19/ 05:20:25 AM) [Round: 0843] Aggregate updated weights of 10 clients...!
[INFO](2026/08/19/ 05:20:25 AM) [Round: 0843] ...updated weights of 10 clients are successfully averaged!
[INFO](2026/08/19/ 05:20:27 AM) [Round: 0843] Evaluate global model's performance...!                
	[Server] ...finished evaluation!                
	=> Loss: 49.4224                
	=> Accuracy: 4.76%

[INFO](2026/08/19/ 05:20:27 AM) [Round: 0844] Select clients...!
[INFO](2026/08/19/ 05:20:27 AM) [Round: 0844] ...successfully transmitted models to 10 selected clients!
[INFO](2026/08/19/ 05:20:27 AM) [Round: 0844] Start updating selected 10 clients...!
[INFO](2026/08/19/ 05:20:37 AM) [Round: 0844] ...10 clients are selected and updated (with total sample size: 43)!
[INFO](2026/08/19/ 05:20:37 AM) [Round: 0844] Aggregate updated weights of 10 clients...!
[INFO](2026/08/19/ 05:20:37 AM) [Round: 0844] ...updated weights of 10 clients are successfully averaged!
[INFO](2026/08/19/ 05:20:39 AM) [Round: 0844] Evaluate global model's performance...!                
	[Server] ...finished evaluation!                
	=> Loss: 52.3559                
	=> Accuracy: 4.52%

[INFO](2026/08/19/ 05:20:39 AM) [Round: 0845] Select clients...!
[INFO](2026/08/19/ 05:20:39 AM) [Round: 0845] ...successfully transmitted models to 10 selected clients!
[INFO](2026/08/19/ 05:20:39 AM) [Round: 0845] Start updating selected 10 clients...!
[INFO](2026/08/19/ 05:20:50 AM) [Round: 0845] ...10 clients are selected and updated (with total sample size: 43)!
[INFO](2026/08/19/ 05:20:50 AM) [Round: 0845] Aggregate updated weights of 10 clients...!
[INFO](2026/08/19/ 05:20:50 AM) [Round: 0845] ...updated weights of 10 clients are successfully averaged!
[INFO](2026/08/19/ 05:20:52 AM) [Round: 0845] Evaluate global model's performance...!                
	[Server] ...finished evaluation!                
	=> Loss: 53.5333                
	=> Accuracy: 4.76%

[INFO](2026/08/19/ 05:20:52 AM) [Round: 0846] Select clients...!
[INFO](2026/08/19/ 05:20:52 AM) [Round: 0846] ...successfully transmitted models to 10 selected clients!
[INFO](2026/08/19/ 05:20:52 AM) [Round: 0846] Start updating selected 10 clients...!
[INFO](2026/08/19/ 05:21:03 AM) [Round: 0846] ...10 clients are selected and updated (with total sample size: 42)!
[INFO](2026/08/19/ 05:21:03 AM) [Round: 0846] Aggregate updated weights of 10 clients...!
[INFO](2026/08/19/ 05:21:03 AM) [Round: 0846] ...updated weights of 10 clients are successfully averaged!
[INFO](2026/08/19/ 05:21:05 AM) [Round: 0846] Evaluate global model's performance...!                
	[Server] ...finished evaluation!                
	=> Loss: 41.1108                
	=> Accuracy: 3.57%

[INFO](2026/08/19/ 05:21:05 AM) [Round: 0847] Select clients...!
[INFO](2026/08/19/ 05:21:05 AM) [Round: 0847] ...successfully transmitted models to 10 selected clients!
[INFO](2026/08/19/ 05:21:05 AM) [Round: 0847] Start updating selected 10 clients...!
[INFO](2026/08/19/ 05:21:16 AM) [Round: 0847] ...10 clients are selected and updated (with total sample size: 56)!
[INFO](2026/08/19/ 05:21:16 AM) [Round: 0847] Aggregate updated weights of 10 clients...!
[INFO](2026/08/19/ 05:21:16 AM) [Round: 0847] ...updated weights of 10 clients are successfully averaged!
[INFO](2026/08/19/ 05:21:18 AM) [Round: 0847] Evaluate global model's performance...!                
	[Server] ...finished evaluation!                
	=> Loss: 54.2753                
	=> Accuracy: 4.76%

[INFO](2026/08/19/ 05:21:18 AM) [Round: 0848] Select clients...!
[INFO](2026/08/19/ 05:21:19 AM) [Round: 0848] ...successfully transmitted models to 10 selected clients!
[INFO](2026/08/19/ 05:21:19 AM) [Round: 0848] Start updating selected 10 clients...!
[INFO](2026/08/19/ 05:21:29 AM) [Round: 0848] ...10 clients are selected and updated (with total sample size: 56)!
[INFO](2026/08/19/ 05:21:30 AM) [Round: 0848] Aggregate updated weights of 10 clients...!
[INFO](2026/08/19/ 05:21:30 AM) [Round: 0848] ...updated weights of 10 clients are successfully averaged!
[INFO](2026/08/19/ 05:21:32 AM) [Round: 0848] Evaluate global model's performance...!                
	[Server] ...finished evaluation!                
	=> Loss: 50.7404                
	=> Accuracy: 4.76%

[INFO](2026/08/19/ 05:21:32 AM) [Round: 0849] Select clients...!
[INFO](2026/08/19/ 05:21:32 AM) [Round: 0849] ...successfully transmitted models to 10 selected clients!
[INFO](2026/08/19/ 05:21:32 AM) [Round: 0849] Start updating selected 10 clients...!
[INFO](2026/08/19/ 05:21:43 AM) [Round: 0849] ...10 clients are selected and updated (with total sample size: 39)!
[INFO](2026/08/19/ 05:21:43 AM) [Round: 0849] Aggregate updated weights of 10 clients...!
[INFO](2026/08/19/ 05:21:43 AM) [Round: 0849] ...updated weights of 10 clients are successfully averaged!
[INFO](2026/08/19/ 05:21:45 AM) [Round: 0849] Evaluate global model's performance...!                
	[Server] ...finished evaluation!                
	=> Loss: 54.1320                
	=> Accuracy: 3.81%

[INFO](2026/08/19/ 05:21:45 AM) [Round: 0850] Select clients...!
[INFO](2026/08/19/ 05:21:45 AM) [Round: 0850] ...successfully transmitted models to 10 selected clients!
[INFO](2026/08/19/ 05:21:45 AM) [Round: 0850] Start updating selected 10 clients...!
[INFO](2026/08/19/ 05:21:57 AM) [Round: 0850] ...10 clients are selected and updated (with total sample size: 43)!
[INFO](2026/08/19/ 05:21:57 AM) [Round: 0850] Aggregate updated weights of 10 clients...!
[INFO](2026/08/19/ 05:21:58 AM) [Round: 0850] ...updated weights of 10 clients are successfully averaged!
[INFO](2026/08/19/ 05:21:59 AM) [Round: 0850] Evaluate global model's performance...!                
	[Server] ...finished evaluation!                
	=> Loss: 40.0157                
	=> Accuracy: 4.76%

[INFO](2026/08/19/ 05:21:59 AM) [Round: 0851] Select clients...!
[INFO](2026/08/19/ 05:22:00 AM) [Round: 0851] ...successfully transmitted models to 10 selected clients!
[INFO](2026/08/19/ 05:22:00 AM) [Round: 0851] Start updating selected 10 clients...!
[INFO](2026/08/19/ 05:22:11 AM) [Round: 0851] ...10 clients are selected and updated (with total sample size: 32)!
[INFO](2026/08/19/ 05:22:11 AM) [Round: 0851] Aggregate updated weights of 10 clients...!
[INFO](2026/08/19/ 05:22:11 AM) [Round: 0851] ...updated weights of 10 clients are successfully averaged!
[INFO](2026/08/19/ 05:22:13 AM) [Round: 0851] Evaluate global model's performance...!                
	[Server] ...finished evaluation!                
	=> Loss: 42.2183                
	=> Accuracy: 4.52%

[INFO](2026/08/19/ 05:22:13 AM) [Round: 0852] Select clients...!
[INFO](2026/08/19/ 05:22:14 AM) [Round: 0852] ...successfully transmitted models to 10 selected clients!
[INFO](2026/08/19/ 05:22:14 AM) [Round: 0852] Start updating selected 10 clients...!
[INFO](2026/08/19/ 05:22:24 AM) [Round: 0852] ...10 clients are selected and updated (with total sample size: 56)!
[INFO](2026/08/19/ 05:22:25 AM) [Round: 0852] Aggregate updated weights of 10 clients...!
[INFO](2026/08/19/ 05:22:25 AM) [Round: 0852] ...updated weights of 10 clients are successfully averaged!
[INFO](2026/08/19/ 05:22:27 AM) [Round: 0852] Evaluate global model's performance...!                
	[Server] ...finished evaluation!                
	=> Loss: 55.9083                
	=> Accuracy: 3.57%

[INFO](2026/08/19/ 05:22:27 AM) [Round: 0853] Select clients...!
[INFO](2026/08/19/ 05:22:27 AM) [Round: 0853] ...successfully transmitted models to 10 selected clients!
[INFO](2026/08/19/ 05:22:27 AM) [Round: 0853] Start updating selected 10 clients...!
[INFO](2026/08/19/ 05:22:39 AM) [Round: 0853] ...10 clients are selected and updated (with total sample size: 57)!
[INFO](2026/08/19/ 05:22:39 AM) [Round: 0853] Aggregate updated weights of 10 clients...!
[INFO](2026/08/19/ 05:22:39 AM) [Round: 0853] ...updated weights of 10 clients are successfully averaged!
[INFO](2026/08/19/ 05:22:41 AM) [Round: 0853] Evaluate global model's performance...!                
	[Server] ...finished evaluation!                
	=> Loss: 49.5915                
	=> Accuracy: 5.00%

[INFO](2026/08/19/ 05:22:41 AM) [Round: 0854] Select clients...!
[INFO](2026/08/19/ 05:22:42 AM) [Round: 0854] ...successfully transmitted models to 10 selected clients!
[INFO](2026/08/19/ 05:22:42 AM) [Round: 0854] Start updating selected 10 clients...!
[INFO](2026/08/19/ 05:22:52 AM) [Round: 0854] ...10 clients are selected and updated (with total sample size: 52)!
[INFO](2026/08/19/ 05:22:52 AM) [Round: 0854] Aggregate updated weights of 10 clients...!
[INFO](2026/08/19/ 05:22:53 AM) [Round: 0854] ...updated weights of 10 clients are successfully averaged!
[INFO](2026/08/19/ 05:22:54 AM) [Round: 0854] Evaluate global model's performance...!                
	[Server] ...finished evaluation!                
	=> Loss: 57.5833                
	=> Accuracy: 3.57%

[INFO](2026/08/19/ 05:22:55 AM) [Round: 0855] Select clients...!
[INFO](2026/08/19/ 05:22:55 AM) [Round: 0855] ...successfully transmitted models to 10 selected clients!
[INFO](2026/08/19/ 05:22:55 AM) [Round: 0855] Start updating selected 10 clients...!
[INFO](2026/08/19/ 05:23:05 AM) [Round: 0855] ...10 clients are selected and updated (with total sample size: 30)!
[INFO](2026/08/19/ 05:23:05 AM) [Round: 0855] Aggregate updated weights of 10 clients...!
[INFO](2026/08/19/ 05:23:06 AM) [Round: 0855] ...updated weights of 10 clients are successfully averaged!
[INFO](2026/08/19/ 05:23:07 AM) [Round: 0855] Evaluate global model's performance...!                
	[Server] ...finished evaluation!                
	=> Loss: 46.7628                
	=> Accuracy: 4.29%

[INFO](2026/08/19/ 05:23:08 AM) [Round: 0856] Select clients...!
[INFO](2026/08/19/ 05:23:08 AM) [Round: 0856] ...successfully transmitted models to 10 selected clients!
[INFO](2026/08/19/ 05:23:08 AM) [Round: 0856] Start updating selected 10 clients...!
[INFO](2026/08/19/ 05:23:19 AM) [Round: 0856] ...10 clients are selected and updated (with total sample size: 52)!
[INFO](2026/08/19/ 05:23:19 AM) [Round: 0856] Aggregate updated weights of 10 clients...!
[INFO](2026/08/19/ 05:23:20 AM) [Round: 0856] ...updated weights of 10 clients are successfully averaged!
[INFO](2026/08/19/ 05:23:21 AM) [Round: 0856] Evaluate global model's performance...!                
	[Server] ...finished evaluation!                
	=> Loss: 46.0882                
	=> Accuracy: 4.76%

[INFO](2026/08/19/ 05:23:21 AM) [Round: 0857] Select clients...!
[INFO](2026/08/19/ 05:23:22 AM) [Round: 0857] ...successfully transmitted models to 10 selected clients!
[INFO](2026/08/19/ 05:23:22 AM) [Round: 0857] Start updating selected 10 clients...!
[INFO](2026/08/19/ 05:23:32 AM) [Round: 0857] ...10 clients are selected and updated (with total sample size: 30)!
[INFO](2026/08/19/ 05:23:32 AM) [Round: 0857] Aggregate updated weights of 10 clients...!
[INFO](2026/08/19/ 05:23:32 AM) [Round: 0857] ...updated weights of 10 clients are successfully averaged!
[INFO](2026/08/19/ 05:23:34 AM) [Round: 0857] Evaluate global model's performance...!                
	[Server] ...finished evaluation!                
	=> Loss: 60.1103                
	=> Accuracy: 3.33%

[INFO](2026/08/19/ 05:23:34 AM) [Round: 0858] Select clients...!
[INFO](2026/08/19/ 05:23:35 AM) [Round: 0858] ...successfully transmitted models to 10 selected clients!
[INFO](2026/08/19/ 05:23:35 AM) [Round: 0858] Start updating selected 10 clients...!
[INFO](2026/08/19/ 05:23:47 AM) [Round: 0858] ...10 clients are selected and updated (with total sample size: 43)!
[INFO](2026/08/19/ 05:23:47 AM) [Round: 0858] Aggregate updated weights of 10 clients...!
[INFO](2026/08/19/ 05:23:47 AM) [Round: 0858] ...updated weights of 10 clients are successfully averaged!
[INFO](2026/08/19/ 05:23:49 AM) [Round: 0858] Evaluate global model's performance...!                
	[Server] ...finished evaluation!                
	=> Loss: 49.4394                
	=> Accuracy: 5.24%

[INFO](2026/08/19/ 05:23:49 AM) [Round: 0859] Select clients...!
[INFO](2026/08/19/ 05:23:49 AM) [Round: 0859] ...successfully transmitted models to 10 selected clients!
[INFO](2026/08/19/ 05:23:49 AM) [Round: 0859] Start updating selected 10 clients...!
[INFO](2026/08/19/ 05:23:59 AM) [Round: 0859] ...10 clients are selected and updated (with total sample size: 30)!
[INFO](2026/08/19/ 05:23:59 AM) [Round: 0859] Aggregate updated weights of 10 clients...!
[INFO](2026/08/19/ 05:24:00 AM) [Round: 0859] ...updated weights of 10 clients are successfully averaged!
[INFO](2026/08/19/ 05:24:01 AM) [Round: 0859] Evaluate global model's performance...!                
	[Server] ...finished evaluation!                
	=> Loss: 49.9800                
	=> Accuracy: 4.29%

[INFO](2026/08/19/ 05:24:01 AM) [Round: 0860] Select clients...!
[INFO](2026/08/19/ 05:24:02 AM) [Round: 0860] ...successfully transmitted models to 10 selected clients!
[INFO](2026/08/19/ 05:24:02 AM) [Round: 0860] Start updating selected 10 clients...!
[INFO](2026/08/19/ 05:24:12 AM) [Round: 0860] ...10 clients are selected and updated (with total sample size: 68)!
[INFO](2026/08/19/ 05:24:12 AM) [Round: 0860] Aggregate updated weights of 10 clients...!
[INFO](2026/08/19/ 05:24:12 AM) [Round: 0860] ...updated weights of 10 clients are successfully averaged!
[INFO](2026/08/19/ 05:24:14 AM) [Round: 0860] Evaluate global model's performance...!                
	[Server] ...finished evaluation!                
	=> Loss: 50.1014                
	=> Accuracy: 5.24%

[INFO](2026/08/19/ 05:24:14 AM) [Round: 0861] Select clients...!
[INFO](2026/08/19/ 05:24:15 AM) [Round: 0861] ...successfully transmitted models to 10 selected clients!
[INFO](2026/08/19/ 05:24:15 AM) [Round: 0861] Start updating selected 10 clients...!
[INFO](2026/08/19/ 05:24:27 AM) [Round: 0861] ...10 clients are selected and updated (with total sample size: 52)!
[INFO](2026/08/19/ 05:24:28 AM) [Round: 0861] Aggregate updated weights of 10 clients...!
[INFO](2026/08/19/ 05:24:28 AM) [Round: 0861] ...updated weights of 10 clients are successfully averaged!
[INFO](2026/08/19/ 05:24:30 AM) [Round: 0861] Evaluate global model's performance...!                
	[Server] ...finished evaluation!                
	=> Loss: 48.0547                
	=> Accuracy: 5.00%

[INFO](2026/08/19/ 05:24:30 AM) [Round: 0862] Select clients...!
[INFO](2026/08/19/ 05:24:30 AM) [Round: 0862] ...successfully transmitted models to 10 selected clients!
[INFO](2026/08/19/ 05:24:30 AM) [Round: 0862] Start updating selected 10 clients...!
[INFO](2026/08/19/ 05:24:41 AM) [Round: 0862] ...10 clients are selected and updated (with total sample size: 43)!
[INFO](2026/08/19/ 05:24:41 AM) [Round: 0862] Aggregate updated weights of 10 clients...!
[INFO](2026/08/19/ 05:24:41 AM) [Round: 0862] ...updated weights of 10 clients are successfully averaged!
[INFO](2026/08/19/ 05:24:43 AM) [Round: 0862] Evaluate global model's performance...!                
	[Server] ...finished evaluation!                
	=> Loss: 52.3526                
	=> Accuracy: 4.52%

[INFO](2026/08/19/ 05:24:43 AM) [Round: 0863] Select clients...!
[INFO](2026/08/19/ 05:24:43 AM) [Round: 0863] ...successfully transmitted models to 10 selected clients!
[INFO](2026/08/19/ 05:24:43 AM) [Round: 0863] Start updating selected 10 clients...!
[INFO](2026/08/19/ 05:24:56 AM) [Round: 0863] ...10 clients are selected and updated (with total sample size: 35)!
[INFO](2026/08/19/ 05:24:56 AM) [Round: 0863] Aggregate updated weights of 10 clients...!
[INFO](2026/08/19/ 05:24:56 AM) [Round: 0863] ...updated weights of 10 clients are successfully averaged!
[INFO](2026/08/19/ 05:24:57 AM) [Round: 0863] Evaluate global model's performance...!                
	[Server] ...finished evaluation!                
	=> Loss: 53.1404                
	=> Accuracy: 5.00%

[INFO](2026/08/19/ 05:24:58 AM) [Round: 0864] Select clients...!
[INFO](2026/08/19/ 05:24:58 AM) [Round: 0864] ...successfully transmitted models to 10 selected clients!
[INFO](2026/08/19/ 05:24:58 AM) [Round: 0864] Start updating selected 10 clients...!
[INFO](2026/08/19/ 05:25:07 AM) [Round: 0864] ...10 clients are selected and updated (with total sample size: 52)!
[INFO](2026/08/19/ 05:25:07 AM) [Round: 0864] Aggregate updated weights of 10 clients...!
[INFO](2026/08/19/ 05:25:08 AM) [Round: 0864] ...updated weights of 10 clients are successfully averaged!
[INFO](2026/08/19/ 05:25:09 AM) [Round: 0864] Evaluate global model's performance...!                
	[Server] ...finished evaluation!                
	=> Loss: 46.9779                
	=> Accuracy: 5.00%

[INFO](2026/08/19/ 05:25:10 AM) [Round: 0865] Select clients...!
[INFO](2026/08/19/ 05:25:10 AM) [Round: 0865] ...successfully transmitted models to 10 selected clients!
[INFO](2026/08/19/ 05:25:10 AM) [Round: 0865] Start updating selected 10 clients...!
[INFO](2026/08/19/ 05:25:20 AM) [Round: 0865] ...10 clients are selected and updated (with total sample size: 42)!
[INFO](2026/08/19/ 05:25:20 AM) [Round: 0865] Aggregate updated weights of 10 clients...!
[INFO](2026/08/19/ 05:25:20 AM) [Round: 0865] ...updated weights of 10 clients are successfully averaged!
[INFO](2026/08/19/ 05:25:22 AM) [Round: 0865] Evaluate global model's performance...!                
	[Server] ...finished evaluation!                
	=> Loss: 56.4032                
	=> Accuracy: 5.24%

[INFO](2026/08/19/ 05:25:22 AM) [Round: 0866] Select clients...!
[INFO](2026/08/19/ 05:25:23 AM) [Round: 0866] ...successfully transmitted models to 10 selected clients!
[INFO](2026/08/19/ 05:25:23 AM) [Round: 0866] Start updating selected 10 clients...!
[INFO](2026/08/19/ 05:25:33 AM) [Round: 0866] ...10 clients are selected and updated (with total sample size: 57)!
[INFO](2026/08/19/ 05:25:33 AM) [Round: 0866] Aggregate updated weights of 10 clients...!
[INFO](2026/08/19/ 05:25:33 AM) [Round: 0866] ...updated weights of 10 clients are successfully averaged!
[INFO](2026/08/19/ 05:25:35 AM) [Round: 0866] Evaluate global model's performance...!                
	[Server] ...finished evaluation!                
	=> Loss: 49.3766                
	=> Accuracy: 5.24%

[INFO](2026/08/19/ 05:25:35 AM) [Round: 0867] Select clients...!
[INFO](2026/08/19/ 05:25:36 AM) [Round: 0867] ...successfully transmitted models to 10 selected clients!
[INFO](2026/08/19/ 05:25:36 AM) [Round: 0867] Start updating selected 10 clients...!
[INFO](2026/08/19/ 05:25:47 AM) [Round: 0867] ...10 clients are selected and updated (with total sample size: 52)!
[INFO](2026/08/19/ 05:25:47 AM) [Round: 0867] Aggregate updated weights of 10 clients...!
[INFO](2026/08/19/ 05:25:47 AM) [Round: 0867] ...updated weights of 10 clients are successfully averaged!
[INFO](2026/08/19/ 05:25:49 AM) [Round: 0867] Evaluate global model's performance...!                
	[Server] ...finished evaluation!                
	=> Loss: 50.6012                
	=> Accuracy: 5.00%

[INFO](2026/08/19/ 05:25:49 AM) [Round: 0868] Select clients...!
[INFO](2026/08/19/ 05:25:49 AM) [Round: 0868] ...successfully transmitted models to 10 selected clients!
[INFO](2026/08/19/ 05:25:49 AM) [Round: 0868] Start updating selected 10 clients...!
[INFO](2026/08/19/ 05:26:02 AM) [Round: 0868] ...10 clients are selected and updated (with total sample size: 39)!
[INFO](2026/08/19/ 05:26:02 AM) [Round: 0868] Aggregate updated weights of 10 clients...!
[INFO](2026/08/19/ 05:26:02 AM) [Round: 0868] ...updated weights of 10 clients are successfully averaged!
[INFO](2026/08/19/ 05:26:04 AM) [Round: 0868] Evaluate global model's performance...!                
	[Server] ...finished evaluation!                
	=> Loss: 51.7324                
	=> Accuracy: 5.48%

[INFO](2026/08/19/ 05:26:04 AM) [Round: 0869] Select clients...!
[INFO](2026/08/19/ 05:26:04 AM) [Round: 0869] ...successfully transmitted models to 10 selected clients!
[INFO](2026/08/19/ 05:26:05 AM) [Round: 0869] Start updating selected 10 clients...!
[INFO](2026/08/19/ 05:26:15 AM) [Round: 0869] ...10 clients are selected and updated (with total sample size: 30)!
[INFO](2026/08/19/ 05:26:15 AM) [Round: 0869] Aggregate updated weights of 10 clients...!
[INFO](2026/08/19/ 05:26:15 AM) [Round: 0869] ...updated weights of 10 clients are successfully averaged!
[INFO](2026/08/19/ 05:26:17 AM) [Round: 0869] Evaluate global model's performance...!                
	[Server] ...finished evaluation!                
	=> Loss: 60.8661                
	=> Accuracy: 3.57%

[INFO](2026/08/19/ 05:26:17 AM) [Round: 0870] Select clients...!
[INFO](2026/08/19/ 05:26:17 AM) [Round: 0870] ...successfully transmitted models to 10 selected clients!
[INFO](2026/08/19/ 05:26:17 AM) [Round: 0870] Start updating selected 10 clients...!
[INFO](2026/08/19/ 05:26:29 AM) [Round: 0870] ...10 clients are selected and updated (with total sample size: 52)!
[INFO](2026/08/19/ 05:26:29 AM) [Round: 0870] Aggregate updated weights of 10 clients...!
[INFO](2026/08/19/ 05:26:29 AM) [Round: 0870] ...updated weights of 10 clients are successfully averaged!
[INFO](2026/08/19/ 05:26:31 AM) [Round: 0870] Evaluate global model's performance...!                
	[Server] ...finished evaluation!                
	=> Loss: 55.6219                
	=> Accuracy: 5.24%

[INFO](2026/08/19/ 05:26:31 AM) [Round: 0871] Select clients...!
[INFO](2026/08/19/ 05:26:31 AM) [Round: 0871] ...successfully transmitted models to 10 selected clients!
[INFO](2026/08/19/ 05:26:32 AM) [Round: 0871] Start updating selected 10 clients...!
[INFO](2026/08/19/ 05:26:42 AM) [Round: 0871] ...10 clients are selected and updated (with total sample size: 30)!
[INFO](2026/08/19/ 05:26:42 AM) [Round: 0871] Aggregate updated weights of 10 clients...!
[INFO](2026/08/19/ 05:26:43 AM) [Round: 0871] ...updated weights of 10 clients are successfully averaged!
[INFO](2026/08/19/ 05:26:44 AM) [Round: 0871] Evaluate global model's performance...!                
	[Server] ...finished evaluation!                
	=> Loss: 61.6945                
	=> Accuracy: 4.76%

[INFO](2026/08/19/ 05:26:44 AM) [Round: 0872] Select clients...!
[INFO](2026/08/19/ 05:26:45 AM) [Round: 0872] ...successfully transmitted models to 10 selected clients!
[INFO](2026/08/19/ 05:26:45 AM) [Round: 0872] Start updating selected 10 clients...!
[INFO](2026/08/19/ 05:26:56 AM) [Round: 0872] ...10 clients are selected and updated (with total sample size: 52)!
[INFO](2026/08/19/ 05:26:56 AM) [Round: 0872] Aggregate updated weights of 10 clients...!
[INFO](2026/08/19/ 05:26:56 AM) [Round: 0872] ...updated weights of 10 clients are successfully averaged!
[INFO](2026/08/19/ 05:26:58 AM) [Round: 0872] Evaluate global model's performance...!                
	[Server] ...finished evaluation!                
	=> Loss: 76.9788                
	=> Accuracy: 5.48%

[INFO](2026/08/19/ 05:26:58 AM) [Round: 0873] Select clients...!
[INFO](2026/08/19/ 05:26:58 AM) [Round: 0873] ...successfully transmitted models to 10 selected clients!
[INFO](2026/08/19/ 05:26:59 AM) [Round: 0873] Start updating selected 10 clients...!
[INFO](2026/08/19/ 05:27:12 AM) [Round: 0873] ...10 clients are selected and updated (with total sample size: 52)!
[INFO](2026/08/19/ 05:27:12 AM) [Round: 0873] Aggregate updated weights of 10 clients...!
[INFO](2026/08/19/ 05:27:12 AM) [Round: 0873] ...updated weights of 10 clients are successfully averaged!
[INFO](2026/08/19/ 05:27:13 AM) [Round: 0873] Evaluate global model's performance...!                
	[Server] ...finished evaluation!                
	=> Loss: 42.9116                
	=> Accuracy: 5.71%

[INFO](2026/08/19/ 05:27:14 AM) [Round: 0874] Select clients...!
[INFO](2026/08/19/ 05:27:14 AM) [Round: 0874] ...successfully transmitted models to 10 selected clients!
[INFO](2026/08/19/ 05:27:14 AM) [Round: 0874] Start updating selected 10 clients...!
[INFO](2026/08/19/ 05:27:25 AM) [Round: 0874] ...10 clients are selected and updated (with total sample size: 43)!
[INFO](2026/08/19/ 05:27:25 AM) [Round: 0874] Aggregate updated weights of 10 clients...!
[INFO](2026/08/19/ 05:27:25 AM) [Round: 0874] ...updated weights of 10 clients are successfully averaged!
[INFO](2026/08/19/ 05:27:27 AM) [Round: 0874] Evaluate global model's performance...!                
	[Server] ...finished evaluation!                
	=> Loss: 41.4315                
	=> Accuracy: 5.00%

[INFO](2026/08/19/ 05:27:27 AM) [Round: 0875] Select clients...!
[INFO](2026/08/19/ 05:27:27 AM) [Round: 0875] ...successfully transmitted models to 10 selected clients!
[INFO](2026/08/19/ 05:27:28 AM) [Round: 0875] Start updating selected 10 clients...!
[INFO](2026/08/19/ 05:27:38 AM) [Round: 0875] ...10 clients are selected and updated (with total sample size: 43)!
[INFO](2026/08/19/ 05:27:38 AM) [Round: 0875] Aggregate updated weights of 10 clients...!
[INFO](2026/08/19/ 05:27:39 AM) [Round: 0875] ...updated weights of 10 clients are successfully averaged!
[INFO](2026/08/19/ 05:27:40 AM) [Round: 0875] Evaluate global model's performance...!                
	[Server] ...finished evaluation!                
	=> Loss: 43.0552                
	=> Accuracy: 5.48%

[INFO](2026/08/19/ 05:27:40 AM) [Round: 0876] Select clients...!
[INFO](2026/08/19/ 05:27:41 AM) [Round: 0876] ...successfully transmitted models to 10 selected clients!
[INFO](2026/08/19/ 05:27:41 AM) [Round: 0876] Start updating selected 10 clients...!
[INFO](2026/08/19/ 05:27:53 AM) [Round: 0876] ...10 clients are selected and updated (with total sample size: 52)!
[INFO](2026/08/19/ 05:27:53 AM) [Round: 0876] Aggregate updated weights of 10 clients...!
[INFO](2026/08/19/ 05:27:53 AM) [Round: 0876] ...updated weights of 10 clients are successfully averaged!
[INFO](2026/08/19/ 05:27:55 AM) [Round: 0876] Evaluate global model's performance...!                
	[Server] ...finished evaluation!                
	=> Loss: 56.7911                
	=> Accuracy: 5.71%

[INFO](2026/08/19/ 05:27:55 AM) [Round: 0877] Select clients...!
[INFO](2026/08/19/ 05:27:56 AM) [Round: 0877] ...successfully transmitted models to 10 selected clients!
[INFO](2026/08/19/ 05:27:56 AM) [Round: 0877] Start updating selected 10 clients...!
[INFO](2026/08/19/ 05:28:08 AM) [Round: 0877] ...10 clients are selected and updated (with total sample size: 32)!
[INFO](2026/08/19/ 05:28:08 AM) [Round: 0877] Aggregate updated weights of 10 clients...!
[INFO](2026/08/19/ 05:28:08 AM) [Round: 0877] ...updated weights of 10 clients are successfully averaged!
[INFO](2026/08/19/ 05:28:10 AM) [Round: 0877] Evaluate global model's performance...!                
	[Server] ...finished evaluation!                
	=> Loss: 42.8013                
	=> Accuracy: 7.62%

[INFO](2026/08/19/ 05:28:10 AM) [Round: 0878] Select clients...!
[INFO](2026/08/19/ 05:28:10 AM) [Round: 0878] ...successfully transmitted models to 10 selected clients!
[INFO](2026/08/19/ 05:28:10 AM) [Round: 0878] Start updating selected 10 clients...!
[INFO](2026/08/19/ 05:28:22 AM) [Round: 0878] ...10 clients are selected and updated (with total sample size: 28)!
[INFO](2026/08/19/ 05:28:22 AM) [Round: 0878] Aggregate updated weights of 10 clients...!
[INFO](2026/08/19/ 05:28:22 AM) [Round: 0878] ...updated weights of 10 clients are successfully averaged!
[INFO](2026/08/19/ 05:28:24 AM) [Round: 0878] Evaluate global model's performance...!                
	[Server] ...finished evaluation!                
	=> Loss: 45.9933                
	=> Accuracy: 6.19%

[INFO](2026/08/19/ 05:28:24 AM) [Round: 0879] Select clients...!
[INFO](2026/08/19/ 05:28:24 AM) [Round: 0879] ...successfully transmitted models to 10 selected clients!
[INFO](2026/08/19/ 05:28:24 AM) [Round: 0879] Start updating selected 10 clients...!
[INFO](2026/08/19/ 05:28:35 AM) [Round: 0879] ...10 clients are selected and updated (with total sample size: 68)!
[INFO](2026/08/19/ 05:28:35 AM) [Round: 0879] Aggregate updated weights of 10 clients...!
[INFO](2026/08/19/ 05:28:36 AM) [Round: 0879] ...updated weights of 10 clients are successfully averaged!
[INFO](2026/08/19/ 05:28:37 AM) [Round: 0879] Evaluate global model's performance...!                
	[Server] ...finished evaluation!                
	=> Loss: 53.6807                
	=> Accuracy: 4.05%

[INFO](2026/08/19/ 05:28:37 AM) [Round: 0880] Select clients...!
[INFO](2026/08/19/ 05:28:38 AM) [Round: 0880] ...successfully transmitted models to 10 selected clients!
[INFO](2026/08/19/ 05:28:38 AM) [Round: 0880] Start updating selected 10 clients...!
[INFO](2026/08/19/ 05:28:49 AM) [Round: 0880] ...10 clients are selected and updated (with total sample size: 52)!
[INFO](2026/08/19/ 05:28:49 AM) [Round: 0880] Aggregate updated weights of 10 clients...!
[INFO](2026/08/19/ 05:28:49 AM) [Round: 0880] ...updated weights of 10 clients are successfully averaged!
[INFO](2026/08/19/ 05:28:50 AM) [Round: 0880] Evaluate global model's performance...!                
	[Server] ...finished evaluation!                
	=> Loss: 61.2500                
	=> Accuracy: 4.76%

[INFO](2026/08/19/ 05:28:51 AM) [Round: 0881] Select clients...!
[INFO](2026/08/19/ 05:28:51 AM) [Round: 0881] ...successfully transmitted models to 10 selected clients!
[INFO](2026/08/19/ 05:28:51 AM) [Round: 0881] Start updating selected 10 clients...!
[INFO](2026/08/19/ 05:29:02 AM) [Round: 0881] ...10 clients are selected and updated (with total sample size: 43)!
[INFO](2026/08/19/ 05:29:02 AM) [Round: 0881] Aggregate updated weights of 10 clients...!
[INFO](2026/08/19/ 05:29:03 AM) [Round: 0881] ...updated weights of 10 clients are successfully averaged!
[INFO](2026/08/19/ 05:29:05 AM) [Round: 0881] Evaluate global model's performance...!                
	[Server] ...finished evaluation!                
	=> Loss: 54.1797                
	=> Accuracy: 7.14%

[INFO](2026/08/19/ 05:29:05 AM) [Round: 0882] Select clients...!
[INFO](2026/08/19/ 05:29:05 AM) [Round: 0882] ...successfully transmitted models to 10 selected clients!
[INFO](2026/08/19/ 05:29:05 AM) [Round: 0882] Start updating selected 10 clients...!
[INFO](2026/08/19/ 05:29:15 AM) [Round: 0882] ...10 clients are selected and updated (with total sample size: 43)!
[INFO](2026/08/19/ 05:29:16 AM) [Round: 0882] Aggregate updated weights of 10 clients...!
[INFO](2026/08/19/ 05:29:16 AM) [Round: 0882] ...updated weights of 10 clients are successfully averaged!
[INFO](2026/08/19/ 05:29:18 AM) [Round: 0882] Evaluate global model's performance...!                
	[Server] ...finished evaluation!                
	=> Loss: 55.9857                
	=> Accuracy: 5.00%

[INFO](2026/08/19/ 05:29:18 AM) [Round: 0883] Select clients...!
[INFO](2026/08/19/ 05:29:18 AM) [Round: 0883] ...successfully transmitted models to 10 selected clients!
[INFO](2026/08/19/ 05:29:18 AM) [Round: 0883] Start updating selected 10 clients...!
[INFO](2026/08/19/ 05:29:28 AM) [Round: 0883] ...10 clients are selected and updated (with total sample size: 57)!
[INFO](2026/08/19/ 05:29:28 AM) [Round: 0883] Aggregate updated weights of 10 clients...!
[INFO](2026/08/19/ 05:29:29 AM) [Round: 0883] ...updated weights of 10 clients are successfully averaged!
[INFO](2026/08/19/ 05:29:30 AM) [Round: 0883] Evaluate global model's performance...!                
	[Server] ...finished evaluation!                
	=> Loss: 62.2482                
	=> Accuracy: 5.71%

[INFO](2026/08/19/ 05:29:31 AM) [Round: 0884] Select clients...!
[INFO](2026/08/19/ 05:29:31 AM) [Round: 0884] ...successfully transmitted models to 10 selected clients!
[INFO](2026/08/19/ 05:29:31 AM) [Round: 0884] Start updating selected 10 clients...!
[INFO](2026/08/19/ 05:29:41 AM) [Round: 0884] ...10 clients are selected and updated (with total sample size: 56)!
[INFO](2026/08/19/ 05:29:41 AM) [Round: 0884] Aggregate updated weights of 10 clients...!
[INFO](2026/08/19/ 05:29:41 AM) [Round: 0884] ...updated weights of 10 clients are successfully averaged!
[INFO](2026/08/19/ 05:29:43 AM) [Round: 0884] Evaluate global model's performance...!                
	[Server] ...finished evaluation!                
	=> Loss: 49.7982                
	=> Accuracy: 5.48%

[INFO](2026/08/19/ 05:29:43 AM) [Round: 0885] Select clients...!
[INFO](2026/08/19/ 05:29:44 AM) [Round: 0885] ...successfully transmitted models to 10 selected clients!
[INFO](2026/08/19/ 05:29:44 AM) [Round: 0885] Start updating selected 10 clients...!
[INFO](2026/08/19/ 05:29:55 AM) [Round: 0885] ...10 clients are selected and updated (with total sample size: 30)!
[INFO](2026/08/19/ 05:29:55 AM) [Round: 0885] Aggregate updated weights of 10 clients...!
[INFO](2026/08/19/ 05:29:55 AM) [Round: 0885] ...updated weights of 10 clients are successfully averaged!
[INFO](2026/08/19/ 05:29:57 AM) [Round: 0885] Evaluate global model's performance...!                
	[Server] ...finished evaluation!                
	=> Loss: 68.3203                
	=> Accuracy: 4.05%

[INFO](2026/08/19/ 05:29:57 AM) [Round: 0886] Select clients...!
[INFO](2026/08/19/ 05:29:58 AM) [Round: 0886] ...successfully transmitted models to 10 selected clients!
[INFO](2026/08/19/ 05:29:58 AM) [Round: 0886] Start updating selected 10 clients...!
[INFO](2026/08/19/ 05:30:09 AM) [Round: 0886] ...10 clients are selected and updated (with total sample size: 28)!
[INFO](2026/08/19/ 05:30:09 AM) [Round: 0886] Aggregate updated weights of 10 clients...!
[INFO](2026/08/19/ 05:30:09 AM) [Round: 0886] ...updated weights of 10 clients are successfully averaged!
[INFO](2026/08/19/ 05:30:11 AM) [Round: 0886] Evaluate global model's performance...!                
	[Server] ...finished evaluation!                
	=> Loss: 60.3137                
	=> Accuracy: 5.48%

[INFO](2026/08/19/ 05:30:11 AM) [Round: 0887] Select clients...!
[INFO](2026/08/19/ 05:30:12 AM) [Round: 0887] ...successfully transmitted models to 10 selected clients!
[INFO](2026/08/19/ 05:30:12 AM) [Round: 0887] Start updating selected 10 clients...!
[INFO](2026/08/19/ 05:30:23 AM) [Round: 0887] ...10 clients are selected and updated (with total sample size: 43)!
[INFO](2026/08/19/ 05:30:23 AM) [Round: 0887] Aggregate updated weights of 10 clients...!
[INFO](2026/08/19/ 05:30:23 AM) [Round: 0887] ...updated weights of 10 clients are successfully averaged!
[INFO](2026/08/19/ 05:30:25 AM) [Round: 0887] Evaluate global model's performance...!                
	[Server] ...finished evaluation!                
	=> Loss: 69.9610                
	=> Accuracy: 4.76%

[INFO](2026/08/19/ 05:30:25 AM) [Round: 0888] Select clients...!
[INFO](2026/08/19/ 05:30:26 AM) [Round: 0888] ...successfully transmitted models to 10 selected clients!
[INFO](2026/08/19/ 05:30:26 AM) [Round: 0888] Start updating selected 10 clients...!
[INFO](2026/08/19/ 05:30:36 AM) [Round: 0888] ...10 clients are selected and updated (with total sample size: 43)!
[INFO](2026/08/19/ 05:30:36 AM) [Round: 0888] Aggregate updated weights of 10 clients...!
[INFO](2026/08/19/ 05:30:37 AM) [Round: 0888] ...updated weights of 10 clients are successfully averaged!
[INFO](2026/08/19/ 05:30:38 AM) [Round: 0888] Evaluate global model's performance...!                
	[Server] ...finished evaluation!                
	=> Loss: 66.7815                
	=> Accuracy: 4.76%

[INFO](2026/08/19/ 05:30:39 AM) [Round: 0889] Select clients...!
[INFO](2026/08/19/ 05:30:39 AM) [Round: 0889] ...successfully transmitted models to 10 selected clients!
[INFO](2026/08/19/ 05:30:39 AM) [Round: 0889] Start updating selected 10 clients...!
[INFO](2026/08/19/ 05:30:50 AM) [Round: 0889] ...10 clients are selected and updated (with total sample size: 43)!
[INFO](2026/08/19/ 05:30:50 AM) [Round: 0889] Aggregate updated weights of 10 clients...!
[INFO](2026/08/19/ 05:30:50 AM) [Round: 0889] ...updated weights of 10 clients are successfully averaged!
[INFO](2026/08/19/ 05:30:52 AM) [Round: 0889] Evaluate global model's performance...!                
	[Server] ...finished evaluation!                
	=> Loss: 75.7629                
	=> Accuracy: 4.76%

[INFO](2026/08/19/ 05:30:52 AM) [Round: 0890] Select clients...!
[INFO](2026/08/19/ 05:30:53 AM) [Round: 0890] ...successfully transmitted models to 10 selected clients!
[INFO](2026/08/19/ 05:30:53 AM) [Round: 0890] Start updating selected 10 clients...!
[INFO](2026/08/19/ 05:31:04 AM) [Round: 0890] ...10 clients are selected and updated (with total sample size: 43)!
[INFO](2026/08/19/ 05:31:04 AM) [Round: 0890] Aggregate updated weights of 10 clients...!
[INFO](2026/08/19/ 05:31:04 AM) [Round: 0890] ...updated weights of 10 clients are successfully averaged!
[INFO](2026/08/19/ 05:31:06 AM) [Round: 0890] Evaluate global model's performance...!                
	[Server] ...finished evaluation!                
	=> Loss: 55.0656                
	=> Accuracy: 5.48%

[INFO](2026/08/19/ 05:31:06 AM) [Round: 0891] Select clients...!
[INFO](2026/08/19/ 05:31:06 AM) [Round: 0891] ...successfully transmitted models to 10 selected clients!
[INFO](2026/08/19/ 05:31:07 AM) [Round: 0891] Start updating selected 10 clients...!
[INFO](2026/08/19/ 05:31:18 AM) [Round: 0891] ...10 clients are selected and updated (with total sample size: 39)!
[INFO](2026/08/19/ 05:31:18 AM) [Round: 0891] Aggregate updated weights of 10 clients...!
[INFO](2026/08/19/ 05:31:19 AM) [Round: 0891] ...updated weights of 10 clients are successfully averaged!
[INFO](2026/08/19/ 05:31:20 AM) [Round: 0891] Evaluate global model's performance...!                
	[Server] ...finished evaluation!                
	=> Loss: 63.1982                
	=> Accuracy: 5.00%

[INFO](2026/08/19/ 05:31:20 AM) [Round: 0892] Select clients...!
[INFO](2026/08/19/ 05:31:21 AM) [Round: 0892] ...successfully transmitted models to 10 selected clients!
[INFO](2026/08/19/ 05:31:21 AM) [Round: 0892] Start updating selected 10 clients...!
[INFO](2026/08/19/ 05:31:32 AM) [Round: 0892] ...10 clients are selected and updated (with total sample size: 43)!
[INFO](2026/08/19/ 05:31:33 AM) [Round: 0892] Aggregate updated weights of 10 clients...!
[INFO](2026/08/19/ 05:31:33 AM) [Round: 0892] ...updated weights of 10 clients are successfully averaged!
[INFO](2026/08/19/ 05:31:35 AM) [Round: 0892] Evaluate global model's performance...!                
	[Server] ...finished evaluation!                
	=> Loss: 52.3419                
	=> Accuracy: 5.48%

[INFO](2026/08/19/ 05:31:35 AM) [Round: 0893] Select clients...!
[INFO](2026/08/19/ 05:31:36 AM) [Round: 0893] ...successfully transmitted models to 10 selected clients!
[INFO](2026/08/19/ 05:31:36 AM) [Round: 0893] Start updating selected 10 clients...!
[INFO](2026/08/19/ 05:31:49 AM) [Round: 0893] ...10 clients are selected and updated (with total sample size: 52)!
[INFO](2026/08/19/ 05:31:49 AM) [Round: 0893] Aggregate updated weights of 10 clients...!
[INFO](2026/08/19/ 05:31:49 AM) [Round: 0893] ...updated weights of 10 clients are successfully averaged!
[INFO](2026/08/19/ 05:31:51 AM) [Round: 0893] Evaluate global model's performance...!                
	[Server] ...finished evaluation!                
	=> Loss: 52.9111                
	=> Accuracy: 5.71%

[INFO](2026/08/19/ 05:31:51 AM) [Round: 0894] Select clients...!
[INFO](2026/08/19/ 05:31:51 AM) [Round: 0894] ...successfully transmitted models to 10 selected clients!
[INFO](2026/08/19/ 05:31:52 AM) [Round: 0894] Start updating selected 10 clients...!
[INFO](2026/08/19/ 05:32:03 AM) [Round: 0894] ...10 clients are selected and updated (with total sample size: 57)!
[INFO](2026/08/19/ 05:32:03 AM) [Round: 0894] Aggregate updated weights of 10 clients...!
[INFO](2026/08/19/ 05:32:03 AM) [Round: 0894] ...updated weights of 10 clients are successfully averaged!
[INFO](2026/08/19/ 05:32:05 AM) [Round: 0894] Evaluate global model's performance...!                
	[Server] ...finished evaluation!                
	=> Loss: 69.2706                
	=> Accuracy: 5.00%

[INFO](2026/08/19/ 05:32:05 AM) [Round: 0895] Select clients...!
[INFO](2026/08/19/ 05:32:06 AM) [Round: 0895] ...successfully transmitted models to 10 selected clients!
[INFO](2026/08/19/ 05:32:06 AM) [Round: 0895] Start updating selected 10 clients...!
[INFO](2026/08/19/ 05:32:17 AM) [Round: 0895] ...10 clients are selected and updated (with total sample size: 43)!
[INFO](2026/08/19/ 05:32:17 AM) [Round: 0895] Aggregate updated weights of 10 clients...!
[INFO](2026/08/19/ 05:32:17 AM) [Round: 0895] ...updated weights of 10 clients are successfully averaged!
[INFO](2026/08/19/ 05:32:19 AM) [Round: 0895] Evaluate global model's performance...!                
	[Server] ...finished evaluation!                
	=> Loss: 57.7705                
	=> Accuracy: 5.24%

[INFO](2026/08/19/ 05:32:19 AM) [Round: 0896] Select clients...!
[INFO](2026/08/19/ 05:32:19 AM) [Round: 0896] ...successfully transmitted models to 10 selected clients!
[INFO](2026/08/19/ 05:32:19 AM) [Round: 0896] Start updating selected 10 clients...!
[INFO](2026/08/19/ 05:32:32 AM) [Round: 0896] ...10 clients are selected and updated (with total sample size: 52)!
[INFO](2026/08/19/ 05:32:33 AM) [Round: 0896] Aggregate updated weights of 10 clients...!
[INFO](2026/08/19/ 05:32:33 AM) [Round: 0896] ...updated weights of 10 clients are successfully averaged!
[INFO](2026/08/19/ 05:32:35 AM) [Round: 0896] Evaluate global model's performance...!                
	[Server] ...finished evaluation!                
	=> Loss: 58.6297                
	=> Accuracy: 4.52%

[INFO](2026/08/19/ 05:32:35 AM) [Round: 0897] Select clients...!
[INFO](2026/08/19/ 05:32:35 AM) [Round: 0897] ...successfully transmitted models to 10 selected clients!
[INFO](2026/08/19/ 05:32:35 AM) [Round: 0897] Start updating selected 10 clients...!
[INFO](2026/08/19/ 05:32:46 AM) [Round: 0897] ...10 clients are selected and updated (with total sample size: 28)!
[INFO](2026/08/19/ 05:32:46 AM) [Round: 0897] Aggregate updated weights of 10 clients...!
[INFO](2026/08/19/ 05:32:46 AM) [Round: 0897] ...updated weights of 10 clients are successfully averaged!
[INFO](2026/08/19/ 05:32:48 AM) [Round: 0897] Evaluate global model's performance...!                
	[Server] ...finished evaluation!                
	=> Loss: 62.9430                
	=> Accuracy: 5.71%

[INFO](2026/08/19/ 05:32:48 AM) [Round: 0898] Select clients...!
[INFO](2026/08/19/ 05:32:48 AM) [Round: 0898] ...successfully transmitted models to 10 selected clients!
[INFO](2026/08/19/ 05:32:48 AM) [Round: 0898] Start updating selected 10 clients...!
[INFO](2026/08/19/ 05:33:00 AM) [Round: 0898] ...10 clients are selected and updated (with total sample size: 43)!
[INFO](2026/08/19/ 05:33:00 AM) [Round: 0898] Aggregate updated weights of 10 clients...!
[INFO](2026/08/19/ 05:33:00 AM) [Round: 0898] ...updated weights of 10 clients are successfully averaged!
[INFO](2026/08/19/ 05:33:02 AM) [Round: 0898] Evaluate global model's performance...!                
	[Server] ...finished evaluation!                
	=> Loss: 75.0787                
	=> Accuracy: 5.00%

[INFO](2026/08/19/ 05:33:02 AM) [Round: 0899] Select clients...!
[INFO](2026/08/19/ 05:33:03 AM) [Round: 0899] ...successfully transmitted models to 10 selected clients!
[INFO](2026/08/19/ 05:33:03 AM) [Round: 0899] Start updating selected 10 clients...!
[INFO](2026/08/19/ 05:33:14 AM) [Round: 0899] ...10 clients are selected and updated (with total sample size: 30)!
[INFO](2026/08/19/ 05:33:14 AM) [Round: 0899] Aggregate updated weights of 10 clients...!
[INFO](2026/08/19/ 05:33:15 AM) [Round: 0899] ...updated weights of 10 clients are successfully averaged!
[INFO](2026/08/19/ 05:33:16 AM) [Round: 0899] Evaluate global model's performance...!                
	[Server] ...finished evaluation!                
	=> Loss: 56.1147                
	=> Accuracy: 4.76%

[INFO](2026/08/19/ 05:33:16 AM) [Round: 0900] Select clients...!
[INFO](2026/08/19/ 05:33:17 AM) [Round: 0900] ...successfully transmitted models to 10 selected clients!
[INFO](2026/08/19/ 05:33:17 AM) [Round: 0900] Start updating selected 10 clients...!
[INFO](2026/08/19/ 05:33:27 AM) [Round: 0900] ...10 clients are selected and updated (with total sample size: 30)!
[INFO](2026/08/19/ 05:33:27 AM) [Round: 0900] Aggregate updated weights of 10 clients...!
[INFO](2026/08/19/ 05:33:27 AM) [Round: 0900] ...updated weights of 10 clients are successfully averaged!
[INFO](2026/08/19/ 05:33:29 AM) [Round: 0900] Evaluate global model's performance...!                
	[Server] ...finished evaluation!                
	=> Loss: 61.2683                
	=> Accuracy: 3.81%

[INFO](2026/08/19/ 05:33:29 AM) [Round: 0901] Select clients...!
[INFO](2026/08/19/ 05:33:29 AM) [Round: 0901] ...successfully transmitted models to 10 selected clients!
[INFO](2026/08/19/ 05:33:29 AM) [Round: 0901] Start updating selected 10 clients...!
[INFO](2026/08/19/ 05:33:40 AM) [Round: 0901] ...10 clients are selected and updated (with total sample size: 43)!
[INFO](2026/08/19/ 05:33:41 AM) [Round: 0901] Aggregate updated weights of 10 clients...!
[INFO](2026/08/19/ 05:33:41 AM) [Round: 0901] ...updated weights of 10 clients are successfully averaged!
[INFO](2026/08/19/ 05:33:42 AM) [Round: 0901] Evaluate global model's performance...!                
	[Server] ...finished evaluation!                
	=> Loss: 58.1414                
	=> Accuracy: 4.76%

[INFO](2026/08/19/ 05:33:42 AM) [Round: 0902] Select clients...!
[INFO](2026/08/19/ 05:33:43 AM) [Round: 0902] ...successfully transmitted models to 10 selected clients!
[INFO](2026/08/19/ 05:33:43 AM) [Round: 0902] Start updating selected 10 clients...!
[INFO](2026/08/19/ 05:33:54 AM) [Round: 0902] ...10 clients are selected and updated (with total sample size: 43)!
[INFO](2026/08/19/ 05:33:54 AM) [Round: 0902] Aggregate updated weights of 10 clients...!
[INFO](2026/08/19/ 05:33:54 AM) [Round: 0902] ...updated weights of 10 clients are successfully averaged!
[INFO](2026/08/19/ 05:33:56 AM) [Round: 0902] Evaluate global model's performance...!                
	[Server] ...finished evaluation!                
	=> Loss: 55.7792                
	=> Accuracy: 5.95%

[INFO](2026/08/19/ 05:33:56 AM) [Round: 0903] Select clients...!
[INFO](2026/08/19/ 05:33:56 AM) [Round: 0903] ...successfully transmitted models to 10 selected clients!
[INFO](2026/08/19/ 05:33:57 AM) [Round: 0903] Start updating selected 10 clients...!
[INFO](2026/08/19/ 05:34:08 AM) [Round: 0903] ...10 clients are selected and updated (with total sample size: 30)!
[INFO](2026/08/19/ 05:34:08 AM) [Round: 0903] Aggregate updated weights of 10 clients...!
[INFO](2026/08/19/ 05:34:09 AM) [Round: 0903] ...updated weights of 10 clients are successfully averaged!
[INFO](2026/08/19/ 05:34:10 AM) [Round: 0903] Evaluate global model's performance...!                
	[Server] ...finished evaluation!                
	=> Loss: 48.7177                
	=> Accuracy: 4.76%

[INFO](2026/08/19/ 05:34:10 AM) [Round: 0904] Select clients...!
[INFO](2026/08/19/ 05:34:11 AM) [Round: 0904] ...successfully transmitted models to 10 selected clients!
[INFO](2026/08/19/ 05:34:11 AM) [Round: 0904] Start updating selected 10 clients...!
[INFO](2026/08/19/ 05:34:23 AM) [Round: 0904] ...10 clients are selected and updated (with total sample size: 52)!
[INFO](2026/08/19/ 05:34:23 AM) [Round: 0904] Aggregate updated weights of 10 clients...!
[INFO](2026/08/19/ 05:34:24 AM) [Round: 0904] ...updated weights of 10 clients are successfully averaged!
[INFO](2026/08/19/ 05:34:25 AM) [Round: 0904] Evaluate global model's performance...!                
	[Server] ...finished evaluation!                
	=> Loss: 47.1937                
	=> Accuracy: 5.00%

[INFO](2026/08/19/ 05:34:25 AM) [Round: 0905] Select clients...!
[INFO](2026/08/19/ 05:34:26 AM) [Round: 0905] ...successfully transmitted models to 10 selected clients!
[INFO](2026/08/19/ 05:34:26 AM) [Round: 0905] Start updating selected 10 clients...!
[INFO](2026/08/19/ 05:34:36 AM) [Round: 0905] ...10 clients are selected and updated (with total sample size: 43)!
[INFO](2026/08/19/ 05:34:36 AM) [Round: 0905] Aggregate updated weights of 10 clients...!
[INFO](2026/08/19/ 05:34:36 AM) [Round: 0905] ...updated weights of 10 clients are successfully averaged!
[INFO](2026/08/19/ 05:34:38 AM) [Round: 0905] Evaluate global model's performance...!                
	[Server] ...finished evaluation!                
	=> Loss: 51.3178                
	=> Accuracy: 5.00%

[INFO](2026/08/19/ 05:34:38 AM) [Round: 0906] Select clients...!
[INFO](2026/08/19/ 05:34:39 AM) [Round: 0906] ...successfully transmitted models to 10 selected clients!
[INFO](2026/08/19/ 05:34:39 AM) [Round: 0906] Start updating selected 10 clients...!
[INFO](2026/08/19/ 05:34:49 AM) [Round: 0906] ...10 clients are selected and updated (with total sample size: 55)!
[INFO](2026/08/19/ 05:34:49 AM) [Round: 0906] Aggregate updated weights of 10 clients...!
[INFO](2026/08/19/ 05:34:49 AM) [Round: 0906] ...updated weights of 10 clients are successfully averaged!
[INFO](2026/08/19/ 05:34:51 AM) [Round: 0906] Evaluate global model's performance...!                
	[Server] ...finished evaluation!                
	=> Loss: 60.2248                
	=> Accuracy: 5.24%

[INFO](2026/08/19/ 05:34:51 AM) [Round: 0907] Select clients...!
[INFO](2026/08/19/ 05:34:52 AM) [Round: 0907] ...successfully transmitted models to 10 selected clients!
[INFO](2026/08/19/ 05:34:52 AM) [Round: 0907] Start updating selected 10 clients...!
[INFO](2026/08/19/ 05:35:03 AM) [Round: 0907] ...10 clients are selected and updated (with total sample size: 57)!
[INFO](2026/08/19/ 05:35:03 AM) [Round: 0907] Aggregate updated weights of 10 clients...!
[INFO](2026/08/19/ 05:35:03 AM) [Round: 0907] ...updated weights of 10 clients are successfully averaged!
[INFO](2026/08/19/ 05:35:05 AM) [Round: 0907] Evaluate global model's performance...!                
	[Server] ...finished evaluation!                
	=> Loss: 47.2046                
	=> Accuracy: 5.24%

[INFO](2026/08/19/ 05:35:05 AM) [Round: 0908] Select clients...!
[INFO](2026/08/19/ 05:35:06 AM) [Round: 0908] ...successfully transmitted models to 10 selected clients!
[INFO](2026/08/19/ 05:35:06 AM) [Round: 0908] Start updating selected 10 clients...!
[INFO](2026/08/19/ 05:35:16 AM) [Round: 0908] ...10 clients are selected and updated (with total sample size: 57)!
[INFO](2026/08/19/ 05:35:16 AM) [Round: 0908] Aggregate updated weights of 10 clients...!
[INFO](2026/08/19/ 05:35:17 AM) [Round: 0908] ...updated weights of 10 clients are successfully averaged!
[INFO](2026/08/19/ 05:35:18 AM) [Round: 0908] Evaluate global model's performance...!                
	[Server] ...finished evaluation!                
	=> Loss: 43.8691                
	=> Accuracy: 5.95%

[INFO](2026/08/19/ 05:35:19 AM) [Round: 0909] Select clients...!
[INFO](2026/08/19/ 05:35:19 AM) [Round: 0909] ...successfully transmitted models to 10 selected clients!
[INFO](2026/08/19/ 05:35:19 AM) [Round: 0909] Start updating selected 10 clients...!
[INFO](2026/08/19/ 05:35:30 AM) [Round: 0909] ...10 clients are selected and updated (with total sample size: 57)!
[INFO](2026/08/19/ 05:35:30 AM) [Round: 0909] Aggregate updated weights of 10 clients...!
[INFO](2026/08/19/ 05:35:31 AM) [Round: 0909] ...updated weights of 10 clients are successfully averaged!
[INFO](2026/08/19/ 05:35:33 AM) [Round: 0909] Evaluate global model's performance...!                
	[Server] ...finished evaluation!                
	=> Loss: 44.4511                
	=> Accuracy: 5.00%

[INFO](2026/08/19/ 05:35:33 AM) [Round: 0910] Select clients...!
[INFO](2026/08/19/ 05:35:33 AM) [Round: 0910] ...successfully transmitted models to 10 selected clients!
[INFO](2026/08/19/ 05:35:33 AM) [Round: 0910] Start updating selected 10 clients...!
[INFO](2026/08/19/ 05:35:45 AM) [Round: 0910] ...10 clients are selected and updated (with total sample size: 42)!
[INFO](2026/08/19/ 05:35:45 AM) [Round: 0910] Aggregate updated weights of 10 clients...!
[INFO](2026/08/19/ 05:35:45 AM) [Round: 0910] ...updated weights of 10 clients are successfully averaged!
[INFO](2026/08/19/ 05:35:47 AM) [Round: 0910] Evaluate global model's performance...!                
	[Server] ...finished evaluation!                
	=> Loss: 44.5466                
	=> Accuracy: 5.24%

[INFO](2026/08/19/ 05:35:47 AM) [Round: 0911] Select clients...!
[INFO](2026/08/19/ 05:35:47 AM) [Round: 0911] ...successfully transmitted models to 10 selected clients!
[INFO](2026/08/19/ 05:35:48 AM) [Round: 0911] Start updating selected 10 clients...!
[INFO](2026/08/19/ 05:35:58 AM) [Round: 0911] ...10 clients are selected and updated (with total sample size: 52)!
[INFO](2026/08/19/ 05:35:58 AM) [Round: 0911] Aggregate updated weights of 10 clients...!
[INFO](2026/08/19/ 05:35:59 AM) [Round: 0911] ...updated weights of 10 clients are successfully averaged!
[INFO](2026/08/19/ 05:36:00 AM) [Round: 0911] Evaluate global model's performance...!                
	[Server] ...finished evaluation!                
	=> Loss: 59.1854                
	=> Accuracy: 6.19%

[INFO](2026/08/19/ 05:36:00 AM) [Round: 0912] Select clients...!
[INFO](2026/08/19/ 05:36:01 AM) [Round: 0912] ...successfully transmitted models to 10 selected clients!
[INFO](2026/08/19/ 05:36:01 AM) [Round: 0912] Start updating selected 10 clients...!
[INFO](2026/08/19/ 05:36:09 AM) [Round: 0912] ...10 clients are selected and updated (with total sample size: 30)!
[INFO](2026/08/19/ 05:36:10 AM) [Round: 0912] Aggregate updated weights of 10 clients...!
[INFO](2026/08/19/ 05:36:10 AM) [Round: 0912] ...updated weights of 10 clients are successfully averaged!
[INFO](2026/08/19/ 05:36:12 AM) [Round: 0912] Evaluate global model's performance...!                
	[Server] ...finished evaluation!                
	=> Loss: 65.3286                
	=> Accuracy: 4.29%

[INFO](2026/08/19/ 05:36:12 AM) [Round: 0913] Select clients...!
[INFO](2026/08/19/ 05:36:12 AM) [Round: 0913] ...successfully transmitted models to 10 selected clients!
[INFO](2026/08/19/ 05:36:12 AM) [Round: 0913] Start updating selected 10 clients...!
[INFO](2026/08/19/ 05:36:23 AM) [Round: 0913] ...10 clients are selected and updated (with total sample size: 42)!
[INFO](2026/08/19/ 05:36:23 AM) [Round: 0913] Aggregate updated weights of 10 clients...!
[INFO](2026/08/19/ 05:36:24 AM) [Round: 0913] ...updated weights of 10 clients are successfully averaged!
[INFO](2026/08/19/ 05:36:25 AM) [Round: 0913] Evaluate global model's performance...!                
	[Server] ...finished evaluation!                
	=> Loss: 57.5661                
	=> Accuracy: 4.76%

[INFO](2026/08/19/ 05:36:26 AM) [Round: 0914] Select clients...!
[INFO](2026/08/19/ 05:36:26 AM) [Round: 0914] ...successfully transmitted models to 10 selected clients!
[INFO](2026/08/19/ 05:36:26 AM) [Round: 0914] Start updating selected 10 clients...!
[INFO](2026/08/19/ 05:36:38 AM) [Round: 0914] ...10 clients are selected and updated (with total sample size: 56)!
[INFO](2026/08/19/ 05:36:38 AM) [Round: 0914] Aggregate updated weights of 10 clients...!
[INFO](2026/08/19/ 05:36:38 AM) [Round: 0914] ...updated weights of 10 clients are successfully averaged!
[INFO](2026/08/19/ 05:36:40 AM) [Round: 0914] Evaluate global model's performance...!                
	[Server] ...finished evaluation!                
	=> Loss: 56.6808                
	=> Accuracy: 5.48%

[INFO](2026/08/19/ 05:36:40 AM) [Round: 0915] Select clients...!
[INFO](2026/08/19/ 05:36:41 AM) [Round: 0915] ...successfully transmitted models to 10 selected clients!
[INFO](2026/08/19/ 05:36:41 AM) [Round: 0915] Start updating selected 10 clients...!
[INFO](2026/08/19/ 05:36:52 AM) [Round: 0915] ...10 clients are selected and updated (with total sample size: 52)!
[INFO](2026/08/19/ 05:36:52 AM) [Round: 0915] Aggregate updated weights of 10 clients...!
[INFO](2026/08/19/ 05:36:52 AM) [Round: 0915] ...updated weights of 10 clients are successfully averaged!
[INFO](2026/08/19/ 05:36:54 AM) [Round: 0915] Evaluate global model's performance...!                
	[Server] ...finished evaluation!                
	=> Loss: 73.2718                
	=> Accuracy: 4.76%

[INFO](2026/08/19/ 05:36:54 AM) [Round: 0916] Select clients...!
[INFO](2026/08/19/ 05:36:55 AM) [Round: 0916] ...successfully transmitted models to 10 selected clients!
[INFO](2026/08/19/ 05:36:55 AM) [Round: 0916] Start updating selected 10 clients...!
[INFO](2026/08/19/ 05:37:05 AM) [Round: 0916] ...10 clients are selected and updated (with total sample size: 30)!
[INFO](2026/08/19/ 05:37:05 AM) [Round: 0916] Aggregate updated weights of 10 clients...!
[INFO](2026/08/19/ 05:37:05 AM) [Round: 0916] ...updated weights of 10 clients are successfully averaged!
[INFO](2026/08/19/ 05:37:07 AM) [Round: 0916] Evaluate global model's performance...!                
	[Server] ...finished evaluation!                
	=> Loss: 49.3278                
	=> Accuracy: 5.00%

[INFO](2026/08/19/ 05:37:07 AM) [Round: 0917] Select clients...!
[INFO](2026/08/19/ 05:37:08 AM) [Round: 0917] ...successfully transmitted models to 10 selected clients!
[INFO](2026/08/19/ 05:37:08 AM) [Round: 0917] Start updating selected 10 clients...!
[INFO](2026/08/19/ 05:37:16 AM) [Round: 0917] ...10 clients are selected and updated (with total sample size: 57)!
[INFO](2026/08/19/ 05:37:16 AM) [Round: 0917] Aggregate updated weights of 10 clients...!
[INFO](2026/08/19/ 05:37:17 AM) [Round: 0917] ...updated weights of 10 clients are successfully averaged!
[INFO](2026/08/19/ 05:37:18 AM) [Round: 0917] Evaluate global model's performance...!                
	[Server] ...finished evaluation!                
	=> Loss: 67.9566                
	=> Accuracy: 5.48%

[INFO](2026/08/19/ 05:37:19 AM) [Round: 0918] Select clients...!
[INFO](2026/08/19/ 05:37:19 AM) [Round: 0918] ...successfully transmitted models to 10 selected clients!
[INFO](2026/08/19/ 05:37:19 AM) [Round: 0918] Start updating selected 10 clients...!
[INFO](2026/08/19/ 05:37:30 AM) [Round: 0918] ...10 clients are selected and updated (with total sample size: 43)!
[INFO](2026/08/19/ 05:37:30 AM) [Round: 0918] Aggregate updated weights of 10 clients...!
[INFO](2026/08/19/ 05:37:30 AM) [Round: 0918] ...updated weights of 10 clients are successfully averaged!
[INFO](2026/08/19/ 05:37:32 AM) [Round: 0918] Evaluate global model's performance...!                
	[Server] ...finished evaluation!                
	=> Loss: 68.4216                
	=> Accuracy: 4.76%

[INFO](2026/08/19/ 05:37:32 AM) [Round: 0919] Select clients...!
[INFO](2026/08/19/ 05:37:32 AM) [Round: 0919] ...successfully transmitted models to 10 selected clients!
[INFO](2026/08/19/ 05:37:33 AM) [Round: 0919] Start updating selected 10 clients...!
[INFO](2026/08/19/ 05:37:43 AM) [Round: 0919] ...10 clients are selected and updated (with total sample size: 52)!
[INFO](2026/08/19/ 05:37:43 AM) [Round: 0919] Aggregate updated weights of 10 clients...!
[INFO](2026/08/19/ 05:37:43 AM) [Round: 0919] ...updated weights of 10 clients are successfully averaged!
[INFO](2026/08/19/ 05:37:45 AM) [Round: 0919] Evaluate global model's performance...!                
	[Server] ...finished evaluation!                
	=> Loss: 62.2554                
	=> Accuracy: 5.48%

[INFO](2026/08/19/ 05:37:45 AM) [Round: 0920] Select clients...!
[INFO](2026/08/19/ 05:37:46 AM) [Round: 0920] ...successfully transmitted models to 10 selected clients!
[INFO](2026/08/19/ 05:37:46 AM) [Round: 0920] Start updating selected 10 clients...!
[INFO](2026/08/19/ 05:37:57 AM) [Round: 0920] ...10 clients are selected and updated (with total sample size: 30)!
[INFO](2026/08/19/ 05:37:58 AM) [Round: 0920] Aggregate updated weights of 10 clients...!
[INFO](2026/08/19/ 05:37:58 AM) [Round: 0920] ...updated weights of 10 clients are successfully averaged!
[INFO](2026/08/19/ 05:37:59 AM) [Round: 0920] Evaluate global model's performance...!                
	[Server] ...finished evaluation!                
	=> Loss: 46.5497                
	=> Accuracy: 5.24%

[INFO](2026/08/19/ 05:38:00 AM) [Round: 0921] Select clients...!
[INFO](2026/08/19/ 05:38:00 AM) [Round: 0921] ...successfully transmitted models to 10 selected clients!
[INFO](2026/08/19/ 05:38:00 AM) [Round: 0921] Start updating selected 10 clients...!
[INFO](2026/08/19/ 05:38:10 AM) [Round: 0921] ...10 clients are selected and updated (with total sample size: 35)!
[INFO](2026/08/19/ 05:38:10 AM) [Round: 0921] Aggregate updated weights of 10 clients...!
[INFO](2026/08/19/ 05:38:11 AM) [Round: 0921] ...updated weights of 10 clients are successfully averaged!
[INFO](2026/08/19/ 05:38:12 AM) [Round: 0921] Evaluate global model's performance...!                
	[Server] ...finished evaluation!                
	=> Loss: 42.6809                
	=> Accuracy: 4.29%

[INFO](2026/08/19/ 05:38:13 AM) [Round: 0922] Select clients...!
[INFO](2026/08/19/ 05:38:13 AM) [Round: 0922] ...successfully transmitted models to 10 selected clients!
[INFO](2026/08/19/ 05:38:13 AM) [Round: 0922] Start updating selected 10 clients...!
[INFO](2026/08/19/ 05:38:26 AM) [Round: 0922] ...10 clients are selected and updated (with total sample size: 43)!
[INFO](2026/08/19/ 05:38:26 AM) [Round: 0922] Aggregate updated weights of 10 clients...!
[INFO](2026/08/19/ 05:38:27 AM) [Round: 0922] ...updated weights of 10 clients are successfully averaged!
[INFO](2026/08/19/ 05:38:28 AM) [Round: 0922] Evaluate global model's performance...!                
	[Server] ...finished evaluation!                
	=> Loss: 37.2086                
	=> Accuracy: 5.24%

[INFO](2026/08/19/ 05:38:29 AM) [Round: 0923] Select clients...!
[INFO](2026/08/19/ 05:38:29 AM) [Round: 0923] ...successfully transmitted models to 10 selected clients!
[INFO](2026/08/19/ 05:38:29 AM) [Round: 0923] Start updating selected 10 clients...!
[INFO](2026/08/19/ 05:38:40 AM) [Round: 0923] ...10 clients are selected and updated (with total sample size: 52)!
[INFO](2026/08/19/ 05:38:40 AM) [Round: 0923] Aggregate updated weights of 10 clients...!
[INFO](2026/08/19/ 05:38:40 AM) [Round: 0923] ...updated weights of 10 clients are successfully averaged!
[INFO](2026/08/19/ 05:38:42 AM) [Round: 0923] Evaluate global model's performance...!                
	[Server] ...finished evaluation!                
	=> Loss: 41.6556                
	=> Accuracy: 5.48%

[INFO](2026/08/19/ 05:38:42 AM) [Round: 0924] Select clients...!
[INFO](2026/08/19/ 05:38:42 AM) [Round: 0924] ...successfully transmitted models to 10 selected clients!
[INFO](2026/08/19/ 05:38:42 AM) [Round: 0924] Start updating selected 10 clients...!
[INFO](2026/08/19/ 05:38:54 AM) [Round: 0924] ...10 clients are selected and updated (with total sample size: 39)!
[INFO](2026/08/19/ 05:38:54 AM) [Round: 0924] Aggregate updated weights of 10 clients...!
[INFO](2026/08/19/ 05:38:54 AM) [Round: 0924] ...updated weights of 10 clients are successfully averaged!
[INFO](2026/08/19/ 05:38:56 AM) [Round: 0924] Evaluate global model's performance...!                
	[Server] ...finished evaluation!                
	=> Loss: 46.6284                
	=> Accuracy: 5.71%

[INFO](2026/08/19/ 05:38:56 AM) [Round: 0925] Select clients...!
[INFO](2026/08/19/ 05:38:56 AM) [Round: 0925] ...successfully transmitted models to 10 selected clients!
[INFO](2026/08/19/ 05:38:57 AM) [Round: 0925] Start updating selected 10 clients...!
[INFO](2026/08/19/ 05:39:07 AM) [Round: 0925] ...10 clients are selected and updated (with total sample size: 43)!
[INFO](2026/08/19/ 05:39:07 AM) [Round: 0925] Aggregate updated weights of 10 clients...!
[INFO](2026/08/19/ 05:39:08 AM) [Round: 0925] ...updated weights of 10 clients are successfully averaged!
[INFO](2026/08/19/ 05:39:09 AM) [Round: 0925] Evaluate global model's performance...!                
	[Server] ...finished evaluation!                
	=> Loss: 50.5297                
	=> Accuracy: 5.48%

[INFO](2026/08/19/ 05:39:09 AM) [Round: 0926] Select clients...!
[INFO](2026/08/19/ 05:39:10 AM) [Round: 0926] ...successfully transmitted models to 10 selected clients!
[INFO](2026/08/19/ 05:39:10 AM) [Round: 0926] Start updating selected 10 clients...!
[INFO](2026/08/19/ 05:39:19 AM) [Round: 0926] ...10 clients are selected and updated (with total sample size: 39)!
[INFO](2026/08/19/ 05:39:19 AM) [Round: 0926] Aggregate updated weights of 10 clients...!
[INFO](2026/08/19/ 05:39:20 AM) [Round: 0926] ...updated weights of 10 clients are successfully averaged!
[INFO](2026/08/19/ 05:39:21 AM) [Round: 0926] Evaluate global model's performance...!                
	[Server] ...finished evaluation!                
	=> Loss: 48.8335                
	=> Accuracy: 5.00%

[INFO](2026/08/19/ 05:39:22 AM) [Round: 0927] Select clients...!
[INFO](2026/08/19/ 05:39:22 AM) [Round: 0927] ...successfully transmitted models to 10 selected clients!
[INFO](2026/08/19/ 05:39:22 AM) [Round: 0927] Start updating selected 10 clients...!
[INFO](2026/08/19/ 05:39:33 AM) [Round: 0927] ...10 clients are selected and updated (with total sample size: 42)!
[INFO](2026/08/19/ 05:39:33 AM) [Round: 0927] Aggregate updated weights of 10 clients...!
[INFO](2026/08/19/ 05:39:33 AM) [Round: 0927] ...updated weights of 10 clients are successfully averaged!
[INFO](2026/08/19/ 05:39:35 AM) [Round: 0927] Evaluate global model's performance...!                
	[Server] ...finished evaluation!                
	=> Loss: 42.3259                
	=> Accuracy: 5.00%

[INFO](2026/08/19/ 05:39:35 AM) [Round: 0928] Select clients...!
[INFO](2026/08/19/ 05:39:35 AM) [Round: 0928] ...successfully transmitted models to 10 selected clients!
[INFO](2026/08/19/ 05:39:35 AM) [Round: 0928] Start updating selected 10 clients...!
[INFO](2026/08/19/ 05:39:47 AM) [Round: 0928] ...10 clients are selected and updated (with total sample size: 52)!
[INFO](2026/08/19/ 05:39:47 AM) [Round: 0928] Aggregate updated weights of 10 clients...!
[INFO](2026/08/19/ 05:39:47 AM) [Round: 0928] ...updated weights of 10 clients are successfully averaged!
[INFO](2026/08/19/ 05:39:49 AM) [Round: 0928] Evaluate global model's performance...!                
	[Server] ...finished evaluation!                
	=> Loss: 47.6155                
	=> Accuracy: 5.48%

[INFO](2026/08/19/ 05:39:50 AM) [Round: 0929] Select clients...!
[INFO](2026/08/19/ 05:39:50 AM) [Round: 0929] ...successfully transmitted models to 10 selected clients!
[INFO](2026/08/19/ 05:39:50 AM) [Round: 0929] Start updating selected 10 clients...!
[INFO](2026/08/19/ 05:40:01 AM) [Round: 0929] ...10 clients are selected and updated (with total sample size: 57)!
[INFO](2026/08/19/ 05:40:01 AM) [Round: 0929] Aggregate updated weights of 10 clients...!
[INFO](2026/08/19/ 05:40:01 AM) [Round: 0929] ...updated weights of 10 clients are successfully averaged!
[INFO](2026/08/19/ 05:40:03 AM) [Round: 0929] Evaluate global model's performance...!                
	[Server] ...finished evaluation!                
	=> Loss: 52.3558                
	=> Accuracy: 5.48%

[INFO](2026/08/19/ 05:40:03 AM) [Round: 0930] Select clients...!
[INFO](2026/08/19/ 05:40:03 AM) [Round: 0930] ...successfully transmitted models to 10 selected clients!
[INFO](2026/08/19/ 05:40:04 AM) [Round: 0930] Start updating selected 10 clients...!
[INFO](2026/08/19/ 05:40:13 AM) [Round: 0930] ...10 clients are selected and updated (with total sample size: 30)!
[INFO](2026/08/19/ 05:40:13 AM) [Round: 0930] Aggregate updated weights of 10 clients...!
[INFO](2026/08/19/ 05:40:13 AM) [Round: 0930] ...updated weights of 10 clients are successfully averaged!
[INFO](2026/08/19/ 05:40:15 AM) [Round: 0930] Evaluate global model's performance...!                
	[Server] ...finished evaluation!                
	=> Loss: 55.2388                
	=> Accuracy: 5.95%

[INFO](2026/08/19/ 05:40:15 AM) [Round: 0931] Select clients...!
[INFO](2026/08/19/ 05:40:16 AM) [Round: 0931] ...successfully transmitted models to 10 selected clients!
[INFO](2026/08/19/ 05:40:16 AM) [Round: 0931] Start updating selected 10 clients...!
[INFO](2026/08/19/ 05:40:26 AM) [Round: 0931] ...10 clients are selected and updated (with total sample size: 35)!
[INFO](2026/08/19/ 05:40:26 AM) [Round: 0931] Aggregate updated weights of 10 clients...!
[INFO](2026/08/19/ 05:40:27 AM) [Round: 0931] ...updated weights of 10 clients are successfully averaged!
[INFO](2026/08/19/ 05:40:28 AM) [Round: 0931] Evaluate global model's performance...!                
	[Server] ...finished evaluation!                
	=> Loss: 42.9881                
	=> Accuracy: 5.00%

[INFO](2026/08/19/ 05:40:29 AM) [Round: 0932] Select clients...!
[INFO](2026/08/19/ 05:40:29 AM) [Round: 0932] ...successfully transmitted models to 10 selected clients!
[INFO](2026/08/19/ 05:40:29 AM) [Round: 0932] Start updating selected 10 clients...!
[INFO](2026/08/19/ 05:40:41 AM) [Round: 0932] ...10 clients are selected and updated (with total sample size: 57)!
[INFO](2026/08/19/ 05:40:41 AM) [Round: 0932] Aggregate updated weights of 10 clients...!
[INFO](2026/08/19/ 05:40:42 AM) [Round: 0932] ...updated weights of 10 clients are successfully averaged!
[INFO](2026/08/19/ 05:40:44 AM) [Round: 0932] Evaluate global model's performance...!                
	[Server] ...finished evaluation!                
	=> Loss: 62.0129                
	=> Accuracy: 5.00%

[INFO](2026/08/19/ 05:40:44 AM) [Round: 0933] Select clients...!
[INFO](2026/08/19/ 05:40:44 AM) [Round: 0933] ...successfully transmitted models to 10 selected clients!
[INFO](2026/08/19/ 05:40:44 AM) [Round: 0933] Start updating selected 10 clients...!
[INFO](2026/08/19/ 05:40:55 AM) [Round: 0933] ...10 clients are selected and updated (with total sample size: 43)!
[INFO](2026/08/19/ 05:40:55 AM) [Round: 0933] Aggregate updated weights of 10 clients...!
[INFO](2026/08/19/ 05:40:55 AM) [Round: 0933] ...updated weights of 10 clients are successfully averaged!
[INFO](2026/08/19/ 05:40:56 AM) [Round: 0933] Evaluate global model's performance...!                
	[Server] ...finished evaluation!                
	=> Loss: 85.9849                
	=> Accuracy: 5.48%

[INFO](2026/08/19/ 05:40:56 AM) [Round: 0934] Select clients...!
[INFO](2026/08/19/ 05:40:57 AM) [Round: 0934] ...successfully transmitted models to 10 selected clients!
[INFO](2026/08/19/ 05:40:57 AM) [Round: 0934] Start updating selected 10 clients...!
[INFO](2026/08/19/ 05:41:07 AM) [Round: 0934] ...10 clients are selected and updated (with total sample size: 43)!
[INFO](2026/08/19/ 05:41:07 AM) [Round: 0934] Aggregate updated weights of 10 clients...!
[INFO](2026/08/19/ 05:41:07 AM) [Round: 0934] ...updated weights of 10 clients are successfully averaged!
[INFO](2026/08/19/ 05:41:09 AM) [Round: 0934] Evaluate global model's performance...!                
	[Server] ...finished evaluation!                
	=> Loss: 59.0747                
	=> Accuracy: 5.48%

[INFO](2026/08/19/ 05:41:09 AM) [Round: 0935] Select clients...!
[INFO](2026/08/19/ 05:41:10 AM) [Round: 0935] ...successfully transmitted models to 10 selected clients!
[INFO](2026/08/19/ 05:41:10 AM) [Round: 0935] Start updating selected 10 clients...!
[INFO](2026/08/19/ 05:41:19 AM) [Round: 0935] ...10 clients are selected and updated (with total sample size: 43)!
[INFO](2026/08/19/ 05:41:19 AM) [Round: 0935] Aggregate updated weights of 10 clients...!
[INFO](2026/08/19/ 05:41:19 AM) [Round: 0935] ...updated weights of 10 clients are successfully averaged!
[INFO](2026/08/19/ 05:41:21 AM) [Round: 0935] Evaluate global model's performance...!                
	[Server] ...finished evaluation!                
	=> Loss: 77.9589                
	=> Accuracy: 5.48%

[INFO](2026/08/19/ 05:41:21 AM) [Round: 0936] Select clients...!
[INFO](2026/08/19/ 05:41:22 AM) [Round: 0936] ...successfully transmitted models to 10 selected clients!
[INFO](2026/08/19/ 05:41:22 AM) [Round: 0936] Start updating selected 10 clients...!
[INFO](2026/08/19/ 05:41:33 AM) [Round: 0936] ...10 clients are selected and updated (with total sample size: 30)!
[INFO](2026/08/19/ 05:41:33 AM) [Round: 0936] Aggregate updated weights of 10 clients...!
[INFO](2026/08/19/ 05:41:34 AM) [Round: 0936] ...updated weights of 10 clients are successfully averaged!
[INFO](2026/08/19/ 05:41:36 AM) [Round: 0936] Evaluate global model's performance...!                
	[Server] ...finished evaluation!                
	=> Loss: 65.0106                
	=> Accuracy: 5.00%

[INFO](2026/08/19/ 05:41:36 AM) [Round: 0937] Select clients...!
[INFO](2026/08/19/ 05:41:36 AM) [Round: 0937] ...successfully transmitted models to 10 selected clients!
[INFO](2026/08/19/ 05:41:36 AM) [Round: 0937] Start updating selected 10 clients...!
[INFO](2026/08/19/ 05:41:47 AM) [Round: 0937] ...10 clients are selected and updated (with total sample size: 39)!
[INFO](2026/08/19/ 05:41:47 AM) [Round: 0937] Aggregate updated weights of 10 clients...!
[INFO](2026/08/19/ 05:41:48 AM) [Round: 0937] ...updated weights of 10 clients are successfully averaged!
[INFO](2026/08/19/ 05:41:49 AM) [Round: 0937] Evaluate global model's performance...!                
	[Server] ...finished evaluation!                
	=> Loss: 65.3688                
	=> Accuracy: 5.71%

[INFO](2026/08/19/ 05:41:49 AM) [Round: 0938] Select clients...!
[INFO](2026/08/19/ 05:41:50 AM) [Round: 0938] ...successfully transmitted models to 10 selected clients!
[INFO](2026/08/19/ 05:41:50 AM) [Round: 0938] Start updating selected 10 clients...!
[INFO](2026/08/19/ 05:42:01 AM) [Round: 0938] ...10 clients are selected and updated (with total sample size: 43)!
[INFO](2026/08/19/ 05:42:01 AM) [Round: 0938] Aggregate updated weights of 10 clients...!
[INFO](2026/08/19/ 05:42:01 AM) [Round: 0938] ...updated weights of 10 clients are successfully averaged!
[INFO](2026/08/19/ 05:42:03 AM) [Round: 0938] Evaluate global model's performance...!                
	[Server] ...finished evaluation!                
	=> Loss: 63.8659                
	=> Accuracy: 4.76%

[INFO](2026/08/19/ 05:42:03 AM) [Round: 0939] Select clients...!
[INFO](2026/08/19/ 05:42:04 AM) [Round: 0939] ...successfully transmitted models to 10 selected clients!
[INFO](2026/08/19/ 05:42:04 AM) [Round: 0939] Start updating selected 10 clients...!
[INFO](2026/08/19/ 05:42:14 AM) [Round: 0939] ...10 clients are selected and updated (with total sample size: 39)!
[INFO](2026/08/19/ 05:42:14 AM) [Round: 0939] Aggregate updated weights of 10 clients...!
[INFO](2026/08/19/ 05:42:14 AM) [Round: 0939] ...updated weights of 10 clients are successfully averaged!
[INFO](2026/08/19/ 05:42:16 AM) [Round: 0939] Evaluate global model's performance...!                
	[Server] ...finished evaluation!                
	=> Loss: 71.4373                
	=> Accuracy: 4.76%

[INFO](2026/08/19/ 05:42:16 AM) [Round: 0940] Select clients...!
[INFO](2026/08/19/ 05:42:16 AM) [Round: 0940] ...successfully transmitted models to 10 selected clients!
[INFO](2026/08/19/ 05:42:17 AM) [Round: 0940] Start updating selected 10 clients...!
[INFO](2026/08/19/ 05:42:28 AM) [Round: 0940] ...10 clients are selected and updated (with total sample size: 57)!
[INFO](2026/08/19/ 05:42:28 AM) [Round: 0940] Aggregate updated weights of 10 clients...!
[INFO](2026/08/19/ 05:42:29 AM) [Round: 0940] ...updated weights of 10 clients are successfully averaged!
[INFO](2026/08/19/ 05:42:30 AM) [Round: 0940] Evaluate global model's performance...!                
	[Server] ...finished evaluation!                
	=> Loss: 61.7411                
	=> Accuracy: 5.00%

[INFO](2026/08/19/ 05:42:30 AM) [Round: 0941] Select clients...!
[INFO](2026/08/19/ 05:42:31 AM) [Round: 0941] ...successfully transmitted models to 10 selected clients!
[INFO](2026/08/19/ 05:42:31 AM) [Round: 0941] Start updating selected 10 clients...!
[INFO](2026/08/19/ 05:42:41 AM) [Round: 0941] ...10 clients are selected and updated (with total sample size: 39)!
[INFO](2026/08/19/ 05:42:41 AM) [Round: 0941] Aggregate updated weights of 10 clients...!
[INFO](2026/08/19/ 05:42:42 AM) [Round: 0941] ...updated weights of 10 clients are successfully averaged!
[INFO](2026/08/19/ 05:42:44 AM) [Round: 0941] Evaluate global model's performance...!                
	[Server] ...finished evaluation!                
	=> Loss: 56.0025                
	=> Accuracy: 5.48%

[INFO](2026/08/19/ 05:42:44 AM) [Round: 0942] Select clients...!
[INFO](2026/08/19/ 05:42:44 AM) [Round: 0942] ...successfully transmitted models to 10 selected clients!
[INFO](2026/08/19/ 05:42:44 AM) [Round: 0942] Start updating selected 10 clients...!
[INFO](2026/08/19/ 05:42:56 AM) [Round: 0942] ...10 clients are selected and updated (with total sample size: 52)!
[INFO](2026/08/19/ 05:42:56 AM) [Round: 0942] Aggregate updated weights of 10 clients...!
[INFO](2026/08/19/ 05:42:56 AM) [Round: 0942] ...updated weights of 10 clients are successfully averaged!
[INFO](2026/08/19/ 05:42:58 AM) [Round: 0942] Evaluate global model's performance...!                
	[Server] ...finished evaluation!                
	=> Loss: 58.8450                
	=> Accuracy: 4.29%

[INFO](2026/08/19/ 05:42:58 AM) [Round: 0943] Select clients...!
[INFO](2026/08/19/ 05:42:58 AM) [Round: 0943] ...successfully transmitted models to 10 selected clients!
[INFO](2026/08/19/ 05:42:59 AM) [Round: 0943] Start updating selected 10 clients...!
[INFO](2026/08/19/ 05:43:09 AM) [Round: 0943] ...10 clients are selected and updated (with total sample size: 43)!
[INFO](2026/08/19/ 05:43:09 AM) [Round: 0943] Aggregate updated weights of 10 clients...!
[INFO](2026/08/19/ 05:43:09 AM) [Round: 0943] ...updated weights of 10 clients are successfully averaged!
[INFO](2026/08/19/ 05:43:11 AM) [Round: 0943] Evaluate global model's performance...!                
	[Server] ...finished evaluation!                
	=> Loss: 51.9305                
	=> Accuracy: 3.57%

[INFO](2026/08/19/ 05:43:11 AM) [Round: 0944] Select clients...!
[INFO](2026/08/19/ 05:43:11 AM) [Round: 0944] ...successfully transmitted models to 10 selected clients!
[INFO](2026/08/19/ 05:43:11 AM) [Round: 0944] Start updating selected 10 clients...!
[INFO](2026/08/19/ 05:43:21 AM) [Round: 0944] ...10 clients are selected and updated (with total sample size: 57)!
[INFO](2026/08/19/ 05:43:22 AM) [Round: 0944] Aggregate updated weights of 10 clients...!
[INFO](2026/08/19/ 05:43:22 AM) [Round: 0944] ...updated weights of 10 clients are successfully averaged!
[INFO](2026/08/19/ 05:43:24 AM) [Round: 0944] Evaluate global model's performance...!                
	[Server] ...finished evaluation!                
	=> Loss: 51.7580                
	=> Accuracy: 4.76%

[INFO](2026/08/19/ 05:43:24 AM) [Round: 0945] Select clients...!
[INFO](2026/08/19/ 05:43:24 AM) [Round: 0945] ...successfully transmitted models to 10 selected clients!
[INFO](2026/08/19/ 05:43:24 AM) [Round: 0945] Start updating selected 10 clients...!
[INFO](2026/08/19/ 05:43:35 AM) [Round: 0945] ...10 clients are selected and updated (with total sample size: 30)!
[INFO](2026/08/19/ 05:43:35 AM) [Round: 0945] Aggregate updated weights of 10 clients...!
[INFO](2026/08/19/ 05:43:35 AM) [Round: 0945] ...updated weights of 10 clients are successfully averaged!
[INFO](2026/08/19/ 05:43:37 AM) [Round: 0945] Evaluate global model's performance...!                
	[Server] ...finished evaluation!                
	=> Loss: 55.1584                
	=> Accuracy: 4.29%

[INFO](2026/08/19/ 05:43:37 AM) [Round: 0946] Select clients...!
[INFO](2026/08/19/ 05:43:38 AM) [Round: 0946] ...successfully transmitted models to 10 selected clients!
[INFO](2026/08/19/ 05:43:38 AM) [Round: 0946] Start updating selected 10 clients...!
[INFO](2026/08/19/ 05:43:49 AM) [Round: 0946] ...10 clients are selected and updated (with total sample size: 39)!
[INFO](2026/08/19/ 05:43:49 AM) [Round: 0946] Aggregate updated weights of 10 clients...!
[INFO](2026/08/19/ 05:43:49 AM) [Round: 0946] ...updated weights of 10 clients are successfully averaged!
[INFO](2026/08/19/ 05:43:51 AM) [Round: 0946] Evaluate global model's performance...!                
	[Server] ...finished evaluation!                
	=> Loss: 58.3753                
	=> Accuracy: 5.95%

[INFO](2026/08/19/ 05:43:51 AM) [Round: 0947] Select clients...!
[INFO](2026/08/19/ 05:43:51 AM) [Round: 0947] ...successfully transmitted models to 10 selected clients!
[INFO](2026/08/19/ 05:43:51 AM) [Round: 0947] Start updating selected 10 clients...!
[INFO](2026/08/19/ 05:44:02 AM) [Round: 0947] ...10 clients are selected and updated (with total sample size: 35)!
[INFO](2026/08/19/ 05:44:02 AM) [Round: 0947] Aggregate updated weights of 10 clients...!
[INFO](2026/08/19/ 05:44:02 AM) [Round: 0947] ...updated weights of 10 clients are successfully averaged!
[INFO](2026/08/19/ 05:44:04 AM) [Round: 0947] Evaluate global model's performance...!                
	[Server] ...finished evaluation!                
	=> Loss: 58.3005                
	=> Accuracy: 5.00%

[INFO](2026/08/19/ 05:44:04 AM) [Round: 0948] Select clients...!
[INFO](2026/08/19/ 05:44:05 AM) [Round: 0948] ...successfully transmitted models to 10 selected clients!
[INFO](2026/08/19/ 05:44:05 AM) [Round: 0948] Start updating selected 10 clients...!
[INFO](2026/08/19/ 05:44:16 AM) [Round: 0948] ...10 clients are selected and updated (with total sample size: 57)!
[INFO](2026/08/19/ 05:44:16 AM) [Round: 0948] Aggregate updated weights of 10 clients...!
[INFO](2026/08/19/ 05:44:17 AM) [Round: 0948] ...updated weights of 10 clients are successfully averaged!
[INFO](2026/08/19/ 05:44:18 AM) [Round: 0948] Evaluate global model's performance...!                
	[Server] ...finished evaluation!                
	=> Loss: 39.1852                
	=> Accuracy: 3.57%

[INFO](2026/08/19/ 05:44:18 AM) [Round: 0949] Select clients...!
[INFO](2026/08/19/ 05:44:19 AM) [Round: 0949] ...successfully transmitted models to 10 selected clients!
[INFO](2026/08/19/ 05:44:19 AM) [Round: 0949] Start updating selected 10 clients...!
[INFO](2026/08/19/ 05:44:31 AM) [Round: 0949] ...10 clients are selected and updated (with total sample size: 39)!
[INFO](2026/08/19/ 05:44:31 AM) [Round: 0949] Aggregate updated weights of 10 clients...!
[INFO](2026/08/19/ 05:44:31 AM) [Round: 0949] ...updated weights of 10 clients are successfully averaged!
[INFO](2026/08/19/ 05:44:33 AM) [Round: 0949] Evaluate global model's performance...!                
	[Server] ...finished evaluation!                
	=> Loss: 40.8110                
	=> Accuracy: 4.52%

[INFO](2026/08/19/ 05:44:33 AM) [Round: 0950] Select clients...!
[INFO](2026/08/19/ 05:44:33 AM) [Round: 0950] ...successfully transmitted models to 10 selected clients!
[INFO](2026/08/19/ 05:44:34 AM) [Round: 0950] Start updating selected 10 clients...!
[INFO](2026/08/19/ 05:44:46 AM) [Round: 0950] ...10 clients are selected and updated (with total sample size: 43)!
[INFO](2026/08/19/ 05:44:46 AM) [Round: 0950] Aggregate updated weights of 10 clients...!
[INFO](2026/08/19/ 05:44:46 AM) [Round: 0950] ...updated weights of 10 clients are successfully averaged!
[INFO](2026/08/19/ 05:44:48 AM) [Round: 0950] Evaluate global model's performance...!                
	[Server] ...finished evaluation!                
	=> Loss: 53.3488                
	=> Accuracy: 5.00%

[INFO](2026/08/19/ 05:44:48 AM) [Round: 0951] Select clients...!
[INFO](2026/08/19/ 05:44:49 AM) [Round: 0951] ...successfully transmitted models to 10 selected clients!
[INFO](2026/08/19/ 05:44:49 AM) [Round: 0951] Start updating selected 10 clients...!
[INFO](2026/08/19/ 05:45:00 AM) [Round: 0951] ...10 clients are selected and updated (with total sample size: 42)!
[INFO](2026/08/19/ 05:45:00 AM) [Round: 0951] Aggregate updated weights of 10 clients...!
[INFO](2026/08/19/ 05:45:00 AM) [Round: 0951] ...updated weights of 10 clients are successfully averaged!
[INFO](2026/08/19/ 05:45:02 AM) [Round: 0951] Evaluate global model's performance...!                
	[Server] ...finished evaluation!                
	=> Loss: 57.6301                
	=> Accuracy: 3.81%

[INFO](2026/08/19/ 05:45:02 AM) [Round: 0952] Select clients...!
[INFO](2026/08/19/ 05:45:03 AM) [Round: 0952] ...successfully transmitted models to 10 selected clients!
[INFO](2026/08/19/ 05:45:03 AM) [Round: 0952] Start updating selected 10 clients...!
[INFO](2026/08/19/ 05:45:14 AM) [Round: 0952] ...10 clients are selected and updated (with total sample size: 42)!
[INFO](2026/08/19/ 05:45:14 AM) [Round: 0952] Aggregate updated weights of 10 clients...!
[INFO](2026/08/19/ 05:45:14 AM) [Round: 0952] ...updated weights of 10 clients are successfully averaged!
[INFO](2026/08/19/ 05:45:16 AM) [Round: 0952] Evaluate global model's performance...!                
	[Server] ...finished evaluation!                
	=> Loss: 49.2750                
	=> Accuracy: 5.24%

[INFO](2026/08/19/ 05:45:16 AM) [Round: 0953] Select clients...!
[INFO](2026/08/19/ 05:45:16 AM) [Round: 0953] ...successfully transmitted models to 10 selected clients!
[INFO](2026/08/19/ 05:45:16 AM) [Round: 0953] Start updating selected 10 clients...!
[INFO](2026/08/19/ 05:45:25 AM) [Round: 0953] ...10 clients are selected and updated (with total sample size: 39)!
[INFO](2026/08/19/ 05:45:25 AM) [Round: 0953] Aggregate updated weights of 10 clients...!
[INFO](2026/08/19/ 05:45:25 AM) [Round: 0953] ...updated weights of 10 clients are successfully averaged!
[INFO](2026/08/19/ 05:45:27 AM) [Round: 0953] Evaluate global model's performance...!                
	[Server] ...finished evaluation!                
	=> Loss: 76.2092                
	=> Accuracy: 3.33%

[INFO](2026/08/19/ 05:45:27 AM) [Round: 0954] Select clients...!
[INFO](2026/08/19/ 05:45:28 AM) [Round: 0954] ...successfully transmitted models to 10 selected clients!
[INFO](2026/08/19/ 05:45:28 AM) [Round: 0954] Start updating selected 10 clients...!
[INFO](2026/08/19/ 05:45:39 AM) [Round: 0954] ...10 clients are selected and updated (with total sample size: 30)!
[INFO](2026/08/19/ 05:45:40 AM) [Round: 0954] Aggregate updated weights of 10 clients...!
[INFO](2026/08/19/ 05:45:40 AM) [Round: 0954] ...updated weights of 10 clients are successfully averaged!
[INFO](2026/08/19/ 05:45:42 AM) [Round: 0954] Evaluate global model's performance...!                
	[Server] ...finished evaluation!                
	=> Loss: 69.8869                
	=> Accuracy: 5.24%

[INFO](2026/08/19/ 05:45:42 AM) [Round: 0955] Select clients...!
[INFO](2026/08/19/ 05:45:42 AM) [Round: 0955] ...successfully transmitted models to 10 selected clients!
[INFO](2026/08/19/ 05:45:42 AM) [Round: 0955] Start updating selected 10 clients...!
[INFO](2026/08/19/ 05:45:53 AM) [Round: 0955] ...10 clients are selected and updated (with total sample size: 43)!
[INFO](2026/08/19/ 05:45:53 AM) [Round: 0955] Aggregate updated weights of 10 clients...!
[INFO](2026/08/19/ 05:45:53 AM) [Round: 0955] ...updated weights of 10 clients are successfully averaged!
[INFO](2026/08/19/ 05:45:55 AM) [Round: 0955] Evaluate global model's performance...!                
	[Server] ...finished evaluation!                
	=> Loss: 74.2011                
	=> Accuracy: 4.76%

[INFO](2026/08/19/ 05:45:55 AM) [Round: 0956] Select clients...!
[INFO](2026/08/19/ 05:45:56 AM) [Round: 0956] ...successfully transmitted models to 10 selected clients!
[INFO](2026/08/19/ 05:45:56 AM) [Round: 0956] Start updating selected 10 clients...!
[INFO](2026/08/19/ 05:46:09 AM) [Round: 0956] ...10 clients are selected and updated (with total sample size: 39)!
[INFO](2026/08/19/ 05:46:09 AM) [Round: 0956] Aggregate updated weights of 10 clients...!
[INFO](2026/08/19/ 05:46:09 AM) [Round: 0956] ...updated weights of 10 clients are successfully averaged!
[INFO](2026/08/19/ 05:46:11 AM) [Round: 0956] Evaluate global model's performance...!                
	[Server] ...finished evaluation!                
	=> Loss: 55.9989                
	=> Accuracy: 5.24%

[INFO](2026/08/19/ 05:46:11 AM) [Round: 0957] Select clients...!
[INFO](2026/08/19/ 05:46:11 AM) [Round: 0957] ...successfully transmitted models to 10 selected clients!
[INFO](2026/08/19/ 05:46:12 AM) [Round: 0957] Start updating selected 10 clients...!
[INFO](2026/08/19/ 05:46:21 AM) [Round: 0957] ...10 clients are selected and updated (with total sample size: 42)!
[INFO](2026/08/19/ 05:46:21 AM) [Round: 0957] Aggregate updated weights of 10 clients...!
[INFO](2026/08/19/ 05:46:22 AM) [Round: 0957] ...updated weights of 10 clients are successfully averaged!
[INFO](2026/08/19/ 05:46:23 AM) [Round: 0957] Evaluate global model's performance...!                
	[Server] ...finished evaluation!                
	=> Loss: 64.6388                
	=> Accuracy: 5.00%

[INFO](2026/08/19/ 05:46:23 AM) [Round: 0958] Select clients...!
[INFO](2026/08/19/ 05:46:24 AM) [Round: 0958] ...successfully transmitted models to 10 selected clients!
[INFO](2026/08/19/ 05:46:24 AM) [Round: 0958] Start updating selected 10 clients...!
[INFO](2026/08/19/ 05:46:37 AM) [Round: 0958] ...10 clients are selected and updated (with total sample size: 52)!
[INFO](2026/08/19/ 05:46:37 AM) [Round: 0958] Aggregate updated weights of 10 clients...!
[INFO](2026/08/19/ 05:46:37 AM) [Round: 0958] ...updated weights of 10 clients are successfully averaged!
[INFO](2026/08/19/ 05:46:39 AM) [Round: 0958] Evaluate global model's performance...!                
	[Server] ...finished evaluation!                
	=> Loss: 68.5987                
	=> Accuracy: 5.24%

[INFO](2026/08/19/ 05:46:39 AM) [Round: 0959] Select clients...!
[INFO](2026/08/19/ 05:46:40 AM) [Round: 0959] ...successfully transmitted models to 10 selected clients!
[INFO](2026/08/19/ 05:46:40 AM) [Round: 0959] Start updating selected 10 clients...!
[INFO](2026/08/19/ 05:46:50 AM) [Round: 0959] ...10 clients are selected and updated (with total sample size: 43)!
[INFO](2026/08/19/ 05:46:50 AM) [Round: 0959] Aggregate updated weights of 10 clients...!
[INFO](2026/08/19/ 05:46:51 AM) [Round: 0959] ...updated weights of 10 clients are successfully averaged!
[INFO](2026/08/19/ 05:46:53 AM) [Round: 0959] Evaluate global model's performance...!                
	[Server] ...finished evaluation!                
	=> Loss: 73.1289                
	=> Accuracy: 3.33%

[INFO](2026/08/19/ 05:46:53 AM) [Round: 0960] Select clients...!
[INFO](2026/08/19/ 05:46:53 AM) [Round: 0960] ...successfully transmitted models to 10 selected clients!
[INFO](2026/08/19/ 05:46:53 AM) [Round: 0960] Start updating selected 10 clients...!
[INFO](2026/08/19/ 05:47:03 AM) [Round: 0960] ...10 clients are selected and updated (with total sample size: 43)!
[INFO](2026/08/19/ 05:47:03 AM) [Round: 0960] Aggregate updated weights of 10 clients...!
[INFO](2026/08/19/ 05:47:04 AM) [Round: 0960] ...updated weights of 10 clients are successfully averaged!
[INFO](2026/08/19/ 05:47:06 AM) [Round: 0960] Evaluate global model's performance...!                
	[Server] ...finished evaluation!                
	=> Loss: 67.7192                
	=> Accuracy: 3.57%

[INFO](2026/08/19/ 05:47:06 AM) [Round: 0961] Select clients...!
[INFO](2026/08/19/ 05:47:06 AM) [Round: 0961] ...successfully transmitted models to 10 selected clients!
[INFO](2026/08/19/ 05:47:06 AM) [Round: 0961] Start updating selected 10 clients...!
[INFO](2026/08/19/ 05:47:17 AM) [Round: 0961] ...10 clients are selected and updated (with total sample size: 28)!
[INFO](2026/08/19/ 05:47:17 AM) [Round: 0961] Aggregate updated weights of 10 clients...!
[INFO](2026/08/19/ 05:47:17 AM) [Round: 0961] ...updated weights of 10 clients are successfully averaged!
[INFO](2026/08/19/ 05:47:19 AM) [Round: 0961] Evaluate global model's performance...!                
	[Server] ...finished evaluation!                
	=> Loss: 78.5496                
	=> Accuracy: 3.81%

[INFO](2026/08/19/ 05:47:19 AM) [Round: 0962] Select clients...!
[INFO](2026/08/19/ 05:47:20 AM) [Round: 0962] ...successfully transmitted models to 10 selected clients!
[INFO](2026/08/19/ 05:47:20 AM) [Round: 0962] Start updating selected 10 clients...!
[INFO](2026/08/19/ 05:47:31 AM) [Round: 0962] ...10 clients are selected and updated (with total sample size: 57)!
[INFO](2026/08/19/ 05:47:31 AM) [Round: 0962] Aggregate updated weights of 10 clients...!
[INFO](2026/08/19/ 05:47:32 AM) [Round: 0962] ...updated weights of 10 clients are successfully averaged!
[INFO](2026/08/19/ 05:47:34 AM) [Round: 0962] Evaluate global model's performance...!                
	[Server] ...finished evaluation!                
	=> Loss: 85.2247                
	=> Accuracy: 3.33%

[INFO](2026/08/19/ 05:47:34 AM) [Round: 0963] Select clients...!
[INFO](2026/08/19/ 05:47:34 AM) [Round: 0963] ...successfully transmitted models to 10 selected clients!
[INFO](2026/08/19/ 05:47:34 AM) [Round: 0963] Start updating selected 10 clients...!
[INFO](2026/08/19/ 05:47:45 AM) [Round: 0963] ...10 clients are selected and updated (with total sample size: 57)!
[INFO](2026/08/19/ 05:47:45 AM) [Round: 0963] Aggregate updated weights of 10 clients...!
[INFO](2026/08/19/ 05:47:45 AM) [Round: 0963] ...updated weights of 10 clients are successfully averaged!
[INFO](2026/08/19/ 05:47:47 AM) [Round: 0963] Evaluate global model's performance...!                
	[Server] ...finished evaluation!                
	=> Loss: 62.8223                
	=> Accuracy: 5.00%

[INFO](2026/08/19/ 05:47:47 AM) [Round: 0964] Select clients...!
[INFO](2026/08/19/ 05:47:48 AM) [Round: 0964] ...successfully transmitted models to 10 selected clients!
[INFO](2026/08/19/ 05:47:48 AM) [Round: 0964] Start updating selected 10 clients...!
[INFO](2026/08/19/ 05:48:00 AM) [Round: 0964] ...10 clients are selected and updated (with total sample size: 42)!
[INFO](2026/08/19/ 05:48:00 AM) [Round: 0964] Aggregate updated weights of 10 clients...!
[INFO](2026/08/19/ 05:48:00 AM) [Round: 0964] ...updated weights of 10 clients are successfully averaged!
[INFO](2026/08/19/ 05:48:02 AM) [Round: 0964] Evaluate global model's performance...!                
	[Server] ...finished evaluation!                
	=> Loss: 69.8660                
	=> Accuracy: 3.57%

[INFO](2026/08/19/ 05:48:02 AM) [Round: 0965] Select clients...!
[INFO](2026/08/19/ 05:48:03 AM) [Round: 0965] ...successfully transmitted models to 10 selected clients!
[INFO](2026/08/19/ 05:48:03 AM) [Round: 0965] Start updating selected 10 clients...!
[INFO](2026/08/19/ 05:48:12 AM) [Round: 0965] ...10 clients are selected and updated (with total sample size: 42)!
[INFO](2026/08/19/ 05:48:12 AM) [Round: 0965] Aggregate updated weights of 10 clients...!
[INFO](2026/08/19/ 05:48:13 AM) [Round: 0965] ...updated weights of 10 clients are successfully averaged!
[INFO](2026/08/19/ 05:48:14 AM) [Round: 0965] Evaluate global model's performance...!                
	[Server] ...finished evaluation!                
	=> Loss: 77.7748                
	=> Accuracy: 5.00%

[INFO](2026/08/19/ 05:48:14 AM) [Round: 0966] Select clients...!
[INFO](2026/08/19/ 05:48:15 AM) [Round: 0966] ...successfully transmitted models to 10 selected clients!
[INFO](2026/08/19/ 05:48:15 AM) [Round: 0966] Start updating selected 10 clients...!
[INFO](2026/08/19/ 05:48:25 AM) [Round: 0966] ...10 clients are selected and updated (with total sample size: 28)!
[INFO](2026/08/19/ 05:48:25 AM) [Round: 0966] Aggregate updated weights of 10 clients...!
[INFO](2026/08/19/ 05:48:25 AM) [Round: 0966] ...updated weights of 10 clients are successfully averaged!
[INFO](2026/08/19/ 05:48:27 AM) [Round: 0966] Evaluate global model's performance...!                
	[Server] ...finished evaluation!                
	=> Loss: 75.7559                
	=> Accuracy: 3.57%

[INFO](2026/08/19/ 05:48:27 AM) [Round: 0967] Select clients...!
[INFO](2026/08/19/ 05:48:28 AM) [Round: 0967] ...successfully transmitted models to 10 selected clients!
[INFO](2026/08/19/ 05:48:28 AM) [Round: 0967] Start updating selected 10 clients...!
[INFO](2026/08/19/ 05:48:38 AM) [Round: 0967] ...10 clients are selected and updated (with total sample size: 52)!
[INFO](2026/08/19/ 05:48:38 AM) [Round: 0967] Aggregate updated weights of 10 clients...!
[INFO](2026/08/19/ 05:48:38 AM) [Round: 0967] ...updated weights of 10 clients are successfully averaged!
[INFO](2026/08/19/ 05:48:40 AM) [Round: 0967] Evaluate global model's performance...!                
	[Server] ...finished evaluation!                
	=> Loss: 68.5553                
	=> Accuracy: 3.81%

[INFO](2026/08/19/ 05:48:40 AM) [Round: 0968] Select clients...!
[INFO](2026/08/19/ 05:48:40 AM) [Round: 0968] ...successfully transmitted models to 10 selected clients!
[INFO](2026/08/19/ 05:48:40 AM) [Round: 0968] Start updating selected 10 clients...!
[INFO](2026/08/19/ 05:48:51 AM) [Round: 0968] ...10 clients are selected and updated (with total sample size: 52)!
[INFO](2026/08/19/ 05:48:51 AM) [Round: 0968] Aggregate updated weights of 10 clients...!
[INFO](2026/08/19/ 05:48:51 AM) [Round: 0968] ...updated weights of 10 clients are successfully averaged!
[INFO](2026/08/19/ 05:48:53 AM) [Round: 0968] Evaluate global model's performance...!                
	[Server] ...finished evaluation!                
	=> Loss: 65.5373                
	=> Accuracy: 6.19%

[INFO](2026/08/19/ 05:48:53 AM) [Round: 0969] Select clients...!
[INFO](2026/08/19/ 05:48:53 AM) [Round: 0969] ...successfully transmitted models to 10 selected clients!
[INFO](2026/08/19/ 05:48:53 AM) [Round: 0969] Start updating selected 10 clients...!
[INFO](2026/08/19/ 05:49:04 AM) [Round: 0969] ...10 clients are selected and updated (with total sample size: 52)!
[INFO](2026/08/19/ 05:49:04 AM) [Round: 0969] Aggregate updated weights of 10 clients...!
[INFO](2026/08/19/ 05:49:04 AM) [Round: 0969] ...updated weights of 10 clients are successfully averaged!
[INFO](2026/08/19/ 05:49:06 AM) [Round: 0969] Evaluate global model's performance...!                
	[Server] ...finished evaluation!                
	=> Loss: 70.8849                
	=> Accuracy: 5.71%

[INFO](2026/08/19/ 05:49:06 AM) [Round: 0970] Select clients...!
[INFO](2026/08/19/ 05:49:07 AM) [Round: 0970] ...successfully transmitted models to 10 selected clients!
[INFO](2026/08/19/ 05:49:07 AM) [Round: 0970] Start updating selected 10 clients...!
[INFO](2026/08/19/ 05:49:19 AM) [Round: 0970] ...10 clients are selected and updated (with total sample size: 57)!
[INFO](2026/08/19/ 05:49:19 AM) [Round: 0970] Aggregate updated weights of 10 clients...!
[INFO](2026/08/19/ 05:49:19 AM) [Round: 0970] ...updated weights of 10 clients are successfully averaged!
[INFO](2026/08/19/ 05:49:21 AM) [Round: 0970] Evaluate global model's performance...!                
	[Server] ...finished evaluation!                
	=> Loss: 70.5542                
	=> Accuracy: 4.52%

[INFO](2026/08/19/ 05:49:21 AM) [Round: 0971] Select clients...!
[INFO](2026/08/19/ 05:49:21 AM) [Round: 0971] ...successfully transmitted models to 10 selected clients!
[INFO](2026/08/19/ 05:49:22 AM) [Round: 0971] Start updating selected 10 clients...!
[INFO](2026/08/19/ 05:49:31 AM) [Round: 0971] ...10 clients are selected and updated (with total sample size: 57)!
[INFO](2026/08/19/ 05:49:31 AM) [Round: 0971] Aggregate updated weights of 10 clients...!
[INFO](2026/08/19/ 05:49:31 AM) [Round: 0971] ...updated weights of 10 clients are successfully averaged!
[INFO](2026/08/19/ 05:49:33 AM) [Round: 0971] Evaluate global model's performance...!                
	[Server] ...finished evaluation!                
	=> Loss: 75.8387                
	=> Accuracy: 3.57%

[INFO](2026/08/19/ 05:49:33 AM) [Round: 0972] Select clients...!
[INFO](2026/08/19/ 05:49:34 AM) [Round: 0972] ...successfully transmitted models to 10 selected clients!
[INFO](2026/08/19/ 05:49:34 AM) [Round: 0972] Start updating selected 10 clients...!
[INFO](2026/08/19/ 05:49:44 AM) [Round: 0972] ...10 clients are selected and updated (with total sample size: 43)!
[INFO](2026/08/19/ 05:49:45 AM) [Round: 0972] Aggregate updated weights of 10 clients...!
[INFO](2026/08/19/ 05:49:45 AM) [Round: 0972] ...updated weights of 10 clients are successfully averaged!
[INFO](2026/08/19/ 05:49:46 AM) [Round: 0972] Evaluate global model's performance...!                
	[Server] ...finished evaluation!                
	=> Loss: 73.0869                
	=> Accuracy: 3.81%

[INFO](2026/08/19/ 05:49:47 AM) [Round: 0973] Select clients...!
[INFO](2026/08/19/ 05:49:47 AM) [Round: 0973] ...successfully transmitted models to 10 selected clients!
[INFO](2026/08/19/ 05:49:47 AM) [Round: 0973] Start updating selected 10 clients...!
[INFO](2026/08/19/ 05:49:57 AM) [Round: 0973] ...10 clients are selected and updated (with total sample size: 57)!
[INFO](2026/08/19/ 05:49:57 AM) [Round: 0973] Aggregate updated weights of 10 clients...!
[INFO](2026/08/19/ 05:49:57 AM) [Round: 0973] ...updated weights of 10 clients are successfully averaged!
[INFO](2026/08/19/ 05:49:59 AM) [Round: 0973] Evaluate global model's performance...!                
	[Server] ...finished evaluation!                
	=> Loss: 68.2092                
	=> Accuracy: 3.10%

[INFO](2026/08/19/ 05:49:59 AM) [Round: 0974] Select clients...!
[INFO](2026/08/19/ 05:50:00 AM) [Round: 0974] ...successfully transmitted models to 10 selected clients!
[INFO](2026/08/19/ 05:50:00 AM) [Round: 0974] Start updating selected 10 clients...!
[INFO](2026/08/19/ 05:50:10 AM) [Round: 0974] ...10 clients are selected and updated (with total sample size: 43)!
[INFO](2026/08/19/ 05:50:10 AM) [Round: 0974] Aggregate updated weights of 10 clients...!
[INFO](2026/08/19/ 05:50:10 AM) [Round: 0974] ...updated weights of 10 clients are successfully averaged!
[INFO](2026/08/19/ 05:50:12 AM) [Round: 0974] Evaluate global model's performance...!                
	[Server] ...finished evaluation!                
	=> Loss: 101.3644                
	=> Accuracy: 3.33%

[INFO](2026/08/19/ 05:50:12 AM) [Round: 0975] Select clients...!
[INFO](2026/08/19/ 05:50:13 AM) [Round: 0975] ...successfully transmitted models to 10 selected clients!
[INFO](2026/08/19/ 05:50:13 AM) [Round: 0975] Start updating selected 10 clients...!
[INFO](2026/08/19/ 05:50:22 AM) [Round: 0975] ...10 clients are selected and updated (with total sample size: 42)!
[INFO](2026/08/19/ 05:50:22 AM) [Round: 0975] Aggregate updated weights of 10 clients...!
[INFO](2026/08/19/ 05:50:23 AM) [Round: 0975] ...updated weights of 10 clients are successfully averaged!
[INFO](2026/08/19/ 05:50:24 AM) [Round: 0975] Evaluate global model's performance...!                
	[Server] ...finished evaluation!                
	=> Loss: 88.0312                
	=> Accuracy: 3.10%

[INFO](2026/08/19/ 05:50:24 AM) [Round: 0976] Select clients...!
[INFO](2026/08/19/ 05:50:25 AM) [Round: 0976] ...successfully transmitted models to 10 selected clients!
[INFO](2026/08/19/ 05:50:25 AM) [Round: 0976] Start updating selected 10 clients...!
[INFO](2026/08/19/ 05:50:35 AM) [Round: 0976] ...10 clients are selected and updated (with total sample size: 28)!
[INFO](2026/08/19/ 05:50:35 AM) [Round: 0976] Aggregate updated weights of 10 clients...!
[INFO](2026/08/19/ 05:50:35 AM) [Round: 0976] ...updated weights of 10 clients are successfully averaged!
[INFO](2026/08/19/ 05:50:37 AM) [Round: 0976] Evaluate global model's performance...!                
	[Server] ...finished evaluation!                
	=> Loss: 84.1131                
	=> Accuracy: 3.10%

[INFO](2026/08/19/ 05:50:37 AM) [Round: 0977] Select clients...!
[INFO](2026/08/19/ 05:50:38 AM) [Round: 0977] ...successfully transmitted models to 10 selected clients!
[INFO](2026/08/19/ 05:50:38 AM) [Round: 0977] Start updating selected 10 clients...!
[INFO](2026/08/19/ 05:50:49 AM) [Round: 0977] ...10 clients are selected and updated (with total sample size: 52)!
[INFO](2026/08/19/ 05:50:50 AM) [Round: 0977] Aggregate updated weights of 10 clients...!
[INFO](2026/08/19/ 05:50:50 AM) [Round: 0977] ...updated weights of 10 clients are successfully averaged!
[INFO](2026/08/19/ 05:50:51 AM) [Round: 0977] Evaluate global model's performance...!                
	[Server] ...finished evaluation!                
	=> Loss: 63.4694                
	=> Accuracy: 3.33%

[INFO](2026/08/19/ 05:50:51 AM) [Round: 0978] Select clients...!
[INFO](2026/08/19/ 05:50:52 AM) [Round: 0978] ...successfully transmitted models to 10 selected clients!
[INFO](2026/08/19/ 05:50:52 AM) [Round: 0978] Start updating selected 10 clients...!
[INFO](2026/08/19/ 05:51:03 AM) [Round: 0978] ...10 clients are selected and updated (with total sample size: 42)!
[INFO](2026/08/19/ 05:51:03 AM) [Round: 0978] Aggregate updated weights of 10 clients...!
[INFO](2026/08/19/ 05:51:03 AM) [Round: 0978] ...updated weights of 10 clients are successfully averaged!
[INFO](2026/08/19/ 05:51:05 AM) [Round: 0978] Evaluate global model's performance...!                
	[Server] ...finished evaluation!                
	=> Loss: 73.8235                
	=> Accuracy: 3.10%

[INFO](2026/08/19/ 05:51:05 AM) [Round: 0979] Select clients...!
[INFO](2026/08/19/ 05:51:05 AM) [Round: 0979] ...successfully transmitted models to 10 selected clients!
[INFO](2026/08/19/ 05:51:05 AM) [Round: 0979] Start updating selected 10 clients...!
[INFO](2026/08/19/ 05:51:15 AM) [Round: 0979] ...10 clients are selected and updated (with total sample size: 42)!
[INFO](2026/08/19/ 05:51:15 AM) [Round: 0979] Aggregate updated weights of 10 clients...!
[INFO](2026/08/19/ 05:51:15 AM) [Round: 0979] ...updated weights of 10 clients are successfully averaged!
[INFO](2026/08/19/ 05:51:17 AM) [Round: 0979] Evaluate global model's performance...!                
	[Server] ...finished evaluation!                
	=> Loss: 74.2805                
	=> Accuracy: 3.57%

[INFO](2026/08/19/ 05:51:17 AM) [Round: 0980] Select clients...!
[INFO](2026/08/19/ 05:51:17 AM) [Round: 0980] ...successfully transmitted models to 10 selected clients!
[INFO](2026/08/19/ 05:51:17 AM) [Round: 0980] Start updating selected 10 clients...!
[INFO](2026/08/19/ 05:51:27 AM) [Round: 0980] ...10 clients are selected and updated (with total sample size: 43)!
[INFO](2026/08/19/ 05:51:27 AM) [Round: 0980] Aggregate updated weights of 10 clients...!
[INFO](2026/08/19/ 05:51:28 AM) [Round: 0980] ...updated weights of 10 clients are successfully averaged!
[INFO](2026/08/19/ 05:51:29 AM) [Round: 0980] Evaluate global model's performance...!                
	[Server] ...finished evaluation!                
	=> Loss: 93.3261                
	=> Accuracy: 3.33%

[INFO](2026/08/19/ 05:51:29 AM) [Round: 0981] Select clients...!
[INFO](2026/08/19/ 05:51:30 AM) [Round: 0981] ...successfully transmitted models to 10 selected clients!
[INFO](2026/08/19/ 05:51:30 AM) [Round: 0981] Start updating selected 10 clients...!
[INFO](2026/08/19/ 05:51:40 AM) [Round: 0981] ...10 clients are selected and updated (with total sample size: 28)!
[INFO](2026/08/19/ 05:51:40 AM) [Round: 0981] Aggregate updated weights of 10 clients...!
[INFO](2026/08/19/ 05:51:40 AM) [Round: 0981] ...updated weights of 10 clients are successfully averaged!
[INFO](2026/08/19/ 05:51:42 AM) [Round: 0981] Evaluate global model's performance...!                
	[Server] ...finished evaluation!                
	=> Loss: 79.5059                
	=> Accuracy: 3.10%

[INFO](2026/08/19/ 05:51:42 AM) [Round: 0982] Select clients...!
[INFO](2026/08/19/ 05:51:42 AM) [Round: 0982] ...successfully transmitted models to 10 selected clients!
[INFO](2026/08/19/ 05:51:42 AM) [Round: 0982] Start updating selected 10 clients...!
[INFO](2026/08/19/ 05:51:53 AM) [Round: 0982] ...10 clients are selected and updated (with total sample size: 52)!
[INFO](2026/08/19/ 05:51:53 AM) [Round: 0982] Aggregate updated weights of 10 clients...!
[INFO](2026/08/19/ 05:51:53 AM) [Round: 0982] ...updated weights of 10 clients are successfully averaged!
[INFO](2026/08/19/ 05:51:55 AM) [Round: 0982] Evaluate global model's performance...!                
	[Server] ...finished evaluation!                
	=> Loss: 75.7953                
	=> Accuracy: 3.57%

[INFO](2026/08/19/ 05:51:55 AM) [Round: 0983] Select clients...!
[INFO](2026/08/19/ 05:51:55 AM) [Round: 0983] ...successfully transmitted models to 10 selected clients!
[INFO](2026/08/19/ 05:51:55 AM) [Round: 0983] Start updating selected 10 clients...!
[INFO](2026/08/19/ 05:52:07 AM) [Round: 0983] ...10 clients are selected and updated (with total sample size: 43)!
[INFO](2026/08/19/ 05:52:07 AM) [Round: 0983] Aggregate updated weights of 10 clients...!
[INFO](2026/08/19/ 05:52:07 AM) [Round: 0983] ...updated weights of 10 clients are successfully averaged!
[INFO](2026/08/19/ 05:52:09 AM) [Round: 0983] Evaluate global model's performance...!                
	[Server] ...finished evaluation!                
	=> Loss: 75.3571                
	=> Accuracy: 4.52%

[INFO](2026/08/19/ 05:52:09 AM) [Round: 0984] Select clients...!
[INFO](2026/08/19/ 05:52:10 AM) [Round: 0984] ...successfully transmitted models to 10 selected clients!
[INFO](2026/08/19/ 05:52:10 AM) [Round: 0984] Start updating selected 10 clients...!
[INFO](2026/08/19/ 05:52:20 AM) [Round: 0984] ...10 clients are selected and updated (with total sample size: 39)!
[INFO](2026/08/19/ 05:52:20 AM) [Round: 0984] Aggregate updated weights of 10 clients...!
[INFO](2026/08/19/ 05:52:20 AM) [Round: 0984] ...updated weights of 10 clients are successfully averaged!
[INFO](2026/08/19/ 05:52:22 AM) [Round: 0984] Evaluate global model's performance...!                
	[Server] ...finished evaluation!                
	=> Loss: 82.4377                
	=> Accuracy: 3.33%

[INFO](2026/08/19/ 05:52:22 AM) [Round: 0985] Select clients...!
[INFO](2026/08/19/ 05:52:22 AM) [Round: 0985] ...successfully transmitted models to 10 selected clients!
[INFO](2026/08/19/ 05:52:23 AM) [Round: 0985] Start updating selected 10 clients...!
[INFO](2026/08/19/ 05:52:33 AM) [Round: 0985] ...10 clients are selected and updated (with total sample size: 39)!
[INFO](2026/08/19/ 05:52:33 AM) [Round: 0985] Aggregate updated weights of 10 clients...!
[INFO](2026/08/19/ 05:52:33 AM) [Round: 0985] ...updated weights of 10 clients are successfully averaged!
[INFO](2026/08/19/ 05:52:35 AM) [Round: 0985] Evaluate global model's performance...!                
	[Server] ...finished evaluation!                
	=> Loss: 78.6130                
	=> Accuracy: 3.57%

[INFO](2026/08/19/ 05:52:35 AM) [Round: 0986] Select clients...!
[INFO](2026/08/19/ 05:52:36 AM) [Round: 0986] ...successfully transmitted models to 10 selected clients!
[INFO](2026/08/19/ 05:52:36 AM) [Round: 0986] Start updating selected 10 clients...!
[INFO](2026/08/19/ 05:52:48 AM) [Round: 0986] ...10 clients are selected and updated (with total sample size: 43)!
[INFO](2026/08/19/ 05:52:48 AM) [Round: 0986] Aggregate updated weights of 10 clients...!
[INFO](2026/08/19/ 05:52:48 AM) [Round: 0986] ...updated weights of 10 clients are successfully averaged!
[INFO](2026/08/19/ 05:52:50 AM) [Round: 0986] Evaluate global model's performance...!                
	[Server] ...finished evaluation!                
	=> Loss: 62.1303                
	=> Accuracy: 4.05%

[INFO](2026/08/19/ 05:52:50 AM) [Round: 0987] Select clients...!
[INFO](2026/08/19/ 05:52:51 AM) [Round: 0987] ...successfully transmitted models to 10 selected clients!
[INFO](2026/08/19/ 05:52:51 AM) [Round: 0987] Start updating selected 10 clients...!
[INFO](2026/08/19/ 05:53:02 AM) [Round: 0987] ...10 clients are selected and updated (with total sample size: 57)!
[INFO](2026/08/19/ 05:53:02 AM) [Round: 0987] Aggregate updated weights of 10 clients...!
[INFO](2026/08/19/ 05:53:02 AM) [Round: 0987] ...updated weights of 10 clients are successfully averaged!
[INFO](2026/08/19/ 05:53:04 AM) [Round: 0987] Evaluate global model's performance...!                
	[Server] ...finished evaluation!                
	=> Loss: 65.4982                
	=> Accuracy: 4.76%

[INFO](2026/08/19/ 05:53:04 AM) [Round: 0988] Select clients...!
[INFO](2026/08/19/ 05:53:05 AM) [Round: 0988] ...successfully transmitted models to 10 selected clients!
[INFO](2026/08/19/ 05:53:05 AM) [Round: 0988] Start updating selected 10 clients...!
[INFO](2026/08/19/ 05:53:15 AM) [Round: 0988] ...10 clients are selected and updated (with total sample size: 57)!
[INFO](2026/08/19/ 05:53:15 AM) [Round: 0988] Aggregate updated weights of 10 clients...!
[INFO](2026/08/19/ 05:53:16 AM) [Round: 0988] ...updated weights of 10 clients are successfully averaged!
[INFO](2026/08/19/ 05:53:17 AM) [Round: 0988] Evaluate global model's performance...!                
	[Server] ...finished evaluation!                
	=> Loss: 64.9977                
	=> Accuracy: 3.33%

[INFO](2026/08/19/ 05:53:17 AM) [Round: 0989] Select clients...!
[INFO](2026/08/19/ 05:53:18 AM) [Round: 0989] ...successfully transmitted models to 10 selected clients!
[INFO](2026/08/19/ 05:53:18 AM) [Round: 0989] Start updating selected 10 clients...!
[INFO](2026/08/19/ 05:53:28 AM) [Round: 0989] ...10 clients are selected and updated (with total sample size: 56)!
[INFO](2026/08/19/ 05:53:28 AM) [Round: 0989] Aggregate updated weights of 10 clients...!
[INFO](2026/08/19/ 05:53:29 AM) [Round: 0989] ...updated weights of 10 clients are successfully averaged!
[INFO](2026/08/19/ 05:53:31 AM) [Round: 0989] Evaluate global model's performance...!                
	[Server] ...finished evaluation!                
	=> Loss: 83.3317                
	=> Accuracy: 5.24%

[INFO](2026/08/19/ 05:53:31 AM) [Round: 0990] Select clients...!
[INFO](2026/08/19/ 05:53:31 AM) [Round: 0990] ...successfully transmitted models to 10 selected clients!
[INFO](2026/08/19/ 05:53:31 AM) [Round: 0990] Start updating selected 10 clients...!
[INFO](2026/08/19/ 05:53:42 AM) [Round: 0990] ...10 clients are selected and updated (with total sample size: 52)!
[INFO](2026/08/19/ 05:53:42 AM) [Round: 0990] Aggregate updated weights of 10 clients...!
[INFO](2026/08/19/ 05:53:42 AM) [Round: 0990] ...updated weights of 10 clients are successfully averaged!
[INFO](2026/08/19/ 05:53:44 AM) [Round: 0990] Evaluate global model's performance...!                
	[Server] ...finished evaluation!                
	=> Loss: 65.7068                
	=> Accuracy: 5.24%

[INFO](2026/08/19/ 05:53:44 AM) [Round: 0991] Select clients...!
[INFO](2026/08/19/ 05:53:45 AM) [Round: 0991] ...successfully transmitted models to 10 selected clients!
[INFO](2026/08/19/ 05:53:45 AM) [Round: 0991] Start updating selected 10 clients...!
[INFO](2026/08/19/ 05:53:56 AM) [Round: 0991] ...10 clients are selected and updated (with total sample size: 39)!
[INFO](2026/08/19/ 05:53:56 AM) [Round: 0991] Aggregate updated weights of 10 clients...!
[INFO](2026/08/19/ 05:53:56 AM) [Round: 0991] ...updated weights of 10 clients are successfully averaged!
[INFO](2026/08/19/ 05:53:58 AM) [Round: 0991] Evaluate global model's performance...!                
	[Server] ...finished evaluation!                
	=> Loss: 95.8814                
	=> Accuracy: 5.24%

[INFO](2026/08/19/ 05:53:58 AM) [Round: 0992] Select clients...!
[INFO](2026/08/19/ 05:53:59 AM) [Round: 0992] ...successfully transmitted models to 10 selected clients!
[INFO](2026/08/19/ 05:53:59 AM) [Round: 0992] Start updating selected 10 clients...!
[INFO](2026/08/19/ 05:54:11 AM) [Round: 0992] ...10 clients are selected and updated (with total sample size: 43)!
[INFO](2026/08/19/ 05:54:11 AM) [Round: 0992] Aggregate updated weights of 10 clients...!
[INFO](2026/08/19/ 05:54:11 AM) [Round: 0992] ...updated weights of 10 clients are successfully averaged!
[INFO](2026/08/19/ 05:54:13 AM) [Round: 0992] Evaluate global model's performance...!                
	[Server] ...finished evaluation!                
	=> Loss: 63.2296                
	=> Accuracy: 4.76%

[INFO](2026/08/19/ 05:54:13 AM) [Round: 0993] Select clients...!
[INFO](2026/08/19/ 05:54:13 AM) [Round: 0993] ...successfully transmitted models to 10 selected clients!
[INFO](2026/08/19/ 05:54:13 AM) [Round: 0993] Start updating selected 10 clients...!
[INFO](2026/08/19/ 05:54:24 AM) [Round: 0993] ...10 clients are selected and updated (with total sample size: 52)!
[INFO](2026/08/19/ 05:54:24 AM) [Round: 0993] Aggregate updated weights of 10 clients...!
[INFO](2026/08/19/ 05:54:24 AM) [Round: 0993] ...updated weights of 10 clients are successfully averaged!
[INFO](2026/08/19/ 05:54:26 AM) [Round: 0993] Evaluate global model's performance...!                
	[Server] ...finished evaluation!                
	=> Loss: 47.4471                
	=> Accuracy: 5.48%

[INFO](2026/08/19/ 05:54:26 AM) [Round: 0994] Select clients...!
[INFO](2026/08/19/ 05:54:27 AM) [Round: 0994] ...successfully transmitted models to 10 selected clients!
[INFO](2026/08/19/ 05:54:27 AM) [Round: 0994] Start updating selected 10 clients...!
[INFO](2026/08/19/ 05:54:37 AM) [Round: 0994] ...10 clients are selected and updated (with total sample size: 42)!
[INFO](2026/08/19/ 05:54:37 AM) [Round: 0994] Aggregate updated weights of 10 clients...!
[INFO](2026/08/19/ 05:54:38 AM) [Round: 0994] ...updated weights of 10 clients are successfully averaged!
[INFO](2026/08/19/ 05:54:39 AM) [Round: 0994] Evaluate global model's performance...!                
	[Server] ...finished evaluation!                
	=> Loss: 57.2009                
	=> Accuracy: 5.48%

[INFO](2026/08/19/ 05:54:39 AM) [Round: 0995] Select clients...!
[INFO](2026/08/19/ 05:54:40 AM) [Round: 0995] ...successfully transmitted models to 10 selected clients!
[INFO](2026/08/19/ 05:54:40 AM) [Round: 0995] Start updating selected 10 clients...!
[INFO](2026/08/19/ 05:54:50 AM) [Round: 0995] ...10 clients are selected and updated (with total sample size: 39)!
[INFO](2026/08/19/ 05:54:51 AM) [Round: 0995] Aggregate updated weights of 10 clients...!
[INFO](2026/08/19/ 05:54:51 AM) [Round: 0995] ...updated weights of 10 clients are successfully averaged!
[INFO](2026/08/19/ 05:54:52 AM) [Round: 0995] Evaluate global model's performance...!                
	[Server] ...finished evaluation!                
	=> Loss: 54.3523                
	=> Accuracy: 3.81%

[INFO](2026/08/19/ 05:54:52 AM) [Round: 0996] Select clients...!
[INFO](2026/08/19/ 05:54:53 AM) [Round: 0996] ...successfully transmitted models to 10 selected clients!
[INFO](2026/08/19/ 05:54:53 AM) [Round: 0996] Start updating selected 10 clients...!
[INFO](2026/08/19/ 05:55:04 AM) [Round: 0996] ...10 clients are selected and updated (with total sample size: 39)!
[INFO](2026/08/19/ 05:55:04 AM) [Round: 0996] Aggregate updated weights of 10 clients...!
[INFO](2026/08/19/ 05:55:05 AM) [Round: 0996] ...updated weights of 10 clients are successfully averaged!
[INFO](2026/08/19/ 05:55:06 AM) [Round: 0996] Evaluate global model's performance...!                
	[Server] ...finished evaluation!                
	=> Loss: 58.1746                
	=> Accuracy: 5.71%

[INFO](2026/08/19/ 05:55:06 AM) [Round: 0997] Select clients...!
[INFO](2026/08/19/ 05:55:07 AM) [Round: 0997] ...successfully transmitted models to 10 selected clients!
[INFO](2026/08/19/ 05:55:07 AM) [Round: 0997] Start updating selected 10 clients...!
[INFO](2026/08/19/ 05:55:15 AM) [Round: 0997] ...10 clients are selected and updated (with total sample size: 30)!
[INFO](2026/08/19/ 05:55:15 AM) [Round: 0997] Aggregate updated weights of 10 clients...!
[INFO](2026/08/19/ 05:55:16 AM) [Round: 0997] ...updated weights of 10 clients are successfully averaged!
[INFO](2026/08/19/ 05:55:18 AM) [Round: 0997] Evaluate global model's performance...!                
	[Server] ...finished evaluation!                
	=> Loss: 57.4573                
	=> Accuracy: 4.05%

[INFO](2026/08/19/ 05:55:18 AM) [Round: 0998] Select clients...!
[INFO](2026/08/19/ 05:55:18 AM) [Round: 0998] ...successfully transmitted models to 10 selected clients!
[INFO](2026/08/19/ 05:55:19 AM) [Round: 0998] Start updating selected 10 clients...!
[INFO](2026/08/19/ 05:55:30 AM) [Round: 0998] ...10 clients are selected and updated (with total sample size: 43)!
[INFO](2026/08/19/ 05:55:30 AM) [Round: 0998] Aggregate updated weights of 10 clients...!
[INFO](2026/08/19/ 05:55:30 AM) [Round: 0998] ...updated weights of 10 clients are successfully averaged!
[INFO](2026/08/19/ 05:55:32 AM) [Round: 0998] Evaluate global model's performance...!                
	[Server] ...finished evaluation!                
	=> Loss: 62.7111                
	=> Accuracy: 5.71%

[INFO](2026/08/19/ 05:55:32 AM) [Round: 0999] Select clients...!
[INFO](2026/08/19/ 05:55:33 AM) [Round: 0999] ...successfully transmitted models to 10 selected clients!
[INFO](2026/08/19/ 05:55:33 AM) [Round: 0999] Start updating selected 10 clients...!
[INFO](2026/08/19/ 05:55:45 AM) [Round: 0999] ...10 clients are selected and updated (with total sample size: 43)!
[INFO](2026/08/19/ 05:55:46 AM) [Round: 0999] Aggregate updated weights of 10 clients...!
[INFO](2026/08/19/ 05:55:46 AM) [Round: 0999] ...updated weights of 10 clients are successfully averaged!
[INFO](2026/08/19/ 05:55:48 AM) [Round: 0999] Evaluate global model's performance...!                
	[Server] ...finished evaluation!                
	=> Loss: 61.6184                
	=> Accuracy: 4.29%

[INFO](2026/08/19/ 05:55:48 AM) [Round: 1000] Select clients...!
[INFO](2026/08/19/ 05:55:48 AM) [Round: 1000] ...successfully transmitted models to 10 selected clients!
[INFO](2026/08/19/ 05:55:48 AM) [Round: 1000] Start updating selected 10 clients...!
[INFO](2026/08/19/ 05:56:01 AM) [Round: 1000] ...10 clients are selected and updated (with total sample size: 43)!
[INFO](2026/08/19/ 05:56:01 AM) [Round: 1000] Aggregate updated weights of 10 clients...!
[INFO](2026/08/19/ 05:56:01 AM) [Round: 1000] ...updated weights of 10 clients are successfully averaged!
[INFO](2026/08/19/ 05:56:03 AM) [Round: 1000] Evaluate global model's performance...!                
	[Server] ...finished evaluation!                
	=> Loss: 58.8863                
	=> Accuracy: 5.71%

[INFO](2026/08/19/ 05:56:05 AM) [Round: 1000] ...successfully transmitted models to all 42 clients!
[INFO](2026/08/19/ 05:56:05 AM) ...done all learning process!
...exit program!
