[INFO](2026/09/13/ 09:54:36 PM) 
[WELCOME] Unfolding configurations...!
[INFO](2026/09/13/ 09:54:36 PM) {'global_config': {'seed': 5959, 'device': 'cuda:0', 'is_mp': False}}
[INFO](2026/09/13/ 09:54:36 PM) {'data_config': {'data_path': './data/', 'dataset_name': 'ucml', 'num_shards': 210, 'iid': False, 'diri': True, 'alpha': 0.1}}
[INFO](2026/09/13/ 09:54:36 PM) {'fed_config': {'C': 0.24, 'K': 42, 'R': 1000, 'E': 5, 'B': 10, 'criterion': 'torch.nn.CrossEntropyLoss', 'optimizer': 'torch.optim.SGD'}}
[INFO](2026/09/13/ 09:54:36 PM) {'optim_config': {'lr': 0.05, 'momentum': 0.9}}
[INFO](2026/09/13/ 09:54:36 PM) {'init_config': {'init_type': 'xavier', 'init_gain': 1.0, 'gpu_ids': [0]}}
[INFO](2026/09/13/ 09:54:36 PM) {'model_config': {'name': 'ResNet18', 'inplanes': 64, 'num_classes': 21}}
[INFO](2026/09/13/ 09:54:36 PM) {'log_config': {'log_path': './log/2026-09-13_21_54_33', 'log_name': 'FL.log', 'tb_port': 5255, 'tb_host': '0.0.0.0'}}
[INFO](2026/09/13/ 09:54:36 PM) {'cl_config': {'cl_dim': 2048, 'cl_gamma': 0.05, 'cl_temp': 0.05, 'cl_K': 50}}
[INFO](2026/09/13/ 09:54:37 PM) [Round: 0000] ...successfully initialized model (# parameters: 12763349)!
[INFO](2026/09/13/ 09:54:37 PM) [Round: 0000] ...successfully created all 42 clients!
[INFO](2026/09/13/ 09:54:37 PM) [Round: 0000] ...successfully finished setup of all 42 clients!
[INFO](2026/09/13/ 09:54:38 PM) [Round: 0000] ...successfully transmitted models to all 42 clients!
[INFO](2026/09/13/ 09:54:38 PM) [Round: 0001] Select clients...!
[INFO](2026/09/13/ 09:54:38 PM) [Round: 0001] ...successfully transmitted models to 10 selected clients!
[INFO](2026/09/13/ 09:54:39 PM) [Round: 0001] Start updating selected 10 clients...!
[INFO](2026/09/13/ 09:55:51 PM) [Round: 0001] ...10 clients are selected and updated (with total sample size: 55)!
[INFO](2026/09/13/ 09:55:51 PM) [Round: 0001] Aggregate updated weights of 10 clients...!
[INFO](2026/09/13/ 09:55:51 PM) [Round: 0001] ...updated weights of 10 clients are successfully averaged!
[INFO](2026/09/13/ 09:56:08 PM) [Round: 0001] Evaluate global model's performance...!                
	[Server] ...finished evaluation!                
	=> Loss: 3.9740                
	=> Accuracy: 4.76%

[INFO](2026/09/13/ 09:56:08 PM) [Round: 0002] Select clients...!
[INFO](2026/09/13/ 09:56:08 PM) [Round: 0002] ...successfully transmitted models to 10 selected clients!
[INFO](2026/09/13/ 09:56:08 PM) [Round: 0002] Start updating selected 10 clients...!
[INFO](2026/09/13/ 09:57:16 PM) [Round: 0002] ...10 clients are selected and updated (with total sample size: 27)!
[INFO](2026/09/13/ 09:57:16 PM) [Round: 0002] Aggregate updated weights of 10 clients...!
[INFO](2026/09/13/ 09:57:16 PM) [Round: 0002] ...updated weights of 10 clients are successfully averaged!
[INFO](2026/09/13/ 09:57:18 PM) [Round: 0002] Evaluate global model's performance...!                
	[Server] ...finished evaluation!                
	=> Loss: 6.5846                
	=> Accuracy: 4.76%

[INFO](2026/09/13/ 09:57:18 PM) [Round: 0003] Select clients...!
[INFO](2026/09/13/ 09:57:19 PM) [Round: 0003] ...successfully transmitted models to 10 selected clients!
[INFO](2026/09/13/ 09:57:19 PM) [Round: 0003] Start updating selected 10 clients...!
[INFO](2026/09/13/ 09:57:59 PM) [Round: 0003] ...10 clients are selected and updated (with total sample size: 60)!
[INFO](2026/09/13/ 09:57:59 PM) [Round: 0003] Aggregate updated weights of 10 clients...!
[INFO](2026/09/13/ 09:57:59 PM) [Round: 0003] ...updated weights of 10 clients are successfully averaged!
[INFO](2026/09/13/ 09:58:00 PM) [Round: 0003] Evaluate global model's performance...!                
	[Server] ...finished evaluation!                
	=> Loss: 5.5618                
	=> Accuracy: 7.86%

[INFO](2026/09/13/ 09:58:00 PM) [Round: 0004] Select clients...!
[INFO](2026/09/13/ 09:58:01 PM) [Round: 0004] ...successfully transmitted models to 10 selected clients!
[INFO](2026/09/13/ 09:58:01 PM) [Round: 0004] Start updating selected 10 clients...!
[INFO](2026/09/13/ 09:58:36 PM) [Round: 0004] ...10 clients are selected and updated (with total sample size: 55)!
[INFO](2026/09/13/ 09:58:37 PM) [Round: 0004] Aggregate updated weights of 10 clients...!
[INFO](2026/09/13/ 09:58:37 PM) [Round: 0004] ...updated weights of 10 clients are successfully averaged!
[INFO](2026/09/13/ 09:58:38 PM) [Round: 0004] Evaluate global model's performance...!                
	[Server] ...finished evaluation!                
	=> Loss: 3.8236                
	=> Accuracy: 4.05%

[INFO](2026/09/13/ 09:58:38 PM) [Round: 0005] Select clients...!
[INFO](2026/09/13/ 09:58:38 PM) [Round: 0005] ...successfully transmitted models to 10 selected clients!
[INFO](2026/09/13/ 09:58:38 PM) [Round: 0005] Start updating selected 10 clients...!
[INFO](2026/09/13/ 09:59:12 PM) [Round: 0005] ...10 clients are selected and updated (with total sample size: 60)!
[INFO](2026/09/13/ 09:59:12 PM) [Round: 0005] Aggregate updated weights of 10 clients...!
[INFO](2026/09/13/ 09:59:12 PM) [Round: 0005] ...updated weights of 10 clients are successfully averaged!
[INFO](2026/09/13/ 09:59:13 PM) [Round: 0005] Evaluate global model's performance...!                
	[Server] ...finished evaluation!                
	=> Loss: 3.5201                
	=> Accuracy: 8.33%

[INFO](2026/09/13/ 09:59:14 PM) [Round: 0006] Select clients...!
[INFO](2026/09/13/ 09:59:14 PM) [Round: 0006] ...successfully transmitted models to 10 selected clients!
[INFO](2026/09/13/ 09:59:14 PM) [Round: 0006] Start updating selected 10 clients...!
[INFO](2026/09/13/ 09:59:44 PM) [Round: 0006] ...10 clients are selected and updated (with total sample size: 64)!
[INFO](2026/09/13/ 09:59:44 PM) [Round: 0006] Aggregate updated weights of 10 clients...!
[INFO](2026/09/13/ 09:59:44 PM) [Round: 0006] ...updated weights of 10 clients are successfully averaged!
[INFO](2026/09/13/ 09:59:45 PM) [Round: 0006] Evaluate global model's performance...!                
	[Server] ...finished evaluation!                
	=> Loss: 3.2282                
	=> Accuracy: 8.10%

[INFO](2026/09/13/ 09:59:46 PM) [Round: 0007] Select clients...!
[INFO](2026/09/13/ 09:59:46 PM) [Round: 0007] ...successfully transmitted models to 10 selected clients!
[INFO](2026/09/13/ 09:59:46 PM) [Round: 0007] Start updating selected 10 clients...!
[INFO](2026/09/13/ 10:00:16 PM) [Round: 0007] ...10 clients are selected and updated (with total sample size: 26)!
[INFO](2026/09/13/ 10:00:16 PM) [Round: 0007] Aggregate updated weights of 10 clients...!
[INFO](2026/09/13/ 10:00:16 PM) [Round: 0007] ...updated weights of 10 clients are successfully averaged!
[INFO](2026/09/13/ 10:00:18 PM) [Round: 0007] Evaluate global model's performance...!                
	[Server] ...finished evaluation!                
	=> Loss: 3.1655                
	=> Accuracy: 10.00%

[INFO](2026/09/13/ 10:00:18 PM) [Round: 0008] Select clients...!
[INFO](2026/09/13/ 10:00:18 PM) [Round: 0008] ...successfully transmitted models to 10 selected clients!
[INFO](2026/09/13/ 10:00:18 PM) [Round: 0008] Start updating selected 10 clients...!
[INFO](2026/09/13/ 10:00:51 PM) [Round: 0008] ...10 clients are selected and updated (with total sample size: 55)!
[INFO](2026/09/13/ 10:00:51 PM) [Round: 0008] Aggregate updated weights of 10 clients...!
[INFO](2026/09/13/ 10:00:51 PM) [Round: 0008] ...updated weights of 10 clients are successfully averaged!
[INFO](2026/09/13/ 10:00:53 PM) [Round: 0008] Evaluate global model's performance...!                
	[Server] ...finished evaluation!                
	=> Loss: 3.1821                
	=> Accuracy: 9.29%

[INFO](2026/09/13/ 10:00:53 PM) [Round: 0009] Select clients...!
[INFO](2026/09/13/ 10:00:53 PM) [Round: 0009] ...successfully transmitted models to 10 selected clients!
[INFO](2026/09/13/ 10:00:53 PM) [Round: 0009] Start updating selected 10 clients...!
[INFO](2026/09/13/ 10:01:31 PM) [Round: 0009] ...10 clients are selected and updated (with total sample size: 27)!
[INFO](2026/09/13/ 10:01:31 PM) [Round: 0009] Aggregate updated weights of 10 clients...!
[INFO](2026/09/13/ 10:01:31 PM) [Round: 0009] ...updated weights of 10 clients are successfully averaged!
[INFO](2026/09/13/ 10:01:32 PM) [Round: 0009] Evaluate global model's performance...!                
	[Server] ...finished evaluation!                
	=> Loss: 3.0617                
	=> Accuracy: 17.14%

[INFO](2026/09/13/ 10:01:33 PM) [Round: 0010] Select clients...!
[INFO](2026/09/13/ 10:01:33 PM) [Round: 0010] ...successfully transmitted models to 10 selected clients!
[INFO](2026/09/13/ 10:01:33 PM) [Round: 0010] Start updating selected 10 clients...!
[INFO](2026/09/13/ 10:02:12 PM) [Round: 0010] ...10 clients are selected and updated (with total sample size: 42)!
[INFO](2026/09/13/ 10:02:12 PM) [Round: 0010] Aggregate updated weights of 10 clients...!
[INFO](2026/09/13/ 10:02:12 PM) [Round: 0010] ...updated weights of 10 clients are successfully averaged!
[INFO](2026/09/13/ 10:02:13 PM) [Round: 0010] Evaluate global model's performance...!                
	[Server] ...finished evaluation!                
	=> Loss: 2.9998                
	=> Accuracy: 13.33%

[INFO](2026/09/13/ 10:02:13 PM) [Round: 0011] Select clients...!
[INFO](2026/09/13/ 10:02:14 PM) [Round: 0011] ...successfully transmitted models to 10 selected clients!
[INFO](2026/09/13/ 10:02:14 PM) [Round: 0011] Start updating selected 10 clients...!
[INFO](2026/09/13/ 10:02:45 PM) [Round: 0011] ...10 clients are selected and updated (with total sample size: 48)!
[INFO](2026/09/13/ 10:02:45 PM) [Round: 0011] Aggregate updated weights of 10 clients...!
[INFO](2026/09/13/ 10:02:45 PM) [Round: 0011] ...updated weights of 10 clients are successfully averaged!
[INFO](2026/09/13/ 10:02:47 PM) [Round: 0011] Evaluate global model's performance...!                
	[Server] ...finished evaluation!                
	=> Loss: 2.9820                
	=> Accuracy: 18.81%

[INFO](2026/09/13/ 10:02:47 PM) [Round: 0012] Select clients...!
[INFO](2026/09/13/ 10:02:47 PM) [Round: 0012] ...successfully transmitted models to 10 selected clients!
[INFO](2026/09/13/ 10:02:47 PM) [Round: 0012] Start updating selected 10 clients...!
[INFO](2026/09/13/ 10:03:16 PM) [Round: 0012] ...10 clients are selected and updated (with total sample size: 48)!
[INFO](2026/09/13/ 10:03:16 PM) [Round: 0012] Aggregate updated weights of 10 clients...!
[INFO](2026/09/13/ 10:03:16 PM) [Round: 0012] ...updated weights of 10 clients are successfully averaged!
[INFO](2026/09/13/ 10:03:18 PM) [Round: 0012] Evaluate global model's performance...!                
	[Server] ...finished evaluation!                
	=> Loss: 2.8560                
	=> Accuracy: 13.10%

[INFO](2026/09/13/ 10:03:18 PM) [Round: 0013] Select clients...!
[INFO](2026/09/13/ 10:03:18 PM) [Round: 0013] ...successfully transmitted models to 10 selected clients!
[INFO](2026/09/13/ 10:03:18 PM) [Round: 0013] Start updating selected 10 clients...!
[INFO](2026/09/13/ 10:03:54 PM) [Round: 0013] ...10 clients are selected and updated (with total sample size: 44)!
[INFO](2026/09/13/ 10:03:54 PM) [Round: 0013] Aggregate updated weights of 10 clients...!
[INFO](2026/09/13/ 10:03:54 PM) [Round: 0013] ...updated weights of 10 clients are successfully averaged!
[INFO](2026/09/13/ 10:03:55 PM) [Round: 0013] Evaluate global model's performance...!                
	[Server] ...finished evaluation!                
	=> Loss: 2.9610                
	=> Accuracy: 8.33%

[INFO](2026/09/13/ 10:03:55 PM) [Round: 0014] Select clients...!
[INFO](2026/09/13/ 10:03:56 PM) [Round: 0014] ...successfully transmitted models to 10 selected clients!
[INFO](2026/09/13/ 10:03:56 PM) [Round: 0014] Start updating selected 10 clients...!
[INFO](2026/09/13/ 10:04:27 PM) [Round: 0014] ...10 clients are selected and updated (with total sample size: 18)!
[INFO](2026/09/13/ 10:04:27 PM) [Round: 0014] Aggregate updated weights of 10 clients...!
[INFO](2026/09/13/ 10:04:28 PM) [Round: 0014] ...updated weights of 10 clients are successfully averaged!
[INFO](2026/09/13/ 10:04:29 PM) [Round: 0014] Evaluate global model's performance...!                
	[Server] ...finished evaluation!                
	=> Loss: 2.7780                
	=> Accuracy: 10.71%

[INFO](2026/09/13/ 10:04:29 PM) [Round: 0015] Select clients...!
[INFO](2026/09/13/ 10:04:29 PM) [Round: 0015] ...successfully transmitted models to 10 selected clients!
[INFO](2026/09/13/ 10:04:29 PM) [Round: 0015] Start updating selected 10 clients...!
[INFO](2026/09/13/ 10:05:15 PM) [Round: 0015] ...10 clients are selected and updated (with total sample size: 27)!
[INFO](2026/09/13/ 10:05:15 PM) [Round: 0015] Aggregate updated weights of 10 clients...!
[INFO](2026/09/13/ 10:05:16 PM) [Round: 0015] ...updated weights of 10 clients are successfully averaged!
[INFO](2026/09/13/ 10:05:17 PM) [Round: 0015] Evaluate global model's performance...!                
	[Server] ...finished evaluation!                
	=> Loss: 3.0504                
	=> Accuracy: 14.76%

[INFO](2026/09/13/ 10:05:17 PM) [Round: 0016] Select clients...!
[INFO](2026/09/13/ 10:05:17 PM) [Round: 0016] ...successfully transmitted models to 10 selected clients!
[INFO](2026/09/13/ 10:05:17 PM) [Round: 0016] Start updating selected 10 clients...!
[INFO](2026/09/13/ 10:05:52 PM) [Round: 0016] ...10 clients are selected and updated (with total sample size: 18)!
[INFO](2026/09/13/ 10:05:53 PM) [Round: 0016] Aggregate updated weights of 10 clients...!
[INFO](2026/09/13/ 10:05:53 PM) [Round: 0016] ...updated weights of 10 clients are successfully averaged!
[INFO](2026/09/13/ 10:05:54 PM) [Round: 0016] Evaluate global model's performance...!                
	[Server] ...finished evaluation!                
	=> Loss: 2.7964                
	=> Accuracy: 12.14%

[INFO](2026/09/13/ 10:05:54 PM) [Round: 0017] Select clients...!
[INFO](2026/09/13/ 10:05:54 PM) [Round: 0017] ...successfully transmitted models to 10 selected clients!
[INFO](2026/09/13/ 10:05:55 PM) [Round: 0017] Start updating selected 10 clients...!
[INFO](2026/09/13/ 10:06:21 PM) [Round: 0017] ...10 clients are selected and updated (with total sample size: 18)!
[INFO](2026/09/13/ 10:06:21 PM) [Round: 0017] Aggregate updated weights of 10 clients...!
[INFO](2026/09/13/ 10:06:22 PM) [Round: 0017] ...updated weights of 10 clients are successfully averaged!
[INFO](2026/09/13/ 10:06:23 PM) [Round: 0017] Evaluate global model's performance...!                
	[Server] ...finished evaluation!                
	=> Loss: 2.7874                
	=> Accuracy: 17.62%

[INFO](2026/09/13/ 10:06:23 PM) [Round: 0018] Select clients...!
[INFO](2026/09/13/ 10:06:23 PM) [Round: 0018] ...successfully transmitted models to 10 selected clients!
[INFO](2026/09/13/ 10:06:23 PM) [Round: 0018] Start updating selected 10 clients...!
[INFO](2026/09/13/ 10:06:53 PM) [Round: 0018] ...10 clients are selected and updated (with total sample size: 45)!
[INFO](2026/09/13/ 10:06:53 PM) [Round: 0018] Aggregate updated weights of 10 clients...!
[INFO](2026/09/13/ 10:06:53 PM) [Round: 0018] ...updated weights of 10 clients are successfully averaged!
[INFO](2026/09/13/ 10:06:54 PM) [Round: 0018] Evaluate global model's performance...!                
	[Server] ...finished evaluation!                
	=> Loss: 2.8480                
	=> Accuracy: 14.76%

[INFO](2026/09/13/ 10:06:55 PM) [Round: 0019] Select clients...!
[INFO](2026/09/13/ 10:06:55 PM) [Round: 0019] ...successfully transmitted models to 10 selected clients!
[INFO](2026/09/13/ 10:06:55 PM) [Round: 0019] Start updating selected 10 clients...!
[INFO](2026/09/13/ 10:07:24 PM) [Round: 0019] ...10 clients are selected and updated (with total sample size: 18)!
[INFO](2026/09/13/ 10:07:24 PM) [Round: 0019] Aggregate updated weights of 10 clients...!
[INFO](2026/09/13/ 10:07:24 PM) [Round: 0019] ...updated weights of 10 clients are successfully averaged!
[INFO](2026/09/13/ 10:07:25 PM) [Round: 0019] Evaluate global model's performance...!                
	[Server] ...finished evaluation!                
	=> Loss: 2.6283                
	=> Accuracy: 17.86%

[INFO](2026/09/13/ 10:07:25 PM) [Round: 0020] Select clients...!
[INFO](2026/09/13/ 10:07:25 PM) [Round: 0020] ...successfully transmitted models to 10 selected clients!
[INFO](2026/09/13/ 10:07:26 PM) [Round: 0020] Start updating selected 10 clients...!
[INFO](2026/09/13/ 10:07:50 PM) [Round: 0020] ...10 clients are selected and updated (with total sample size: 26)!
[INFO](2026/09/13/ 10:07:50 PM) [Round: 0020] Aggregate updated weights of 10 clients...!
[INFO](2026/09/13/ 10:07:50 PM) [Round: 0020] ...updated weights of 10 clients are successfully averaged!
[INFO](2026/09/13/ 10:07:51 PM) [Round: 0020] Evaluate global model's performance...!                
	[Server] ...finished evaluation!                
	=> Loss: 2.6596                
	=> Accuracy: 19.05%

[INFO](2026/09/13/ 10:07:51 PM) [Round: 0021] Select clients...!
[INFO](2026/09/13/ 10:07:52 PM) [Round: 0021] ...successfully transmitted models to 10 selected clients!
[INFO](2026/09/13/ 10:07:52 PM) [Round: 0021] Start updating selected 10 clients...!
[INFO](2026/09/13/ 10:08:46 PM) [Round: 0021] ...10 clients are selected and updated (with total sample size: 41)!
[INFO](2026/09/13/ 10:08:46 PM) [Round: 0021] Aggregate updated weights of 10 clients...!
[INFO](2026/09/13/ 10:08:46 PM) [Round: 0021] ...updated weights of 10 clients are successfully averaged!
[INFO](2026/09/13/ 10:08:48 PM) [Round: 0021] Evaluate global model's performance...!                
	[Server] ...finished evaluation!                
	=> Loss: 2.9726                
	=> Accuracy: 14.05%

[INFO](2026/09/13/ 10:08:48 PM) [Round: 0022] Select clients...!
[INFO](2026/09/13/ 10:08:48 PM) [Round: 0022] ...successfully transmitted models to 10 selected clients!
[INFO](2026/09/13/ 10:08:48 PM) [Round: 0022] Start updating selected 10 clients...!
[INFO](2026/09/13/ 10:09:38 PM) [Round: 0022] ...10 clients are selected and updated (with total sample size: 18)!
[INFO](2026/09/13/ 10:09:38 PM) [Round: 0022] Aggregate updated weights of 10 clients...!
[INFO](2026/09/13/ 10:09:39 PM) [Round: 0022] ...updated weights of 10 clients are successfully averaged!
[INFO](2026/09/13/ 10:09:40 PM) [Round: 0022] Evaluate global model's performance...!                
	[Server] ...finished evaluation!                
	=> Loss: 2.8873                
	=> Accuracy: 13.81%

[INFO](2026/09/13/ 10:09:40 PM) [Round: 0023] Select clients...!
[INFO](2026/09/13/ 10:09:41 PM) [Round: 0023] ...successfully transmitted models to 10 selected clients!
[INFO](2026/09/13/ 10:09:41 PM) [Round: 0023] Start updating selected 10 clients...!
[INFO](2026/09/13/ 10:10:20 PM) [Round: 0023] ...10 clients are selected and updated (with total sample size: 60)!
[INFO](2026/09/13/ 10:10:20 PM) [Round: 0023] Aggregate updated weights of 10 clients...!
[INFO](2026/09/13/ 10:10:20 PM) [Round: 0023] ...updated weights of 10 clients are successfully averaged!
[INFO](2026/09/13/ 10:10:22 PM) [Round: 0023] Evaluate global model's performance...!                
	[Server] ...finished evaluation!                
	=> Loss: 2.9646                
	=> Accuracy: 19.05%

[INFO](2026/09/13/ 10:10:22 PM) [Round: 0024] Select clients...!
[INFO](2026/09/13/ 10:10:22 PM) [Round: 0024] ...successfully transmitted models to 10 selected clients!
[INFO](2026/09/13/ 10:10:22 PM) [Round: 0024] Start updating selected 10 clients...!
[INFO](2026/09/13/ 10:11:07 PM) [Round: 0024] ...10 clients are selected and updated (with total sample size: 27)!
[INFO](2026/09/13/ 10:11:07 PM) [Round: 0024] Aggregate updated weights of 10 clients...!
[INFO](2026/09/13/ 10:11:07 PM) [Round: 0024] ...updated weights of 10 clients are successfully averaged!
[INFO](2026/09/13/ 10:11:08 PM) [Round: 0024] Evaluate global model's performance...!                
	[Server] ...finished evaluation!                
	=> Loss: 2.5314                
	=> Accuracy: 23.10%

[INFO](2026/09/13/ 10:11:09 PM) [Round: 0025] Select clients...!
[INFO](2026/09/13/ 10:11:09 PM) [Round: 0025] ...successfully transmitted models to 10 selected clients!
[INFO](2026/09/13/ 10:11:09 PM) [Round: 0025] Start updating selected 10 clients...!
[INFO](2026/09/13/ 10:11:51 PM) [Round: 0025] ...10 clients are selected and updated (with total sample size: 42)!
[INFO](2026/09/13/ 10:11:51 PM) [Round: 0025] Aggregate updated weights of 10 clients...!
[INFO](2026/09/13/ 10:11:51 PM) [Round: 0025] ...updated weights of 10 clients are successfully averaged!
[INFO](2026/09/13/ 10:11:53 PM) [Round: 0025] Evaluate global model's performance...!                
	[Server] ...finished evaluation!                
	=> Loss: 2.5655                
	=> Accuracy: 19.29%

[INFO](2026/09/13/ 10:11:53 PM) [Round: 0026] Select clients...!
[INFO](2026/09/13/ 10:11:53 PM) [Round: 0026] ...successfully transmitted models to 10 selected clients!
[INFO](2026/09/13/ 10:11:53 PM) [Round: 0026] Start updating selected 10 clients...!
[INFO](2026/09/13/ 10:12:25 PM) [Round: 0026] ...10 clients are selected and updated (with total sample size: 27)!
[INFO](2026/09/13/ 10:12:25 PM) [Round: 0026] Aggregate updated weights of 10 clients...!
[INFO](2026/09/13/ 10:12:25 PM) [Round: 0026] ...updated weights of 10 clients are successfully averaged!
[INFO](2026/09/13/ 10:12:27 PM) [Round: 0026] Evaluate global model's performance...!                
	[Server] ...finished evaluation!                
	=> Loss: 2.2832                
	=> Accuracy: 28.33%

[INFO](2026/09/13/ 10:12:27 PM) [Round: 0027] Select clients...!
[INFO](2026/09/13/ 10:12:27 PM) [Round: 0027] ...successfully transmitted models to 10 selected clients!
[INFO](2026/09/13/ 10:12:27 PM) [Round: 0027] Start updating selected 10 clients...!
[INFO](2026/09/13/ 10:13:12 PM) [Round: 0027] ...10 clients are selected and updated (with total sample size: 27)!
[INFO](2026/09/13/ 10:13:12 PM) [Round: 0027] Aggregate updated weights of 10 clients...!
[INFO](2026/09/13/ 10:13:12 PM) [Round: 0027] ...updated weights of 10 clients are successfully averaged!
[INFO](2026/09/13/ 10:13:14 PM) [Round: 0027] Evaluate global model's performance...!                
	[Server] ...finished evaluation!                
	=> Loss: 2.3316                
	=> Accuracy: 28.81%

[INFO](2026/09/13/ 10:13:14 PM) [Round: 0028] Select clients...!
[INFO](2026/09/13/ 10:13:14 PM) [Round: 0028] ...successfully transmitted models to 10 selected clients!
[INFO](2026/09/13/ 10:13:14 PM) [Round: 0028] Start updating selected 10 clients...!
[INFO](2026/09/13/ 10:13:59 PM) [Round: 0028] ...10 clients are selected and updated (with total sample size: 45)!
[INFO](2026/09/13/ 10:13:59 PM) [Round: 0028] Aggregate updated weights of 10 clients...!
[INFO](2026/09/13/ 10:13:59 PM) [Round: 0028] ...updated weights of 10 clients are successfully averaged!
[INFO](2026/09/13/ 10:14:01 PM) [Round: 0028] Evaluate global model's performance...!                
	[Server] ...finished evaluation!                
	=> Loss: 2.2977                
	=> Accuracy: 25.95%

[INFO](2026/09/13/ 10:14:01 PM) [Round: 0029] Select clients...!
[INFO](2026/09/13/ 10:14:01 PM) [Round: 0029] ...successfully transmitted models to 10 selected clients!
[INFO](2026/09/13/ 10:14:01 PM) [Round: 0029] Start updating selected 10 clients...!
[INFO](2026/09/13/ 10:14:56 PM) [Round: 0029] ...10 clients are selected and updated (with total sample size: 48)!
[INFO](2026/09/13/ 10:14:56 PM) [Round: 0029] Aggregate updated weights of 10 clients...!
[INFO](2026/09/13/ 10:14:56 PM) [Round: 0029] ...updated weights of 10 clients are successfully averaged!
[INFO](2026/09/13/ 10:14:58 PM) [Round: 0029] Evaluate global model's performance...!                
	[Server] ...finished evaluation!                
	=> Loss: 2.3620                
	=> Accuracy: 28.33%

[INFO](2026/09/13/ 10:14:58 PM) [Round: 0030] Select clients...!
[INFO](2026/09/13/ 10:14:58 PM) [Round: 0030] ...successfully transmitted models to 10 selected clients!
[INFO](2026/09/13/ 10:14:58 PM) [Round: 0030] Start updating selected 10 clients...!
[INFO](2026/09/13/ 10:16:06 PM) [Round: 0030] ...10 clients are selected and updated (with total sample size: 44)!
[INFO](2026/09/13/ 10:16:06 PM) [Round: 0030] Aggregate updated weights of 10 clients...!
[INFO](2026/09/13/ 10:16:06 PM) [Round: 0030] ...updated weights of 10 clients are successfully averaged!
[INFO](2026/09/13/ 10:16:07 PM) [Round: 0030] Evaluate global model's performance...!                
	[Server] ...finished evaluation!                
	=> Loss: 2.4754                
	=> Accuracy: 18.57%

[INFO](2026/09/13/ 10:16:07 PM) [Round: 0031] Select clients...!
[INFO](2026/09/13/ 10:16:08 PM) [Round: 0031] ...successfully transmitted models to 10 selected clients!
[INFO](2026/09/13/ 10:16:08 PM) [Round: 0031] Start updating selected 10 clients...!
[INFO](2026/09/13/ 10:16:53 PM) [Round: 0031] ...10 clients are selected and updated (with total sample size: 44)!
[INFO](2026/09/13/ 10:16:54 PM) [Round: 0031] Aggregate updated weights of 10 clients...!
[INFO](2026/09/13/ 10:16:54 PM) [Round: 0031] ...updated weights of 10 clients are successfully averaged!
[INFO](2026/09/13/ 10:16:55 PM) [Round: 0031] Evaluate global model's performance...!                
	[Server] ...finished evaluation!                
	=> Loss: 2.2697                
	=> Accuracy: 27.86%

[INFO](2026/09/13/ 10:16:55 PM) [Round: 0032] Select clients...!
[INFO](2026/09/13/ 10:16:56 PM) [Round: 0032] ...successfully transmitted models to 10 selected clients!
[INFO](2026/09/13/ 10:16:56 PM) [Round: 0032] Start updating selected 10 clients...!
[INFO](2026/09/13/ 10:17:44 PM) [Round: 0032] ...10 clients are selected and updated (with total sample size: 44)!
[INFO](2026/09/13/ 10:17:44 PM) [Round: 0032] Aggregate updated weights of 10 clients...!
[INFO](2026/09/13/ 10:17:45 PM) [Round: 0032] ...updated weights of 10 clients are successfully averaged!
[INFO](2026/09/13/ 10:17:46 PM) [Round: 0032] Evaluate global model's performance...!                
	[Server] ...finished evaluation!                
	=> Loss: 2.4309                
	=> Accuracy: 23.33%

[INFO](2026/09/13/ 10:17:46 PM) [Round: 0033] Select clients...!
[INFO](2026/09/13/ 10:17:46 PM) [Round: 0033] ...successfully transmitted models to 10 selected clients!
[INFO](2026/09/13/ 10:17:46 PM) [Round: 0033] Start updating selected 10 clients...!
[INFO](2026/09/13/ 10:18:23 PM) [Round: 0033] ...10 clients are selected and updated (with total sample size: 18)!
[INFO](2026/09/13/ 10:18:23 PM) [Round: 0033] Aggregate updated weights of 10 clients...!
[INFO](2026/09/13/ 10:18:23 PM) [Round: 0033] ...updated weights of 10 clients are successfully averaged!
[INFO](2026/09/13/ 10:18:25 PM) [Round: 0033] Evaluate global model's performance...!                
	[Server] ...finished evaluation!                
	=> Loss: 2.1823                
	=> Accuracy: 27.38%

[INFO](2026/09/13/ 10:18:25 PM) [Round: 0034] Select clients...!
[INFO](2026/09/13/ 10:18:25 PM) [Round: 0034] ...successfully transmitted models to 10 selected clients!
[INFO](2026/09/13/ 10:18:25 PM) [Round: 0034] Start updating selected 10 clients...!
[INFO](2026/09/13/ 10:19:11 PM) [Round: 0034] ...10 clients are selected and updated (with total sample size: 17)!
[INFO](2026/09/13/ 10:19:11 PM) [Round: 0034] Aggregate updated weights of 10 clients...!
[INFO](2026/09/13/ 10:19:11 PM) [Round: 0034] ...updated weights of 10 clients are successfully averaged!
[INFO](2026/09/13/ 10:19:13 PM) [Round: 0034] Evaluate global model's performance...!                
	[Server] ...finished evaluation!                
	=> Loss: 2.3418                
	=> Accuracy: 24.52%

[INFO](2026/09/13/ 10:19:13 PM) [Round: 0035] Select clients...!
[INFO](2026/09/13/ 10:19:13 PM) [Round: 0035] ...successfully transmitted models to 10 selected clients!
[INFO](2026/09/13/ 10:19:13 PM) [Round: 0035] Start updating selected 10 clients...!
[INFO](2026/09/13/ 10:20:10 PM) [Round: 0035] ...10 clients are selected and updated (with total sample size: 55)!
[INFO](2026/09/13/ 10:20:10 PM) [Round: 0035] Aggregate updated weights of 10 clients...!
[INFO](2026/09/13/ 10:20:10 PM) [Round: 0035] ...updated weights of 10 clients are successfully averaged!
[INFO](2026/09/13/ 10:20:12 PM) [Round: 0035] Evaluate global model's performance...!                
	[Server] ...finished evaluation!                
	=> Loss: 2.2233                
	=> Accuracy: 32.86%

[INFO](2026/09/13/ 10:20:12 PM) [Round: 0036] Select clients...!
[INFO](2026/09/13/ 10:20:12 PM) [Round: 0036] ...successfully transmitted models to 10 selected clients!
[INFO](2026/09/13/ 10:20:12 PM) [Round: 0036] Start updating selected 10 clients...!
[INFO](2026/09/13/ 10:20:49 PM) [Round: 0036] ...10 clients are selected and updated (with total sample size: 48)!
[INFO](2026/09/13/ 10:20:49 PM) [Round: 0036] Aggregate updated weights of 10 clients...!
[INFO](2026/09/13/ 10:20:49 PM) [Round: 0036] ...updated weights of 10 clients are successfully averaged!
[INFO](2026/09/13/ 10:20:50 PM) [Round: 0036] Evaluate global model's performance...!                
	[Server] ...finished evaluation!                
	=> Loss: 2.3967                
	=> Accuracy: 24.29%

[INFO](2026/09/13/ 10:20:51 PM) [Round: 0037] Select clients...!
[INFO](2026/09/13/ 10:20:51 PM) [Round: 0037] ...successfully transmitted models to 10 selected clients!
[INFO](2026/09/13/ 10:20:51 PM) [Round: 0037] Start updating selected 10 clients...!
[INFO](2026/09/13/ 10:21:24 PM) [Round: 0037] ...10 clients are selected and updated (with total sample size: 42)!
[INFO](2026/09/13/ 10:21:24 PM) [Round: 0037] Aggregate updated weights of 10 clients...!
[INFO](2026/09/13/ 10:21:24 PM) [Round: 0037] ...updated weights of 10 clients are successfully averaged!
[INFO](2026/09/13/ 10:21:26 PM) [Round: 0037] Evaluate global model's performance...!                
	[Server] ...finished evaluation!                
	=> Loss: 2.1714                
	=> Accuracy: 33.33%

[INFO](2026/09/13/ 10:21:26 PM) [Round: 0038] Select clients...!
[INFO](2026/09/13/ 10:21:26 PM) [Round: 0038] ...successfully transmitted models to 10 selected clients!
[INFO](2026/09/13/ 10:21:26 PM) [Round: 0038] Start updating selected 10 clients...!
[INFO](2026/09/13/ 10:22:16 PM) [Round: 0038] ...10 clients are selected and updated (with total sample size: 18)!
[INFO](2026/09/13/ 10:22:16 PM) [Round: 0038] Aggregate updated weights of 10 clients...!
[INFO](2026/09/13/ 10:22:17 PM) [Round: 0038] ...updated weights of 10 clients are successfully averaged!
[INFO](2026/09/13/ 10:22:18 PM) [Round: 0038] Evaluate global model's performance...!                
	[Server] ...finished evaluation!                
	=> Loss: 2.1331                
	=> Accuracy: 30.48%

[INFO](2026/09/13/ 10:22:18 PM) [Round: 0039] Select clients...!
[INFO](2026/09/13/ 10:22:18 PM) [Round: 0039] ...successfully transmitted models to 10 selected clients!
[INFO](2026/09/13/ 10:22:19 PM) [Round: 0039] Start updating selected 10 clients...!
[INFO](2026/09/13/ 10:23:01 PM) [Round: 0039] ...10 clients are selected and updated (with total sample size: 42)!
[INFO](2026/09/13/ 10:23:01 PM) [Round: 0039] Aggregate updated weights of 10 clients...!
[INFO](2026/09/13/ 10:23:02 PM) [Round: 0039] ...updated weights of 10 clients are successfully averaged!
[INFO](2026/09/13/ 10:23:03 PM) [Round: 0039] Evaluate global model's performance...!                
	[Server] ...finished evaluation!                
	=> Loss: 2.0849                
	=> Accuracy: 29.76%

[INFO](2026/09/13/ 10:23:03 PM) [Round: 0040] Select clients...!
[INFO](2026/09/13/ 10:23:04 PM) [Round: 0040] ...successfully transmitted models to 10 selected clients!
[INFO](2026/09/13/ 10:23:04 PM) [Round: 0040] Start updating selected 10 clients...!
[INFO](2026/09/13/ 10:23:51 PM) [Round: 0040] ...10 clients are selected and updated (with total sample size: 27)!
[INFO](2026/09/13/ 10:23:51 PM) [Round: 0040] Aggregate updated weights of 10 clients...!
[INFO](2026/09/13/ 10:23:51 PM) [Round: 0040] ...updated weights of 10 clients are successfully averaged!
[INFO](2026/09/13/ 10:23:52 PM) [Round: 0040] Evaluate global model's performance...!                
	[Server] ...finished evaluation!                
	=> Loss: 2.0443                
	=> Accuracy: 31.90%

[INFO](2026/09/13/ 10:23:53 PM) [Round: 0041] Select clients...!
[INFO](2026/09/13/ 10:23:53 PM) [Round: 0041] ...successfully transmitted models to 10 selected clients!
[INFO](2026/09/13/ 10:23:53 PM) [Round: 0041] Start updating selected 10 clients...!
[INFO](2026/09/13/ 10:24:28 PM) [Round: 0041] ...10 clients are selected and updated (with total sample size: 27)!
[INFO](2026/09/13/ 10:24:28 PM) [Round: 0041] Aggregate updated weights of 10 clients...!
[INFO](2026/09/13/ 10:24:28 PM) [Round: 0041] ...updated weights of 10 clients are successfully averaged!
[INFO](2026/09/13/ 10:24:30 PM) [Round: 0041] Evaluate global model's performance...!                
	[Server] ...finished evaluation!                
	=> Loss: 1.9840                
	=> Accuracy: 33.10%

[INFO](2026/09/13/ 10:24:30 PM) [Round: 0042] Select clients...!
[INFO](2026/09/13/ 10:24:30 PM) [Round: 0042] ...successfully transmitted models to 10 selected clients!
[INFO](2026/09/13/ 10:24:30 PM) [Round: 0042] Start updating selected 10 clients...!
[INFO](2026/09/13/ 10:25:12 PM) [Round: 0042] ...10 clients are selected and updated (with total sample size: 27)!
[INFO](2026/09/13/ 10:25:12 PM) [Round: 0042] Aggregate updated weights of 10 clients...!
[INFO](2026/09/13/ 10:25:12 PM) [Round: 0042] ...updated weights of 10 clients are successfully averaged!
[INFO](2026/09/13/ 10:25:13 PM) [Round: 0042] Evaluate global model's performance...!                
	[Server] ...finished evaluation!                
	=> Loss: 2.1357                
	=> Accuracy: 30.24%

[INFO](2026/09/13/ 10:25:13 PM) [Round: 0043] Select clients...!
[INFO](2026/09/13/ 10:25:14 PM) [Round: 0043] ...successfully transmitted models to 10 selected clients!
[INFO](2026/09/13/ 10:25:14 PM) [Round: 0043] Start updating selected 10 clients...!
[INFO](2026/09/13/ 10:25:58 PM) [Round: 0043] ...10 clients are selected and updated (with total sample size: 44)!
[INFO](2026/09/13/ 10:25:58 PM) [Round: 0043] Aggregate updated weights of 10 clients...!
[INFO](2026/09/13/ 10:25:58 PM) [Round: 0043] ...updated weights of 10 clients are successfully averaged!
[INFO](2026/09/13/ 10:26:00 PM) [Round: 0043] Evaluate global model's performance...!                
	[Server] ...finished evaluation!                
	=> Loss: 2.0584                
	=> Accuracy: 34.05%

[INFO](2026/09/13/ 10:26:00 PM) [Round: 0044] Select clients...!
[INFO](2026/09/13/ 10:26:01 PM) [Round: 0044] ...successfully transmitted models to 10 selected clients!
[INFO](2026/09/13/ 10:26:01 PM) [Round: 0044] Start updating selected 10 clients...!
[INFO](2026/09/13/ 10:26:31 PM) [Round: 0044] ...10 clients are selected and updated (with total sample size: 27)!
[INFO](2026/09/13/ 10:26:31 PM) [Round: 0044] Aggregate updated weights of 10 clients...!
[INFO](2026/09/13/ 10:26:31 PM) [Round: 0044] ...updated weights of 10 clients are successfully averaged!
[INFO](2026/09/13/ 10:26:33 PM) [Round: 0044] Evaluate global model's performance...!                
	[Server] ...finished evaluation!                
	=> Loss: 2.0222                
	=> Accuracy: 37.38%

[INFO](2026/09/13/ 10:26:33 PM) [Round: 0045] Select clients...!
[INFO](2026/09/13/ 10:26:33 PM) [Round: 0045] ...successfully transmitted models to 10 selected clients!
[INFO](2026/09/13/ 10:26:33 PM) [Round: 0045] Start updating selected 10 clients...!
[INFO](2026/09/13/ 10:27:22 PM) [Round: 0045] ...10 clients are selected and updated (with total sample size: 48)!
[INFO](2026/09/13/ 10:27:22 PM) [Round: 0045] Aggregate updated weights of 10 clients...!
[INFO](2026/09/13/ 10:27:23 PM) [Round: 0045] ...updated weights of 10 clients are successfully averaged!
[INFO](2026/09/13/ 10:27:24 PM) [Round: 0045] Evaluate global model's performance...!                
	[Server] ...finished evaluation!                
	=> Loss: 2.1823                
	=> Accuracy: 32.38%

[INFO](2026/09/13/ 10:27:24 PM) [Round: 0046] Select clients...!
[INFO](2026/09/13/ 10:27:24 PM) [Round: 0046] ...successfully transmitted models to 10 selected clients!
[INFO](2026/09/13/ 10:27:24 PM) [Round: 0046] Start updating selected 10 clients...!
[INFO](2026/09/13/ 10:28:06 PM) [Round: 0046] ...10 clients are selected and updated (with total sample size: 48)!
[INFO](2026/09/13/ 10:28:06 PM) [Round: 0046] Aggregate updated weights of 10 clients...!
[INFO](2026/09/13/ 10:28:06 PM) [Round: 0046] ...updated weights of 10 clients are successfully averaged!
[INFO](2026/09/13/ 10:28:07 PM) [Round: 0046] Evaluate global model's performance...!                
	[Server] ...finished evaluation!                
	=> Loss: 1.8632                
	=> Accuracy: 38.10%

[INFO](2026/09/13/ 10:28:07 PM) [Round: 0047] Select clients...!
[INFO](2026/09/13/ 10:28:08 PM) [Round: 0047] ...successfully transmitted models to 10 selected clients!
[INFO](2026/09/13/ 10:28:08 PM) [Round: 0047] Start updating selected 10 clients...!
[INFO](2026/09/13/ 10:28:54 PM) [Round: 0047] ...10 clients are selected and updated (with total sample size: 48)!
[INFO](2026/09/13/ 10:28:54 PM) [Round: 0047] Aggregate updated weights of 10 clients...!
[INFO](2026/09/13/ 10:28:54 PM) [Round: 0047] ...updated weights of 10 clients are successfully averaged!
[INFO](2026/09/13/ 10:28:55 PM) [Round: 0047] Evaluate global model's performance...!                
	[Server] ...finished evaluation!                
	=> Loss: 1.9514                
	=> Accuracy: 36.43%

[INFO](2026/09/13/ 10:28:55 PM) [Round: 0048] Select clients...!
[INFO](2026/09/13/ 10:28:56 PM) [Round: 0048] ...successfully transmitted models to 10 selected clients!
[INFO](2026/09/13/ 10:28:56 PM) [Round: 0048] Start updating selected 10 clients...!
[INFO](2026/09/13/ 10:29:57 PM) [Round: 0048] ...10 clients are selected and updated (with total sample size: 27)!
[INFO](2026/09/13/ 10:29:57 PM) [Round: 0048] Aggregate updated weights of 10 clients...!
[INFO](2026/09/13/ 10:29:58 PM) [Round: 0048] ...updated weights of 10 clients are successfully averaged!
[INFO](2026/09/13/ 10:29:59 PM) [Round: 0048] Evaluate global model's performance...!                
	[Server] ...finished evaluation!                
	=> Loss: 1.9471                
	=> Accuracy: 34.76%

[INFO](2026/09/13/ 10:29:59 PM) [Round: 0049] Select clients...!
[INFO](2026/09/13/ 10:30:00 PM) [Round: 0049] ...successfully transmitted models to 10 selected clients!
[INFO](2026/09/13/ 10:30:00 PM) [Round: 0049] Start updating selected 10 clients...!
[INFO](2026/09/13/ 10:30:37 PM) [Round: 0049] ...10 clients are selected and updated (with total sample size: 55)!
[INFO](2026/09/13/ 10:30:37 PM) [Round: 0049] Aggregate updated weights of 10 clients...!
[INFO](2026/09/13/ 10:30:37 PM) [Round: 0049] ...updated weights of 10 clients are successfully averaged!
[INFO](2026/09/13/ 10:30:39 PM) [Round: 0049] Evaluate global model's performance...!                
	[Server] ...finished evaluation!                
	=> Loss: 2.1064                
	=> Accuracy: 32.38%

[INFO](2026/09/13/ 10:30:39 PM) [Round: 0050] Select clients...!
[INFO](2026/09/13/ 10:30:39 PM) [Round: 0050] ...successfully transmitted models to 10 selected clients!
[INFO](2026/09/13/ 10:30:39 PM) [Round: 0050] Start updating selected 10 clients...!
[INFO](2026/09/13/ 10:31:16 PM) [Round: 0050] ...10 clients are selected and updated (with total sample size: 18)!
[INFO](2026/09/13/ 10:31:17 PM) [Round: 0050] Aggregate updated weights of 10 clients...!
[INFO](2026/09/13/ 10:31:17 PM) [Round: 0050] ...updated weights of 10 clients are successfully averaged!
[INFO](2026/09/13/ 10:31:18 PM) [Round: 0050] Evaluate global model's performance...!                
	[Server] ...finished evaluation!                
	=> Loss: 1.9157                
	=> Accuracy: 35.00%

[INFO](2026/09/13/ 10:31:18 PM) [Round: 0051] Select clients...!
[INFO](2026/09/13/ 10:31:19 PM) [Round: 0051] ...successfully transmitted models to 10 selected clients!
[INFO](2026/09/13/ 10:31:19 PM) [Round: 0051] Start updating selected 10 clients...!
[INFO](2026/09/13/ 10:32:15 PM) [Round: 0051] ...10 clients are selected and updated (with total sample size: 55)!
[INFO](2026/09/13/ 10:32:15 PM) [Round: 0051] Aggregate updated weights of 10 clients...!
[INFO](2026/09/13/ 10:32:15 PM) [Round: 0051] ...updated weights of 10 clients are successfully averaged!
[INFO](2026/09/13/ 10:32:16 PM) [Round: 0051] Evaluate global model's performance...!                
	[Server] ...finished evaluation!                
	=> Loss: 2.0069                
	=> Accuracy: 40.00%

[INFO](2026/09/13/ 10:32:16 PM) [Round: 0052] Select clients...!
[INFO](2026/09/13/ 10:32:17 PM) [Round: 0052] ...successfully transmitted models to 10 selected clients!
[INFO](2026/09/13/ 10:32:17 PM) [Round: 0052] Start updating selected 10 clients...!
[INFO](2026/09/13/ 10:33:00 PM) [Round: 0052] ...10 clients are selected and updated (with total sample size: 48)!
[INFO](2026/09/13/ 10:33:00 PM) [Round: 0052] Aggregate updated weights of 10 clients...!
[INFO](2026/09/13/ 10:33:00 PM) [Round: 0052] ...updated weights of 10 clients are successfully averaged!
[INFO](2026/09/13/ 10:33:02 PM) [Round: 0052] Evaluate global model's performance...!                
	[Server] ...finished evaluation!                
	=> Loss: 1.8968                
	=> Accuracy: 40.00%

[INFO](2026/09/13/ 10:33:02 PM) [Round: 0053] Select clients...!
[INFO](2026/09/13/ 10:33:02 PM) [Round: 0053] ...successfully transmitted models to 10 selected clients!
[INFO](2026/09/13/ 10:33:02 PM) [Round: 0053] Start updating selected 10 clients...!
[INFO](2026/09/13/ 10:33:43 PM) [Round: 0053] ...10 clients are selected and updated (with total sample size: 41)!
[INFO](2026/09/13/ 10:33:43 PM) [Round: 0053] Aggregate updated weights of 10 clients...!
[INFO](2026/09/13/ 10:33:43 PM) [Round: 0053] ...updated weights of 10 clients are successfully averaged!
[INFO](2026/09/13/ 10:33:44 PM) [Round: 0053] Evaluate global model's performance...!                
	[Server] ...finished evaluation!                
	=> Loss: 1.9206                
	=> Accuracy: 36.19%

[INFO](2026/09/13/ 10:33:44 PM) [Round: 0054] Select clients...!
[INFO](2026/09/13/ 10:33:45 PM) [Round: 0054] ...successfully transmitted models to 10 selected clients!
[INFO](2026/09/13/ 10:33:45 PM) [Round: 0054] Start updating selected 10 clients...!
[INFO](2026/09/13/ 10:34:25 PM) [Round: 0054] ...10 clients are selected and updated (with total sample size: 41)!
[INFO](2026/09/13/ 10:34:25 PM) [Round: 0054] Aggregate updated weights of 10 clients...!
[INFO](2026/09/13/ 10:34:25 PM) [Round: 0054] ...updated weights of 10 clients are successfully averaged!
[INFO](2026/09/13/ 10:34:27 PM) [Round: 0054] Evaluate global model's performance...!                
	[Server] ...finished evaluation!                
	=> Loss: 1.9531                
	=> Accuracy: 33.81%

[INFO](2026/09/13/ 10:34:27 PM) [Round: 0055] Select clients...!
[INFO](2026/09/13/ 10:34:27 PM) [Round: 0055] ...successfully transmitted models to 10 selected clients!
[INFO](2026/09/13/ 10:34:27 PM) [Round: 0055] Start updating selected 10 clients...!
[INFO](2026/09/13/ 10:35:10 PM) [Round: 0055] ...10 clients are selected and updated (with total sample size: 55)!
[INFO](2026/09/13/ 10:35:10 PM) [Round: 0055] Aggregate updated weights of 10 clients...!
[INFO](2026/09/13/ 10:35:10 PM) [Round: 0055] ...updated weights of 10 clients are successfully averaged!
[INFO](2026/09/13/ 10:35:12 PM) [Round: 0055] Evaluate global model's performance...!                
	[Server] ...finished evaluation!                
	=> Loss: 1.8052                
	=> Accuracy: 44.29%

[INFO](2026/09/13/ 10:35:12 PM) [Round: 0056] Select clients...!
[INFO](2026/09/13/ 10:35:12 PM) [Round: 0056] ...successfully transmitted models to 10 selected clients!
[INFO](2026/09/13/ 10:35:12 PM) [Round: 0056] Start updating selected 10 clients...!
[INFO](2026/09/13/ 10:35:57 PM) [Round: 0056] ...10 clients are selected and updated (with total sample size: 18)!
[INFO](2026/09/13/ 10:35:57 PM) [Round: 0056] Aggregate updated weights of 10 clients...!
[INFO](2026/09/13/ 10:35:58 PM) [Round: 0056] ...updated weights of 10 clients are successfully averaged!
[INFO](2026/09/13/ 10:35:59 PM) [Round: 0056] Evaluate global model's performance...!                
	[Server] ...finished evaluation!                
	=> Loss: 1.8280                
	=> Accuracy: 41.19%

[INFO](2026/09/13/ 10:35:59 PM) [Round: 0057] Select clients...!
[INFO](2026/09/13/ 10:35:59 PM) [Round: 0057] ...successfully transmitted models to 10 selected clients!
[INFO](2026/09/13/ 10:35:59 PM) [Round: 0057] Start updating selected 10 clients...!
[INFO](2026/09/13/ 10:37:02 PM) [Round: 0057] ...10 clients are selected and updated (with total sample size: 60)!
[INFO](2026/09/13/ 10:37:02 PM) [Round: 0057] Aggregate updated weights of 10 clients...!
[INFO](2026/09/13/ 10:37:02 PM) [Round: 0057] ...updated weights of 10 clients are successfully averaged!
[INFO](2026/09/13/ 10:37:04 PM) [Round: 0057] Evaluate global model's performance...!                
	[Server] ...finished evaluation!                
	=> Loss: 1.9100                
	=> Accuracy: 39.76%

[INFO](2026/09/13/ 10:37:04 PM) [Round: 0058] Select clients...!
[INFO](2026/09/13/ 10:37:04 PM) [Round: 0058] ...successfully transmitted models to 10 selected clients!
[INFO](2026/09/13/ 10:37:04 PM) [Round: 0058] Start updating selected 10 clients...!
[INFO](2026/09/13/ 10:37:46 PM) [Round: 0058] ...10 clients are selected and updated (with total sample size: 55)!
[INFO](2026/09/13/ 10:37:46 PM) [Round: 0058] Aggregate updated weights of 10 clients...!
[INFO](2026/09/13/ 10:37:46 PM) [Round: 0058] ...updated weights of 10 clients are successfully averaged!
[INFO](2026/09/13/ 10:37:47 PM) [Round: 0058] Evaluate global model's performance...!                
	[Server] ...finished evaluation!                
	=> Loss: 1.7806                
	=> Accuracy: 43.10%

[INFO](2026/09/13/ 10:37:48 PM) [Round: 0059] Select clients...!
[INFO](2026/09/13/ 10:37:48 PM) [Round: 0059] ...successfully transmitted models to 10 selected clients!
[INFO](2026/09/13/ 10:37:48 PM) [Round: 0059] Start updating selected 10 clients...!
[INFO](2026/09/13/ 10:38:40 PM) [Round: 0059] ...10 clients are selected and updated (with total sample size: 44)!
[INFO](2026/09/13/ 10:38:40 PM) [Round: 0059] Aggregate updated weights of 10 clients...!
[INFO](2026/09/13/ 10:38:40 PM) [Round: 0059] ...updated weights of 10 clients are successfully averaged!
[INFO](2026/09/13/ 10:38:42 PM) [Round: 0059] Evaluate global model's performance...!                
	[Server] ...finished evaluation!                
	=> Loss: 1.8475                
	=> Accuracy: 41.43%

[INFO](2026/09/13/ 10:38:42 PM) [Round: 0060] Select clients...!
[INFO](2026/09/13/ 10:38:42 PM) [Round: 0060] ...successfully transmitted models to 10 selected clients!
[INFO](2026/09/13/ 10:38:42 PM) [Round: 0060] Start updating selected 10 clients...!
[INFO](2026/09/13/ 10:39:39 PM) [Round: 0060] ...10 clients are selected and updated (with total sample size: 48)!
[INFO](2026/09/13/ 10:39:39 PM) [Round: 0060] Aggregate updated weights of 10 clients...!
[INFO](2026/09/13/ 10:39:39 PM) [Round: 0060] ...updated weights of 10 clients are successfully averaged!
[INFO](2026/09/13/ 10:39:40 PM) [Round: 0060] Evaluate global model's performance...!                
	[Server] ...finished evaluation!                
	=> Loss: 1.7632                
	=> Accuracy: 42.62%

[INFO](2026/09/13/ 10:39:41 PM) [Round: 0061] Select clients...!
[INFO](2026/09/13/ 10:39:41 PM) [Round: 0061] ...successfully transmitted models to 10 selected clients!
[INFO](2026/09/13/ 10:39:41 PM) [Round: 0061] Start updating selected 10 clients...!
[INFO](2026/09/13/ 10:40:26 PM) [Round: 0061] ...10 clients are selected and updated (with total sample size: 45)!
[INFO](2026/09/13/ 10:40:26 PM) [Round: 0061] Aggregate updated weights of 10 clients...!
[INFO](2026/09/13/ 10:40:26 PM) [Round: 0061] ...updated weights of 10 clients are successfully averaged!
[INFO](2026/09/13/ 10:40:28 PM) [Round: 0061] Evaluate global model's performance...!                
	[Server] ...finished evaluation!                
	=> Loss: 1.8586                
	=> Accuracy: 40.48%

[INFO](2026/09/13/ 10:40:28 PM) [Round: 0062] Select clients...!
[INFO](2026/09/13/ 10:40:28 PM) [Round: 0062] ...successfully transmitted models to 10 selected clients!
[INFO](2026/09/13/ 10:40:29 PM) [Round: 0062] Start updating selected 10 clients...!
[INFO](2026/09/13/ 10:41:16 PM) [Round: 0062] ...10 clients are selected and updated (with total sample size: 41)!
[INFO](2026/09/13/ 10:41:16 PM) [Round: 0062] Aggregate updated weights of 10 clients...!
[INFO](2026/09/13/ 10:41:16 PM) [Round: 0062] ...updated weights of 10 clients are successfully averaged!
[INFO](2026/09/13/ 10:41:18 PM) [Round: 0062] Evaluate global model's performance...!                
	[Server] ...finished evaluation!                
	=> Loss: 1.7266                
	=> Accuracy: 44.29%

[INFO](2026/09/13/ 10:41:18 PM) [Round: 0063] Select clients...!
[INFO](2026/09/13/ 10:41:18 PM) [Round: 0063] ...successfully transmitted models to 10 selected clients!
[INFO](2026/09/13/ 10:41:18 PM) [Round: 0063] Start updating selected 10 clients...!
[INFO](2026/09/13/ 10:42:03 PM) [Round: 0063] ...10 clients are selected and updated (with total sample size: 27)!
[INFO](2026/09/13/ 10:42:03 PM) [Round: 0063] Aggregate updated weights of 10 clients...!
[INFO](2026/09/13/ 10:42:03 PM) [Round: 0063] ...updated weights of 10 clients are successfully averaged!
[INFO](2026/09/13/ 10:42:04 PM) [Round: 0063] Evaluate global model's performance...!                
	[Server] ...finished evaluation!                
	=> Loss: 1.8736                
	=> Accuracy: 39.05%

[INFO](2026/09/13/ 10:42:04 PM) [Round: 0064] Select clients...!
[INFO](2026/09/13/ 10:42:05 PM) [Round: 0064] ...successfully transmitted models to 10 selected clients!
[INFO](2026/09/13/ 10:42:05 PM) [Round: 0064] Start updating selected 10 clients...!
[INFO](2026/09/13/ 10:42:43 PM) [Round: 0064] ...10 clients are selected and updated (with total sample size: 42)!
[INFO](2026/09/13/ 10:42:43 PM) [Round: 0064] Aggregate updated weights of 10 clients...!
[INFO](2026/09/13/ 10:42:43 PM) [Round: 0064] ...updated weights of 10 clients are successfully averaged!
[INFO](2026/09/13/ 10:42:44 PM) [Round: 0064] Evaluate global model's performance...!                
	[Server] ...finished evaluation!                
	=> Loss: 1.7425                
	=> Accuracy: 44.05%

[INFO](2026/09/13/ 10:42:44 PM) [Round: 0065] Select clients...!
[INFO](2026/09/13/ 10:42:45 PM) [Round: 0065] ...successfully transmitted models to 10 selected clients!
[INFO](2026/09/13/ 10:42:45 PM) [Round: 0065] Start updating selected 10 clients...!
[INFO](2026/09/13/ 10:43:53 PM) [Round: 0065] ...10 clients are selected and updated (with total sample size: 48)!
[INFO](2026/09/13/ 10:43:53 PM) [Round: 0065] Aggregate updated weights of 10 clients...!
[INFO](2026/09/13/ 10:43:53 PM) [Round: 0065] ...updated weights of 10 clients are successfully averaged!
[INFO](2026/09/13/ 10:43:55 PM) [Round: 0065] Evaluate global model's performance...!                
	[Server] ...finished evaluation!                
	=> Loss: 1.6855                
	=> Accuracy: 45.95%

[INFO](2026/09/13/ 10:43:55 PM) [Round: 0066] Select clients...!
[INFO](2026/09/13/ 10:43:55 PM) [Round: 0066] ...successfully transmitted models to 10 selected clients!
[INFO](2026/09/13/ 10:43:55 PM) [Round: 0066] Start updating selected 10 clients...!
[INFO](2026/09/13/ 10:44:53 PM) [Round: 0066] ...10 clients are selected and updated (with total sample size: 27)!
[INFO](2026/09/13/ 10:44:53 PM) [Round: 0066] Aggregate updated weights of 10 clients...!
[INFO](2026/09/13/ 10:44:53 PM) [Round: 0066] ...updated weights of 10 clients are successfully averaged!
[INFO](2026/09/13/ 10:44:55 PM) [Round: 0066] Evaluate global model's performance...!                
	[Server] ...finished evaluation!                
	=> Loss: 1.6680                
	=> Accuracy: 45.71%

[INFO](2026/09/13/ 10:44:55 PM) [Round: 0067] Select clients...!
[INFO](2026/09/13/ 10:44:55 PM) [Round: 0067] ...successfully transmitted models to 10 selected clients!
[INFO](2026/09/13/ 10:44:55 PM) [Round: 0067] Start updating selected 10 clients...!
[INFO](2026/09/13/ 10:45:45 PM) [Round: 0067] ...10 clients are selected and updated (with total sample size: 55)!
[INFO](2026/09/13/ 10:45:46 PM) [Round: 0067] Aggregate updated weights of 10 clients...!
[INFO](2026/09/13/ 10:45:46 PM) [Round: 0067] ...updated weights of 10 clients are successfully averaged!
[INFO](2026/09/13/ 10:45:47 PM) [Round: 0067] Evaluate global model's performance...!                
	[Server] ...finished evaluation!                
	=> Loss: 1.6984                
	=> Accuracy: 43.33%

[INFO](2026/09/13/ 10:45:47 PM) [Round: 0068] Select clients...!
[INFO](2026/09/13/ 10:45:48 PM) [Round: 0068] ...successfully transmitted models to 10 selected clients!
[INFO](2026/09/13/ 10:45:48 PM) [Round: 0068] Start updating selected 10 clients...!
[INFO](2026/09/13/ 10:46:37 PM) [Round: 0068] ...10 clients are selected and updated (with total sample size: 48)!
[INFO](2026/09/13/ 10:46:37 PM) [Round: 0068] Aggregate updated weights of 10 clients...!
[INFO](2026/09/13/ 10:46:38 PM) [Round: 0068] ...updated weights of 10 clients are successfully averaged!
[INFO](2026/09/13/ 10:46:39 PM) [Round: 0068] Evaluate global model's performance...!                
	[Server] ...finished evaluation!                
	=> Loss: 1.8226                
	=> Accuracy: 41.19%

[INFO](2026/09/13/ 10:46:39 PM) [Round: 0069] Select clients...!
[INFO](2026/09/13/ 10:46:40 PM) [Round: 0069] ...successfully transmitted models to 10 selected clients!
[INFO](2026/09/13/ 10:46:40 PM) [Round: 0069] Start updating selected 10 clients...!
[INFO](2026/09/13/ 10:47:30 PM) [Round: 0069] ...10 clients are selected and updated (with total sample size: 18)!
[INFO](2026/09/13/ 10:47:30 PM) [Round: 0069] Aggregate updated weights of 10 clients...!
[INFO](2026/09/13/ 10:47:30 PM) [Round: 0069] ...updated weights of 10 clients are successfully averaged!
[INFO](2026/09/13/ 10:47:31 PM) [Round: 0069] Evaluate global model's performance...!                
	[Server] ...finished evaluation!                
	=> Loss: 1.7496                
	=> Accuracy: 44.52%

[INFO](2026/09/13/ 10:47:32 PM) [Round: 0070] Select clients...!
[INFO](2026/09/13/ 10:47:32 PM) [Round: 0070] ...successfully transmitted models to 10 selected clients!
[INFO](2026/09/13/ 10:47:32 PM) [Round: 0070] Start updating selected 10 clients...!
[INFO](2026/09/13/ 10:48:07 PM) [Round: 0070] ...10 clients are selected and updated (with total sample size: 18)!
[INFO](2026/09/13/ 10:48:07 PM) [Round: 0070] Aggregate updated weights of 10 clients...!
[INFO](2026/09/13/ 10:48:07 PM) [Round: 0070] ...updated weights of 10 clients are successfully averaged!
[INFO](2026/09/13/ 10:48:09 PM) [Round: 0070] Evaluate global model's performance...!                
	[Server] ...finished evaluation!                
	=> Loss: 1.6307                
	=> Accuracy: 47.62%

[INFO](2026/09/13/ 10:48:09 PM) [Round: 0071] Select clients...!
[INFO](2026/09/13/ 10:48:09 PM) [Round: 0071] ...successfully transmitted models to 10 selected clients!
[INFO](2026/09/13/ 10:48:09 PM) [Round: 0071] Start updating selected 10 clients...!
[INFO](2026/09/13/ 10:49:02 PM) [Round: 0071] ...10 clients are selected and updated (with total sample size: 27)!
[INFO](2026/09/13/ 10:49:03 PM) [Round: 0071] Aggregate updated weights of 10 clients...!
[INFO](2026/09/13/ 10:49:03 PM) [Round: 0071] ...updated weights of 10 clients are successfully averaged!
[INFO](2026/09/13/ 10:49:04 PM) [Round: 0071] Evaluate global model's performance...!                
	[Server] ...finished evaluation!                
	=> Loss: 1.5483                
	=> Accuracy: 47.14%

[INFO](2026/09/13/ 10:49:04 PM) [Round: 0072] Select clients...!
[INFO](2026/09/13/ 10:49:05 PM) [Round: 0072] ...successfully transmitted models to 10 selected clients!
[INFO](2026/09/13/ 10:49:05 PM) [Round: 0072] Start updating selected 10 clients...!
[INFO](2026/09/13/ 10:49:47 PM) [Round: 0072] ...10 clients are selected and updated (with total sample size: 17)!
[INFO](2026/09/13/ 10:49:47 PM) [Round: 0072] Aggregate updated weights of 10 clients...!
[INFO](2026/09/13/ 10:49:48 PM) [Round: 0072] ...updated weights of 10 clients are successfully averaged!
[INFO](2026/09/13/ 10:49:49 PM) [Round: 0072] Evaluate global model's performance...!                
	[Server] ...finished evaluation!                
	=> Loss: 1.6607                
	=> Accuracy: 45.95%

[INFO](2026/09/13/ 10:49:49 PM) [Round: 0073] Select clients...!
[INFO](2026/09/13/ 10:49:49 PM) [Round: 0073] ...successfully transmitted models to 10 selected clients!
[INFO](2026/09/13/ 10:49:49 PM) [Round: 0073] Start updating selected 10 clients...!
[INFO](2026/09/13/ 10:50:46 PM) [Round: 0073] ...10 clients are selected and updated (with total sample size: 45)!
[INFO](2026/09/13/ 10:50:46 PM) [Round: 0073] Aggregate updated weights of 10 clients...!
[INFO](2026/09/13/ 10:50:46 PM) [Round: 0073] ...updated weights of 10 clients are successfully averaged!
[INFO](2026/09/13/ 10:50:47 PM) [Round: 0073] Evaluate global model's performance...!                
	[Server] ...finished evaluation!                
	=> Loss: 1.7488                
	=> Accuracy: 39.29%

[INFO](2026/09/13/ 10:50:47 PM) [Round: 0074] Select clients...!
[INFO](2026/09/13/ 10:50:48 PM) [Round: 0074] ...successfully transmitted models to 10 selected clients!
[INFO](2026/09/13/ 10:50:48 PM) [Round: 0074] Start updating selected 10 clients...!
[INFO](2026/09/13/ 10:51:37 PM) [Round: 0074] ...10 clients are selected and updated (with total sample size: 60)!
[INFO](2026/09/13/ 10:51:37 PM) [Round: 0074] Aggregate updated weights of 10 clients...!
[INFO](2026/09/13/ 10:51:38 PM) [Round: 0074] ...updated weights of 10 clients are successfully averaged!
[INFO](2026/09/13/ 10:51:39 PM) [Round: 0074] Evaluate global model's performance...!                
	[Server] ...finished evaluation!                
	=> Loss: 1.5664                
	=> Accuracy: 50.24%

[INFO](2026/09/13/ 10:51:39 PM) [Round: 0075] Select clients...!
[INFO](2026/09/13/ 10:51:40 PM) [Round: 0075] ...successfully transmitted models to 10 selected clients!
[INFO](2026/09/13/ 10:51:40 PM) [Round: 0075] Start updating selected 10 clients...!
[INFO](2026/09/13/ 10:52:19 PM) [Round: 0075] ...10 clients are selected and updated (with total sample size: 27)!
[INFO](2026/09/13/ 10:52:19 PM) [Round: 0075] Aggregate updated weights of 10 clients...!
[INFO](2026/09/13/ 10:52:19 PM) [Round: 0075] ...updated weights of 10 clients are successfully averaged!
[INFO](2026/09/13/ 10:52:20 PM) [Round: 0075] Evaluate global model's performance...!                
	[Server] ...finished evaluation!                
	=> Loss: 1.5679                
	=> Accuracy: 45.48%

[INFO](2026/09/13/ 10:52:20 PM) [Round: 0076] Select clients...!
[INFO](2026/09/13/ 10:52:21 PM) [Round: 0076] ...successfully transmitted models to 10 selected clients!
[INFO](2026/09/13/ 10:52:21 PM) [Round: 0076] Start updating selected 10 clients...!
[INFO](2026/09/13/ 10:53:10 PM) [Round: 0076] ...10 clients are selected and updated (with total sample size: 48)!
[INFO](2026/09/13/ 10:53:10 PM) [Round: 0076] Aggregate updated weights of 10 clients...!
[INFO](2026/09/13/ 10:53:10 PM) [Round: 0076] ...updated weights of 10 clients are successfully averaged!
[INFO](2026/09/13/ 10:53:11 PM) [Round: 0076] Evaluate global model's performance...!                
	[Server] ...finished evaluation!                
	=> Loss: 1.6160                
	=> Accuracy: 46.67%

[INFO](2026/09/13/ 10:53:11 PM) [Round: 0077] Select clients...!
[INFO](2026/09/13/ 10:53:12 PM) [Round: 0077] ...successfully transmitted models to 10 selected clients!
[INFO](2026/09/13/ 10:53:12 PM) [Round: 0077] Start updating selected 10 clients...!
[INFO](2026/09/13/ 10:53:57 PM) [Round: 0077] ...10 clients are selected and updated (with total sample size: 55)!
[INFO](2026/09/13/ 10:53:58 PM) [Round: 0077] Aggregate updated weights of 10 clients...!
[INFO](2026/09/13/ 10:53:58 PM) [Round: 0077] ...updated weights of 10 clients are successfully averaged!
[INFO](2026/09/13/ 10:53:59 PM) [Round: 0077] Evaluate global model's performance...!                
	[Server] ...finished evaluation!                
	=> Loss: 1.6625                
	=> Accuracy: 45.71%

[INFO](2026/09/13/ 10:53:59 PM) [Round: 0078] Select clients...!
[INFO](2026/09/13/ 10:54:00 PM) [Round: 0078] ...successfully transmitted models to 10 selected clients!
[INFO](2026/09/13/ 10:54:00 PM) [Round: 0078] Start updating selected 10 clients...!
[INFO](2026/09/13/ 10:54:48 PM) [Round: 0078] ...10 clients are selected and updated (with total sample size: 27)!
[INFO](2026/09/13/ 10:54:48 PM) [Round: 0078] Aggregate updated weights of 10 clients...!
[INFO](2026/09/13/ 10:54:48 PM) [Round: 0078] ...updated weights of 10 clients are successfully averaged!
[INFO](2026/09/13/ 10:54:49 PM) [Round: 0078] Evaluate global model's performance...!                
	[Server] ...finished evaluation!                
	=> Loss: 1.6792                
	=> Accuracy: 46.43%

[INFO](2026/09/13/ 10:54:49 PM) [Round: 0079] Select clients...!
[INFO](2026/09/13/ 10:54:50 PM) [Round: 0079] ...successfully transmitted models to 10 selected clients!
[INFO](2026/09/13/ 10:54:50 PM) [Round: 0079] Start updating selected 10 clients...!
[INFO](2026/09/13/ 10:55:40 PM) [Round: 0079] ...10 clients are selected and updated (with total sample size: 44)!
[INFO](2026/09/13/ 10:55:40 PM) [Round: 0079] Aggregate updated weights of 10 clients...!
[INFO](2026/09/13/ 10:55:40 PM) [Round: 0079] ...updated weights of 10 clients are successfully averaged!
[INFO](2026/09/13/ 10:55:41 PM) [Round: 0079] Evaluate global model's performance...!                
	[Server] ...finished evaluation!                
	=> Loss: 1.5860                
	=> Accuracy: 47.86%

[INFO](2026/09/13/ 10:55:42 PM) [Round: 0080] Select clients...!
[INFO](2026/09/13/ 10:55:42 PM) [Round: 0080] ...successfully transmitted models to 10 selected clients!
[INFO](2026/09/13/ 10:55:42 PM) [Round: 0080] Start updating selected 10 clients...!
[INFO](2026/09/13/ 10:56:20 PM) [Round: 0080] ...10 clients are selected and updated (with total sample size: 45)!
[INFO](2026/09/13/ 10:56:20 PM) [Round: 0080] Aggregate updated weights of 10 clients...!
[INFO](2026/09/13/ 10:56:21 PM) [Round: 0080] ...updated weights of 10 clients are successfully averaged!
[INFO](2026/09/13/ 10:56:22 PM) [Round: 0080] Evaluate global model's performance...!                
	[Server] ...finished evaluation!                
	=> Loss: 1.6940                
	=> Accuracy: 44.76%

[INFO](2026/09/13/ 10:56:22 PM) [Round: 0081] Select clients...!
[INFO](2026/09/13/ 10:56:23 PM) [Round: 0081] ...successfully transmitted models to 10 selected clients!
[INFO](2026/09/13/ 10:56:23 PM) [Round: 0081] Start updating selected 10 clients...!
[INFO](2026/09/13/ 10:57:32 PM) [Round: 0081] ...10 clients are selected and updated (with total sample size: 27)!
[INFO](2026/09/13/ 10:57:32 PM) [Round: 0081] Aggregate updated weights of 10 clients...!
[INFO](2026/09/13/ 10:57:32 PM) [Round: 0081] ...updated weights of 10 clients are successfully averaged!
[INFO](2026/09/13/ 10:57:34 PM) [Round: 0081] Evaluate global model's performance...!                
	[Server] ...finished evaluation!                
	=> Loss: 1.5545                
	=> Accuracy: 49.76%

[INFO](2026/09/13/ 10:57:34 PM) [Round: 0082] Select clients...!
[INFO](2026/09/13/ 10:57:34 PM) [Round: 0082] ...successfully transmitted models to 10 selected clients!
[INFO](2026/09/13/ 10:57:34 PM) [Round: 0082] Start updating selected 10 clients...!
[INFO](2026/09/13/ 10:58:06 PM) [Round: 0082] ...10 clients are selected and updated (with total sample size: 48)!
[INFO](2026/09/13/ 10:58:06 PM) [Round: 0082] Aggregate updated weights of 10 clients...!
[INFO](2026/09/13/ 10:58:06 PM) [Round: 0082] ...updated weights of 10 clients are successfully averaged!
[INFO](2026/09/13/ 10:58:08 PM) [Round: 0082] Evaluate global model's performance...!                
	[Server] ...finished evaluation!                
	=> Loss: 1.4772                
	=> Accuracy: 54.05%

[INFO](2026/09/13/ 10:58:08 PM) [Round: 0083] Select clients...!
[INFO](2026/09/13/ 10:58:08 PM) [Round: 0083] ...successfully transmitted models to 10 selected clients!
[INFO](2026/09/13/ 10:58:08 PM) [Round: 0083] Start updating selected 10 clients...!
[INFO](2026/09/13/ 10:58:44 PM) [Round: 0083] ...10 clients are selected and updated (with total sample size: 27)!
[INFO](2026/09/13/ 10:58:44 PM) [Round: 0083] Aggregate updated weights of 10 clients...!
[INFO](2026/09/13/ 10:58:45 PM) [Round: 0083] ...updated weights of 10 clients are successfully averaged!
[INFO](2026/09/13/ 10:58:46 PM) [Round: 0083] Evaluate global model's performance...!                
	[Server] ...finished evaluation!                
	=> Loss: 1.5207                
	=> Accuracy: 53.10%

[INFO](2026/09/13/ 10:58:46 PM) [Round: 0084] Select clients...!
[INFO](2026/09/13/ 10:58:46 PM) [Round: 0084] ...successfully transmitted models to 10 selected clients!
[INFO](2026/09/13/ 10:58:46 PM) [Round: 0084] Start updating selected 10 clients...!
[INFO](2026/09/13/ 10:59:18 PM) [Round: 0084] ...10 clients are selected and updated (with total sample size: 44)!
[INFO](2026/09/13/ 10:59:18 PM) [Round: 0084] Aggregate updated weights of 10 clients...!
[INFO](2026/09/13/ 10:59:18 PM) [Round: 0084] ...updated weights of 10 clients are successfully averaged!
[INFO](2026/09/13/ 10:59:19 PM) [Round: 0084] Evaluate global model's performance...!                
	[Server] ...finished evaluation!                
	=> Loss: 1.5393                
	=> Accuracy: 50.24%

[INFO](2026/09/13/ 10:59:19 PM) [Round: 0085] Select clients...!
[INFO](2026/09/13/ 10:59:20 PM) [Round: 0085] ...successfully transmitted models to 10 selected clients!
[INFO](2026/09/13/ 10:59:20 PM) [Round: 0085] Start updating selected 10 clients...!
[INFO](2026/09/13/ 11:00:11 PM) [Round: 0085] ...10 clients are selected and updated (with total sample size: 48)!
[INFO](2026/09/13/ 11:00:11 PM) [Round: 0085] Aggregate updated weights of 10 clients...!
[INFO](2026/09/13/ 11:00:11 PM) [Round: 0085] ...updated weights of 10 clients are successfully averaged!
[INFO](2026/09/13/ 11:00:13 PM) [Round: 0085] Evaluate global model's performance...!                
	[Server] ...finished evaluation!                
	=> Loss: 1.5129                
	=> Accuracy: 53.10%

[INFO](2026/09/13/ 11:00:13 PM) [Round: 0086] Select clients...!
[INFO](2026/09/13/ 11:00:13 PM) [Round: 0086] ...successfully transmitted models to 10 selected clients!
[INFO](2026/09/13/ 11:00:13 PM) [Round: 0086] Start updating selected 10 clients...!
[INFO](2026/09/13/ 11:01:05 PM) [Round: 0086] ...10 clients are selected and updated (with total sample size: 18)!
[INFO](2026/09/13/ 11:01:05 PM) [Round: 0086] Aggregate updated weights of 10 clients...!
[INFO](2026/09/13/ 11:01:05 PM) [Round: 0086] ...updated weights of 10 clients are successfully averaged!
[INFO](2026/09/13/ 11:01:06 PM) [Round: 0086] Evaluate global model's performance...!                
	[Server] ...finished evaluation!                
	=> Loss: 1.3995                
	=> Accuracy: 55.71%

[INFO](2026/09/13/ 11:01:06 PM) [Round: 0087] Select clients...!
[INFO](2026/09/13/ 11:01:07 PM) [Round: 0087] ...successfully transmitted models to 10 selected clients!
[INFO](2026/09/13/ 11:01:07 PM) [Round: 0087] Start updating selected 10 clients...!
[INFO](2026/09/13/ 11:01:49 PM) [Round: 0087] ...10 clients are selected and updated (with total sample size: 48)!
[INFO](2026/09/13/ 11:01:49 PM) [Round: 0087] Aggregate updated weights of 10 clients...!
[INFO](2026/09/13/ 11:01:50 PM) [Round: 0087] ...updated weights of 10 clients are successfully averaged!
[INFO](2026/09/13/ 11:01:51 PM) [Round: 0087] Evaluate global model's performance...!                
	[Server] ...finished evaluation!                
	=> Loss: 1.4785                
	=> Accuracy: 54.05%

[INFO](2026/09/13/ 11:01:51 PM) [Round: 0088] Select clients...!
[INFO](2026/09/13/ 11:01:51 PM) [Round: 0088] ...successfully transmitted models to 10 selected clients!
[INFO](2026/09/13/ 11:01:51 PM) [Round: 0088] Start updating selected 10 clients...!
[INFO](2026/09/13/ 11:02:48 PM) [Round: 0088] ...10 clients are selected and updated (with total sample size: 55)!
[INFO](2026/09/13/ 11:02:48 PM) [Round: 0088] Aggregate updated weights of 10 clients...!
[INFO](2026/09/13/ 11:02:49 PM) [Round: 0088] ...updated weights of 10 clients are successfully averaged!
[INFO](2026/09/13/ 11:02:50 PM) [Round: 0088] Evaluate global model's performance...!                
	[Server] ...finished evaluation!                
	=> Loss: 1.5049                
	=> Accuracy: 53.81%

[INFO](2026/09/13/ 11:02:50 PM) [Round: 0089] Select clients...!
[INFO](2026/09/13/ 11:02:50 PM) [Round: 0089] ...successfully transmitted models to 10 selected clients!
[INFO](2026/09/13/ 11:02:50 PM) [Round: 0089] Start updating selected 10 clients...!
[INFO](2026/09/13/ 11:03:22 PM) [Round: 0089] ...10 clients are selected and updated (with total sample size: 26)!
[INFO](2026/09/13/ 11:03:22 PM) [Round: 0089] Aggregate updated weights of 10 clients...!
[INFO](2026/09/13/ 11:03:22 PM) [Round: 0089] ...updated weights of 10 clients are successfully averaged!
[INFO](2026/09/13/ 11:03:23 PM) [Round: 0089] Evaluate global model's performance...!                
	[Server] ...finished evaluation!                
	=> Loss: 1.4176                
	=> Accuracy: 52.62%

[INFO](2026/09/13/ 11:03:23 PM) [Round: 0090] Select clients...!
[INFO](2026/09/13/ 11:03:23 PM) [Round: 0090] ...successfully transmitted models to 10 selected clients!
[INFO](2026/09/13/ 11:03:24 PM) [Round: 0090] Start updating selected 10 clients...!
[INFO](2026/09/13/ 11:04:04 PM) [Round: 0090] ...10 clients are selected and updated (with total sample size: 26)!
[INFO](2026/09/13/ 11:04:04 PM) [Round: 0090] Aggregate updated weights of 10 clients...!
[INFO](2026/09/13/ 11:04:04 PM) [Round: 0090] ...updated weights of 10 clients are successfully averaged!
[INFO](2026/09/13/ 11:04:06 PM) [Round: 0090] Evaluate global model's performance...!                
	[Server] ...finished evaluation!                
	=> Loss: 1.3739                
	=> Accuracy: 58.81%

[INFO](2026/09/13/ 11:04:06 PM) [Round: 0091] Select clients...!
[INFO](2026/09/13/ 11:04:06 PM) [Round: 0091] ...successfully transmitted models to 10 selected clients!
[INFO](2026/09/13/ 11:04:06 PM) [Round: 0091] Start updating selected 10 clients...!
[INFO](2026/09/13/ 11:04:38 PM) [Round: 0091] ...10 clients are selected and updated (with total sample size: 55)!
[INFO](2026/09/13/ 11:04:38 PM) [Round: 0091] Aggregate updated weights of 10 clients...!
[INFO](2026/09/13/ 11:04:38 PM) [Round: 0091] ...updated weights of 10 clients are successfully averaged!
[INFO](2026/09/13/ 11:04:39 PM) [Round: 0091] Evaluate global model's performance...!                
	[Server] ...finished evaluation!                
	=> Loss: 1.4090                
	=> Accuracy: 55.48%

[INFO](2026/09/13/ 11:04:39 PM) [Round: 0092] Select clients...!
[INFO](2026/09/13/ 11:04:40 PM) [Round: 0092] ...successfully transmitted models to 10 selected clients!
[INFO](2026/09/13/ 11:04:40 PM) [Round: 0092] Start updating selected 10 clients...!
[INFO](2026/09/13/ 11:05:12 PM) [Round: 0092] ...10 clients are selected and updated (with total sample size: 45)!
[INFO](2026/09/13/ 11:05:12 PM) [Round: 0092] Aggregate updated weights of 10 clients...!
[INFO](2026/09/13/ 11:05:12 PM) [Round: 0092] ...updated weights of 10 clients are successfully averaged!
[INFO](2026/09/13/ 11:05:14 PM) [Round: 0092] Evaluate global model's performance...!                
	[Server] ...finished evaluation!                
	=> Loss: 1.4583                
	=> Accuracy: 50.48%

[INFO](2026/09/13/ 11:05:14 PM) [Round: 0093] Select clients...!
[INFO](2026/09/13/ 11:05:14 PM) [Round: 0093] ...successfully transmitted models to 10 selected clients!
[INFO](2026/09/13/ 11:05:14 PM) [Round: 0093] Start updating selected 10 clients...!
[INFO](2026/09/13/ 11:05:50 PM) [Round: 0093] ...10 clients are selected and updated (with total sample size: 48)!
[INFO](2026/09/13/ 11:05:50 PM) [Round: 0093] Aggregate updated weights of 10 clients...!
[INFO](2026/09/13/ 11:05:50 PM) [Round: 0093] ...updated weights of 10 clients are successfully averaged!
[INFO](2026/09/13/ 11:05:51 PM) [Round: 0093] Evaluate global model's performance...!                
	[Server] ...finished evaluation!                
	=> Loss: 1.3561                
	=> Accuracy: 56.43%

[INFO](2026/09/13/ 11:05:51 PM) [Round: 0094] Select clients...!
[INFO](2026/09/13/ 11:05:52 PM) [Round: 0094] ...successfully transmitted models to 10 selected clients!
[INFO](2026/09/13/ 11:05:52 PM) [Round: 0094] Start updating selected 10 clients...!
[INFO](2026/09/13/ 11:06:30 PM) [Round: 0094] ...10 clients are selected and updated (with total sample size: 26)!
[INFO](2026/09/13/ 11:06:30 PM) [Round: 0094] Aggregate updated weights of 10 clients...!
[INFO](2026/09/13/ 11:06:30 PM) [Round: 0094] ...updated weights of 10 clients are successfully averaged!
[INFO](2026/09/13/ 11:06:31 PM) [Round: 0094] Evaluate global model's performance...!                
	[Server] ...finished evaluation!                
	=> Loss: 1.4225                
	=> Accuracy: 55.71%

[INFO](2026/09/13/ 11:06:31 PM) [Round: 0095] Select clients...!
[INFO](2026/09/13/ 11:06:32 PM) [Round: 0095] ...successfully transmitted models to 10 selected clients!
[INFO](2026/09/13/ 11:06:32 PM) [Round: 0095] Start updating selected 10 clients...!
[INFO](2026/09/13/ 11:07:14 PM) [Round: 0095] ...10 clients are selected and updated (with total sample size: 55)!
[INFO](2026/09/13/ 11:07:14 PM) [Round: 0095] Aggregate updated weights of 10 clients...!
[INFO](2026/09/13/ 11:07:15 PM) [Round: 0095] ...updated weights of 10 clients are successfully averaged!
[INFO](2026/09/13/ 11:07:16 PM) [Round: 0095] Evaluate global model's performance...!                
	[Server] ...finished evaluation!                
	=> Loss: 1.4361                
	=> Accuracy: 55.00%

[INFO](2026/09/13/ 11:07:16 PM) [Round: 0096] Select clients...!
[INFO](2026/09/13/ 11:07:16 PM) [Round: 0096] ...successfully transmitted models to 10 selected clients!
[INFO](2026/09/13/ 11:07:16 PM) [Round: 0096] Start updating selected 10 clients...!
[INFO](2026/09/13/ 11:07:57 PM) [Round: 0096] ...10 clients are selected and updated (with total sample size: 27)!
[INFO](2026/09/13/ 11:07:57 PM) [Round: 0096] Aggregate updated weights of 10 clients...!
[INFO](2026/09/13/ 11:07:57 PM) [Round: 0096] ...updated weights of 10 clients are successfully averaged!
[INFO](2026/09/13/ 11:07:58 PM) [Round: 0096] Evaluate global model's performance...!                
	[Server] ...finished evaluation!                
	=> Loss: 1.4257                
	=> Accuracy: 52.38%

[INFO](2026/09/13/ 11:07:58 PM) [Round: 0097] Select clients...!
[INFO](2026/09/13/ 11:07:59 PM) [Round: 0097] ...successfully transmitted models to 10 selected clients!
[INFO](2026/09/13/ 11:07:59 PM) [Round: 0097] Start updating selected 10 clients...!
[INFO](2026/09/13/ 11:08:36 PM) [Round: 0097] ...10 clients are selected and updated (with total sample size: 44)!
[INFO](2026/09/13/ 11:08:36 PM) [Round: 0097] Aggregate updated weights of 10 clients...!
[INFO](2026/09/13/ 11:08:37 PM) [Round: 0097] ...updated weights of 10 clients are successfully averaged!
[INFO](2026/09/13/ 11:08:38 PM) [Round: 0097] Evaluate global model's performance...!                
	[Server] ...finished evaluation!                
	=> Loss: 1.4023                
	=> Accuracy: 53.10%

[INFO](2026/09/13/ 11:08:38 PM) [Round: 0098] Select clients...!
[INFO](2026/09/13/ 11:08:39 PM) [Round: 0098] ...successfully transmitted models to 10 selected clients!
[INFO](2026/09/13/ 11:08:39 PM) [Round: 0098] Start updating selected 10 clients...!
[INFO](2026/09/13/ 11:09:21 PM) [Round: 0098] ...10 clients are selected and updated (with total sample size: 18)!
[INFO](2026/09/13/ 11:09:21 PM) [Round: 0098] Aggregate updated weights of 10 clients...!
[INFO](2026/09/13/ 11:09:21 PM) [Round: 0098] ...updated weights of 10 clients are successfully averaged!
[INFO](2026/09/13/ 11:09:23 PM) [Round: 0098] Evaluate global model's performance...!                
	[Server] ...finished evaluation!                
	=> Loss: 1.4666                
	=> Accuracy: 55.24%

[INFO](2026/09/13/ 11:09:23 PM) [Round: 0099] Select clients...!
[INFO](2026/09/13/ 11:09:23 PM) [Round: 0099] ...successfully transmitted models to 10 selected clients!
[INFO](2026/09/13/ 11:09:23 PM) [Round: 0099] Start updating selected 10 clients...!
[INFO](2026/09/13/ 11:10:02 PM) [Round: 0099] ...10 clients are selected and updated (with total sample size: 44)!
[INFO](2026/09/13/ 11:10:02 PM) [Round: 0099] Aggregate updated weights of 10 clients...!
[INFO](2026/09/13/ 11:10:02 PM) [Round: 0099] ...updated weights of 10 clients are successfully averaged!
[INFO](2026/09/13/ 11:10:03 PM) [Round: 0099] Evaluate global model's performance...!                
	[Server] ...finished evaluation!                
	=> Loss: 1.3321                
	=> Accuracy: 55.71%

[INFO](2026/09/13/ 11:10:03 PM) [Round: 0100] Select clients...!
[INFO](2026/09/13/ 11:10:04 PM) [Round: 0100] ...successfully transmitted models to 10 selected clients!
[INFO](2026/09/13/ 11:10:04 PM) [Round: 0100] Start updating selected 10 clients...!
[INFO](2026/09/13/ 11:10:24 PM) [Round: 0100] ...10 clients are selected and updated (with total sample size: 17)!
[INFO](2026/09/13/ 11:10:24 PM) [Round: 0100] Aggregate updated weights of 10 clients...!
[INFO](2026/09/13/ 11:10:24 PM) [Round: 0100] ...updated weights of 10 clients are successfully averaged!
[INFO](2026/09/13/ 11:10:25 PM) [Round: 0100] Evaluate global model's performance...!                
	[Server] ...finished evaluation!                
	=> Loss: 1.2880                
	=> Accuracy: 57.86%

[INFO](2026/09/13/ 11:10:25 PM) [Round: 0101] Select clients...!
[INFO](2026/09/13/ 11:10:26 PM) [Round: 0101] ...successfully transmitted models to 10 selected clients!
[INFO](2026/09/13/ 11:10:26 PM) [Round: 0101] Start updating selected 10 clients...!
[INFO](2026/09/13/ 11:11:02 PM) [Round: 0101] ...10 clients are selected and updated (with total sample size: 48)!
[INFO](2026/09/13/ 11:11:02 PM) [Round: 0101] Aggregate updated weights of 10 clients...!
[INFO](2026/09/13/ 11:11:02 PM) [Round: 0101] ...updated weights of 10 clients are successfully averaged!
[INFO](2026/09/13/ 11:11:03 PM) [Round: 0101] Evaluate global model's performance...!                
	[Server] ...finished evaluation!                
	=> Loss: 1.4125                
	=> Accuracy: 54.76%

[INFO](2026/09/13/ 11:11:03 PM) [Round: 0102] Select clients...!
[INFO](2026/09/13/ 11:11:04 PM) [Round: 0102] ...successfully transmitted models to 10 selected clients!
[INFO](2026/09/13/ 11:11:04 PM) [Round: 0102] Start updating selected 10 clients...!
[INFO](2026/09/13/ 11:11:32 PM) [Round: 0102] ...10 clients are selected and updated (with total sample size: 41)!
[INFO](2026/09/13/ 11:11:32 PM) [Round: 0102] Aggregate updated weights of 10 clients...!
[INFO](2026/09/13/ 11:11:32 PM) [Round: 0102] ...updated weights of 10 clients are successfully averaged!
[INFO](2026/09/13/ 11:11:33 PM) [Round: 0102] Evaluate global model's performance...!                
	[Server] ...finished evaluation!                
	=> Loss: 1.3871                
	=> Accuracy: 54.29%

[INFO](2026/09/13/ 11:11:33 PM) [Round: 0103] Select clients...!
[INFO](2026/09/13/ 11:11:34 PM) [Round: 0103] ...successfully transmitted models to 10 selected clients!
[INFO](2026/09/13/ 11:11:34 PM) [Round: 0103] Start updating selected 10 clients...!
[INFO](2026/09/13/ 11:12:01 PM) [Round: 0103] ...10 clients are selected and updated (with total sample size: 27)!
[INFO](2026/09/13/ 11:12:01 PM) [Round: 0103] Aggregate updated weights of 10 clients...!
[INFO](2026/09/13/ 11:12:02 PM) [Round: 0103] ...updated weights of 10 clients are successfully averaged!
[INFO](2026/09/13/ 11:12:03 PM) [Round: 0103] Evaluate global model's performance...!                
	[Server] ...finished evaluation!                
	=> Loss: 1.2796                
	=> Accuracy: 58.33%

[INFO](2026/09/13/ 11:12:03 PM) [Round: 0104] Select clients...!
[INFO](2026/09/13/ 11:12:03 PM) [Round: 0104] ...successfully transmitted models to 10 selected clients!
[INFO](2026/09/13/ 11:12:03 PM) [Round: 0104] Start updating selected 10 clients...!
[INFO](2026/09/13/ 11:12:36 PM) [Round: 0104] ...10 clients are selected and updated (with total sample size: 18)!
[INFO](2026/09/13/ 11:12:36 PM) [Round: 0104] Aggregate updated weights of 10 clients...!
[INFO](2026/09/13/ 11:12:37 PM) [Round: 0104] ...updated weights of 10 clients are successfully averaged!
[INFO](2026/09/13/ 11:12:38 PM) [Round: 0104] Evaluate global model's performance...!                
	[Server] ...finished evaluation!                
	=> Loss: 1.4230                
	=> Accuracy: 51.67%

[INFO](2026/09/13/ 11:12:38 PM) [Round: 0105] Select clients...!
[INFO](2026/09/13/ 11:12:38 PM) [Round: 0105] ...successfully transmitted models to 10 selected clients!
[INFO](2026/09/13/ 11:12:38 PM) [Round: 0105] Start updating selected 10 clients...!
[INFO](2026/09/13/ 11:13:17 PM) [Round: 0105] ...10 clients are selected and updated (with total sample size: 45)!
[INFO](2026/09/13/ 11:13:17 PM) [Round: 0105] Aggregate updated weights of 10 clients...!
[INFO](2026/09/13/ 11:13:17 PM) [Round: 0105] ...updated weights of 10 clients are successfully averaged!
[INFO](2026/09/13/ 11:13:18 PM) [Round: 0105] Evaluate global model's performance...!                
	[Server] ...finished evaluation!                
	=> Loss: 1.3865                
	=> Accuracy: 53.33%

[INFO](2026/09/13/ 11:13:18 PM) [Round: 0106] Select clients...!
[INFO](2026/09/13/ 11:13:19 PM) [Round: 0106] ...successfully transmitted models to 10 selected clients!
[INFO](2026/09/13/ 11:13:19 PM) [Round: 0106] Start updating selected 10 clients...!
[INFO](2026/09/13/ 11:13:46 PM) [Round: 0106] ...10 clients are selected and updated (with total sample size: 27)!
[INFO](2026/09/13/ 11:13:46 PM) [Round: 0106] Aggregate updated weights of 10 clients...!
[INFO](2026/09/13/ 11:13:46 PM) [Round: 0106] ...updated weights of 10 clients are successfully averaged!
[INFO](2026/09/13/ 11:13:47 PM) [Round: 0106] Evaluate global model's performance...!                
	[Server] ...finished evaluation!                
	=> Loss: 1.3560                
	=> Accuracy: 56.19%

[INFO](2026/09/13/ 11:13:48 PM) [Round: 0107] Select clients...!
[INFO](2026/09/13/ 11:13:48 PM) [Round: 0107] ...successfully transmitted models to 10 selected clients!
[INFO](2026/09/13/ 11:13:48 PM) [Round: 0107] Start updating selected 10 clients...!
[INFO](2026/09/13/ 11:14:12 PM) [Round: 0107] ...10 clients are selected and updated (with total sample size: 26)!
[INFO](2026/09/13/ 11:14:12 PM) [Round: 0107] Aggregate updated weights of 10 clients...!
[INFO](2026/09/13/ 11:14:12 PM) [Round: 0107] ...updated weights of 10 clients are successfully averaged!
[INFO](2026/09/13/ 11:14:13 PM) [Round: 0107] Evaluate global model's performance...!                
	[Server] ...finished evaluation!                
	=> Loss: 1.2758                
	=> Accuracy: 60.00%

[INFO](2026/09/13/ 11:14:13 PM) [Round: 0108] Select clients...!
[INFO](2026/09/13/ 11:14:14 PM) [Round: 0108] ...successfully transmitted models to 10 selected clients!
[INFO](2026/09/13/ 11:14:14 PM) [Round: 0108] Start updating selected 10 clients...!
[INFO](2026/09/13/ 11:14:46 PM) [Round: 0108] ...10 clients are selected and updated (with total sample size: 48)!
[INFO](2026/09/13/ 11:14:46 PM) [Round: 0108] Aggregate updated weights of 10 clients...!
[INFO](2026/09/13/ 11:14:46 PM) [Round: 0108] ...updated weights of 10 clients are successfully averaged!
[INFO](2026/09/13/ 11:14:47 PM) [Round: 0108] Evaluate global model's performance...!                
	[Server] ...finished evaluation!                
	=> Loss: 1.2466                
	=> Accuracy: 59.52%

[INFO](2026/09/13/ 11:14:47 PM) [Round: 0109] Select clients...!
[INFO](2026/09/13/ 11:14:47 PM) [Round: 0109] ...successfully transmitted models to 10 selected clients!
[INFO](2026/09/13/ 11:14:48 PM) [Round: 0109] Start updating selected 10 clients...!
[INFO](2026/09/13/ 11:15:17 PM) [Round: 0109] ...10 clients are selected and updated (with total sample size: 48)!
[INFO](2026/09/13/ 11:15:17 PM) [Round: 0109] Aggregate updated weights of 10 clients...!
[INFO](2026/09/13/ 11:15:17 PM) [Round: 0109] ...updated weights of 10 clients are successfully averaged!
[INFO](2026/09/13/ 11:15:18 PM) [Round: 0109] Evaluate global model's performance...!                
	[Server] ...finished evaluation!                
	=> Loss: 1.3817                
	=> Accuracy: 54.29%

[INFO](2026/09/13/ 11:15:18 PM) [Round: 0110] Select clients...!
[INFO](2026/09/13/ 11:15:19 PM) [Round: 0110] ...successfully transmitted models to 10 selected clients!
[INFO](2026/09/13/ 11:15:19 PM) [Round: 0110] Start updating selected 10 clients...!
[INFO](2026/09/13/ 11:15:48 PM) [Round: 0110] ...10 clients are selected and updated (with total sample size: 48)!
[INFO](2026/09/13/ 11:15:48 PM) [Round: 0110] Aggregate updated weights of 10 clients...!
[INFO](2026/09/13/ 11:15:48 PM) [Round: 0110] ...updated weights of 10 clients are successfully averaged!
[INFO](2026/09/13/ 11:15:49 PM) [Round: 0110] Evaluate global model's performance...!                
	[Server] ...finished evaluation!                
	=> Loss: 1.2429                
	=> Accuracy: 59.29%

[INFO](2026/09/13/ 11:15:49 PM) [Round: 0111] Select clients...!
[INFO](2026/09/13/ 11:15:49 PM) [Round: 0111] ...successfully transmitted models to 10 selected clients!
[INFO](2026/09/13/ 11:15:50 PM) [Round: 0111] Start updating selected 10 clients...!
[INFO](2026/09/13/ 11:16:18 PM) [Round: 0111] ...10 clients are selected and updated (with total sample size: 42)!
[INFO](2026/09/13/ 11:16:18 PM) [Round: 0111] Aggregate updated weights of 10 clients...!
[INFO](2026/09/13/ 11:16:19 PM) [Round: 0111] ...updated weights of 10 clients are successfully averaged!
[INFO](2026/09/13/ 11:16:20 PM) [Round: 0111] Evaluate global model's performance...!                
	[Server] ...finished evaluation!                
	=> Loss: 1.2886                
	=> Accuracy: 58.33%

[INFO](2026/09/13/ 11:16:20 PM) [Round: 0112] Select clients...!
[INFO](2026/09/13/ 11:16:20 PM) [Round: 0112] ...successfully transmitted models to 10 selected clients!
[INFO](2026/09/13/ 11:16:21 PM) [Round: 0112] Start updating selected 10 clients...!
[INFO](2026/09/13/ 11:16:55 PM) [Round: 0112] ...10 clients are selected and updated (with total sample size: 18)!
[INFO](2026/09/13/ 11:16:55 PM) [Round: 0112] Aggregate updated weights of 10 clients...!
[INFO](2026/09/13/ 11:16:55 PM) [Round: 0112] ...updated weights of 10 clients are successfully averaged!
[INFO](2026/09/13/ 11:16:56 PM) [Round: 0112] Evaluate global model's performance...!                
	[Server] ...finished evaluation!                
	=> Loss: 1.2584                
	=> Accuracy: 59.29%

[INFO](2026/09/13/ 11:16:56 PM) [Round: 0113] Select clients...!
[INFO](2026/09/13/ 11:16:57 PM) [Round: 0113] ...successfully transmitted models to 10 selected clients!
[INFO](2026/09/13/ 11:16:57 PM) [Round: 0113] Start updating selected 10 clients...!
[INFO](2026/09/13/ 11:17:36 PM) [Round: 0113] ...10 clients are selected and updated (with total sample size: 26)!
[INFO](2026/09/13/ 11:17:36 PM) [Round: 0113] Aggregate updated weights of 10 clients...!
[INFO](2026/09/13/ 11:17:36 PM) [Round: 0113] ...updated weights of 10 clients are successfully averaged!
[INFO](2026/09/13/ 11:17:37 PM) [Round: 0113] Evaluate global model's performance...!                
	[Server] ...finished evaluation!                
	=> Loss: 1.2567                
	=> Accuracy: 58.57%

[INFO](2026/09/13/ 11:17:37 PM) [Round: 0114] Select clients...!
[INFO](2026/09/13/ 11:17:38 PM) [Round: 0114] ...successfully transmitted models to 10 selected clients!
[INFO](2026/09/13/ 11:17:38 PM) [Round: 0114] Start updating selected 10 clients...!
[INFO](2026/09/13/ 11:18:14 PM) [Round: 0114] ...10 clients are selected and updated (with total sample size: 48)!
[INFO](2026/09/13/ 11:18:14 PM) [Round: 0114] Aggregate updated weights of 10 clients...!
[INFO](2026/09/13/ 11:18:14 PM) [Round: 0114] ...updated weights of 10 clients are successfully averaged!
[INFO](2026/09/13/ 11:18:15 PM) [Round: 0114] Evaluate global model's performance...!                
	[Server] ...finished evaluation!                
	=> Loss: 1.3299                
	=> Accuracy: 57.86%

[INFO](2026/09/13/ 11:18:15 PM) [Round: 0115] Select clients...!
[INFO](2026/09/13/ 11:18:15 PM) [Round: 0115] ...successfully transmitted models to 10 selected clients!
[INFO](2026/09/13/ 11:18:15 PM) [Round: 0115] Start updating selected 10 clients...!
[INFO](2026/09/13/ 11:18:42 PM) [Round: 0115] ...10 clients are selected and updated (with total sample size: 18)!
[INFO](2026/09/13/ 11:18:42 PM) [Round: 0115] Aggregate updated weights of 10 clients...!
[INFO](2026/09/13/ 11:18:42 PM) [Round: 0115] ...updated weights of 10 clients are successfully averaged!
[INFO](2026/09/13/ 11:18:43 PM) [Round: 0115] Evaluate global model's performance...!                
	[Server] ...finished evaluation!                
	=> Loss: 1.2068                
	=> Accuracy: 61.43%

[INFO](2026/09/13/ 11:18:43 PM) [Round: 0116] Select clients...!
[INFO](2026/09/13/ 11:18:43 PM) [Round: 0116] ...successfully transmitted models to 10 selected clients!
[INFO](2026/09/13/ 11:18:43 PM) [Round: 0116] Start updating selected 10 clients...!
[INFO](2026/09/13/ 11:19:19 PM) [Round: 0116] ...10 clients are selected and updated (with total sample size: 18)!
[INFO](2026/09/13/ 11:19:19 PM) [Round: 0116] Aggregate updated weights of 10 clients...!
[INFO](2026/09/13/ 11:19:19 PM) [Round: 0116] ...updated weights of 10 clients are successfully averaged!
[INFO](2026/09/13/ 11:19:20 PM) [Round: 0116] Evaluate global model's performance...!                
	[Server] ...finished evaluation!                
	=> Loss: 1.2209                
	=> Accuracy: 60.71%

[INFO](2026/09/13/ 11:19:20 PM) [Round: 0117] Select clients...!
[INFO](2026/09/13/ 11:19:20 PM) [Round: 0117] ...successfully transmitted models to 10 selected clients!
[INFO](2026/09/13/ 11:19:20 PM) [Round: 0117] Start updating selected 10 clients...!
[INFO](2026/09/13/ 11:20:02 PM) [Round: 0117] ...10 clients are selected and updated (with total sample size: 55)!
[INFO](2026/09/13/ 11:20:02 PM) [Round: 0117] Aggregate updated weights of 10 clients...!
[INFO](2026/09/13/ 11:20:02 PM) [Round: 0117] ...updated weights of 10 clients are successfully averaged!
[INFO](2026/09/13/ 11:20:03 PM) [Round: 0117] Evaluate global model's performance...!                
	[Server] ...finished evaluation!                
	=> Loss: 1.2450                
	=> Accuracy: 57.62%

[INFO](2026/09/13/ 11:20:03 PM) [Round: 0118] Select clients...!
[INFO](2026/09/13/ 11:20:04 PM) [Round: 0118] ...successfully transmitted models to 10 selected clients!
[INFO](2026/09/13/ 11:20:04 PM) [Round: 0118] Start updating selected 10 clients...!
[INFO](2026/09/13/ 11:20:33 PM) [Round: 0118] ...10 clients are selected and updated (with total sample size: 48)!
[INFO](2026/09/13/ 11:20:33 PM) [Round: 0118] Aggregate updated weights of 10 clients...!
[INFO](2026/09/13/ 11:20:33 PM) [Round: 0118] ...updated weights of 10 clients are successfully averaged!
[INFO](2026/09/13/ 11:20:35 PM) [Round: 0118] Evaluate global model's performance...!                
	[Server] ...finished evaluation!                
	=> Loss: 1.2240                
	=> Accuracy: 58.33%

[INFO](2026/09/13/ 11:20:35 PM) [Round: 0119] Select clients...!
[INFO](2026/09/13/ 11:20:35 PM) [Round: 0119] ...successfully transmitted models to 10 selected clients!
[INFO](2026/09/13/ 11:20:35 PM) [Round: 0119] Start updating selected 10 clients...!
[INFO](2026/09/13/ 11:21:12 PM) [Round: 0119] ...10 clients are selected and updated (with total sample size: 55)!
[INFO](2026/09/13/ 11:21:12 PM) [Round: 0119] Aggregate updated weights of 10 clients...!
[INFO](2026/09/13/ 11:21:12 PM) [Round: 0119] ...updated weights of 10 clients are successfully averaged!
[INFO](2026/09/13/ 11:21:13 PM) [Round: 0119] Evaluate global model's performance...!                
	[Server] ...finished evaluation!                
	=> Loss: 1.2824                
	=> Accuracy: 60.48%

[INFO](2026/09/13/ 11:21:13 PM) [Round: 0120] Select clients...!
[INFO](2026/09/13/ 11:21:14 PM) [Round: 0120] ...successfully transmitted models to 10 selected clients!
[INFO](2026/09/13/ 11:21:14 PM) [Round: 0120] Start updating selected 10 clients...!
[INFO](2026/09/13/ 11:21:41 PM) [Round: 0120] ...10 clients are selected and updated (with total sample size: 18)!
[INFO](2026/09/13/ 11:21:41 PM) [Round: 0120] Aggregate updated weights of 10 clients...!
[INFO](2026/09/13/ 11:21:42 PM) [Round: 0120] ...updated weights of 10 clients are successfully averaged!
[INFO](2026/09/13/ 11:21:43 PM) [Round: 0120] Evaluate global model's performance...!                
	[Server] ...finished evaluation!                
	=> Loss: 1.1471                
	=> Accuracy: 63.33%

[INFO](2026/09/13/ 11:21:43 PM) [Round: 0121] Select clients...!
[INFO](2026/09/13/ 11:21:43 PM) [Round: 0121] ...successfully transmitted models to 10 selected clients!
[INFO](2026/09/13/ 11:21:44 PM) [Round: 0121] Start updating selected 10 clients...!
[INFO](2026/09/13/ 11:22:10 PM) [Round: 0121] ...10 clients are selected and updated (with total sample size: 55)!
[INFO](2026/09/13/ 11:22:10 PM) [Round: 0121] Aggregate updated weights of 10 clients...!
[INFO](2026/09/13/ 11:22:10 PM) [Round: 0121] ...updated weights of 10 clients are successfully averaged!
[INFO](2026/09/13/ 11:22:11 PM) [Round: 0121] Evaluate global model's performance...!                
	[Server] ...finished evaluation!                
	=> Loss: 1.2186                
	=> Accuracy: 59.76%

[INFO](2026/09/13/ 11:22:11 PM) [Round: 0122] Select clients...!
[INFO](2026/09/13/ 11:22:12 PM) [Round: 0122] ...successfully transmitted models to 10 selected clients!
[INFO](2026/09/13/ 11:22:12 PM) [Round: 0122] Start updating selected 10 clients...!
[INFO](2026/09/13/ 11:22:35 PM) [Round: 0122] ...10 clients are selected and updated (with total sample size: 27)!
[INFO](2026/09/13/ 11:22:35 PM) [Round: 0122] Aggregate updated weights of 10 clients...!
[INFO](2026/09/13/ 11:22:35 PM) [Round: 0122] ...updated weights of 10 clients are successfully averaged!
[INFO](2026/09/13/ 11:22:37 PM) [Round: 0122] Evaluate global model's performance...!                
	[Server] ...finished evaluation!                
	=> Loss: 1.2386                
	=> Accuracy: 61.19%

[INFO](2026/09/13/ 11:22:37 PM) [Round: 0123] Select clients...!
[INFO](2026/09/13/ 11:22:37 PM) [Round: 0123] ...successfully transmitted models to 10 selected clients!
[INFO](2026/09/13/ 11:22:37 PM) [Round: 0123] Start updating selected 10 clients...!
[INFO](2026/09/13/ 11:23:06 PM) [Round: 0123] ...10 clients are selected and updated (with total sample size: 45)!
[INFO](2026/09/13/ 11:23:06 PM) [Round: 0123] Aggregate updated weights of 10 clients...!
[INFO](2026/09/13/ 11:23:06 PM) [Round: 0123] ...updated weights of 10 clients are successfully averaged!
[INFO](2026/09/13/ 11:23:08 PM) [Round: 0123] Evaluate global model's performance...!                
	[Server] ...finished evaluation!                
	=> Loss: 1.1756                
	=> Accuracy: 61.43%

[INFO](2026/09/13/ 11:23:08 PM) [Round: 0124] Select clients...!
[INFO](2026/09/13/ 11:23:08 PM) [Round: 0124] ...successfully transmitted models to 10 selected clients!
[INFO](2026/09/13/ 11:23:08 PM) [Round: 0124] Start updating selected 10 clients...!
[INFO](2026/09/13/ 11:23:39 PM) [Round: 0124] ...10 clients are selected and updated (with total sample size: 48)!
[INFO](2026/09/13/ 11:23:39 PM) [Round: 0124] Aggregate updated weights of 10 clients...!
[INFO](2026/09/13/ 11:23:40 PM) [Round: 0124] ...updated weights of 10 clients are successfully averaged!
[INFO](2026/09/13/ 11:23:41 PM) [Round: 0124] Evaluate global model's performance...!                
	[Server] ...finished evaluation!                
	=> Loss: 1.1482                
	=> Accuracy: 63.57%

[INFO](2026/09/13/ 11:23:41 PM) [Round: 0125] Select clients...!
[INFO](2026/09/13/ 11:23:41 PM) [Round: 0125] ...successfully transmitted models to 10 selected clients!
[INFO](2026/09/13/ 11:23:41 PM) [Round: 0125] Start updating selected 10 clients...!
[INFO](2026/09/13/ 11:24:06 PM) [Round: 0125] ...10 clients are selected and updated (with total sample size: 48)!
[INFO](2026/09/13/ 11:24:06 PM) [Round: 0125] Aggregate updated weights of 10 clients...!
[INFO](2026/09/13/ 11:24:06 PM) [Round: 0125] ...updated weights of 10 clients are successfully averaged!
[INFO](2026/09/13/ 11:24:07 PM) [Round: 0125] Evaluate global model's performance...!                
	[Server] ...finished evaluation!                
	=> Loss: 1.1632                
	=> Accuracy: 59.05%

[INFO](2026/09/13/ 11:24:07 PM) [Round: 0126] Select clients...!
[INFO](2026/09/13/ 11:24:08 PM) [Round: 0126] ...successfully transmitted models to 10 selected clients!
[INFO](2026/09/13/ 11:24:08 PM) [Round: 0126] Start updating selected 10 clients...!
[INFO](2026/09/13/ 11:24:37 PM) [Round: 0126] ...10 clients are selected and updated (with total sample size: 26)!
[INFO](2026/09/13/ 11:24:37 PM) [Round: 0126] Aggregate updated weights of 10 clients...!
[INFO](2026/09/13/ 11:24:37 PM) [Round: 0126] ...updated weights of 10 clients are successfully averaged!
[INFO](2026/09/13/ 11:24:39 PM) [Round: 0126] Evaluate global model's performance...!                
	[Server] ...finished evaluation!                
	=> Loss: 1.1368                
	=> Accuracy: 63.33%

[INFO](2026/09/13/ 11:24:39 PM) [Round: 0127] Select clients...!
[INFO](2026/09/13/ 11:24:39 PM) [Round: 0127] ...successfully transmitted models to 10 selected clients!
[INFO](2026/09/13/ 11:24:39 PM) [Round: 0127] Start updating selected 10 clients...!
[INFO](2026/09/13/ 11:25:11 PM) [Round: 0127] ...10 clients are selected and updated (with total sample size: 55)!
[INFO](2026/09/13/ 11:25:11 PM) [Round: 0127] Aggregate updated weights of 10 clients...!
[INFO](2026/09/13/ 11:25:11 PM) [Round: 0127] ...updated weights of 10 clients are successfully averaged!
[INFO](2026/09/13/ 11:25:13 PM) [Round: 0127] Evaluate global model's performance...!                
	[Server] ...finished evaluation!                
	=> Loss: 1.2020                
	=> Accuracy: 62.14%

[INFO](2026/09/13/ 11:25:13 PM) [Round: 0128] Select clients...!
[INFO](2026/09/13/ 11:25:13 PM) [Round: 0128] ...successfully transmitted models to 10 selected clients!
[INFO](2026/09/13/ 11:25:13 PM) [Round: 0128] Start updating selected 10 clients...!
[INFO](2026/09/13/ 11:25:45 PM) [Round: 0128] ...10 clients are selected and updated (with total sample size: 18)!
[INFO](2026/09/13/ 11:25:45 PM) [Round: 0128] Aggregate updated weights of 10 clients...!
[INFO](2026/09/13/ 11:25:45 PM) [Round: 0128] ...updated weights of 10 clients are successfully averaged!
[INFO](2026/09/13/ 11:25:47 PM) [Round: 0128] Evaluate global model's performance...!                
	[Server] ...finished evaluation!                
	=> Loss: 1.1223                
	=> Accuracy: 64.29%

[INFO](2026/09/13/ 11:25:47 PM) [Round: 0129] Select clients...!
[INFO](2026/09/13/ 11:25:47 PM) [Round: 0129] ...successfully transmitted models to 10 selected clients!
[INFO](2026/09/13/ 11:25:47 PM) [Round: 0129] Start updating selected 10 clients...!
[INFO](2026/09/13/ 11:26:22 PM) [Round: 0129] ...10 clients are selected and updated (with total sample size: 55)!
[INFO](2026/09/13/ 11:26:22 PM) [Round: 0129] Aggregate updated weights of 10 clients...!
[INFO](2026/09/13/ 11:26:22 PM) [Round: 0129] ...updated weights of 10 clients are successfully averaged!
[INFO](2026/09/13/ 11:26:23 PM) [Round: 0129] Evaluate global model's performance...!                
	[Server] ...finished evaluation!                
	=> Loss: 1.2335                
	=> Accuracy: 56.90%

[INFO](2026/09/13/ 11:26:24 PM) [Round: 0130] Select clients...!
[INFO](2026/09/13/ 11:26:24 PM) [Round: 0130] ...successfully transmitted models to 10 selected clients!
[INFO](2026/09/13/ 11:26:24 PM) [Round: 0130] Start updating selected 10 clients...!
[INFO](2026/09/13/ 11:26:59 PM) [Round: 0130] ...10 clients are selected and updated (with total sample size: 42)!
[INFO](2026/09/13/ 11:27:00 PM) [Round: 0130] Aggregate updated weights of 10 clients...!
[INFO](2026/09/13/ 11:27:00 PM) [Round: 0130] ...updated weights of 10 clients are successfully averaged!
[INFO](2026/09/13/ 11:27:01 PM) [Round: 0130] Evaluate global model's performance...!                
	[Server] ...finished evaluation!                
	=> Loss: 1.1612                
	=> Accuracy: 60.71%

[INFO](2026/09/13/ 11:27:01 PM) [Round: 0131] Select clients...!
[INFO](2026/09/13/ 11:27:01 PM) [Round: 0131] ...successfully transmitted models to 10 selected clients!
[INFO](2026/09/13/ 11:27:01 PM) [Round: 0131] Start updating selected 10 clients...!
[INFO](2026/09/13/ 11:27:44 PM) [Round: 0131] ...10 clients are selected and updated (with total sample size: 44)!
[INFO](2026/09/13/ 11:27:44 PM) [Round: 0131] Aggregate updated weights of 10 clients...!
[INFO](2026/09/13/ 11:27:44 PM) [Round: 0131] ...updated weights of 10 clients are successfully averaged!
[INFO](2026/09/13/ 11:27:45 PM) [Round: 0131] Evaluate global model's performance...!                
	[Server] ...finished evaluation!                
	=> Loss: 1.1854                
	=> Accuracy: 59.29%

[INFO](2026/09/13/ 11:27:45 PM) [Round: 0132] Select clients...!
[INFO](2026/09/13/ 11:27:45 PM) [Round: 0132] ...successfully transmitted models to 10 selected clients!
[INFO](2026/09/13/ 11:27:45 PM) [Round: 0132] Start updating selected 10 clients...!
[INFO](2026/09/13/ 11:28:12 PM) [Round: 0132] ...10 clients are selected and updated (with total sample size: 48)!
[INFO](2026/09/13/ 11:28:12 PM) [Round: 0132] Aggregate updated weights of 10 clients...!
[INFO](2026/09/13/ 11:28:13 PM) [Round: 0132] ...updated weights of 10 clients are successfully averaged!
[INFO](2026/09/13/ 11:28:14 PM) [Round: 0132] Evaluate global model's performance...!                
	[Server] ...finished evaluation!                
	=> Loss: 1.1023                
	=> Accuracy: 64.29%

[INFO](2026/09/13/ 11:28:14 PM) [Round: 0133] Select clients...!
[INFO](2026/09/13/ 11:28:14 PM) [Round: 0133] ...successfully transmitted models to 10 selected clients!
[INFO](2026/09/13/ 11:28:14 PM) [Round: 0133] Start updating selected 10 clients...!
[INFO](2026/09/13/ 11:28:51 PM) [Round: 0133] ...10 clients are selected and updated (with total sample size: 55)!
[INFO](2026/09/13/ 11:28:51 PM) [Round: 0133] Aggregate updated weights of 10 clients...!
[INFO](2026/09/13/ 11:28:51 PM) [Round: 0133] ...updated weights of 10 clients are successfully averaged!
[INFO](2026/09/13/ 11:28:52 PM) [Round: 0133] Evaluate global model's performance...!                
	[Server] ...finished evaluation!                
	=> Loss: 1.1620                
	=> Accuracy: 60.48%

[INFO](2026/09/13/ 11:28:52 PM) [Round: 0134] Select clients...!
[INFO](2026/09/13/ 11:28:52 PM) [Round: 0134] ...successfully transmitted models to 10 selected clients!
[INFO](2026/09/13/ 11:28:53 PM) [Round: 0134] Start updating selected 10 clients...!
[INFO](2026/09/13/ 11:29:37 PM) [Round: 0134] ...10 clients are selected and updated (with total sample size: 55)!
[INFO](2026/09/13/ 11:29:37 PM) [Round: 0134] Aggregate updated weights of 10 clients...!
[INFO](2026/09/13/ 11:29:37 PM) [Round: 0134] ...updated weights of 10 clients are successfully averaged!
[INFO](2026/09/13/ 11:29:38 PM) [Round: 0134] Evaluate global model's performance...!                
	[Server] ...finished evaluation!                
	=> Loss: 1.1235                
	=> Accuracy: 63.57%

[INFO](2026/09/13/ 11:29:38 PM) [Round: 0135] Select clients...!
[INFO](2026/09/13/ 11:29:38 PM) [Round: 0135] ...successfully transmitted models to 10 selected clients!
[INFO](2026/09/13/ 11:29:39 PM) [Round: 0135] Start updating selected 10 clients...!
[INFO](2026/09/13/ 11:30:09 PM) [Round: 0135] ...10 clients are selected and updated (with total sample size: 42)!
[INFO](2026/09/13/ 11:30:09 PM) [Round: 0135] Aggregate updated weights of 10 clients...!
[INFO](2026/09/13/ 11:30:09 PM) [Round: 0135] ...updated weights of 10 clients are successfully averaged!
[INFO](2026/09/13/ 11:30:11 PM) [Round: 0135] Evaluate global model's performance...!                
	[Server] ...finished evaluation!                
	=> Loss: 1.0903                
	=> Accuracy: 63.81%

[INFO](2026/09/13/ 11:30:11 PM) [Round: 0136] Select clients...!
[INFO](2026/09/13/ 11:30:11 PM) [Round: 0136] ...successfully transmitted models to 10 selected clients!
[INFO](2026/09/13/ 11:30:11 PM) [Round: 0136] Start updating selected 10 clients...!
[INFO](2026/09/13/ 11:30:48 PM) [Round: 0136] ...10 clients are selected and updated (with total sample size: 60)!
[INFO](2026/09/13/ 11:30:48 PM) [Round: 0136] Aggregate updated weights of 10 clients...!
[INFO](2026/09/13/ 11:30:48 PM) [Round: 0136] ...updated weights of 10 clients are successfully averaged!
[INFO](2026/09/13/ 11:30:50 PM) [Round: 0136] Evaluate global model's performance...!                
	[Server] ...finished evaluation!                
	=> Loss: 1.1384                
	=> Accuracy: 61.43%

[INFO](2026/09/13/ 11:30:50 PM) [Round: 0137] Select clients...!
[INFO](2026/09/13/ 11:30:50 PM) [Round: 0137] ...successfully transmitted models to 10 selected clients!
[INFO](2026/09/13/ 11:30:50 PM) [Round: 0137] Start updating selected 10 clients...!
[INFO](2026/09/13/ 11:31:21 PM) [Round: 0137] ...10 clients are selected and updated (with total sample size: 60)!
[INFO](2026/09/13/ 11:31:22 PM) [Round: 0137] Aggregate updated weights of 10 clients...!
[INFO](2026/09/13/ 11:31:22 PM) [Round: 0137] ...updated weights of 10 clients are successfully averaged!
[INFO](2026/09/13/ 11:31:23 PM) [Round: 0137] Evaluate global model's performance...!                
	[Server] ...finished evaluation!                
	=> Loss: 1.1030                
	=> Accuracy: 63.57%

[INFO](2026/09/13/ 11:31:23 PM) [Round: 0138] Select clients...!
[INFO](2026/09/13/ 11:31:23 PM) [Round: 0138] ...successfully transmitted models to 10 selected clients!
[INFO](2026/09/13/ 11:31:23 PM) [Round: 0138] Start updating selected 10 clients...!
[INFO](2026/09/13/ 11:31:48 PM) [Round: 0138] ...10 clients are selected and updated (with total sample size: 27)!
[INFO](2026/09/13/ 11:31:48 PM) [Round: 0138] Aggregate updated weights of 10 clients...!
[INFO](2026/09/13/ 11:31:48 PM) [Round: 0138] ...updated weights of 10 clients are successfully averaged!
[INFO](2026/09/13/ 11:31:49 PM) [Round: 0138] Evaluate global model's performance...!                
	[Server] ...finished evaluation!                
	=> Loss: 1.0254                
	=> Accuracy: 66.19%

[INFO](2026/09/13/ 11:31:49 PM) [Round: 0139] Select clients...!
[INFO](2026/09/13/ 11:31:49 PM) [Round: 0139] ...successfully transmitted models to 10 selected clients!
[INFO](2026/09/13/ 11:31:50 PM) [Round: 0139] Start updating selected 10 clients...!
[INFO](2026/09/13/ 11:32:17 PM) [Round: 0139] ...10 clients are selected and updated (with total sample size: 26)!
[INFO](2026/09/13/ 11:32:17 PM) [Round: 0139] Aggregate updated weights of 10 clients...!
[INFO](2026/09/13/ 11:32:17 PM) [Round: 0139] ...updated weights of 10 clients are successfully averaged!
[INFO](2026/09/13/ 11:32:18 PM) [Round: 0139] Evaluate global model's performance...!                
	[Server] ...finished evaluation!                
	=> Loss: 1.0160                
	=> Accuracy: 68.33%

[INFO](2026/09/13/ 11:32:18 PM) [Round: 0140] Select clients...!
[INFO](2026/09/13/ 11:32:18 PM) [Round: 0140] ...successfully transmitted models to 10 selected clients!
[INFO](2026/09/13/ 11:32:18 PM) [Round: 0140] Start updating selected 10 clients...!
[INFO](2026/09/13/ 11:32:52 PM) [Round: 0140] ...10 clients are selected and updated (with total sample size: 27)!
[INFO](2026/09/13/ 11:32:52 PM) [Round: 0140] Aggregate updated weights of 10 clients...!
[INFO](2026/09/13/ 11:32:52 PM) [Round: 0140] ...updated weights of 10 clients are successfully averaged!
[INFO](2026/09/13/ 11:32:53 PM) [Round: 0140] Evaluate global model's performance...!                
	[Server] ...finished evaluation!                
	=> Loss: 1.1222                
	=> Accuracy: 60.95%

[INFO](2026/09/13/ 11:32:53 PM) [Round: 0141] Select clients...!
[INFO](2026/09/13/ 11:32:54 PM) [Round: 0141] ...successfully transmitted models to 10 selected clients!
[INFO](2026/09/13/ 11:32:54 PM) [Round: 0141] Start updating selected 10 clients...!
[INFO](2026/09/13/ 11:33:19 PM) [Round: 0141] ...10 clients are selected and updated (with total sample size: 17)!
[INFO](2026/09/13/ 11:33:19 PM) [Round: 0141] Aggregate updated weights of 10 clients...!
[INFO](2026/09/13/ 11:33:19 PM) [Round: 0141] ...updated weights of 10 clients are successfully averaged!
[INFO](2026/09/13/ 11:33:20 PM) [Round: 0141] Evaluate global model's performance...!                
	[Server] ...finished evaluation!                
	=> Loss: 1.0430                
	=> Accuracy: 63.10%

[INFO](2026/09/13/ 11:33:20 PM) [Round: 0142] Select clients...!
[INFO](2026/09/13/ 11:33:20 PM) [Round: 0142] ...successfully transmitted models to 10 selected clients!
[INFO](2026/09/13/ 11:33:20 PM) [Round: 0142] Start updating selected 10 clients...!
[INFO](2026/09/13/ 11:33:51 PM) [Round: 0142] ...10 clients are selected and updated (with total sample size: 27)!
[INFO](2026/09/13/ 11:33:51 PM) [Round: 0142] Aggregate updated weights of 10 clients...!
[INFO](2026/09/13/ 11:33:51 PM) [Round: 0142] ...updated weights of 10 clients are successfully averaged!
[INFO](2026/09/13/ 11:33:52 PM) [Round: 0142] Evaluate global model's performance...!                
	[Server] ...finished evaluation!                
	=> Loss: 1.0388                
	=> Accuracy: 65.48%

[INFO](2026/09/13/ 11:33:52 PM) [Round: 0143] Select clients...!
[INFO](2026/09/13/ 11:33:53 PM) [Round: 0143] ...successfully transmitted models to 10 selected clients!
[INFO](2026/09/13/ 11:33:53 PM) [Round: 0143] Start updating selected 10 clients...!
[INFO](2026/09/13/ 11:34:21 PM) [Round: 0143] ...10 clients are selected and updated (with total sample size: 44)!
[INFO](2026/09/13/ 11:34:21 PM) [Round: 0143] Aggregate updated weights of 10 clients...!
[INFO](2026/09/13/ 11:34:21 PM) [Round: 0143] ...updated weights of 10 clients are successfully averaged!
[INFO](2026/09/13/ 11:34:23 PM) [Round: 0143] Evaluate global model's performance...!                
	[Server] ...finished evaluation!                
	=> Loss: 1.0065                
	=> Accuracy: 65.71%

[INFO](2026/09/13/ 11:34:23 PM) [Round: 0144] Select clients...!
[INFO](2026/09/13/ 11:34:23 PM) [Round: 0144] ...successfully transmitted models to 10 selected clients!
[INFO](2026/09/13/ 11:34:23 PM) [Round: 0144] Start updating selected 10 clients...!
[INFO](2026/09/13/ 11:34:55 PM) [Round: 0144] ...10 clients are selected and updated (with total sample size: 55)!
[INFO](2026/09/13/ 11:34:56 PM) [Round: 0144] Aggregate updated weights of 10 clients...!
[INFO](2026/09/13/ 11:34:56 PM) [Round: 0144] ...updated weights of 10 clients are successfully averaged!
[INFO](2026/09/13/ 11:34:57 PM) [Round: 0144] Evaluate global model's performance...!                
	[Server] ...finished evaluation!                
	=> Loss: 1.0101                
	=> Accuracy: 69.05%

[INFO](2026/09/13/ 11:34:57 PM) [Round: 0145] Select clients...!
[INFO](2026/09/13/ 11:34:57 PM) [Round: 0145] ...successfully transmitted models to 10 selected clients!
[INFO](2026/09/13/ 11:34:58 PM) [Round: 0145] Start updating selected 10 clients...!
[INFO](2026/09/13/ 11:35:39 PM) [Round: 0145] ...10 clients are selected and updated (with total sample size: 55)!
[INFO](2026/09/13/ 11:35:39 PM) [Round: 0145] Aggregate updated weights of 10 clients...!
[INFO](2026/09/13/ 11:35:39 PM) [Round: 0145] ...updated weights of 10 clients are successfully averaged!
[INFO](2026/09/13/ 11:35:40 PM) [Round: 0145] Evaluate global model's performance...!                
	[Server] ...finished evaluation!                
	=> Loss: 1.0992                
	=> Accuracy: 65.00%

[INFO](2026/09/13/ 11:35:40 PM) [Round: 0146] Select clients...!
[INFO](2026/09/13/ 11:35:41 PM) [Round: 0146] ...successfully transmitted models to 10 selected clients!
[INFO](2026/09/13/ 11:35:41 PM) [Round: 0146] Start updating selected 10 clients...!
[INFO](2026/09/13/ 11:36:14 PM) [Round: 0146] ...10 clients are selected and updated (with total sample size: 55)!
[INFO](2026/09/13/ 11:36:14 PM) [Round: 0146] Aggregate updated weights of 10 clients...!
[INFO](2026/09/13/ 11:36:14 PM) [Round: 0146] ...updated weights of 10 clients are successfully averaged!
[INFO](2026/09/13/ 11:36:16 PM) [Round: 0146] Evaluate global model's performance...!                
	[Server] ...finished evaluation!                
	=> Loss: 1.1679                
	=> Accuracy: 61.90%

[INFO](2026/09/13/ 11:36:16 PM) [Round: 0147] Select clients...!
[INFO](2026/09/13/ 11:36:16 PM) [Round: 0147] ...successfully transmitted models to 10 selected clients!
[INFO](2026/09/13/ 11:36:16 PM) [Round: 0147] Start updating selected 10 clients...!
[INFO](2026/09/13/ 11:36:50 PM) [Round: 0147] ...10 clients are selected and updated (with total sample size: 27)!
[INFO](2026/09/13/ 11:36:50 PM) [Round: 0147] Aggregate updated weights of 10 clients...!
[INFO](2026/09/13/ 11:36:50 PM) [Round: 0147] ...updated weights of 10 clients are successfully averaged!
[INFO](2026/09/13/ 11:36:51 PM) [Round: 0147] Evaluate global model's performance...!                
	[Server] ...finished evaluation!                
	=> Loss: 1.0455                
	=> Accuracy: 65.24%

[INFO](2026/09/13/ 11:36:52 PM) [Round: 0148] Select clients...!
[INFO](2026/09/13/ 11:36:52 PM) [Round: 0148] ...successfully transmitted models to 10 selected clients!
[INFO](2026/09/13/ 11:36:52 PM) [Round: 0148] Start updating selected 10 clients...!
[INFO](2026/09/13/ 11:37:25 PM) [Round: 0148] ...10 clients are selected and updated (with total sample size: 27)!
[INFO](2026/09/13/ 11:37:25 PM) [Round: 0148] Aggregate updated weights of 10 clients...!
[INFO](2026/09/13/ 11:37:25 PM) [Round: 0148] ...updated weights of 10 clients are successfully averaged!
[INFO](2026/09/13/ 11:37:27 PM) [Round: 0148] Evaluate global model's performance...!                
	[Server] ...finished evaluation!                
	=> Loss: 1.1679                
	=> Accuracy: 61.67%

[INFO](2026/09/13/ 11:37:27 PM) [Round: 0149] Select clients...!
[INFO](2026/09/13/ 11:37:27 PM) [Round: 0149] ...successfully transmitted models to 10 selected clients!
[INFO](2026/09/13/ 11:37:27 PM) [Round: 0149] Start updating selected 10 clients...!
[INFO](2026/09/13/ 11:38:01 PM) [Round: 0149] ...10 clients are selected and updated (with total sample size: 45)!
[INFO](2026/09/13/ 11:38:01 PM) [Round: 0149] Aggregate updated weights of 10 clients...!
[INFO](2026/09/13/ 11:38:01 PM) [Round: 0149] ...updated weights of 10 clients are successfully averaged!
[INFO](2026/09/13/ 11:38:02 PM) [Round: 0149] Evaluate global model's performance...!                
	[Server] ...finished evaluation!                
	=> Loss: 1.0266                
	=> Accuracy: 63.57%

[INFO](2026/09/13/ 11:38:02 PM) [Round: 0150] Select clients...!
[INFO](2026/09/13/ 11:38:03 PM) [Round: 0150] ...successfully transmitted models to 10 selected clients!
[INFO](2026/09/13/ 11:38:03 PM) [Round: 0150] Start updating selected 10 clients...!
[INFO](2026/09/13/ 11:38:40 PM) [Round: 0150] ...10 clients are selected and updated (with total sample size: 48)!
[INFO](2026/09/13/ 11:38:40 PM) [Round: 0150] Aggregate updated weights of 10 clients...!
[INFO](2026/09/13/ 11:38:40 PM) [Round: 0150] ...updated weights of 10 clients are successfully averaged!
[INFO](2026/09/13/ 11:38:41 PM) [Round: 0150] Evaluate global model's performance...!                
	[Server] ...finished evaluation!                
	=> Loss: 1.0100                
	=> Accuracy: 67.14%

[INFO](2026/09/13/ 11:38:42 PM) [Round: 0151] Select clients...!
[INFO](2026/09/13/ 11:38:42 PM) [Round: 0151] ...successfully transmitted models to 10 selected clients!
[INFO](2026/09/13/ 11:38:42 PM) [Round: 0151] Start updating selected 10 clients...!
[INFO](2026/09/13/ 11:39:07 PM) [Round: 0151] ...10 clients are selected and updated (with total sample size: 27)!
[INFO](2026/09/13/ 11:39:07 PM) [Round: 0151] Aggregate updated weights of 10 clients...!
[INFO](2026/09/13/ 11:39:07 PM) [Round: 0151] ...updated weights of 10 clients are successfully averaged!
[INFO](2026/09/13/ 11:39:08 PM) [Round: 0151] Evaluate global model's performance...!                
	[Server] ...finished evaluation!                
	=> Loss: 1.0263                
	=> Accuracy: 67.86%

[INFO](2026/09/13/ 11:39:08 PM) [Round: 0152] Select clients...!
[INFO](2026/09/13/ 11:39:08 PM) [Round: 0152] ...successfully transmitted models to 10 selected clients!
[INFO](2026/09/13/ 11:39:09 PM) [Round: 0152] Start updating selected 10 clients...!
[INFO](2026/09/13/ 11:39:37 PM) [Round: 0152] ...10 clients are selected and updated (with total sample size: 18)!
[INFO](2026/09/13/ 11:39:37 PM) [Round: 0152] Aggregate updated weights of 10 clients...!
[INFO](2026/09/13/ 11:39:37 PM) [Round: 0152] ...updated weights of 10 clients are successfully averaged!
[INFO](2026/09/13/ 11:39:38 PM) [Round: 0152] Evaluate global model's performance...!                
	[Server] ...finished evaluation!                
	=> Loss: 1.0436                
	=> Accuracy: 65.00%

[INFO](2026/09/13/ 11:39:38 PM) [Round: 0153] Select clients...!
[INFO](2026/09/13/ 11:39:39 PM) [Round: 0153] ...successfully transmitted models to 10 selected clients!
[INFO](2026/09/13/ 11:39:39 PM) [Round: 0153] Start updating selected 10 clients...!
[INFO](2026/09/13/ 11:40:13 PM) [Round: 0153] ...10 clients are selected and updated (with total sample size: 18)!
[INFO](2026/09/13/ 11:40:13 PM) [Round: 0153] Aggregate updated weights of 10 clients...!
[INFO](2026/09/13/ 11:40:13 PM) [Round: 0153] ...updated weights of 10 clients are successfully averaged!
[INFO](2026/09/13/ 11:40:15 PM) [Round: 0153] Evaluate global model's performance...!                
	[Server] ...finished evaluation!                
	=> Loss: 1.0336                
	=> Accuracy: 67.62%

[INFO](2026/09/13/ 11:40:15 PM) [Round: 0154] Select clients...!
[INFO](2026/09/13/ 11:40:15 PM) [Round: 0154] ...successfully transmitted models to 10 selected clients!
[INFO](2026/09/13/ 11:40:15 PM) [Round: 0154] Start updating selected 10 clients...!
[INFO](2026/09/13/ 11:40:47 PM) [Round: 0154] ...10 clients are selected and updated (with total sample size: 27)!
[INFO](2026/09/13/ 11:40:47 PM) [Round: 0154] Aggregate updated weights of 10 clients...!
[INFO](2026/09/13/ 11:40:48 PM) [Round: 0154] ...updated weights of 10 clients are successfully averaged!
[INFO](2026/09/13/ 11:40:49 PM) [Round: 0154] Evaluate global model's performance...!                
	[Server] ...finished evaluation!                
	=> Loss: 1.0210                
	=> Accuracy: 66.90%

[INFO](2026/09/13/ 11:40:49 PM) [Round: 0155] Select clients...!
[INFO](2026/09/13/ 11:40:49 PM) [Round: 0155] ...successfully transmitted models to 10 selected clients!
[INFO](2026/09/13/ 11:40:49 PM) [Round: 0155] Start updating selected 10 clients...!
[INFO](2026/09/13/ 11:41:16 PM) [Round: 0155] ...10 clients are selected and updated (with total sample size: 27)!
[INFO](2026/09/13/ 11:41:16 PM) [Round: 0155] Aggregate updated weights of 10 clients...!
[INFO](2026/09/13/ 11:41:16 PM) [Round: 0155] ...updated weights of 10 clients are successfully averaged!
[INFO](2026/09/13/ 11:41:17 PM) [Round: 0155] Evaluate global model's performance...!                
	[Server] ...finished evaluation!                
	=> Loss: 0.9454                
	=> Accuracy: 69.05%

[INFO](2026/09/13/ 11:41:17 PM) [Round: 0156] Select clients...!
[INFO](2026/09/13/ 11:41:18 PM) [Round: 0156] ...successfully transmitted models to 10 selected clients!
[INFO](2026/09/13/ 11:41:18 PM) [Round: 0156] Start updating selected 10 clients...!
[INFO](2026/09/13/ 11:41:44 PM) [Round: 0156] ...10 clients are selected and updated (with total sample size: 27)!
[INFO](2026/09/13/ 11:41:45 PM) [Round: 0156] Aggregate updated weights of 10 clients...!
[INFO](2026/09/13/ 11:41:45 PM) [Round: 0156] ...updated weights of 10 clients are successfully averaged!
[INFO](2026/09/13/ 11:41:46 PM) [Round: 0156] Evaluate global model's performance...!                
	[Server] ...finished evaluation!                
	=> Loss: 1.0149                
	=> Accuracy: 66.43%

[INFO](2026/09/13/ 11:41:46 PM) [Round: 0157] Select clients...!
[INFO](2026/09/13/ 11:41:46 PM) [Round: 0157] ...successfully transmitted models to 10 selected clients!
[INFO](2026/09/13/ 11:41:46 PM) [Round: 0157] Start updating selected 10 clients...!
[INFO](2026/09/13/ 11:42:17 PM) [Round: 0157] ...10 clients are selected and updated (with total sample size: 48)!
[INFO](2026/09/13/ 11:42:18 PM) [Round: 0157] Aggregate updated weights of 10 clients...!
[INFO](2026/09/13/ 11:42:18 PM) [Round: 0157] ...updated weights of 10 clients are successfully averaged!
[INFO](2026/09/13/ 11:42:19 PM) [Round: 0157] Evaluate global model's performance...!                
	[Server] ...finished evaluation!                
	=> Loss: 0.9350                
	=> Accuracy: 69.05%

[INFO](2026/09/13/ 11:42:19 PM) [Round: 0158] Select clients...!
[INFO](2026/09/13/ 11:42:19 PM) [Round: 0158] ...successfully transmitted models to 10 selected clients!
[INFO](2026/09/13/ 11:42:19 PM) [Round: 0158] Start updating selected 10 clients...!
[INFO](2026/09/13/ 11:43:03 PM) [Round: 0158] ...10 clients are selected and updated (with total sample size: 48)!
[INFO](2026/09/13/ 11:43:03 PM) [Round: 0158] Aggregate updated weights of 10 clients...!
[INFO](2026/09/13/ 11:43:03 PM) [Round: 0158] ...updated weights of 10 clients are successfully averaged!
[INFO](2026/09/13/ 11:43:04 PM) [Round: 0158] Evaluate global model's performance...!                
	[Server] ...finished evaluation!                
	=> Loss: 1.0069                
	=> Accuracy: 66.43%

[INFO](2026/09/13/ 11:43:04 PM) [Round: 0159] Select clients...!
[INFO](2026/09/13/ 11:43:05 PM) [Round: 0159] ...successfully transmitted models to 10 selected clients!
[INFO](2026/09/13/ 11:43:05 PM) [Round: 0159] Start updating selected 10 clients...!
[INFO](2026/09/13/ 11:43:39 PM) [Round: 0159] ...10 clients are selected and updated (with total sample size: 18)!
[INFO](2026/09/13/ 11:43:39 PM) [Round: 0159] Aggregate updated weights of 10 clients...!
[INFO](2026/09/13/ 11:43:39 PM) [Round: 0159] ...updated weights of 10 clients are successfully averaged!
[INFO](2026/09/13/ 11:43:40 PM) [Round: 0159] Evaluate global model's performance...!                
	[Server] ...finished evaluation!                
	=> Loss: 0.9747                
	=> Accuracy: 66.19%

[INFO](2026/09/13/ 11:43:40 PM) [Round: 0160] Select clients...!
[INFO](2026/09/13/ 11:43:40 PM) [Round: 0160] ...successfully transmitted models to 10 selected clients!
[INFO](2026/09/13/ 11:43:41 PM) [Round: 0160] Start updating selected 10 clients...!
[INFO](2026/09/13/ 11:44:13 PM) [Round: 0160] ...10 clients are selected and updated (with total sample size: 42)!
[INFO](2026/09/13/ 11:44:13 PM) [Round: 0160] Aggregate updated weights of 10 clients...!
[INFO](2026/09/13/ 11:44:14 PM) [Round: 0160] ...updated weights of 10 clients are successfully averaged!
[INFO](2026/09/13/ 11:44:15 PM) [Round: 0160] Evaluate global model's performance...!                
	[Server] ...finished evaluation!                
	=> Loss: 0.9729                
	=> Accuracy: 65.48%

[INFO](2026/09/13/ 11:44:15 PM) [Round: 0161] Select clients...!
[INFO](2026/09/13/ 11:44:15 PM) [Round: 0161] ...successfully transmitted models to 10 selected clients!
[INFO](2026/09/13/ 11:44:15 PM) [Round: 0161] Start updating selected 10 clients...!
[INFO](2026/09/13/ 11:44:46 PM) [Round: 0161] ...10 clients are selected and updated (with total sample size: 48)!
[INFO](2026/09/13/ 11:44:46 PM) [Round: 0161] Aggregate updated weights of 10 clients...!
[INFO](2026/09/13/ 11:44:47 PM) [Round: 0161] ...updated weights of 10 clients are successfully averaged!
[INFO](2026/09/13/ 11:44:48 PM) [Round: 0161] Evaluate global model's performance...!                
	[Server] ...finished evaluation!                
	=> Loss: 0.9365                
	=> Accuracy: 68.57%

[INFO](2026/09/13/ 11:44:48 PM) [Round: 0162] Select clients...!
[INFO](2026/09/13/ 11:44:48 PM) [Round: 0162] ...successfully transmitted models to 10 selected clients!
[INFO](2026/09/13/ 11:44:48 PM) [Round: 0162] Start updating selected 10 clients...!
[INFO](2026/09/13/ 11:45:14 PM) [Round: 0162] ...10 clients are selected and updated (with total sample size: 48)!
[INFO](2026/09/13/ 11:45:14 PM) [Round: 0162] Aggregate updated weights of 10 clients...!
[INFO](2026/09/13/ 11:45:14 PM) [Round: 0162] ...updated weights of 10 clients are successfully averaged!
[INFO](2026/09/13/ 11:45:15 PM) [Round: 0162] Evaluate global model's performance...!                
	[Server] ...finished evaluation!                
	=> Loss: 0.9608                
	=> Accuracy: 68.33%

[INFO](2026/09/13/ 11:45:15 PM) [Round: 0163] Select clients...!
[INFO](2026/09/13/ 11:45:16 PM) [Round: 0163] ...successfully transmitted models to 10 selected clients!
[INFO](2026/09/13/ 11:45:16 PM) [Round: 0163] Start updating selected 10 clients...!
[INFO](2026/09/13/ 11:45:47 PM) [Round: 0163] ...10 clients are selected and updated (with total sample size: 48)!
[INFO](2026/09/13/ 11:45:47 PM) [Round: 0163] Aggregate updated weights of 10 clients...!
[INFO](2026/09/13/ 11:45:47 PM) [Round: 0163] ...updated weights of 10 clients are successfully averaged!
[INFO](2026/09/13/ 11:45:48 PM) [Round: 0163] Evaluate global model's performance...!                
	[Server] ...finished evaluation!                
	=> Loss: 0.9098                
	=> Accuracy: 71.19%

[INFO](2026/09/13/ 11:45:48 PM) [Round: 0164] Select clients...!
[INFO](2026/09/13/ 11:45:49 PM) [Round: 0164] ...successfully transmitted models to 10 selected clients!
[INFO](2026/09/13/ 11:45:49 PM) [Round: 0164] Start updating selected 10 clients...!
[INFO](2026/09/13/ 11:46:15 PM) [Round: 0164] ...10 clients are selected and updated (with total sample size: 26)!
[INFO](2026/09/13/ 11:46:16 PM) [Round: 0164] Aggregate updated weights of 10 clients...!
[INFO](2026/09/13/ 11:46:16 PM) [Round: 0164] ...updated weights of 10 clients are successfully averaged!
[INFO](2026/09/13/ 11:46:17 PM) [Round: 0164] Evaluate global model's performance...!                
	[Server] ...finished evaluation!                
	=> Loss: 0.9560                
	=> Accuracy: 68.33%

[INFO](2026/09/13/ 11:46:17 PM) [Round: 0165] Select clients...!
[INFO](2026/09/13/ 11:46:17 PM) [Round: 0165] ...successfully transmitted models to 10 selected clients!
[INFO](2026/09/13/ 11:46:17 PM) [Round: 0165] Start updating selected 10 clients...!
[INFO](2026/09/13/ 11:46:55 PM) [Round: 0165] ...10 clients are selected and updated (with total sample size: 27)!
[INFO](2026/09/13/ 11:46:55 PM) [Round: 0165] Aggregate updated weights of 10 clients...!
[INFO](2026/09/13/ 11:46:55 PM) [Round: 0165] ...updated weights of 10 clients are successfully averaged!
[INFO](2026/09/13/ 11:46:56 PM) [Round: 0165] Evaluate global model's performance...!                
	[Server] ...finished evaluation!                
	=> Loss: 0.9645                
	=> Accuracy: 69.05%

[INFO](2026/09/13/ 11:46:56 PM) [Round: 0166] Select clients...!
[INFO](2026/09/13/ 11:46:57 PM) [Round: 0166] ...successfully transmitted models to 10 selected clients!
[INFO](2026/09/13/ 11:46:57 PM) [Round: 0166] Start updating selected 10 clients...!
[INFO](2026/09/13/ 11:47:32 PM) [Round: 0166] ...10 clients are selected and updated (with total sample size: 48)!
[INFO](2026/09/13/ 11:47:32 PM) [Round: 0166] Aggregate updated weights of 10 clients...!
[INFO](2026/09/13/ 11:47:33 PM) [Round: 0166] ...updated weights of 10 clients are successfully averaged!
[INFO](2026/09/13/ 11:47:34 PM) [Round: 0166] Evaluate global model's performance...!                
	[Server] ...finished evaluation!                
	=> Loss: 0.8466                
	=> Accuracy: 73.57%

[INFO](2026/09/13/ 11:47:34 PM) [Round: 0167] Select clients...!
[INFO](2026/09/13/ 11:47:34 PM) [Round: 0167] ...successfully transmitted models to 10 selected clients!
[INFO](2026/09/13/ 11:47:34 PM) [Round: 0167] Start updating selected 10 clients...!
[INFO](2026/09/13/ 11:48:03 PM) [Round: 0167] ...10 clients are selected and updated (with total sample size: 18)!
[INFO](2026/09/13/ 11:48:03 PM) [Round: 0167] Aggregate updated weights of 10 clients...!
[INFO](2026/09/13/ 11:48:03 PM) [Round: 0167] ...updated weights of 10 clients are successfully averaged!
[INFO](2026/09/13/ 11:48:04 PM) [Round: 0167] Evaluate global model's performance...!                
	[Server] ...finished evaluation!                
	=> Loss: 0.8916                
	=> Accuracy: 71.19%

[INFO](2026/09/13/ 11:48:04 PM) [Round: 0168] Select clients...!
[INFO](2026/09/13/ 11:48:05 PM) [Round: 0168] ...successfully transmitted models to 10 selected clients!
[INFO](2026/09/13/ 11:48:05 PM) [Round: 0168] Start updating selected 10 clients...!
[INFO](2026/09/13/ 11:48:32 PM) [Round: 0168] ...10 clients are selected and updated (with total sample size: 26)!
[INFO](2026/09/13/ 11:48:32 PM) [Round: 0168] Aggregate updated weights of 10 clients...!
[INFO](2026/09/13/ 11:48:33 PM) [Round: 0168] ...updated weights of 10 clients are successfully averaged!
[INFO](2026/09/13/ 11:48:34 PM) [Round: 0168] Evaluate global model's performance...!                
	[Server] ...finished evaluation!                
	=> Loss: 0.9090                
	=> Accuracy: 70.71%

[INFO](2026/09/13/ 11:48:34 PM) [Round: 0169] Select clients...!
[INFO](2026/09/13/ 11:48:34 PM) [Round: 0169] ...successfully transmitted models to 10 selected clients!
[INFO](2026/09/13/ 11:48:35 PM) [Round: 0169] Start updating selected 10 clients...!
[INFO](2026/09/13/ 11:49:08 PM) [Round: 0169] ...10 clients are selected and updated (with total sample size: 42)!
[INFO](2026/09/13/ 11:49:08 PM) [Round: 0169] Aggregate updated weights of 10 clients...!
[INFO](2026/09/13/ 11:49:08 PM) [Round: 0169] ...updated weights of 10 clients are successfully averaged!
[INFO](2026/09/13/ 11:49:09 PM) [Round: 0169] Evaluate global model's performance...!                
	[Server] ...finished evaluation!                
	=> Loss: 0.9231                
	=> Accuracy: 70.24%

[INFO](2026/09/13/ 11:49:09 PM) [Round: 0170] Select clients...!
[INFO](2026/09/13/ 11:49:10 PM) [Round: 0170] ...successfully transmitted models to 10 selected clients!
[INFO](2026/09/13/ 11:49:10 PM) [Round: 0170] Start updating selected 10 clients...!
[INFO](2026/09/13/ 11:49:38 PM) [Round: 0170] ...10 clients are selected and updated (with total sample size: 18)!
[INFO](2026/09/13/ 11:49:38 PM) [Round: 0170] Aggregate updated weights of 10 clients...!
[INFO](2026/09/13/ 11:49:39 PM) [Round: 0170] ...updated weights of 10 clients are successfully averaged!
[INFO](2026/09/13/ 11:49:40 PM) [Round: 0170] Evaluate global model's performance...!                
	[Server] ...finished evaluation!                
	=> Loss: 0.9188                
	=> Accuracy: 69.05%

[INFO](2026/09/13/ 11:49:40 PM) [Round: 0171] Select clients...!
[INFO](2026/09/13/ 11:49:40 PM) [Round: 0171] ...successfully transmitted models to 10 selected clients!
[INFO](2026/09/13/ 11:49:40 PM) [Round: 0171] Start updating selected 10 clients...!
[INFO](2026/09/13/ 11:50:15 PM) [Round: 0171] ...10 clients are selected and updated (with total sample size: 48)!
[INFO](2026/09/13/ 11:50:15 PM) [Round: 0171] Aggregate updated weights of 10 clients...!
[INFO](2026/09/13/ 11:50:15 PM) [Round: 0171] ...updated weights of 10 clients are successfully averaged!
[INFO](2026/09/13/ 11:50:16 PM) [Round: 0171] Evaluate global model's performance...!                
	[Server] ...finished evaluation!                
	=> Loss: 0.8938                
	=> Accuracy: 71.43%

[INFO](2026/09/13/ 11:50:16 PM) [Round: 0172] Select clients...!
[INFO](2026/09/13/ 11:50:17 PM) [Round: 0172] ...successfully transmitted models to 10 selected clients!
[INFO](2026/09/13/ 11:50:17 PM) [Round: 0172] Start updating selected 10 clients...!
[INFO](2026/09/13/ 11:50:52 PM) [Round: 0172] ...10 clients are selected and updated (with total sample size: 48)!
[INFO](2026/09/13/ 11:50:52 PM) [Round: 0172] Aggregate updated weights of 10 clients...!
[INFO](2026/09/13/ 11:50:52 PM) [Round: 0172] ...updated weights of 10 clients are successfully averaged!
[INFO](2026/09/13/ 11:50:53 PM) [Round: 0172] Evaluate global model's performance...!                
	[Server] ...finished evaluation!                
	=> Loss: 0.9203                
	=> Accuracy: 69.52%

[INFO](2026/09/13/ 11:50:54 PM) [Round: 0173] Select clients...!
[INFO](2026/09/13/ 11:50:54 PM) [Round: 0173] ...successfully transmitted models to 10 selected clients!
[INFO](2026/09/13/ 11:50:54 PM) [Round: 0173] Start updating selected 10 clients...!
[INFO](2026/09/13/ 11:51:28 PM) [Round: 0173] ...10 clients are selected and updated (with total sample size: 48)!
[INFO](2026/09/13/ 11:51:28 PM) [Round: 0173] Aggregate updated weights of 10 clients...!
[INFO](2026/09/13/ 11:51:28 PM) [Round: 0173] ...updated weights of 10 clients are successfully averaged!
[INFO](2026/09/13/ 11:51:29 PM) [Round: 0173] Evaluate global model's performance...!                
	[Server] ...finished evaluation!                
	=> Loss: 0.8969                
	=> Accuracy: 69.29%

[INFO](2026/09/13/ 11:51:29 PM) [Round: 0174] Select clients...!
[INFO](2026/09/13/ 11:51:30 PM) [Round: 0174] ...successfully transmitted models to 10 selected clients!
[INFO](2026/09/13/ 11:51:30 PM) [Round: 0174] Start updating selected 10 clients...!
[INFO](2026/09/13/ 11:52:20 PM) [Round: 0174] ...10 clients are selected and updated (with total sample size: 48)!
[INFO](2026/09/13/ 11:52:20 PM) [Round: 0174] Aggregate updated weights of 10 clients...!
[INFO](2026/09/13/ 11:52:21 PM) [Round: 0174] ...updated weights of 10 clients are successfully averaged!
[INFO](2026/09/13/ 11:52:22 PM) [Round: 0174] Evaluate global model's performance...!                
	[Server] ...finished evaluation!                
	=> Loss: 0.9329                
	=> Accuracy: 70.95%

[INFO](2026/09/13/ 11:52:22 PM) [Round: 0175] Select clients...!
[INFO](2026/09/13/ 11:52:22 PM) [Round: 0175] ...successfully transmitted models to 10 selected clients!
[INFO](2026/09/13/ 11:52:22 PM) [Round: 0175] Start updating selected 10 clients...!
[INFO](2026/09/13/ 11:52:50 PM) [Round: 0175] ...10 clients are selected and updated (with total sample size: 45)!
[INFO](2026/09/13/ 11:52:50 PM) [Round: 0175] Aggregate updated weights of 10 clients...!
[INFO](2026/09/13/ 11:52:50 PM) [Round: 0175] ...updated weights of 10 clients are successfully averaged!
[INFO](2026/09/13/ 11:52:51 PM) [Round: 0175] Evaluate global model's performance...!                
	[Server] ...finished evaluation!                
	=> Loss: 0.8725                
	=> Accuracy: 69.76%

[INFO](2026/09/13/ 11:52:51 PM) [Round: 0176] Select clients...!
[INFO](2026/09/13/ 11:52:51 PM) [Round: 0176] ...successfully transmitted models to 10 selected clients!
[INFO](2026/09/13/ 11:52:52 PM) [Round: 0176] Start updating selected 10 clients...!
[INFO](2026/09/13/ 11:53:19 PM) [Round: 0176] ...10 clients are selected and updated (with total sample size: 27)!
[INFO](2026/09/13/ 11:53:19 PM) [Round: 0176] Aggregate updated weights of 10 clients...!
[INFO](2026/09/13/ 11:53:20 PM) [Round: 0176] ...updated weights of 10 clients are successfully averaged!
[INFO](2026/09/13/ 11:53:21 PM) [Round: 0176] Evaluate global model's performance...!                
	[Server] ...finished evaluation!                
	=> Loss: 0.8486                
	=> Accuracy: 70.95%

[INFO](2026/09/13/ 11:53:21 PM) [Round: 0177] Select clients...!
[INFO](2026/09/13/ 11:53:21 PM) [Round: 0177] ...successfully transmitted models to 10 selected clients!
[INFO](2026/09/13/ 11:53:22 PM) [Round: 0177] Start updating selected 10 clients...!
[INFO](2026/09/13/ 11:53:58 PM) [Round: 0177] ...10 clients are selected and updated (with total sample size: 41)!
[INFO](2026/09/13/ 11:53:58 PM) [Round: 0177] Aggregate updated weights of 10 clients...!
[INFO](2026/09/13/ 11:53:59 PM) [Round: 0177] ...updated weights of 10 clients are successfully averaged!
[INFO](2026/09/13/ 11:54:00 PM) [Round: 0177] Evaluate global model's performance...!                
	[Server] ...finished evaluation!                
	=> Loss: 0.8868                
	=> Accuracy: 71.19%

[INFO](2026/09/13/ 11:54:00 PM) [Round: 0178] Select clients...!
[INFO](2026/09/13/ 11:54:00 PM) [Round: 0178] ...successfully transmitted models to 10 selected clients!
[INFO](2026/09/13/ 11:54:00 PM) [Round: 0178] Start updating selected 10 clients...!
[INFO](2026/09/13/ 11:54:27 PM) [Round: 0178] ...10 clients are selected and updated (with total sample size: 27)!
[INFO](2026/09/13/ 11:54:27 PM) [Round: 0178] Aggregate updated weights of 10 clients...!
[INFO](2026/09/13/ 11:54:27 PM) [Round: 0178] ...updated weights of 10 clients are successfully averaged!
[INFO](2026/09/13/ 11:54:28 PM) [Round: 0178] Evaluate global model's performance...!                
	[Server] ...finished evaluation!                
	=> Loss: 0.8342                
	=> Accuracy: 76.19%

[INFO](2026/09/13/ 11:54:29 PM) [Round: 0179] Select clients...!
[INFO](2026/09/13/ 11:54:29 PM) [Round: 0179] ...successfully transmitted models to 10 selected clients!
[INFO](2026/09/13/ 11:54:29 PM) [Round: 0179] Start updating selected 10 clients...!
[INFO](2026/09/13/ 11:54:55 PM) [Round: 0179] ...10 clients are selected and updated (with total sample size: 26)!
[INFO](2026/09/13/ 11:54:55 PM) [Round: 0179] Aggregate updated weights of 10 clients...!
[INFO](2026/09/13/ 11:54:55 PM) [Round: 0179] ...updated weights of 10 clients are successfully averaged!
[INFO](2026/09/13/ 11:54:56 PM) [Round: 0179] Evaluate global model's performance...!                
	[Server] ...finished evaluation!                
	=> Loss: 0.8148                
	=> Accuracy: 73.81%

[INFO](2026/09/13/ 11:54:56 PM) [Round: 0180] Select clients...!
[INFO](2026/09/13/ 11:54:57 PM) [Round: 0180] ...successfully transmitted models to 10 selected clients!
[INFO](2026/09/13/ 11:54:57 PM) [Round: 0180] Start updating selected 10 clients...!
[INFO](2026/09/13/ 11:55:25 PM) [Round: 0180] ...10 clients are selected and updated (with total sample size: 48)!
[INFO](2026/09/13/ 11:55:25 PM) [Round: 0180] Aggregate updated weights of 10 clients...!
[INFO](2026/09/13/ 11:55:25 PM) [Round: 0180] ...updated weights of 10 clients are successfully averaged!
[INFO](2026/09/13/ 11:55:26 PM) [Round: 0180] Evaluate global model's performance...!                
	[Server] ...finished evaluation!                
	=> Loss: 0.8493                
	=> Accuracy: 73.10%

[INFO](2026/09/13/ 11:55:26 PM) [Round: 0181] Select clients...!
[INFO](2026/09/13/ 11:55:26 PM) [Round: 0181] ...successfully transmitted models to 10 selected clients!
[INFO](2026/09/13/ 11:55:26 PM) [Round: 0181] Start updating selected 10 clients...!
[INFO](2026/09/13/ 11:55:52 PM) [Round: 0181] ...10 clients are selected and updated (with total sample size: 42)!
[INFO](2026/09/13/ 11:55:52 PM) [Round: 0181] Aggregate updated weights of 10 clients...!
[INFO](2026/09/13/ 11:55:52 PM) [Round: 0181] ...updated weights of 10 clients are successfully averaged!
[INFO](2026/09/13/ 11:55:53 PM) [Round: 0181] Evaluate global model's performance...!                
	[Server] ...finished evaluation!                
	=> Loss: 0.8847                
	=> Accuracy: 70.00%

[INFO](2026/09/13/ 11:55:53 PM) [Round: 0182] Select clients...!
[INFO](2026/09/13/ 11:55:54 PM) [Round: 0182] ...successfully transmitted models to 10 selected clients!
[INFO](2026/09/13/ 11:55:54 PM) [Round: 0182] Start updating selected 10 clients...!
[INFO](2026/09/13/ 11:56:29 PM) [Round: 0182] ...10 clients are selected and updated (with total sample size: 17)!
[INFO](2026/09/13/ 11:56:29 PM) [Round: 0182] Aggregate updated weights of 10 clients...!
[INFO](2026/09/13/ 11:56:29 PM) [Round: 0182] ...updated weights of 10 clients are successfully averaged!
[INFO](2026/09/13/ 11:56:30 PM) [Round: 0182] Evaluate global model's performance...!                
	[Server] ...finished evaluation!                
	=> Loss: 0.8458                
	=> Accuracy: 73.33%

[INFO](2026/09/13/ 11:56:30 PM) [Round: 0183] Select clients...!
[INFO](2026/09/13/ 11:56:31 PM) [Round: 0183] ...successfully transmitted models to 10 selected clients!
[INFO](2026/09/13/ 11:56:31 PM) [Round: 0183] Start updating selected 10 clients...!
[INFO](2026/09/13/ 11:57:03 PM) [Round: 0183] ...10 clients are selected and updated (with total sample size: 55)!
[INFO](2026/09/13/ 11:57:04 PM) [Round: 0183] Aggregate updated weights of 10 clients...!
[INFO](2026/09/13/ 11:57:04 PM) [Round: 0183] ...updated weights of 10 clients are successfully averaged!
[INFO](2026/09/13/ 11:57:05 PM) [Round: 0183] Evaluate global model's performance...!                
	[Server] ...finished evaluation!                
	=> Loss: 0.8604                
	=> Accuracy: 70.95%

[INFO](2026/09/13/ 11:57:05 PM) [Round: 0184] Select clients...!
[INFO](2026/09/13/ 11:57:05 PM) [Round: 0184] ...successfully transmitted models to 10 selected clients!
[INFO](2026/09/13/ 11:57:05 PM) [Round: 0184] Start updating selected 10 clients...!
[INFO](2026/09/13/ 11:57:40 PM) [Round: 0184] ...10 clients are selected and updated (with total sample size: 60)!
[INFO](2026/09/13/ 11:57:40 PM) [Round: 0184] Aggregate updated weights of 10 clients...!
[INFO](2026/09/13/ 11:57:40 PM) [Round: 0184] ...updated weights of 10 clients are successfully averaged!
[INFO](2026/09/13/ 11:57:41 PM) [Round: 0184] Evaluate global model's performance...!                
	[Server] ...finished evaluation!                
	=> Loss: 0.9447                
	=> Accuracy: 70.71%

[INFO](2026/09/13/ 11:57:41 PM) [Round: 0185] Select clients...!
[INFO](2026/09/13/ 11:57:41 PM) [Round: 0185] ...successfully transmitted models to 10 selected clients!
[INFO](2026/09/13/ 11:57:42 PM) [Round: 0185] Start updating selected 10 clients...!
[INFO](2026/09/13/ 11:58:19 PM) [Round: 0185] ...10 clients are selected and updated (with total sample size: 60)!
[INFO](2026/09/13/ 11:58:19 PM) [Round: 0185] Aggregate updated weights of 10 clients...!
[INFO](2026/09/13/ 11:58:19 PM) [Round: 0185] ...updated weights of 10 clients are successfully averaged!
[INFO](2026/09/13/ 11:58:20 PM) [Round: 0185] Evaluate global model's performance...!                
	[Server] ...finished evaluation!                
	=> Loss: 0.8130                
	=> Accuracy: 72.86%

[INFO](2026/09/13/ 11:58:20 PM) [Round: 0186] Select clients...!
[INFO](2026/09/13/ 11:58:20 PM) [Round: 0186] ...successfully transmitted models to 10 selected clients!
[INFO](2026/09/13/ 11:58:21 PM) [Round: 0186] Start updating selected 10 clients...!
[INFO](2026/09/13/ 11:58:55 PM) [Round: 0186] ...10 clients are selected and updated (with total sample size: 48)!
[INFO](2026/09/13/ 11:58:55 PM) [Round: 0186] Aggregate updated weights of 10 clients...!
[INFO](2026/09/13/ 11:58:55 PM) [Round: 0186] ...updated weights of 10 clients are successfully averaged!
[INFO](2026/09/13/ 11:58:56 PM) [Round: 0186] Evaluate global model's performance...!                
	[Server] ...finished evaluation!                
	=> Loss: 0.8087                
	=> Accuracy: 73.33%

[INFO](2026/09/13/ 11:58:56 PM) [Round: 0187] Select clients...!
[INFO](2026/09/13/ 11:58:56 PM) [Round: 0187] ...successfully transmitted models to 10 selected clients!
[INFO](2026/09/13/ 11:58:57 PM) [Round: 0187] Start updating selected 10 clients...!
[INFO](2026/09/13/ 11:59:32 PM) [Round: 0187] ...10 clients are selected and updated (with total sample size: 48)!
[INFO](2026/09/13/ 11:59:32 PM) [Round: 0187] Aggregate updated weights of 10 clients...!
[INFO](2026/09/13/ 11:59:32 PM) [Round: 0187] ...updated weights of 10 clients are successfully averaged!
[INFO](2026/09/13/ 11:59:34 PM) [Round: 0187] Evaluate global model's performance...!                
	[Server] ...finished evaluation!                
	=> Loss: 0.8615                
	=> Accuracy: 73.10%

[INFO](2026/09/13/ 11:59:34 PM) [Round: 0188] Select clients...!
[INFO](2026/09/13/ 11:59:34 PM) [Round: 0188] ...successfully transmitted models to 10 selected clients!
[INFO](2026/09/13/ 11:59:34 PM) [Round: 0188] Start updating selected 10 clients...!
[INFO](2026/09/14/ 12:00:04 AM) [Round: 0188] ...10 clients are selected and updated (with total sample size: 42)!
[INFO](2026/09/14/ 12:00:04 AM) [Round: 0188] Aggregate updated weights of 10 clients...!
[INFO](2026/09/14/ 12:00:04 AM) [Round: 0188] ...updated weights of 10 clients are successfully averaged!
[INFO](2026/09/14/ 12:00:05 AM) [Round: 0188] Evaluate global model's performance...!                
	[Server] ...finished evaluation!                
	=> Loss: 0.8317                
	=> Accuracy: 73.57%

[INFO](2026/09/14/ 12:00:05 AM) [Round: 0189] Select clients...!
[INFO](2026/09/14/ 12:00:06 AM) [Round: 0189] ...successfully transmitted models to 10 selected clients!
[INFO](2026/09/14/ 12:00:06 AM) [Round: 0189] Start updating selected 10 clients...!
[INFO](2026/09/14/ 12:00:43 AM) [Round: 0189] ...10 clients are selected and updated (with total sample size: 18)!
[INFO](2026/09/14/ 12:00:43 AM) [Round: 0189] Aggregate updated weights of 10 clients...!
[INFO](2026/09/14/ 12:00:43 AM) [Round: 0189] ...updated weights of 10 clients are successfully averaged!
[INFO](2026/09/14/ 12:00:44 AM) [Round: 0189] Evaluate global model's performance...!                
	[Server] ...finished evaluation!                
	=> Loss: 0.8692                
	=> Accuracy: 69.29%

[INFO](2026/09/14/ 12:00:44 AM) [Round: 0190] Select clients...!
[INFO](2026/09/14/ 12:00:44 AM) [Round: 0190] ...successfully transmitted models to 10 selected clients!
[INFO](2026/09/14/ 12:00:44 AM) [Round: 0190] Start updating selected 10 clients...!
[INFO](2026/09/14/ 12:01:21 AM) [Round: 0190] ...10 clients are selected and updated (with total sample size: 60)!
[INFO](2026/09/14/ 12:01:21 AM) [Round: 0190] Aggregate updated weights of 10 clients...!
[INFO](2026/09/14/ 12:01:21 AM) [Round: 0190] ...updated weights of 10 clients are successfully averaged!
[INFO](2026/09/14/ 12:01:22 AM) [Round: 0190] Evaluate global model's performance...!                
	[Server] ...finished evaluation!                
	=> Loss: 0.9014                
	=> Accuracy: 69.29%

[INFO](2026/09/14/ 12:01:22 AM) [Round: 0191] Select clients...!
[INFO](2026/09/14/ 12:01:23 AM) [Round: 0191] ...successfully transmitted models to 10 selected clients!
[INFO](2026/09/14/ 12:01:23 AM) [Round: 0191] Start updating selected 10 clients...!
[INFO](2026/09/14/ 12:01:52 AM) [Round: 0191] ...10 clients are selected and updated (with total sample size: 27)!
[INFO](2026/09/14/ 12:01:52 AM) [Round: 0191] Aggregate updated weights of 10 clients...!
[INFO](2026/09/14/ 12:01:52 AM) [Round: 0191] ...updated weights of 10 clients are successfully averaged!
[INFO](2026/09/14/ 12:01:53 AM) [Round: 0191] Evaluate global model's performance...!                
	[Server] ...finished evaluation!                
	=> Loss: 0.9004                
	=> Accuracy: 70.48%

[INFO](2026/09/14/ 12:01:53 AM) [Round: 0192] Select clients...!
[INFO](2026/09/14/ 12:01:54 AM) [Round: 0192] ...successfully transmitted models to 10 selected clients!
[INFO](2026/09/14/ 12:01:54 AM) [Round: 0192] Start updating selected 10 clients...!
[INFO](2026/09/14/ 12:02:28 AM) [Round: 0192] ...10 clients are selected and updated (with total sample size: 27)!
[INFO](2026/09/14/ 12:02:28 AM) [Round: 0192] Aggregate updated weights of 10 clients...!
[INFO](2026/09/14/ 12:02:28 AM) [Round: 0192] ...updated weights of 10 clients are successfully averaged!
[INFO](2026/09/14/ 12:02:30 AM) [Round: 0192] Evaluate global model's performance...!                
	[Server] ...finished evaluation!                
	=> Loss: 0.8553                
	=> Accuracy: 71.90%

[INFO](2026/09/14/ 12:02:30 AM) [Round: 0193] Select clients...!
[INFO](2026/09/14/ 12:02:30 AM) [Round: 0193] ...successfully transmitted models to 10 selected clients!
[INFO](2026/09/14/ 12:02:30 AM) [Round: 0193] Start updating selected 10 clients...!
[INFO](2026/09/14/ 12:03:07 AM) [Round: 0193] ...10 clients are selected and updated (with total sample size: 48)!
[INFO](2026/09/14/ 12:03:07 AM) [Round: 0193] Aggregate updated weights of 10 clients...!
[INFO](2026/09/14/ 12:03:07 AM) [Round: 0193] ...updated weights of 10 clients are successfully averaged!
[INFO](2026/09/14/ 12:03:08 AM) [Round: 0193] Evaluate global model's performance...!                
	[Server] ...finished evaluation!                
	=> Loss: 0.8264                
	=> Accuracy: 71.19%

[INFO](2026/09/14/ 12:03:08 AM) [Round: 0194] Select clients...!
[INFO](2026/09/14/ 12:03:09 AM) [Round: 0194] ...successfully transmitted models to 10 selected clients!
[INFO](2026/09/14/ 12:03:09 AM) [Round: 0194] Start updating selected 10 clients...!
[INFO](2026/09/14/ 12:03:38 AM) [Round: 0194] ...10 clients are selected and updated (with total sample size: 18)!
[INFO](2026/09/14/ 12:03:38 AM) [Round: 0194] Aggregate updated weights of 10 clients...!
[INFO](2026/09/14/ 12:03:38 AM) [Round: 0194] ...updated weights of 10 clients are successfully averaged!
[INFO](2026/09/14/ 12:03:39 AM) [Round: 0194] Evaluate global model's performance...!                
	[Server] ...finished evaluation!                
	=> Loss: 0.8654                
	=> Accuracy: 70.24%

[INFO](2026/09/14/ 12:03:39 AM) [Round: 0195] Select clients...!
[INFO](2026/09/14/ 12:03:39 AM) [Round: 0195] ...successfully transmitted models to 10 selected clients!
[INFO](2026/09/14/ 12:03:39 AM) [Round: 0195] Start updating selected 10 clients...!
[INFO](2026/09/14/ 12:04:11 AM) [Round: 0195] ...10 clients are selected and updated (with total sample size: 27)!
[INFO](2026/09/14/ 12:04:12 AM) [Round: 0195] Aggregate updated weights of 10 clients...!
[INFO](2026/09/14/ 12:04:12 AM) [Round: 0195] ...updated weights of 10 clients are successfully averaged!
[INFO](2026/09/14/ 12:04:13 AM) [Round: 0195] Evaluate global model's performance...!                
	[Server] ...finished evaluation!                
	=> Loss: 0.8014                
	=> Accuracy: 72.14%

[INFO](2026/09/14/ 12:04:13 AM) [Round: 0196] Select clients...!
[INFO](2026/09/14/ 12:04:13 AM) [Round: 0196] ...successfully transmitted models to 10 selected clients!
[INFO](2026/09/14/ 12:04:13 AM) [Round: 0196] Start updating selected 10 clients...!
[INFO](2026/09/14/ 12:04:44 AM) [Round: 0196] ...10 clients are selected and updated (with total sample size: 48)!
[INFO](2026/09/14/ 12:04:44 AM) [Round: 0196] Aggregate updated weights of 10 clients...!
[INFO](2026/09/14/ 12:04:44 AM) [Round: 0196] ...updated weights of 10 clients are successfully averaged!
[INFO](2026/09/14/ 12:04:45 AM) [Round: 0196] Evaluate global model's performance...!                
	[Server] ...finished evaluation!                
	=> Loss: 0.8321                
	=> Accuracy: 75.24%

[INFO](2026/09/14/ 12:04:45 AM) [Round: 0197] Select clients...!
[INFO](2026/09/14/ 12:04:46 AM) [Round: 0197] ...successfully transmitted models to 10 selected clients!
[INFO](2026/09/14/ 12:04:46 AM) [Round: 0197] Start updating selected 10 clients...!
[INFO](2026/09/14/ 12:05:21 AM) [Round: 0197] ...10 clients are selected and updated (with total sample size: 18)!
[INFO](2026/09/14/ 12:05:21 AM) [Round: 0197] Aggregate updated weights of 10 clients...!
[INFO](2026/09/14/ 12:05:21 AM) [Round: 0197] ...updated weights of 10 clients are successfully averaged!
[INFO](2026/09/14/ 12:05:22 AM) [Round: 0197] Evaluate global model's performance...!                
	[Server] ...finished evaluation!                
	=> Loss: 0.8634                
	=> Accuracy: 70.71%

[INFO](2026/09/14/ 12:05:22 AM) [Round: 0198] Select clients...!
[INFO](2026/09/14/ 12:05:22 AM) [Round: 0198] ...successfully transmitted models to 10 selected clients!
[INFO](2026/09/14/ 12:05:23 AM) [Round: 0198] Start updating selected 10 clients...!
[INFO](2026/09/14/ 12:05:54 AM) [Round: 0198] ...10 clients are selected and updated (with total sample size: 48)!
[INFO](2026/09/14/ 12:05:54 AM) [Round: 0198] Aggregate updated weights of 10 clients...!
[INFO](2026/09/14/ 12:05:54 AM) [Round: 0198] ...updated weights of 10 clients are successfully averaged!
[INFO](2026/09/14/ 12:05:55 AM) [Round: 0198] Evaluate global model's performance...!                
	[Server] ...finished evaluation!                
	=> Loss: 0.8119                
	=> Accuracy: 73.81%

[INFO](2026/09/14/ 12:05:55 AM) [Round: 0199] Select clients...!
[INFO](2026/09/14/ 12:05:56 AM) [Round: 0199] ...successfully transmitted models to 10 selected clients!
[INFO](2026/09/14/ 12:05:56 AM) [Round: 0199] Start updating selected 10 clients...!
[INFO](2026/09/14/ 12:06:37 AM) [Round: 0199] ...10 clients are selected and updated (with total sample size: 26)!
[INFO](2026/09/14/ 12:06:37 AM) [Round: 0199] Aggregate updated weights of 10 clients...!
[INFO](2026/09/14/ 12:06:38 AM) [Round: 0199] ...updated weights of 10 clients are successfully averaged!
[INFO](2026/09/14/ 12:06:39 AM) [Round: 0199] Evaluate global model's performance...!                
	[Server] ...finished evaluation!                
	=> Loss: 0.8231                
	=> Accuracy: 75.24%

[INFO](2026/09/14/ 12:06:39 AM) [Round: 0200] Select clients...!
[INFO](2026/09/14/ 12:06:39 AM) [Round: 0200] ...successfully transmitted models to 10 selected clients!
[INFO](2026/09/14/ 12:06:39 AM) [Round: 0200] Start updating selected 10 clients...!
[INFO](2026/09/14/ 12:07:02 AM) [Round: 0200] ...10 clients are selected and updated (with total sample size: 48)!
[INFO](2026/09/14/ 12:07:02 AM) [Round: 0200] Aggregate updated weights of 10 clients...!
[INFO](2026/09/14/ 12:07:03 AM) [Round: 0200] ...updated weights of 10 clients are successfully averaged!
[INFO](2026/09/14/ 12:07:04 AM) [Round: 0200] Evaluate global model's performance...!                
	[Server] ...finished evaluation!                
	=> Loss: 0.7726                
	=> Accuracy: 75.00%

[INFO](2026/09/14/ 12:07:04 AM) [Round: 0201] Select clients...!
[INFO](2026/09/14/ 12:07:04 AM) [Round: 0201] ...successfully transmitted models to 10 selected clients!
[INFO](2026/09/14/ 12:07:04 AM) [Round: 0201] Start updating selected 10 clients...!
[INFO](2026/09/14/ 12:07:26 AM) [Round: 0201] ...10 clients are selected and updated (with total sample size: 44)!
[INFO](2026/09/14/ 12:07:26 AM) [Round: 0201] Aggregate updated weights of 10 clients...!
[INFO](2026/09/14/ 12:07:27 AM) [Round: 0201] ...updated weights of 10 clients are successfully averaged!
[INFO](2026/09/14/ 12:07:28 AM) [Round: 0201] Evaluate global model's performance...!                
	[Server] ...finished evaluation!                
	=> Loss: 0.7912                
	=> Accuracy: 72.38%

[INFO](2026/09/14/ 12:07:28 AM) [Round: 0202] Select clients...!
[INFO](2026/09/14/ 12:07:28 AM) [Round: 0202] ...successfully transmitted models to 10 selected clients!
[INFO](2026/09/14/ 12:07:28 AM) [Round: 0202] Start updating selected 10 clients...!
[INFO](2026/09/14/ 12:07:54 AM) [Round: 0202] ...10 clients are selected and updated (with total sample size: 18)!
[INFO](2026/09/14/ 12:07:55 AM) [Round: 0202] Aggregate updated weights of 10 clients...!
[INFO](2026/09/14/ 12:07:55 AM) [Round: 0202] ...updated weights of 10 clients are successfully averaged!
[INFO](2026/09/14/ 12:07:56 AM) [Round: 0202] Evaluate global model's performance...!                
	[Server] ...finished evaluation!                
	=> Loss: 0.7924                
	=> Accuracy: 74.52%

[INFO](2026/09/14/ 12:07:56 AM) [Round: 0203] Select clients...!
[INFO](2026/09/14/ 12:07:56 AM) [Round: 0203] ...successfully transmitted models to 10 selected clients!
[INFO](2026/09/14/ 12:07:56 AM) [Round: 0203] Start updating selected 10 clients...!
[INFO](2026/09/14/ 12:08:24 AM) [Round: 0203] ...10 clients are selected and updated (with total sample size: 27)!
[INFO](2026/09/14/ 12:08:24 AM) [Round: 0203] Aggregate updated weights of 10 clients...!
[INFO](2026/09/14/ 12:08:24 AM) [Round: 0203] ...updated weights of 10 clients are successfully averaged!
[INFO](2026/09/14/ 12:08:26 AM) [Round: 0203] Evaluate global model's performance...!                
	[Server] ...finished evaluation!                
	=> Loss: 0.7972                
	=> Accuracy: 75.48%

[INFO](2026/09/14/ 12:08:26 AM) [Round: 0204] Select clients...!
[INFO](2026/09/14/ 12:08:26 AM) [Round: 0204] ...successfully transmitted models to 10 selected clients!
[INFO](2026/09/14/ 12:08:26 AM) [Round: 0204] Start updating selected 10 clients...!
[INFO](2026/09/14/ 12:08:57 AM) [Round: 0204] ...10 clients are selected and updated (with total sample size: 26)!
[INFO](2026/09/14/ 12:08:57 AM) [Round: 0204] Aggregate updated weights of 10 clients...!
[INFO](2026/09/14/ 12:08:57 AM) [Round: 0204] ...updated weights of 10 clients are successfully averaged!
[INFO](2026/09/14/ 12:08:58 AM) [Round: 0204] Evaluate global model's performance...!                
	[Server] ...finished evaluation!                
	=> Loss: 0.7403                
	=> Accuracy: 78.33%

[INFO](2026/09/14/ 12:08:58 AM) [Round: 0205] Select clients...!
[INFO](2026/09/14/ 12:08:59 AM) [Round: 0205] ...successfully transmitted models to 10 selected clients!
[INFO](2026/09/14/ 12:08:59 AM) [Round: 0205] Start updating selected 10 clients...!
[INFO](2026/09/14/ 12:09:29 AM) [Round: 0205] ...10 clients are selected and updated (with total sample size: 48)!
[INFO](2026/09/14/ 12:09:29 AM) [Round: 0205] Aggregate updated weights of 10 clients...!
[INFO](2026/09/14/ 12:09:29 AM) [Round: 0205] ...updated weights of 10 clients are successfully averaged!
[INFO](2026/09/14/ 12:09:30 AM) [Round: 0205] Evaluate global model's performance...!                
	[Server] ...finished evaluation!                
	=> Loss: 0.7825                
	=> Accuracy: 75.95%

[INFO](2026/09/14/ 12:09:30 AM) [Round: 0206] Select clients...!
[INFO](2026/09/14/ 12:09:31 AM) [Round: 0206] ...successfully transmitted models to 10 selected clients!
[INFO](2026/09/14/ 12:09:31 AM) [Round: 0206] Start updating selected 10 clients...!
[INFO](2026/09/14/ 12:10:03 AM) [Round: 0206] ...10 clients are selected and updated (with total sample size: 55)!
[INFO](2026/09/14/ 12:10:03 AM) [Round: 0206] Aggregate updated weights of 10 clients...!
[INFO](2026/09/14/ 12:10:03 AM) [Round: 0206] ...updated weights of 10 clients are successfully averaged!
[INFO](2026/09/14/ 12:10:04 AM) [Round: 0206] Evaluate global model's performance...!                
	[Server] ...finished evaluation!                
	=> Loss: 0.7885                
	=> Accuracy: 76.67%

[INFO](2026/09/14/ 12:10:05 AM) [Round: 0207] Select clients...!
[INFO](2026/09/14/ 12:10:05 AM) [Round: 0207] ...successfully transmitted models to 10 selected clients!
[INFO](2026/09/14/ 12:10:05 AM) [Round: 0207] Start updating selected 10 clients...!
[INFO](2026/09/14/ 12:10:34 AM) [Round: 0207] ...10 clients are selected and updated (with total sample size: 26)!
[INFO](2026/09/14/ 12:10:34 AM) [Round: 0207] Aggregate updated weights of 10 clients...!
[INFO](2026/09/14/ 12:10:34 AM) [Round: 0207] ...updated weights of 10 clients are successfully averaged!
[INFO](2026/09/14/ 12:10:35 AM) [Round: 0207] Evaluate global model's performance...!                
	[Server] ...finished evaluation!                
	=> Loss: 0.7308                
	=> Accuracy: 76.90%

[INFO](2026/09/14/ 12:10:35 AM) [Round: 0208] Select clients...!
[INFO](2026/09/14/ 12:10:35 AM) [Round: 0208] ...successfully transmitted models to 10 selected clients!
[INFO](2026/09/14/ 12:10:36 AM) [Round: 0208] Start updating selected 10 clients...!
[INFO](2026/09/14/ 12:11:08 AM) [Round: 0208] ...10 clients are selected and updated (with total sample size: 48)!
[INFO](2026/09/14/ 12:11:08 AM) [Round: 0208] Aggregate updated weights of 10 clients...!
[INFO](2026/09/14/ 12:11:08 AM) [Round: 0208] ...updated weights of 10 clients are successfully averaged!
[INFO](2026/09/14/ 12:11:10 AM) [Round: 0208] Evaluate global model's performance...!                
	[Server] ...finished evaluation!                
	=> Loss: 0.7464                
	=> Accuracy: 76.43%

[INFO](2026/09/14/ 12:11:10 AM) [Round: 0209] Select clients...!
[INFO](2026/09/14/ 12:11:10 AM) [Round: 0209] ...successfully transmitted models to 10 selected clients!
[INFO](2026/09/14/ 12:11:10 AM) [Round: 0209] Start updating selected 10 clients...!
[INFO](2026/09/14/ 12:11:41 AM) [Round: 0209] ...10 clients are selected and updated (with total sample size: 27)!
[INFO](2026/09/14/ 12:11:42 AM) [Round: 0209] Aggregate updated weights of 10 clients...!
[INFO](2026/09/14/ 12:11:42 AM) [Round: 0209] ...updated weights of 10 clients are successfully averaged!
[INFO](2026/09/14/ 12:11:43 AM) [Round: 0209] Evaluate global model's performance...!                
	[Server] ...finished evaluation!                
	=> Loss: 0.7489                
	=> Accuracy: 75.48%

[INFO](2026/09/14/ 12:11:43 AM) [Round: 0210] Select clients...!
[INFO](2026/09/14/ 12:11:43 AM) [Round: 0210] ...successfully transmitted models to 10 selected clients!
[INFO](2026/09/14/ 12:11:43 AM) [Round: 0210] Start updating selected 10 clients...!
[INFO](2026/09/14/ 12:12:15 AM) [Round: 0210] ...10 clients are selected and updated (with total sample size: 48)!
[INFO](2026/09/14/ 12:12:15 AM) [Round: 0210] Aggregate updated weights of 10 clients...!
[INFO](2026/09/14/ 12:12:15 AM) [Round: 0210] ...updated weights of 10 clients are successfully averaged!
[INFO](2026/09/14/ 12:12:17 AM) [Round: 0210] Evaluate global model's performance...!                
	[Server] ...finished evaluation!                
	=> Loss: 0.7882                
	=> Accuracy: 73.57%

[INFO](2026/09/14/ 12:12:17 AM) [Round: 0211] Select clients...!
[INFO](2026/09/14/ 12:12:17 AM) [Round: 0211] ...successfully transmitted models to 10 selected clients!
[INFO](2026/09/14/ 12:12:17 AM) [Round: 0211] Start updating selected 10 clients...!
[INFO](2026/09/14/ 12:12:52 AM) [Round: 0211] ...10 clients are selected and updated (with total sample size: 60)!
[INFO](2026/09/14/ 12:12:52 AM) [Round: 0211] Aggregate updated weights of 10 clients...!
[INFO](2026/09/14/ 12:12:52 AM) [Round: 0211] ...updated weights of 10 clients are successfully averaged!
[INFO](2026/09/14/ 12:12:53 AM) [Round: 0211] Evaluate global model's performance...!                
	[Server] ...finished evaluation!                
	=> Loss: 0.7498                
	=> Accuracy: 76.19%

[INFO](2026/09/14/ 12:12:53 AM) [Round: 0212] Select clients...!
[INFO](2026/09/14/ 12:12:53 AM) [Round: 0212] ...successfully transmitted models to 10 selected clients!
[INFO](2026/09/14/ 12:12:53 AM) [Round: 0212] Start updating selected 10 clients...!
[INFO](2026/09/14/ 12:13:18 AM) [Round: 0212] ...10 clients are selected and updated (with total sample size: 48)!
[INFO](2026/09/14/ 12:13:18 AM) [Round: 0212] Aggregate updated weights of 10 clients...!
[INFO](2026/09/14/ 12:13:18 AM) [Round: 0212] ...updated weights of 10 clients are successfully averaged!
[INFO](2026/09/14/ 12:13:19 AM) [Round: 0212] Evaluate global model's performance...!                
	[Server] ...finished evaluation!                
	=> Loss: 0.7051                
	=> Accuracy: 79.05%

[INFO](2026/09/14/ 12:13:19 AM) [Round: 0213] Select clients...!
[INFO](2026/09/14/ 12:13:19 AM) [Round: 0213] ...successfully transmitted models to 10 selected clients!
[INFO](2026/09/14/ 12:13:19 AM) [Round: 0213] Start updating selected 10 clients...!
[INFO](2026/09/14/ 12:13:45 AM) [Round: 0213] ...10 clients are selected and updated (with total sample size: 42)!
[INFO](2026/09/14/ 12:13:45 AM) [Round: 0213] Aggregate updated weights of 10 clients...!
[INFO](2026/09/14/ 12:13:46 AM) [Round: 0213] ...updated weights of 10 clients are successfully averaged!
[INFO](2026/09/14/ 12:13:47 AM) [Round: 0213] Evaluate global model's performance...!                
	[Server] ...finished evaluation!                
	=> Loss: 0.8663                
	=> Accuracy: 70.24%

[INFO](2026/09/14/ 12:13:47 AM) [Round: 0214] Select clients...!
[INFO](2026/09/14/ 12:13:47 AM) [Round: 0214] ...successfully transmitted models to 10 selected clients!
[INFO](2026/09/14/ 12:13:47 AM) [Round: 0214] Start updating selected 10 clients...!
[INFO](2026/09/14/ 12:14:16 AM) [Round: 0214] ...10 clients are selected and updated (with total sample size: 42)!
[INFO](2026/09/14/ 12:14:16 AM) [Round: 0214] Aggregate updated weights of 10 clients...!
[INFO](2026/09/14/ 12:14:16 AM) [Round: 0214] ...updated weights of 10 clients are successfully averaged!
[INFO](2026/09/14/ 12:14:17 AM) [Round: 0214] Evaluate global model's performance...!                
	[Server] ...finished evaluation!                
	=> Loss: 0.7610                
	=> Accuracy: 74.52%

[INFO](2026/09/14/ 12:14:17 AM) [Round: 0215] Select clients...!
[INFO](2026/09/14/ 12:14:18 AM) [Round: 0215] ...successfully transmitted models to 10 selected clients!
[INFO](2026/09/14/ 12:14:18 AM) [Round: 0215] Start updating selected 10 clients...!
[INFO](2026/09/14/ 12:14:53 AM) [Round: 0215] ...10 clients are selected and updated (with total sample size: 48)!
[INFO](2026/09/14/ 12:14:53 AM) [Round: 0215] Aggregate updated weights of 10 clients...!
[INFO](2026/09/14/ 12:14:53 AM) [Round: 0215] ...updated weights of 10 clients are successfully averaged!
[INFO](2026/09/14/ 12:14:54 AM) [Round: 0215] Evaluate global model's performance...!                
	[Server] ...finished evaluation!                
	=> Loss: 0.7230                
	=> Accuracy: 75.00%

[INFO](2026/09/14/ 12:14:54 AM) [Round: 0216] Select clients...!
[INFO](2026/09/14/ 12:14:54 AM) [Round: 0216] ...successfully transmitted models to 10 selected clients!
[INFO](2026/09/14/ 12:14:54 AM) [Round: 0216] Start updating selected 10 clients...!
[INFO](2026/09/14/ 12:15:25 AM) [Round: 0216] ...10 clients are selected and updated (with total sample size: 48)!
[INFO](2026/09/14/ 12:15:25 AM) [Round: 0216] Aggregate updated weights of 10 clients...!
[INFO](2026/09/14/ 12:15:25 AM) [Round: 0216] ...updated weights of 10 clients are successfully averaged!
[INFO](2026/09/14/ 12:15:26 AM) [Round: 0216] Evaluate global model's performance...!                
	[Server] ...finished evaluation!                
	=> Loss: 0.7403                
	=> Accuracy: 77.62%

[INFO](2026/09/14/ 12:15:26 AM) [Round: 0217] Select clients...!
[INFO](2026/09/14/ 12:15:26 AM) [Round: 0217] ...successfully transmitted models to 10 selected clients!
[INFO](2026/09/14/ 12:15:26 AM) [Round: 0217] Start updating selected 10 clients...!
[INFO](2026/09/14/ 12:16:03 AM) [Round: 0217] ...10 clients are selected and updated (with total sample size: 48)!
[INFO](2026/09/14/ 12:16:04 AM) [Round: 0217] Aggregate updated weights of 10 clients...!
[INFO](2026/09/14/ 12:16:04 AM) [Round: 0217] ...updated weights of 10 clients are successfully averaged!
[INFO](2026/09/14/ 12:16:05 AM) [Round: 0217] Evaluate global model's performance...!                
	[Server] ...finished evaluation!                
	=> Loss: 0.6855                
	=> Accuracy: 80.95%

[INFO](2026/09/14/ 12:16:05 AM) [Round: 0218] Select clients...!
[INFO](2026/09/14/ 12:16:05 AM) [Round: 0218] ...successfully transmitted models to 10 selected clients!
[INFO](2026/09/14/ 12:16:05 AM) [Round: 0218] Start updating selected 10 clients...!
[INFO](2026/09/14/ 12:16:29 AM) [Round: 0218] ...10 clients are selected and updated (with total sample size: 26)!
[INFO](2026/09/14/ 12:16:29 AM) [Round: 0218] Aggregate updated weights of 10 clients...!
[INFO](2026/09/14/ 12:16:29 AM) [Round: 0218] ...updated weights of 10 clients are successfully averaged!
[INFO](2026/09/14/ 12:16:30 AM) [Round: 0218] Evaluate global model's performance...!                
	[Server] ...finished evaluation!                
	=> Loss: 0.6837                
	=> Accuracy: 78.57%

[INFO](2026/09/14/ 12:16:30 AM) [Round: 0219] Select clients...!
[INFO](2026/09/14/ 12:16:31 AM) [Round: 0219] ...successfully transmitted models to 10 selected clients!
[INFO](2026/09/14/ 12:16:31 AM) [Round: 0219] Start updating selected 10 clients...!
[INFO](2026/09/14/ 12:17:01 AM) [Round: 0219] ...10 clients are selected and updated (with total sample size: 48)!
[INFO](2026/09/14/ 12:17:01 AM) [Round: 0219] Aggregate updated weights of 10 clients...!
[INFO](2026/09/14/ 12:17:01 AM) [Round: 0219] ...updated weights of 10 clients are successfully averaged!
[INFO](2026/09/14/ 12:17:02 AM) [Round: 0219] Evaluate global model's performance...!                
	[Server] ...finished evaluation!                
	=> Loss: 0.7426                
	=> Accuracy: 74.76%

[INFO](2026/09/14/ 12:17:02 AM) [Round: 0220] Select clients...!
[INFO](2026/09/14/ 12:17:03 AM) [Round: 0220] ...successfully transmitted models to 10 selected clients!
[INFO](2026/09/14/ 12:17:03 AM) [Round: 0220] Start updating selected 10 clients...!
[INFO](2026/09/14/ 12:17:34 AM) [Round: 0220] ...10 clients are selected and updated (with total sample size: 60)!
[INFO](2026/09/14/ 12:17:34 AM) [Round: 0220] Aggregate updated weights of 10 clients...!
[INFO](2026/09/14/ 12:17:34 AM) [Round: 0220] ...updated weights of 10 clients are successfully averaged!
[INFO](2026/09/14/ 12:17:35 AM) [Round: 0220] Evaluate global model's performance...!                
	[Server] ...finished evaluation!                
	=> Loss: 0.8137                
	=> Accuracy: 72.86%

[INFO](2026/09/14/ 12:17:36 AM) [Round: 0221] Select clients...!
[INFO](2026/09/14/ 12:17:36 AM) [Round: 0221] ...successfully transmitted models to 10 selected clients!
[INFO](2026/09/14/ 12:17:36 AM) [Round: 0221] Start updating selected 10 clients...!
[INFO](2026/09/14/ 12:18:08 AM) [Round: 0221] ...10 clients are selected and updated (with total sample size: 48)!
[INFO](2026/09/14/ 12:18:08 AM) [Round: 0221] Aggregate updated weights of 10 clients...!
[INFO](2026/09/14/ 12:18:08 AM) [Round: 0221] ...updated weights of 10 clients are successfully averaged!
[INFO](2026/09/14/ 12:18:09 AM) [Round: 0221] Evaluate global model's performance...!                
	[Server] ...finished evaluation!                
	=> Loss: 0.6944                
	=> Accuracy: 77.38%

[INFO](2026/09/14/ 12:18:09 AM) [Round: 0222] Select clients...!
[INFO](2026/09/14/ 12:18:10 AM) [Round: 0222] ...successfully transmitted models to 10 selected clients!
[INFO](2026/09/14/ 12:18:10 AM) [Round: 0222] Start updating selected 10 clients...!
[INFO](2026/09/14/ 12:18:36 AM) [Round: 0222] ...10 clients are selected and updated (with total sample size: 27)!
[INFO](2026/09/14/ 12:18:36 AM) [Round: 0222] Aggregate updated weights of 10 clients...!
[INFO](2026/09/14/ 12:18:36 AM) [Round: 0222] ...updated weights of 10 clients are successfully averaged!
[INFO](2026/09/14/ 12:18:38 AM) [Round: 0222] Evaluate global model's performance...!                
	[Server] ...finished evaluation!                
	=> Loss: 0.7621                
	=> Accuracy: 73.57%

[INFO](2026/09/14/ 12:18:38 AM) [Round: 0223] Select clients...!
[INFO](2026/09/14/ 12:18:38 AM) [Round: 0223] ...successfully transmitted models to 10 selected clients!
[INFO](2026/09/14/ 12:18:38 AM) [Round: 0223] Start updating selected 10 clients...!
[INFO](2026/09/14/ 12:19:16 AM) [Round: 0223] ...10 clients are selected and updated (with total sample size: 45)!
[INFO](2026/09/14/ 12:19:16 AM) [Round: 0223] Aggregate updated weights of 10 clients...!
[INFO](2026/09/14/ 12:19:16 AM) [Round: 0223] ...updated weights of 10 clients are successfully averaged!
[INFO](2026/09/14/ 12:19:17 AM) [Round: 0223] Evaluate global model's performance...!                
	[Server] ...finished evaluation!                
	=> Loss: 0.7815                
	=> Accuracy: 73.57%

[INFO](2026/09/14/ 12:19:17 AM) [Round: 0224] Select clients...!
[INFO](2026/09/14/ 12:19:18 AM) [Round: 0224] ...successfully transmitted models to 10 selected clients!
[INFO](2026/09/14/ 12:19:18 AM) [Round: 0224] Start updating selected 10 clients...!
[INFO](2026/09/14/ 12:19:49 AM) [Round: 0224] ...10 clients are selected and updated (with total sample size: 18)!
[INFO](2026/09/14/ 12:19:49 AM) [Round: 0224] Aggregate updated weights of 10 clients...!
[INFO](2026/09/14/ 12:19:49 AM) [Round: 0224] ...updated weights of 10 clients are successfully averaged!
[INFO](2026/09/14/ 12:19:50 AM) [Round: 0224] Evaluate global model's performance...!                
	[Server] ...finished evaluation!                
	=> Loss: 0.7511                
	=> Accuracy: 76.67%

[INFO](2026/09/14/ 12:19:50 AM) [Round: 0225] Select clients...!
[INFO](2026/09/14/ 12:19:51 AM) [Round: 0225] ...successfully transmitted models to 10 selected clients!
[INFO](2026/09/14/ 12:19:51 AM) [Round: 0225] Start updating selected 10 clients...!
[INFO](2026/09/14/ 12:20:24 AM) [Round: 0225] ...10 clients are selected and updated (with total sample size: 27)!
[INFO](2026/09/14/ 12:20:24 AM) [Round: 0225] Aggregate updated weights of 10 clients...!
[INFO](2026/09/14/ 12:20:24 AM) [Round: 0225] ...updated weights of 10 clients are successfully averaged!
[INFO](2026/09/14/ 12:20:25 AM) [Round: 0225] Evaluate global model's performance...!                
	[Server] ...finished evaluation!                
	=> Loss: 0.7334                
	=> Accuracy: 76.67%

[INFO](2026/09/14/ 12:20:25 AM) [Round: 0226] Select clients...!
[INFO](2026/09/14/ 12:20:25 AM) [Round: 0226] ...successfully transmitted models to 10 selected clients!
[INFO](2026/09/14/ 12:20:25 AM) [Round: 0226] Start updating selected 10 clients...!
[INFO](2026/09/14/ 12:20:52 AM) [Round: 0226] ...10 clients are selected and updated (with total sample size: 55)!
[INFO](2026/09/14/ 12:20:52 AM) [Round: 0226] Aggregate updated weights of 10 clients...!
[INFO](2026/09/14/ 12:20:52 AM) [Round: 0226] ...updated weights of 10 clients are successfully averaged!
[INFO](2026/09/14/ 12:20:53 AM) [Round: 0226] Evaluate global model's performance...!                
	[Server] ...finished evaluation!                
	=> Loss: 0.7286                
	=> Accuracy: 77.86%

[INFO](2026/09/14/ 12:20:53 AM) [Round: 0227] Select clients...!
[INFO](2026/09/14/ 12:20:54 AM) [Round: 0227] ...successfully transmitted models to 10 selected clients!
[INFO](2026/09/14/ 12:20:54 AM) [Round: 0227] Start updating selected 10 clients...!
[INFO](2026/09/14/ 12:21:28 AM) [Round: 0227] ...10 clients are selected and updated (with total sample size: 48)!
[INFO](2026/09/14/ 12:21:28 AM) [Round: 0227] Aggregate updated weights of 10 clients...!
[INFO](2026/09/14/ 12:21:28 AM) [Round: 0227] ...updated weights of 10 clients are successfully averaged!
[INFO](2026/09/14/ 12:21:30 AM) [Round: 0227] Evaluate global model's performance...!                
	[Server] ...finished evaluation!                
	=> Loss: 0.7360                
	=> Accuracy: 75.00%

[INFO](2026/09/14/ 12:21:30 AM) [Round: 0228] Select clients...!
[INFO](2026/09/14/ 12:21:30 AM) [Round: 0228] ...successfully transmitted models to 10 selected clients!
[INFO](2026/09/14/ 12:21:30 AM) [Round: 0228] Start updating selected 10 clients...!
[INFO](2026/09/14/ 12:21:57 AM) [Round: 0228] ...10 clients are selected and updated (with total sample size: 27)!
[INFO](2026/09/14/ 12:21:57 AM) [Round: 0228] Aggregate updated weights of 10 clients...!
[INFO](2026/09/14/ 12:21:57 AM) [Round: 0228] ...updated weights of 10 clients are successfully averaged!
[INFO](2026/09/14/ 12:21:58 AM) [Round: 0228] Evaluate global model's performance...!                
	[Server] ...finished evaluation!                
	=> Loss: 0.7083                
	=> Accuracy: 78.81%

[INFO](2026/09/14/ 12:21:58 AM) [Round: 0229] Select clients...!
[INFO](2026/09/14/ 12:21:58 AM) [Round: 0229] ...successfully transmitted models to 10 selected clients!
[INFO](2026/09/14/ 12:21:58 AM) [Round: 0229] Start updating selected 10 clients...!
[INFO](2026/09/14/ 12:22:37 AM) [Round: 0229] ...10 clients are selected and updated (with total sample size: 44)!
[INFO](2026/09/14/ 12:22:37 AM) [Round: 0229] Aggregate updated weights of 10 clients...!
[INFO](2026/09/14/ 12:22:37 AM) [Round: 0229] ...updated weights of 10 clients are successfully averaged!
[INFO](2026/09/14/ 12:22:39 AM) [Round: 0229] Evaluate global model's performance...!                
	[Server] ...finished evaluation!                
	=> Loss: 0.7020                
	=> Accuracy: 77.38%

[INFO](2026/09/14/ 12:22:39 AM) [Round: 0230] Select clients...!
[INFO](2026/09/14/ 12:22:39 AM) [Round: 0230] ...successfully transmitted models to 10 selected clients!
[INFO](2026/09/14/ 12:22:39 AM) [Round: 0230] Start updating selected 10 clients...!
[INFO](2026/09/14/ 12:23:15 AM) [Round: 0230] ...10 clients are selected and updated (with total sample size: 44)!
[INFO](2026/09/14/ 12:23:15 AM) [Round: 0230] Aggregate updated weights of 10 clients...!
[INFO](2026/09/14/ 12:23:15 AM) [Round: 0230] ...updated weights of 10 clients are successfully averaged!
[INFO](2026/09/14/ 12:23:16 AM) [Round: 0230] Evaluate global model's performance...!                
	[Server] ...finished evaluation!                
	=> Loss: 0.7060                
	=> Accuracy: 78.33%

[INFO](2026/09/14/ 12:23:16 AM) [Round: 0231] Select clients...!
[INFO](2026/09/14/ 12:23:17 AM) [Round: 0231] ...successfully transmitted models to 10 selected clients!
[INFO](2026/09/14/ 12:23:17 AM) [Round: 0231] Start updating selected 10 clients...!
[INFO](2026/09/14/ 12:23:45 AM) [Round: 0231] ...10 clients are selected and updated (with total sample size: 55)!
[INFO](2026/09/14/ 12:23:45 AM) [Round: 0231] Aggregate updated weights of 10 clients...!
[INFO](2026/09/14/ 12:23:45 AM) [Round: 0231] ...updated weights of 10 clients are successfully averaged!
[INFO](2026/09/14/ 12:23:46 AM) [Round: 0231] Evaluate global model's performance...!                
	[Server] ...finished evaluation!                
	=> Loss: 0.6999                
	=> Accuracy: 76.90%

[INFO](2026/09/14/ 12:23:46 AM) [Round: 0232] Select clients...!
[INFO](2026/09/14/ 12:23:46 AM) [Round: 0232] ...successfully transmitted models to 10 selected clients!
[INFO](2026/09/14/ 12:23:46 AM) [Round: 0232] Start updating selected 10 clients...!
[INFO](2026/09/14/ 12:24:17 AM) [Round: 0232] ...10 clients are selected and updated (with total sample size: 48)!
[INFO](2026/09/14/ 12:24:17 AM) [Round: 0232] Aggregate updated weights of 10 clients...!
[INFO](2026/09/14/ 12:24:18 AM) [Round: 0232] ...updated weights of 10 clients are successfully averaged!
[INFO](2026/09/14/ 12:24:19 AM) [Round: 0232] Evaluate global model's performance...!                
	[Server] ...finished evaluation!                
	=> Loss: 0.7115                
	=> Accuracy: 78.10%

[INFO](2026/09/14/ 12:24:19 AM) [Round: 0233] Select clients...!
[INFO](2026/09/14/ 12:24:19 AM) [Round: 0233] ...successfully transmitted models to 10 selected clients!
[INFO](2026/09/14/ 12:24:19 AM) [Round: 0233] Start updating selected 10 clients...!
[INFO](2026/09/14/ 12:24:49 AM) [Round: 0233] ...10 clients are selected and updated (with total sample size: 27)!
[INFO](2026/09/14/ 12:24:49 AM) [Round: 0233] Aggregate updated weights of 10 clients...!
[INFO](2026/09/14/ 12:24:49 AM) [Round: 0233] ...updated weights of 10 clients are successfully averaged!
[INFO](2026/09/14/ 12:24:50 AM) [Round: 0233] Evaluate global model's performance...!                
	[Server] ...finished evaluation!                
	=> Loss: 0.7263                
	=> Accuracy: 78.57%

[INFO](2026/09/14/ 12:24:50 AM) [Round: 0234] Select clients...!
[INFO](2026/09/14/ 12:24:50 AM) [Round: 0234] ...successfully transmitted models to 10 selected clients!
[INFO](2026/09/14/ 12:24:50 AM) [Round: 0234] Start updating selected 10 clients...!
[INFO](2026/09/14/ 12:25:28 AM) [Round: 0234] ...10 clients are selected and updated (with total sample size: 27)!
[INFO](2026/09/14/ 12:25:28 AM) [Round: 0234] Aggregate updated weights of 10 clients...!
[INFO](2026/09/14/ 12:25:28 AM) [Round: 0234] ...updated weights of 10 clients are successfully averaged!
[INFO](2026/09/14/ 12:25:29 AM) [Round: 0234] Evaluate global model's performance...!                
	[Server] ...finished evaluation!                
	=> Loss: 0.7079                
	=> Accuracy: 76.67%

[INFO](2026/09/14/ 12:25:29 AM) [Round: 0235] Select clients...!
[INFO](2026/09/14/ 12:25:30 AM) [Round: 0235] ...successfully transmitted models to 10 selected clients!
[INFO](2026/09/14/ 12:25:30 AM) [Round: 0235] Start updating selected 10 clients...!
[INFO](2026/09/14/ 12:26:08 AM) [Round: 0235] ...10 clients are selected and updated (with total sample size: 48)!
[INFO](2026/09/14/ 12:26:08 AM) [Round: 0235] Aggregate updated weights of 10 clients...!
[INFO](2026/09/14/ 12:26:08 AM) [Round: 0235] ...updated weights of 10 clients are successfully averaged!
[INFO](2026/09/14/ 12:26:09 AM) [Round: 0235] Evaluate global model's performance...!                
	[Server] ...finished evaluation!                
	=> Loss: 0.7416                
	=> Accuracy: 77.86%

[INFO](2026/09/14/ 12:26:09 AM) [Round: 0236] Select clients...!
[INFO](2026/09/14/ 12:26:09 AM) [Round: 0236] ...successfully transmitted models to 10 selected clients!
[INFO](2026/09/14/ 12:26:09 AM) [Round: 0236] Start updating selected 10 clients...!
[INFO](2026/09/14/ 12:26:43 AM) [Round: 0236] ...10 clients are selected and updated (with total sample size: 55)!
[INFO](2026/09/14/ 12:26:43 AM) [Round: 0236] Aggregate updated weights of 10 clients...!
[INFO](2026/09/14/ 12:26:43 AM) [Round: 0236] ...updated weights of 10 clients are successfully averaged!
[INFO](2026/09/14/ 12:26:44 AM) [Round: 0236] Evaluate global model's performance...!                
	[Server] ...finished evaluation!                
	=> Loss: 0.6865                
	=> Accuracy: 78.10%

[INFO](2026/09/14/ 12:26:44 AM) [Round: 0237] Select clients...!
[INFO](2026/09/14/ 12:26:44 AM) [Round: 0237] ...successfully transmitted models to 10 selected clients!
[INFO](2026/09/14/ 12:26:44 AM) [Round: 0237] Start updating selected 10 clients...!
[INFO](2026/09/14/ 12:27:17 AM) [Round: 0237] ...10 clients are selected and updated (with total sample size: 55)!
[INFO](2026/09/14/ 12:27:17 AM) [Round: 0237] Aggregate updated weights of 10 clients...!
[INFO](2026/09/14/ 12:27:17 AM) [Round: 0237] ...updated weights of 10 clients are successfully averaged!
[INFO](2026/09/14/ 12:27:19 AM) [Round: 0237] Evaluate global model's performance...!                
	[Server] ...finished evaluation!                
	=> Loss: 0.7706                
	=> Accuracy: 73.10%

[INFO](2026/09/14/ 12:27:19 AM) [Round: 0238] Select clients...!
[INFO](2026/09/14/ 12:27:19 AM) [Round: 0238] ...successfully transmitted models to 10 selected clients!
[INFO](2026/09/14/ 12:27:19 AM) [Round: 0238] Start updating selected 10 clients...!
[INFO](2026/09/14/ 12:27:52 AM) [Round: 0238] ...10 clients are selected and updated (with total sample size: 27)!
[INFO](2026/09/14/ 12:27:52 AM) [Round: 0238] Aggregate updated weights of 10 clients...!
[INFO](2026/09/14/ 12:27:52 AM) [Round: 0238] ...updated weights of 10 clients are successfully averaged!
[INFO](2026/09/14/ 12:27:53 AM) [Round: 0238] Evaluate global model's performance...!                
	[Server] ...finished evaluation!                
	=> Loss: 0.7242                
	=> Accuracy: 74.52%

[INFO](2026/09/14/ 12:27:53 AM) [Round: 0239] Select clients...!
[INFO](2026/09/14/ 12:27:53 AM) [Round: 0239] ...successfully transmitted models to 10 selected clients!
[INFO](2026/09/14/ 12:27:53 AM) [Round: 0239] Start updating selected 10 clients...!
[INFO](2026/09/14/ 12:28:23 AM) [Round: 0239] ...10 clients are selected and updated (with total sample size: 27)!
[INFO](2026/09/14/ 12:28:24 AM) [Round: 0239] Aggregate updated weights of 10 clients...!
[INFO](2026/09/14/ 12:28:24 AM) [Round: 0239] ...updated weights of 10 clients are successfully averaged!
[INFO](2026/09/14/ 12:28:25 AM) [Round: 0239] Evaluate global model's performance...!                
	[Server] ...finished evaluation!                
	=> Loss: 0.7054                
	=> Accuracy: 78.33%

[INFO](2026/09/14/ 12:28:25 AM) [Round: 0240] Select clients...!
[INFO](2026/09/14/ 12:28:25 AM) [Round: 0240] ...successfully transmitted models to 10 selected clients!
[INFO](2026/09/14/ 12:28:25 AM) [Round: 0240] Start updating selected 10 clients...!
[INFO](2026/09/14/ 12:28:59 AM) [Round: 0240] ...10 clients are selected and updated (with total sample size: 55)!
[INFO](2026/09/14/ 12:28:59 AM) [Round: 0240] Aggregate updated weights of 10 clients...!
[INFO](2026/09/14/ 12:28:59 AM) [Round: 0240] ...updated weights of 10 clients are successfully averaged!
[INFO](2026/09/14/ 12:29:00 AM) [Round: 0240] Evaluate global model's performance...!                
	[Server] ...finished evaluation!                
	=> Loss: 0.6819                
	=> Accuracy: 77.86%

[INFO](2026/09/14/ 12:29:01 AM) [Round: 0241] Select clients...!
[INFO](2026/09/14/ 12:29:01 AM) [Round: 0241] ...successfully transmitted models to 10 selected clients!
[INFO](2026/09/14/ 12:29:01 AM) [Round: 0241] Start updating selected 10 clients...!
[INFO](2026/09/14/ 12:29:27 AM) [Round: 0241] ...10 clients are selected and updated (with total sample size: 27)!
[INFO](2026/09/14/ 12:29:27 AM) [Round: 0241] Aggregate updated weights of 10 clients...!
[INFO](2026/09/14/ 12:29:27 AM) [Round: 0241] ...updated weights of 10 clients are successfully averaged!
[INFO](2026/09/14/ 12:29:29 AM) [Round: 0241] Evaluate global model's performance...!                
	[Server] ...finished evaluation!                
	=> Loss: 0.6883                
	=> Accuracy: 79.52%

[INFO](2026/09/14/ 12:29:29 AM) [Round: 0242] Select clients...!
[INFO](2026/09/14/ 12:29:29 AM) [Round: 0242] ...successfully transmitted models to 10 selected clients!
[INFO](2026/09/14/ 12:29:29 AM) [Round: 0242] Start updating selected 10 clients...!
[INFO](2026/09/14/ 12:29:56 AM) [Round: 0242] ...10 clients are selected and updated (with total sample size: 45)!
[INFO](2026/09/14/ 12:29:56 AM) [Round: 0242] Aggregate updated weights of 10 clients...!
[INFO](2026/09/14/ 12:29:56 AM) [Round: 0242] ...updated weights of 10 clients are successfully averaged!
[INFO](2026/09/14/ 12:29:57 AM) [Round: 0242] Evaluate global model's performance...!                
	[Server] ...finished evaluation!                
	=> Loss: 0.7378                
	=> Accuracy: 77.38%

[INFO](2026/09/14/ 12:29:57 AM) [Round: 0243] Select clients...!
[INFO](2026/09/14/ 12:29:58 AM) [Round: 0243] ...successfully transmitted models to 10 selected clients!
[INFO](2026/09/14/ 12:29:58 AM) [Round: 0243] Start updating selected 10 clients...!
[INFO](2026/09/14/ 12:30:33 AM) [Round: 0243] ...10 clients are selected and updated (with total sample size: 48)!
[INFO](2026/09/14/ 12:30:33 AM) [Round: 0243] Aggregate updated weights of 10 clients...!
[INFO](2026/09/14/ 12:30:33 AM) [Round: 0243] ...updated weights of 10 clients are successfully averaged!
[INFO](2026/09/14/ 12:30:34 AM) [Round: 0243] Evaluate global model's performance...!                
	[Server] ...finished evaluation!                
	=> Loss: 0.6963                
	=> Accuracy: 78.33%

[INFO](2026/09/14/ 12:30:34 AM) [Round: 0244] Select clients...!
[INFO](2026/09/14/ 12:30:35 AM) [Round: 0244] ...successfully transmitted models to 10 selected clients!
[INFO](2026/09/14/ 12:30:35 AM) [Round: 0244] Start updating selected 10 clients...!
[INFO](2026/09/14/ 12:31:16 AM) [Round: 0244] ...10 clients are selected and updated (with total sample size: 26)!
[INFO](2026/09/14/ 12:31:16 AM) [Round: 0244] Aggregate updated weights of 10 clients...!
[INFO](2026/09/14/ 12:31:16 AM) [Round: 0244] ...updated weights of 10 clients are successfully averaged!
[INFO](2026/09/14/ 12:31:17 AM) [Round: 0244] Evaluate global model's performance...!                
	[Server] ...finished evaluation!                
	=> Loss: 0.7143                
	=> Accuracy: 77.86%

[INFO](2026/09/14/ 12:31:17 AM) [Round: 0245] Select clients...!
[INFO](2026/09/14/ 12:31:18 AM) [Round: 0245] ...successfully transmitted models to 10 selected clients!
[INFO](2026/09/14/ 12:31:18 AM) [Round: 0245] Start updating selected 10 clients...!
[INFO](2026/09/14/ 12:31:45 AM) [Round: 0245] ...10 clients are selected and updated (with total sample size: 48)!
[INFO](2026/09/14/ 12:31:45 AM) [Round: 0245] Aggregate updated weights of 10 clients...!
[INFO](2026/09/14/ 12:31:45 AM) [Round: 0245] ...updated weights of 10 clients are successfully averaged!
[INFO](2026/09/14/ 12:31:47 AM) [Round: 0245] Evaluate global model's performance...!                
	[Server] ...finished evaluation!                
	=> Loss: 0.6892                
	=> Accuracy: 79.52%

[INFO](2026/09/14/ 12:31:47 AM) [Round: 0246] Select clients...!
[INFO](2026/09/14/ 12:31:47 AM) [Round: 0246] ...successfully transmitted models to 10 selected clients!
[INFO](2026/09/14/ 12:31:47 AM) [Round: 0246] Start updating selected 10 clients...!
[INFO](2026/09/14/ 12:32:17 AM) [Round: 0246] ...10 clients are selected and updated (with total sample size: 26)!
[INFO](2026/09/14/ 12:32:17 AM) [Round: 0246] Aggregate updated weights of 10 clients...!
[INFO](2026/09/14/ 12:32:17 AM) [Round: 0246] ...updated weights of 10 clients are successfully averaged!
[INFO](2026/09/14/ 12:32:18 AM) [Round: 0246] Evaluate global model's performance...!                
	[Server] ...finished evaluation!                
	=> Loss: 0.7108                
	=> Accuracy: 77.14%

[INFO](2026/09/14/ 12:32:18 AM) [Round: 0247] Select clients...!
[INFO](2026/09/14/ 12:32:19 AM) [Round: 0247] ...successfully transmitted models to 10 selected clients!
[INFO](2026/09/14/ 12:32:19 AM) [Round: 0247] Start updating selected 10 clients...!
[INFO](2026/09/14/ 12:32:47 AM) [Round: 0247] ...10 clients are selected and updated (with total sample size: 48)!
[INFO](2026/09/14/ 12:32:47 AM) [Round: 0247] Aggregate updated weights of 10 clients...!
[INFO](2026/09/14/ 12:32:47 AM) [Round: 0247] ...updated weights of 10 clients are successfully averaged!
[INFO](2026/09/14/ 12:32:48 AM) [Round: 0247] Evaluate global model's performance...!                
	[Server] ...finished evaluation!                
	=> Loss: 0.7005                
	=> Accuracy: 77.86%

[INFO](2026/09/14/ 12:32:48 AM) [Round: 0248] Select clients...!
[INFO](2026/09/14/ 12:32:48 AM) [Round: 0248] ...successfully transmitted models to 10 selected clients!
[INFO](2026/09/14/ 12:32:48 AM) [Round: 0248] Start updating selected 10 clients...!
[INFO](2026/09/14/ 12:33:19 AM) [Round: 0248] ...10 clients are selected and updated (with total sample size: 55)!
[INFO](2026/09/14/ 12:33:19 AM) [Round: 0248] Aggregate updated weights of 10 clients...!
[INFO](2026/09/14/ 12:33:19 AM) [Round: 0248] ...updated weights of 10 clients are successfully averaged!
[INFO](2026/09/14/ 12:33:20 AM) [Round: 0248] Evaluate global model's performance...!                
	[Server] ...finished evaluation!                
	=> Loss: 0.6960                
	=> Accuracy: 76.19%

[INFO](2026/09/14/ 12:33:20 AM) [Round: 0249] Select clients...!
[INFO](2026/09/14/ 12:33:21 AM) [Round: 0249] ...successfully transmitted models to 10 selected clients!
[INFO](2026/09/14/ 12:33:21 AM) [Round: 0249] Start updating selected 10 clients...!
[INFO](2026/09/14/ 12:33:48 AM) [Round: 0249] ...10 clients are selected and updated (with total sample size: 44)!
[INFO](2026/09/14/ 12:33:48 AM) [Round: 0249] Aggregate updated weights of 10 clients...!
[INFO](2026/09/14/ 12:33:48 AM) [Round: 0249] ...updated weights of 10 clients are successfully averaged!
[INFO](2026/09/14/ 12:33:49 AM) [Round: 0249] Evaluate global model's performance...!                
	[Server] ...finished evaluation!                
	=> Loss: 0.6725                
	=> Accuracy: 77.86%

[INFO](2026/09/14/ 12:33:49 AM) [Round: 0250] Select clients...!
[INFO](2026/09/14/ 12:33:49 AM) [Round: 0250] ...successfully transmitted models to 10 selected clients!
[INFO](2026/09/14/ 12:33:50 AM) [Round: 0250] Start updating selected 10 clients...!
[INFO](2026/09/14/ 12:34:28 AM) [Round: 0250] ...10 clients are selected and updated (with total sample size: 27)!
[INFO](2026/09/14/ 12:34:28 AM) [Round: 0250] Aggregate updated weights of 10 clients...!
[INFO](2026/09/14/ 12:34:28 AM) [Round: 0250] ...updated weights of 10 clients are successfully averaged!
[INFO](2026/09/14/ 12:34:30 AM) [Round: 0250] Evaluate global model's performance...!                
	[Server] ...finished evaluation!                
	=> Loss: 0.6926                
	=> Accuracy: 79.05%

[INFO](2026/09/14/ 12:34:30 AM) [Round: 0251] Select clients...!
[INFO](2026/09/14/ 12:34:30 AM) [Round: 0251] ...successfully transmitted models to 10 selected clients!
[INFO](2026/09/14/ 12:34:30 AM) [Round: 0251] Start updating selected 10 clients...!
[INFO](2026/09/14/ 12:35:08 AM) [Round: 0251] ...10 clients are selected and updated (with total sample size: 48)!
[INFO](2026/09/14/ 12:35:08 AM) [Round: 0251] Aggregate updated weights of 10 clients...!
[INFO](2026/09/14/ 12:35:08 AM) [Round: 0251] ...updated weights of 10 clients are successfully averaged!
[INFO](2026/09/14/ 12:35:09 AM) [Round: 0251] Evaluate global model's performance...!                
	[Server] ...finished evaluation!                
	=> Loss: 0.6665                
	=> Accuracy: 80.00%

[INFO](2026/09/14/ 12:35:09 AM) [Round: 0252] Select clients...!
[INFO](2026/09/14/ 12:35:09 AM) [Round: 0252] ...successfully transmitted models to 10 selected clients!
[INFO](2026/09/14/ 12:35:09 AM) [Round: 0252] Start updating selected 10 clients...!
[INFO](2026/09/14/ 12:35:44 AM) [Round: 0252] ...10 clients are selected and updated (with total sample size: 18)!
[INFO](2026/09/14/ 12:35:44 AM) [Round: 0252] Aggregate updated weights of 10 clients...!
[INFO](2026/09/14/ 12:35:44 AM) [Round: 0252] ...updated weights of 10 clients are successfully averaged!
[INFO](2026/09/14/ 12:35:45 AM) [Round: 0252] Evaluate global model's performance...!                
	[Server] ...finished evaluation!                
	=> Loss: 0.6543                
	=> Accuracy: 79.05%

[INFO](2026/09/14/ 12:35:45 AM) [Round: 0253] Select clients...!
[INFO](2026/09/14/ 12:35:46 AM) [Round: 0253] ...successfully transmitted models to 10 selected clients!
[INFO](2026/09/14/ 12:35:46 AM) [Round: 0253] Start updating selected 10 clients...!
[INFO](2026/09/14/ 12:36:24 AM) [Round: 0253] ...10 clients are selected and updated (with total sample size: 27)!
[INFO](2026/09/14/ 12:36:24 AM) [Round: 0253] Aggregate updated weights of 10 clients...!
[INFO](2026/09/14/ 12:36:25 AM) [Round: 0253] ...updated weights of 10 clients are successfully averaged!
[INFO](2026/09/14/ 12:36:26 AM) [Round: 0253] Evaluate global model's performance...!                
	[Server] ...finished evaluation!                
	=> Loss: 0.6968                
	=> Accuracy: 78.57%

[INFO](2026/09/14/ 12:36:26 AM) [Round: 0254] Select clients...!
[INFO](2026/09/14/ 12:36:26 AM) [Round: 0254] ...successfully transmitted models to 10 selected clients!
[INFO](2026/09/14/ 12:36:26 AM) [Round: 0254] Start updating selected 10 clients...!
[INFO](2026/09/14/ 12:36:56 AM) [Round: 0254] ...10 clients are selected and updated (with total sample size: 48)!
[INFO](2026/09/14/ 12:36:56 AM) [Round: 0254] Aggregate updated weights of 10 clients...!
[INFO](2026/09/14/ 12:36:57 AM) [Round: 0254] ...updated weights of 10 clients are successfully averaged!
[INFO](2026/09/14/ 12:36:58 AM) [Round: 0254] Evaluate global model's performance...!                
	[Server] ...finished evaluation!                
	=> Loss: 0.7267                
	=> Accuracy: 76.90%

[INFO](2026/09/14/ 12:36:58 AM) [Round: 0255] Select clients...!
[INFO](2026/09/14/ 12:36:58 AM) [Round: 0255] ...successfully transmitted models to 10 selected clients!
[INFO](2026/09/14/ 12:36:58 AM) [Round: 0255] Start updating selected 10 clients...!
[INFO](2026/09/14/ 12:37:28 AM) [Round: 0255] ...10 clients are selected and updated (with total sample size: 44)!
[INFO](2026/09/14/ 12:37:29 AM) [Round: 0255] Aggregate updated weights of 10 clients...!
[INFO](2026/09/14/ 12:37:29 AM) [Round: 0255] ...updated weights of 10 clients are successfully averaged!
[INFO](2026/09/14/ 12:37:30 AM) [Round: 0255] Evaluate global model's performance...!                
	[Server] ...finished evaluation!                
	=> Loss: 0.6244                
	=> Accuracy: 81.43%

[INFO](2026/09/14/ 12:37:30 AM) [Round: 0256] Select clients...!
[INFO](2026/09/14/ 12:37:30 AM) [Round: 0256] ...successfully transmitted models to 10 selected clients!
[INFO](2026/09/14/ 12:37:30 AM) [Round: 0256] Start updating selected 10 clients...!
[INFO](2026/09/14/ 12:38:11 AM) [Round: 0256] ...10 clients are selected and updated (with total sample size: 55)!
[INFO](2026/09/14/ 12:38:11 AM) [Round: 0256] Aggregate updated weights of 10 clients...!
[INFO](2026/09/14/ 12:38:12 AM) [Round: 0256] ...updated weights of 10 clients are successfully averaged!
[INFO](2026/09/14/ 12:38:13 AM) [Round: 0256] Evaluate global model's performance...!                
	[Server] ...finished evaluation!                
	=> Loss: 0.6736                
	=> Accuracy: 78.10%

[INFO](2026/09/14/ 12:38:13 AM) [Round: 0257] Select clients...!
[INFO](2026/09/14/ 12:38:13 AM) [Round: 0257] ...successfully transmitted models to 10 selected clients!
[INFO](2026/09/14/ 12:38:14 AM) [Round: 0257] Start updating selected 10 clients...!
[INFO](2026/09/14/ 12:38:54 AM) [Round: 0257] ...10 clients are selected and updated (with total sample size: 55)!
[INFO](2026/09/14/ 12:38:54 AM) [Round: 0257] Aggregate updated weights of 10 clients...!
[INFO](2026/09/14/ 12:38:54 AM) [Round: 0257] ...updated weights of 10 clients are successfully averaged!
[INFO](2026/09/14/ 12:38:55 AM) [Round: 0257] Evaluate global model's performance...!                
	[Server] ...finished evaluation!                
	=> Loss: 0.7337                
	=> Accuracy: 75.71%

[INFO](2026/09/14/ 12:38:55 AM) [Round: 0258] Select clients...!
[INFO](2026/09/14/ 12:38:55 AM) [Round: 0258] ...successfully transmitted models to 10 selected clients!
[INFO](2026/09/14/ 12:38:55 AM) [Round: 0258] Start updating selected 10 clients...!
[INFO](2026/09/14/ 12:39:31 AM) [Round: 0258] ...10 clients are selected and updated (with total sample size: 48)!
[INFO](2026/09/14/ 12:39:31 AM) [Round: 0258] Aggregate updated weights of 10 clients...!
[INFO](2026/09/14/ 12:39:31 AM) [Round: 0258] ...updated weights of 10 clients are successfully averaged!
[INFO](2026/09/14/ 12:39:32 AM) [Round: 0258] Evaluate global model's performance...!                
	[Server] ...finished evaluation!                
	=> Loss: 0.6835                
	=> Accuracy: 78.81%

[INFO](2026/09/14/ 12:39:32 AM) [Round: 0259] Select clients...!
[INFO](2026/09/14/ 12:39:33 AM) [Round: 0259] ...successfully transmitted models to 10 selected clients!
[INFO](2026/09/14/ 12:39:33 AM) [Round: 0259] Start updating selected 10 clients...!
[INFO](2026/09/14/ 12:40:04 AM) [Round: 0259] ...10 clients are selected and updated (with total sample size: 27)!
[INFO](2026/09/14/ 12:40:04 AM) [Round: 0259] Aggregate updated weights of 10 clients...!
[INFO](2026/09/14/ 12:40:04 AM) [Round: 0259] ...updated weights of 10 clients are successfully averaged!
[INFO](2026/09/14/ 12:40:05 AM) [Round: 0259] Evaluate global model's performance...!                
	[Server] ...finished evaluation!                
	=> Loss: 0.6608                
	=> Accuracy: 78.10%

[INFO](2026/09/14/ 12:40:05 AM) [Round: 0260] Select clients...!
[INFO](2026/09/14/ 12:40:06 AM) [Round: 0260] ...successfully transmitted models to 10 selected clients!
[INFO](2026/09/14/ 12:40:06 AM) [Round: 0260] Start updating selected 10 clients...!
[INFO](2026/09/14/ 12:40:49 AM) [Round: 0260] ...10 clients are selected and updated (with total sample size: 48)!
[INFO](2026/09/14/ 12:40:50 AM) [Round: 0260] Aggregate updated weights of 10 clients...!
[INFO](2026/09/14/ 12:40:50 AM) [Round: 0260] ...updated weights of 10 clients are successfully averaged!
[INFO](2026/09/14/ 12:40:51 AM) [Round: 0260] Evaluate global model's performance...!                
	[Server] ...finished evaluation!                
	=> Loss: 0.6681                
	=> Accuracy: 78.10%

[INFO](2026/09/14/ 12:40:51 AM) [Round: 0261] Select clients...!
[INFO](2026/09/14/ 12:40:52 AM) [Round: 0261] ...successfully transmitted models to 10 selected clients!
[INFO](2026/09/14/ 12:40:52 AM) [Round: 0261] Start updating selected 10 clients...!
[INFO](2026/09/14/ 12:41:22 AM) [Round: 0261] ...10 clients are selected and updated (with total sample size: 44)!
[INFO](2026/09/14/ 12:41:22 AM) [Round: 0261] Aggregate updated weights of 10 clients...!
[INFO](2026/09/14/ 12:41:23 AM) [Round: 0261] ...updated weights of 10 clients are successfully averaged!
[INFO](2026/09/14/ 12:41:24 AM) [Round: 0261] Evaluate global model's performance...!                
	[Server] ...finished evaluation!                
	=> Loss: 0.6525                
	=> Accuracy: 80.71%

[INFO](2026/09/14/ 12:41:24 AM) [Round: 0262] Select clients...!
[INFO](2026/09/14/ 12:41:24 AM) [Round: 0262] ...successfully transmitted models to 10 selected clients!
[INFO](2026/09/14/ 12:41:25 AM) [Round: 0262] Start updating selected 10 clients...!
[INFO](2026/09/14/ 12:41:50 AM) [Round: 0262] ...10 clients are selected and updated (with total sample size: 44)!
[INFO](2026/09/14/ 12:41:50 AM) [Round: 0262] Aggregate updated weights of 10 clients...!
[INFO](2026/09/14/ 12:41:51 AM) [Round: 0262] ...updated weights of 10 clients are successfully averaged!
[INFO](2026/09/14/ 12:41:52 AM) [Round: 0262] Evaluate global model's performance...!                
	[Server] ...finished evaluation!                
	=> Loss: 0.6428                
	=> Accuracy: 80.71%

[INFO](2026/09/14/ 12:41:52 AM) [Round: 0263] Select clients...!
[INFO](2026/09/14/ 12:41:52 AM) [Round: 0263] ...successfully transmitted models to 10 selected clients!
[INFO](2026/09/14/ 12:41:52 AM) [Round: 0263] Start updating selected 10 clients...!
[INFO](2026/09/14/ 12:42:21 AM) [Round: 0263] ...10 clients are selected and updated (with total sample size: 55)!
[INFO](2026/09/14/ 12:42:21 AM) [Round: 0263] Aggregate updated weights of 10 clients...!
[INFO](2026/09/14/ 12:42:22 AM) [Round: 0263] ...updated weights of 10 clients are successfully averaged!
[INFO](2026/09/14/ 12:42:23 AM) [Round: 0263] Evaluate global model's performance...!                
	[Server] ...finished evaluation!                
	=> Loss: 0.6218                
	=> Accuracy: 81.67%

[INFO](2026/09/14/ 12:42:23 AM) [Round: 0264] Select clients...!
[INFO](2026/09/14/ 12:42:23 AM) [Round: 0264] ...successfully transmitted models to 10 selected clients!
[INFO](2026/09/14/ 12:42:23 AM) [Round: 0264] Start updating selected 10 clients...!
[INFO](2026/09/14/ 12:42:53 AM) [Round: 0264] ...10 clients are selected and updated (with total sample size: 48)!
[INFO](2026/09/14/ 12:42:53 AM) [Round: 0264] Aggregate updated weights of 10 clients...!
[INFO](2026/09/14/ 12:42:53 AM) [Round: 0264] ...updated weights of 10 clients are successfully averaged!
[INFO](2026/09/14/ 12:42:54 AM) [Round: 0264] Evaluate global model's performance...!                
	[Server] ...finished evaluation!                
	=> Loss: 0.6353                
	=> Accuracy: 80.24%

[INFO](2026/09/14/ 12:42:54 AM) [Round: 0265] Select clients...!
[INFO](2026/09/14/ 12:42:54 AM) [Round: 0265] ...successfully transmitted models to 10 selected clients!
[INFO](2026/09/14/ 12:42:55 AM) [Round: 0265] Start updating selected 10 clients...!
[INFO](2026/09/14/ 12:43:34 AM) [Round: 0265] ...10 clients are selected and updated (with total sample size: 27)!
[INFO](2026/09/14/ 12:43:34 AM) [Round: 0265] Aggregate updated weights of 10 clients...!
[INFO](2026/09/14/ 12:43:34 AM) [Round: 0265] ...updated weights of 10 clients are successfully averaged!
[INFO](2026/09/14/ 12:43:35 AM) [Round: 0265] Evaluate global model's performance...!                
	[Server] ...finished evaluation!                
	=> Loss: 0.6939                
	=> Accuracy: 78.81%

[INFO](2026/09/14/ 12:43:36 AM) [Round: 0266] Select clients...!
[INFO](2026/09/14/ 12:43:36 AM) [Round: 0266] ...successfully transmitted models to 10 selected clients!
[INFO](2026/09/14/ 12:43:36 AM) [Round: 0266] Start updating selected 10 clients...!
[INFO](2026/09/14/ 12:44:09 AM) [Round: 0266] ...10 clients are selected and updated (with total sample size: 55)!
[INFO](2026/09/14/ 12:44:09 AM) [Round: 0266] Aggregate updated weights of 10 clients...!
[INFO](2026/09/14/ 12:44:09 AM) [Round: 0266] ...updated weights of 10 clients are successfully averaged!
[INFO](2026/09/14/ 12:44:10 AM) [Round: 0266] Evaluate global model's performance...!                
	[Server] ...finished evaluation!                
	=> Loss: 0.6872                
	=> Accuracy: 78.57%

[INFO](2026/09/14/ 12:44:10 AM) [Round: 0267] Select clients...!
[INFO](2026/09/14/ 12:44:10 AM) [Round: 0267] ...successfully transmitted models to 10 selected clients!
[INFO](2026/09/14/ 12:44:10 AM) [Round: 0267] Start updating selected 10 clients...!
[INFO](2026/09/14/ 12:44:42 AM) [Round: 0267] ...10 clients are selected and updated (with total sample size: 55)!
[INFO](2026/09/14/ 12:44:42 AM) [Round: 0267] Aggregate updated weights of 10 clients...!
[INFO](2026/09/14/ 12:44:43 AM) [Round: 0267] ...updated weights of 10 clients are successfully averaged!
[INFO](2026/09/14/ 12:44:44 AM) [Round: 0267] Evaluate global model's performance...!                
	[Server] ...finished evaluation!                
	=> Loss: 0.6557                
	=> Accuracy: 79.52%

[INFO](2026/09/14/ 12:44:44 AM) [Round: 0268] Select clients...!
[INFO](2026/09/14/ 12:44:44 AM) [Round: 0268] ...successfully transmitted models to 10 selected clients!
[INFO](2026/09/14/ 12:44:44 AM) [Round: 0268] Start updating selected 10 clients...!
[INFO](2026/09/14/ 12:45:25 AM) [Round: 0268] ...10 clients are selected and updated (with total sample size: 41)!
[INFO](2026/09/14/ 12:45:25 AM) [Round: 0268] Aggregate updated weights of 10 clients...!
[INFO](2026/09/14/ 12:45:25 AM) [Round: 0268] ...updated weights of 10 clients are successfully averaged!
[INFO](2026/09/14/ 12:45:26 AM) [Round: 0268] Evaluate global model's performance...!                
	[Server] ...finished evaluation!                
	=> Loss: 0.7481                
	=> Accuracy: 75.95%

[INFO](2026/09/14/ 12:45:26 AM) [Round: 0269] Select clients...!
[INFO](2026/09/14/ 12:45:27 AM) [Round: 0269] ...successfully transmitted models to 10 selected clients!
[INFO](2026/09/14/ 12:45:27 AM) [Round: 0269] Start updating selected 10 clients...!
[INFO](2026/09/14/ 12:46:10 AM) [Round: 0269] ...10 clients are selected and updated (with total sample size: 55)!
[INFO](2026/09/14/ 12:46:10 AM) [Round: 0269] Aggregate updated weights of 10 clients...!
[INFO](2026/09/14/ 12:46:11 AM) [Round: 0269] ...updated weights of 10 clients are successfully averaged!
[INFO](2026/09/14/ 12:46:12 AM) [Round: 0269] Evaluate global model's performance...!                
	[Server] ...finished evaluation!                
	=> Loss: 0.7159                
	=> Accuracy: 78.10%

[INFO](2026/09/14/ 12:46:12 AM) [Round: 0270] Select clients...!
[INFO](2026/09/14/ 12:46:12 AM) [Round: 0270] ...successfully transmitted models to 10 selected clients!
[INFO](2026/09/14/ 12:46:12 AM) [Round: 0270] Start updating selected 10 clients...!
[INFO](2026/09/14/ 12:46:43 AM) [Round: 0270] ...10 clients are selected and updated (with total sample size: 18)!
[INFO](2026/09/14/ 12:46:44 AM) [Round: 0270] Aggregate updated weights of 10 clients...!
[INFO](2026/09/14/ 12:46:44 AM) [Round: 0270] ...updated weights of 10 clients are successfully averaged!
[INFO](2026/09/14/ 12:46:45 AM) [Round: 0270] Evaluate global model's performance...!                
	[Server] ...finished evaluation!                
	=> Loss: 0.7360                
	=> Accuracy: 75.95%

[INFO](2026/09/14/ 12:46:45 AM) [Round: 0271] Select clients...!
[INFO](2026/09/14/ 12:46:45 AM) [Round: 0271] ...successfully transmitted models to 10 selected clients!
[INFO](2026/09/14/ 12:46:45 AM) [Round: 0271] Start updating selected 10 clients...!
[INFO](2026/09/14/ 12:47:08 AM) [Round: 0271] ...10 clients are selected and updated (with total sample size: 18)!
[INFO](2026/09/14/ 12:47:08 AM) [Round: 0271] Aggregate updated weights of 10 clients...!
[INFO](2026/09/14/ 12:47:08 AM) [Round: 0271] ...updated weights of 10 clients are successfully averaged!
[INFO](2026/09/14/ 12:47:09 AM) [Round: 0271] Evaluate global model's performance...!                
	[Server] ...finished evaluation!                
	=> Loss: 0.6188                
	=> Accuracy: 79.52%

[INFO](2026/09/14/ 12:47:09 AM) [Round: 0272] Select clients...!
[INFO](2026/09/14/ 12:47:10 AM) [Round: 0272] ...successfully transmitted models to 10 selected clients!
[INFO](2026/09/14/ 12:47:10 AM) [Round: 0272] Start updating selected 10 clients...!
[INFO](2026/09/14/ 12:47:51 AM) [Round: 0272] ...10 clients are selected and updated (with total sample size: 27)!
[INFO](2026/09/14/ 12:47:51 AM) [Round: 0272] Aggregate updated weights of 10 clients...!
[INFO](2026/09/14/ 12:47:51 AM) [Round: 0272] ...updated weights of 10 clients are successfully averaged!
[INFO](2026/09/14/ 12:47:53 AM) [Round: 0272] Evaluate global model's performance...!                
	[Server] ...finished evaluation!                
	=> Loss: 0.6825                
	=> Accuracy: 80.00%

[INFO](2026/09/14/ 12:47:53 AM) [Round: 0273] Select clients...!
[INFO](2026/09/14/ 12:47:53 AM) [Round: 0273] ...successfully transmitted models to 10 selected clients!
[INFO](2026/09/14/ 12:47:53 AM) [Round: 0273] Start updating selected 10 clients...!
[INFO](2026/09/14/ 12:48:29 AM) [Round: 0273] ...10 clients are selected and updated (with total sample size: 45)!
[INFO](2026/09/14/ 12:48:29 AM) [Round: 0273] Aggregate updated weights of 10 clients...!
[INFO](2026/09/14/ 12:48:29 AM) [Round: 0273] ...updated weights of 10 clients are successfully averaged!
[INFO](2026/09/14/ 12:48:30 AM) [Round: 0273] Evaluate global model's performance...!                
	[Server] ...finished evaluation!                
	=> Loss: 0.7312                
	=> Accuracy: 75.48%

[INFO](2026/09/14/ 12:48:30 AM) [Round: 0274] Select clients...!
[INFO](2026/09/14/ 12:48:31 AM) [Round: 0274] ...successfully transmitted models to 10 selected clients!
[INFO](2026/09/14/ 12:48:31 AM) [Round: 0274] Start updating selected 10 clients...!
[INFO](2026/09/14/ 12:48:56 AM) [Round: 0274] ...10 clients are selected and updated (with total sample size: 27)!
[INFO](2026/09/14/ 12:48:56 AM) [Round: 0274] Aggregate updated weights of 10 clients...!
[INFO](2026/09/14/ 12:48:56 AM) [Round: 0274] ...updated weights of 10 clients are successfully averaged!
[INFO](2026/09/14/ 12:48:57 AM) [Round: 0274] Evaluate global model's performance...!                
	[Server] ...finished evaluation!                
	=> Loss: 0.6184                
	=> Accuracy: 79.05%

[INFO](2026/09/14/ 12:48:57 AM) [Round: 0275] Select clients...!
[INFO](2026/09/14/ 12:48:58 AM) [Round: 0275] ...successfully transmitted models to 10 selected clients!
[INFO](2026/09/14/ 12:48:58 AM) [Round: 0275] Start updating selected 10 clients...!
[INFO](2026/09/14/ 12:49:22 AM) [Round: 0275] ...10 clients are selected and updated (with total sample size: 44)!
[INFO](2026/09/14/ 12:49:23 AM) [Round: 0275] Aggregate updated weights of 10 clients...!
[INFO](2026/09/14/ 12:49:23 AM) [Round: 0275] ...updated weights of 10 clients are successfully averaged!
[INFO](2026/09/14/ 12:49:24 AM) [Round: 0275] Evaluate global model's performance...!                
	[Server] ...finished evaluation!                
	=> Loss: 0.5960                
	=> Accuracy: 81.67%

[INFO](2026/09/14/ 12:49:24 AM) [Round: 0276] Select clients...!
[INFO](2026/09/14/ 12:49:25 AM) [Round: 0276] ...successfully transmitted models to 10 selected clients!
[INFO](2026/09/14/ 12:49:25 AM) [Round: 0276] Start updating selected 10 clients...!
[INFO](2026/09/14/ 12:50:02 AM) [Round: 0276] ...10 clients are selected and updated (with total sample size: 55)!
[INFO](2026/09/14/ 12:50:02 AM) [Round: 0276] Aggregate updated weights of 10 clients...!
[INFO](2026/09/14/ 12:50:02 AM) [Round: 0276] ...updated weights of 10 clients are successfully averaged!
[INFO](2026/09/14/ 12:50:03 AM) [Round: 0276] Evaluate global model's performance...!                
	[Server] ...finished evaluation!                
	=> Loss: 0.6168                
	=> Accuracy: 80.00%

[INFO](2026/09/14/ 12:50:03 AM) [Round: 0277] Select clients...!
[INFO](2026/09/14/ 12:50:04 AM) [Round: 0277] ...successfully transmitted models to 10 selected clients!
[INFO](2026/09/14/ 12:50:04 AM) [Round: 0277] Start updating selected 10 clients...!
[INFO](2026/09/14/ 12:50:38 AM) [Round: 0277] ...10 clients are selected and updated (with total sample size: 45)!
[INFO](2026/09/14/ 12:50:38 AM) [Round: 0277] Aggregate updated weights of 10 clients...!
[INFO](2026/09/14/ 12:50:38 AM) [Round: 0277] ...updated weights of 10 clients are successfully averaged!
[INFO](2026/09/14/ 12:50:39 AM) [Round: 0277] Evaluate global model's performance...!                
	[Server] ...finished evaluation!                
	=> Loss: 0.6726                
	=> Accuracy: 78.57%

[INFO](2026/09/14/ 12:50:39 AM) [Round: 0278] Select clients...!
[INFO](2026/09/14/ 12:50:40 AM) [Round: 0278] ...successfully transmitted models to 10 selected clients!
[INFO](2026/09/14/ 12:50:40 AM) [Round: 0278] Start updating selected 10 clients...!
[INFO](2026/09/14/ 12:51:20 AM) [Round: 0278] ...10 clients are selected and updated (with total sample size: 48)!
[INFO](2026/09/14/ 12:51:20 AM) [Round: 0278] Aggregate updated weights of 10 clients...!
[INFO](2026/09/14/ 12:51:20 AM) [Round: 0278] ...updated weights of 10 clients are successfully averaged!
[INFO](2026/09/14/ 12:51:21 AM) [Round: 0278] Evaluate global model's performance...!                
	[Server] ...finished evaluation!                
	=> Loss: 0.6605                
	=> Accuracy: 78.33%

[INFO](2026/09/14/ 12:51:21 AM) [Round: 0279] Select clients...!
[INFO](2026/09/14/ 12:51:22 AM) [Round: 0279] ...successfully transmitted models to 10 selected clients!
[INFO](2026/09/14/ 12:51:22 AM) [Round: 0279] Start updating selected 10 clients...!
[INFO](2026/09/14/ 12:51:56 AM) [Round: 0279] ...10 clients are selected and updated (with total sample size: 48)!
[INFO](2026/09/14/ 12:51:56 AM) [Round: 0279] Aggregate updated weights of 10 clients...!
[INFO](2026/09/14/ 12:51:56 AM) [Round: 0279] ...updated weights of 10 clients are successfully averaged!
[INFO](2026/09/14/ 12:51:57 AM) [Round: 0279] Evaluate global model's performance...!                
	[Server] ...finished evaluation!                
	=> Loss: 0.5887                
	=> Accuracy: 81.90%

[INFO](2026/09/14/ 12:51:57 AM) [Round: 0280] Select clients...!
[INFO](2026/09/14/ 12:51:58 AM) [Round: 0280] ...successfully transmitted models to 10 selected clients!
[INFO](2026/09/14/ 12:51:58 AM) [Round: 0280] Start updating selected 10 clients...!
[INFO](2026/09/14/ 12:52:23 AM) [Round: 0280] ...10 clients are selected and updated (with total sample size: 42)!
[INFO](2026/09/14/ 12:52:23 AM) [Round: 0280] Aggregate updated weights of 10 clients...!
[INFO](2026/09/14/ 12:52:23 AM) [Round: 0280] ...updated weights of 10 clients are successfully averaged!
[INFO](2026/09/14/ 12:52:24 AM) [Round: 0280] Evaluate global model's performance...!                
	[Server] ...finished evaluation!                
	=> Loss: 0.5896                
	=> Accuracy: 80.48%

[INFO](2026/09/14/ 12:52:24 AM) [Round: 0281] Select clients...!
[INFO](2026/09/14/ 12:52:25 AM) [Round: 0281] ...successfully transmitted models to 10 selected clients!
[INFO](2026/09/14/ 12:52:25 AM) [Round: 0281] Start updating selected 10 clients...!
[INFO](2026/09/14/ 12:52:57 AM) [Round: 0281] ...10 clients are selected and updated (with total sample size: 18)!
[INFO](2026/09/14/ 12:52:57 AM) [Round: 0281] Aggregate updated weights of 10 clients...!
[INFO](2026/09/14/ 12:52:57 AM) [Round: 0281] ...updated weights of 10 clients are successfully averaged!
[INFO](2026/09/14/ 12:52:58 AM) [Round: 0281] Evaluate global model's performance...!                
	[Server] ...finished evaluation!                
	=> Loss: 0.5921                
	=> Accuracy: 81.67%

[INFO](2026/09/14/ 12:52:58 AM) [Round: 0282] Select clients...!
[INFO](2026/09/14/ 12:52:59 AM) [Round: 0282] ...successfully transmitted models to 10 selected clients!
[INFO](2026/09/14/ 12:52:59 AM) [Round: 0282] Start updating selected 10 clients...!
[INFO](2026/09/14/ 12:53:41 AM) [Round: 0282] ...10 clients are selected and updated (with total sample size: 55)!
[INFO](2026/09/14/ 12:53:41 AM) [Round: 0282] Aggregate updated weights of 10 clients...!
[INFO](2026/09/14/ 12:53:41 AM) [Round: 0282] ...updated weights of 10 clients are successfully averaged!
[INFO](2026/09/14/ 12:53:42 AM) [Round: 0282] Evaluate global model's performance...!                
	[Server] ...finished evaluation!                
	=> Loss: 0.6209                
	=> Accuracy: 80.48%

[INFO](2026/09/14/ 12:53:42 AM) [Round: 0283] Select clients...!
[INFO](2026/09/14/ 12:53:42 AM) [Round: 0283] ...successfully transmitted models to 10 selected clients!
[INFO](2026/09/14/ 12:53:43 AM) [Round: 0283] Start updating selected 10 clients...!
[INFO](2026/09/14/ 12:54:18 AM) [Round: 0283] ...10 clients are selected and updated (with total sample size: 18)!
[INFO](2026/09/14/ 12:54:18 AM) [Round: 0283] Aggregate updated weights of 10 clients...!
[INFO](2026/09/14/ 12:54:18 AM) [Round: 0283] ...updated weights of 10 clients are successfully averaged!
[INFO](2026/09/14/ 12:54:20 AM) [Round: 0283] Evaluate global model's performance...!                
	[Server] ...finished evaluation!                
	=> Loss: 0.6156                
	=> Accuracy: 82.86%

[INFO](2026/09/14/ 12:54:20 AM) [Round: 0284] Select clients...!
[INFO](2026/09/14/ 12:54:20 AM) [Round: 0284] ...successfully transmitted models to 10 selected clients!
[INFO](2026/09/14/ 12:54:20 AM) [Round: 0284] Start updating selected 10 clients...!
[INFO](2026/09/14/ 12:54:47 AM) [Round: 0284] ...10 clients are selected and updated (with total sample size: 18)!
[INFO](2026/09/14/ 12:54:47 AM) [Round: 0284] Aggregate updated weights of 10 clients...!
[INFO](2026/09/14/ 12:54:48 AM) [Round: 0284] ...updated weights of 10 clients are successfully averaged!
[INFO](2026/09/14/ 12:54:49 AM) [Round: 0284] Evaluate global model's performance...!                
	[Server] ...finished evaluation!                
	=> Loss: 0.5890                
	=> Accuracy: 83.57%

[INFO](2026/09/14/ 12:54:49 AM) [Round: 0285] Select clients...!
[INFO](2026/09/14/ 12:54:49 AM) [Round: 0285] ...successfully transmitted models to 10 selected clients!
[INFO](2026/09/14/ 12:54:49 AM) [Round: 0285] Start updating selected 10 clients...!
[INFO](2026/09/14/ 12:55:21 AM) [Round: 0285] ...10 clients are selected and updated (with total sample size: 27)!
[INFO](2026/09/14/ 12:55:22 AM) [Round: 0285] Aggregate updated weights of 10 clients...!
[INFO](2026/09/14/ 12:55:22 AM) [Round: 0285] ...updated weights of 10 clients are successfully averaged!
[INFO](2026/09/14/ 12:55:23 AM) [Round: 0285] Evaluate global model's performance...!                
	[Server] ...finished evaluation!                
	=> Loss: 0.6293                
	=> Accuracy: 81.19%

[INFO](2026/09/14/ 12:55:23 AM) [Round: 0286] Select clients...!
[INFO](2026/09/14/ 12:55:23 AM) [Round: 0286] ...successfully transmitted models to 10 selected clients!
[INFO](2026/09/14/ 12:55:23 AM) [Round: 0286] Start updating selected 10 clients...!
[INFO](2026/09/14/ 12:55:55 AM) [Round: 0286] ...10 clients are selected and updated (with total sample size: 27)!
[INFO](2026/09/14/ 12:55:55 AM) [Round: 0286] Aggregate updated weights of 10 clients...!
[INFO](2026/09/14/ 12:55:55 AM) [Round: 0286] ...updated weights of 10 clients are successfully averaged!
[INFO](2026/09/14/ 12:55:56 AM) [Round: 0286] Evaluate global model's performance...!                
	[Server] ...finished evaluation!                
	=> Loss: 0.6402                
	=> Accuracy: 80.48%

[INFO](2026/09/14/ 12:55:57 AM) [Round: 0287] Select clients...!
[INFO](2026/09/14/ 12:55:57 AM) [Round: 0287] ...successfully transmitted models to 10 selected clients!
[INFO](2026/09/14/ 12:55:57 AM) [Round: 0287] Start updating selected 10 clients...!
[INFO](2026/09/14/ 12:56:33 AM) [Round: 0287] ...10 clients are selected and updated (with total sample size: 48)!
[INFO](2026/09/14/ 12:56:33 AM) [Round: 0287] Aggregate updated weights of 10 clients...!
[INFO](2026/09/14/ 12:56:34 AM) [Round: 0287] ...updated weights of 10 clients are successfully averaged!
[INFO](2026/09/14/ 12:56:35 AM) [Round: 0287] Evaluate global model's performance...!                
	[Server] ...finished evaluation!                
	=> Loss: 0.7078                
	=> Accuracy: 76.90%

[INFO](2026/09/14/ 12:56:35 AM) [Round: 0288] Select clients...!
[INFO](2026/09/14/ 12:56:35 AM) [Round: 0288] ...successfully transmitted models to 10 selected clients!
[INFO](2026/09/14/ 12:56:35 AM) [Round: 0288] Start updating selected 10 clients...!
[INFO](2026/09/14/ 12:57:06 AM) [Round: 0288] ...10 clients are selected and updated (with total sample size: 48)!
[INFO](2026/09/14/ 12:57:06 AM) [Round: 0288] Aggregate updated weights of 10 clients...!
[INFO](2026/09/14/ 12:57:06 AM) [Round: 0288] ...updated weights of 10 clients are successfully averaged!
[INFO](2026/09/14/ 12:57:07 AM) [Round: 0288] Evaluate global model's performance...!                
	[Server] ...finished evaluation!                
	=> Loss: 0.6255                
	=> Accuracy: 79.52%

[INFO](2026/09/14/ 12:57:07 AM) [Round: 0289] Select clients...!
[INFO](2026/09/14/ 12:57:07 AM) [Round: 0289] ...successfully transmitted models to 10 selected clients!
[INFO](2026/09/14/ 12:57:08 AM) [Round: 0289] Start updating selected 10 clients...!
[INFO](2026/09/14/ 12:57:33 AM) [Round: 0289] ...10 clients are selected and updated (with total sample size: 18)!
[INFO](2026/09/14/ 12:57:33 AM) [Round: 0289] Aggregate updated weights of 10 clients...!
[INFO](2026/09/14/ 12:57:33 AM) [Round: 0289] ...updated weights of 10 clients are successfully averaged!
[INFO](2026/09/14/ 12:57:34 AM) [Round: 0289] Evaluate global model's performance...!                
	[Server] ...finished evaluation!                
	=> Loss: 0.6122                
	=> Accuracy: 81.43%

[INFO](2026/09/14/ 12:57:34 AM) [Round: 0290] Select clients...!
[INFO](2026/09/14/ 12:57:34 AM) [Round: 0290] ...successfully transmitted models to 10 selected clients!
[INFO](2026/09/14/ 12:57:35 AM) [Round: 0290] Start updating selected 10 clients...!
[INFO](2026/09/14/ 12:58:11 AM) [Round: 0290] ...10 clients are selected and updated (with total sample size: 48)!
[INFO](2026/09/14/ 12:58:11 AM) [Round: 0290] Aggregate updated weights of 10 clients...!
[INFO](2026/09/14/ 12:58:11 AM) [Round: 0290] ...updated weights of 10 clients are successfully averaged!
[INFO](2026/09/14/ 12:58:12 AM) [Round: 0290] Evaluate global model's performance...!                
	[Server] ...finished evaluation!                
	=> Loss: 0.6395                
	=> Accuracy: 81.43%

[INFO](2026/09/14/ 12:58:13 AM) [Round: 0291] Select clients...!
[INFO](2026/09/14/ 12:58:13 AM) [Round: 0291] ...successfully transmitted models to 10 selected clients!
[INFO](2026/09/14/ 12:58:13 AM) [Round: 0291] Start updating selected 10 clients...!
[INFO](2026/09/14/ 12:58:38 AM) [Round: 0291] ...10 clients are selected and updated (with total sample size: 27)!
[INFO](2026/09/14/ 12:58:39 AM) [Round: 0291] Aggregate updated weights of 10 clients...!
[INFO](2026/09/14/ 12:58:39 AM) [Round: 0291] ...updated weights of 10 clients are successfully averaged!
[INFO](2026/09/14/ 12:58:40 AM) [Round: 0291] Evaluate global model's performance...!                
	[Server] ...finished evaluation!                
	=> Loss: 0.6978                
	=> Accuracy: 76.67%

[INFO](2026/09/14/ 12:58:40 AM) [Round: 0292] Select clients...!
[INFO](2026/09/14/ 12:58:40 AM) [Round: 0292] ...successfully transmitted models to 10 selected clients!
[INFO](2026/09/14/ 12:58:40 AM) [Round: 0292] Start updating selected 10 clients...!
[INFO](2026/09/14/ 12:59:08 AM) [Round: 0292] ...10 clients are selected and updated (with total sample size: 48)!
[INFO](2026/09/14/ 12:59:08 AM) [Round: 0292] Aggregate updated weights of 10 clients...!
[INFO](2026/09/14/ 12:59:08 AM) [Round: 0292] ...updated weights of 10 clients are successfully averaged!
[INFO](2026/09/14/ 12:59:09 AM) [Round: 0292] Evaluate global model's performance...!                
	[Server] ...finished evaluation!                
	=> Loss: 0.6334                
	=> Accuracy: 79.29%

[INFO](2026/09/14/ 12:59:10 AM) [Round: 0293] Select clients...!
[INFO](2026/09/14/ 12:59:10 AM) [Round: 0293] ...successfully transmitted models to 10 selected clients!
[INFO](2026/09/14/ 12:59:10 AM) [Round: 0293] Start updating selected 10 clients...!
[INFO](2026/09/14/ 12:59:49 AM) [Round: 0293] ...10 clients are selected and updated (with total sample size: 60)!
[INFO](2026/09/14/ 12:59:49 AM) [Round: 0293] Aggregate updated weights of 10 clients...!
[INFO](2026/09/14/ 12:59:49 AM) [Round: 0293] ...updated weights of 10 clients are successfully averaged!
[INFO](2026/09/14/ 12:59:50 AM) [Round: 0293] Evaluate global model's performance...!                
	[Server] ...finished evaluation!                
	=> Loss: 0.6863                
	=> Accuracy: 77.14%

[INFO](2026/09/14/ 12:59:50 AM) [Round: 0294] Select clients...!
[INFO](2026/09/14/ 12:59:50 AM) [Round: 0294] ...successfully transmitted models to 10 selected clients!
[INFO](2026/09/14/ 12:59:50 AM) [Round: 0294] Start updating selected 10 clients...!
[INFO](2026/09/14/ 01:00:15 AM) [Round: 0294] ...10 clients are selected and updated (with total sample size: 27)!
[INFO](2026/09/14/ 01:00:15 AM) [Round: 0294] Aggregate updated weights of 10 clients...!
[INFO](2026/09/14/ 01:00:16 AM) [Round: 0294] ...updated weights of 10 clients are successfully averaged!
[INFO](2026/09/14/ 01:00:17 AM) [Round: 0294] Evaluate global model's performance...!                
	[Server] ...finished evaluation!                
	=> Loss: 0.5776                
	=> Accuracy: 82.62%

[INFO](2026/09/14/ 01:00:17 AM) [Round: 0295] Select clients...!
[INFO](2026/09/14/ 01:00:17 AM) [Round: 0295] ...successfully transmitted models to 10 selected clients!
[INFO](2026/09/14/ 01:00:17 AM) [Round: 0295] Start updating selected 10 clients...!
[INFO](2026/09/14/ 01:00:52 AM) [Round: 0295] ...10 clients are selected and updated (with total sample size: 64)!
[INFO](2026/09/14/ 01:00:53 AM) [Round: 0295] Aggregate updated weights of 10 clients...!
[INFO](2026/09/14/ 01:00:53 AM) [Round: 0295] ...updated weights of 10 clients are successfully averaged!
[INFO](2026/09/14/ 01:00:54 AM) [Round: 0295] Evaluate global model's performance...!                
	[Server] ...finished evaluation!                
	=> Loss: 0.6247                
	=> Accuracy: 79.76%

[INFO](2026/09/14/ 01:00:54 AM) [Round: 0296] Select clients...!
[INFO](2026/09/14/ 01:00:55 AM) [Round: 0296] ...successfully transmitted models to 10 selected clients!
[INFO](2026/09/14/ 01:00:55 AM) [Round: 0296] Start updating selected 10 clients...!
[INFO](2026/09/14/ 01:01:17 AM) [Round: 0296] ...10 clients are selected and updated (with total sample size: 60)!
[INFO](2026/09/14/ 01:01:17 AM) [Round: 0296] Aggregate updated weights of 10 clients...!
[INFO](2026/09/14/ 01:01:18 AM) [Round: 0296] ...updated weights of 10 clients are successfully averaged!
[INFO](2026/09/14/ 01:01:19 AM) [Round: 0296] Evaluate global model's performance...!                
	[Server] ...finished evaluation!                
	=> Loss: 0.6519                
	=> Accuracy: 78.33%

[INFO](2026/09/14/ 01:01:19 AM) [Round: 0297] Select clients...!
[INFO](2026/09/14/ 01:01:19 AM) [Round: 0297] ...successfully transmitted models to 10 selected clients!
[INFO](2026/09/14/ 01:01:19 AM) [Round: 0297] Start updating selected 10 clients...!
[INFO](2026/09/14/ 01:01:46 AM) [Round: 0297] ...10 clients are selected and updated (with total sample size: 18)!
[INFO](2026/09/14/ 01:01:46 AM) [Round: 0297] Aggregate updated weights of 10 clients...!
[INFO](2026/09/14/ 01:01:46 AM) [Round: 0297] ...updated weights of 10 clients are successfully averaged!
[INFO](2026/09/14/ 01:01:47 AM) [Round: 0297] Evaluate global model's performance...!                
	[Server] ...finished evaluation!                
	=> Loss: 0.6854                
	=> Accuracy: 76.19%

[INFO](2026/09/14/ 01:01:48 AM) [Round: 0298] Select clients...!
[INFO](2026/09/14/ 01:01:48 AM) [Round: 0298] ...successfully transmitted models to 10 selected clients!
[INFO](2026/09/14/ 01:01:48 AM) [Round: 0298] Start updating selected 10 clients...!
[INFO](2026/09/14/ 01:02:24 AM) [Round: 0298] ...10 clients are selected and updated (with total sample size: 18)!
[INFO](2026/09/14/ 01:02:24 AM) [Round: 0298] Aggregate updated weights of 10 clients...!
[INFO](2026/09/14/ 01:02:24 AM) [Round: 0298] ...updated weights of 10 clients are successfully averaged!
[INFO](2026/09/14/ 01:02:25 AM) [Round: 0298] Evaluate global model's performance...!                
	[Server] ...finished evaluation!                
	=> Loss: 0.6624                
	=> Accuracy: 78.81%

[INFO](2026/09/14/ 01:02:25 AM) [Round: 0299] Select clients...!
[INFO](2026/09/14/ 01:02:26 AM) [Round: 0299] ...successfully transmitted models to 10 selected clients!
[INFO](2026/09/14/ 01:02:26 AM) [Round: 0299] Start updating selected 10 clients...!
[INFO](2026/09/14/ 01:02:53 AM) [Round: 0299] ...10 clients are selected and updated (with total sample size: 48)!
[INFO](2026/09/14/ 01:02:53 AM) [Round: 0299] Aggregate updated weights of 10 clients...!
[INFO](2026/09/14/ 01:02:53 AM) [Round: 0299] ...updated weights of 10 clients are successfully averaged!
[INFO](2026/09/14/ 01:02:54 AM) [Round: 0299] Evaluate global model's performance...!                
	[Server] ...finished evaluation!                
	=> Loss: 0.6275                
	=> Accuracy: 79.29%

[INFO](2026/09/14/ 01:02:55 AM) [Round: 0300] Select clients...!
[INFO](2026/09/14/ 01:02:55 AM) [Round: 0300] ...successfully transmitted models to 10 selected clients!
[INFO](2026/09/14/ 01:02:55 AM) [Round: 0300] Start updating selected 10 clients...!
[INFO](2026/09/14/ 01:03:31 AM) [Round: 0300] ...10 clients are selected and updated (with total sample size: 48)!
[INFO](2026/09/14/ 01:03:31 AM) [Round: 0300] Aggregate updated weights of 10 clients...!
[INFO](2026/09/14/ 01:03:31 AM) [Round: 0300] ...updated weights of 10 clients are successfully averaged!
[INFO](2026/09/14/ 01:03:32 AM) [Round: 0300] Evaluate global model's performance...!                
	[Server] ...finished evaluation!                
	=> Loss: 0.6397                
	=> Accuracy: 80.48%

[INFO](2026/09/14/ 01:03:32 AM) [Round: 0301] Select clients...!
[INFO](2026/09/14/ 01:03:32 AM) [Round: 0301] ...successfully transmitted models to 10 selected clients!
[INFO](2026/09/14/ 01:03:32 AM) [Round: 0301] Start updating selected 10 clients...!
[INFO](2026/09/14/ 01:04:03 AM) [Round: 0301] ...10 clients are selected and updated (with total sample size: 45)!
[INFO](2026/09/14/ 01:04:03 AM) [Round: 0301] Aggregate updated weights of 10 clients...!
[INFO](2026/09/14/ 01:04:03 AM) [Round: 0301] ...updated weights of 10 clients are successfully averaged!
[INFO](2026/09/14/ 01:04:05 AM) [Round: 0301] Evaluate global model's performance...!                
	[Server] ...finished evaluation!                
	=> Loss: 0.6164                
	=> Accuracy: 80.48%

[INFO](2026/09/14/ 01:04:05 AM) [Round: 0302] Select clients...!
[INFO](2026/09/14/ 01:04:05 AM) [Round: 0302] ...successfully transmitted models to 10 selected clients!
[INFO](2026/09/14/ 01:04:05 AM) [Round: 0302] Start updating selected 10 clients...!
[INFO](2026/09/14/ 01:04:36 AM) [Round: 0302] ...10 clients are selected and updated (with total sample size: 48)!
[INFO](2026/09/14/ 01:04:36 AM) [Round: 0302] Aggregate updated weights of 10 clients...!
[INFO](2026/09/14/ 01:04:36 AM) [Round: 0302] ...updated weights of 10 clients are successfully averaged!
[INFO](2026/09/14/ 01:04:38 AM) [Round: 0302] Evaluate global model's performance...!                
	[Server] ...finished evaluation!                
	=> Loss: 0.5895                
	=> Accuracy: 82.62%

[INFO](2026/09/14/ 01:04:38 AM) [Round: 0303] Select clients...!
[INFO](2026/09/14/ 01:04:38 AM) [Round: 0303] ...successfully transmitted models to 10 selected clients!
[INFO](2026/09/14/ 01:04:38 AM) [Round: 0303] Start updating selected 10 clients...!
[INFO](2026/09/14/ 01:05:09 AM) [Round: 0303] ...10 clients are selected and updated (with total sample size: 48)!
[INFO](2026/09/14/ 01:05:09 AM) [Round: 0303] Aggregate updated weights of 10 clients...!
[INFO](2026/09/14/ 01:05:09 AM) [Round: 0303] ...updated weights of 10 clients are successfully averaged!
[INFO](2026/09/14/ 01:05:11 AM) [Round: 0303] Evaluate global model's performance...!                
	[Server] ...finished evaluation!                
	=> Loss: 0.6046                
	=> Accuracy: 80.00%

[INFO](2026/09/14/ 01:05:11 AM) [Round: 0304] Select clients...!
[INFO](2026/09/14/ 01:05:11 AM) [Round: 0304] ...successfully transmitted models to 10 selected clients!
[INFO](2026/09/14/ 01:05:11 AM) [Round: 0304] Start updating selected 10 clients...!
[INFO](2026/09/14/ 01:05:39 AM) [Round: 0304] ...10 clients are selected and updated (with total sample size: 60)!
[INFO](2026/09/14/ 01:05:39 AM) [Round: 0304] Aggregate updated weights of 10 clients...!
[INFO](2026/09/14/ 01:05:39 AM) [Round: 0304] ...updated weights of 10 clients are successfully averaged!
[INFO](2026/09/14/ 01:05:41 AM) [Round: 0304] Evaluate global model's performance...!                
	[Server] ...finished evaluation!                
	=> Loss: 0.6342                
	=> Accuracy: 80.48%

[INFO](2026/09/14/ 01:05:41 AM) [Round: 0305] Select clients...!
[INFO](2026/09/14/ 01:05:41 AM) [Round: 0305] ...successfully transmitted models to 10 selected clients!
[INFO](2026/09/14/ 01:05:42 AM) [Round: 0305] Start updating selected 10 clients...!
[INFO](2026/09/14/ 01:06:12 AM) [Round: 0305] ...10 clients are selected and updated (with total sample size: 27)!
[INFO](2026/09/14/ 01:06:12 AM) [Round: 0305] Aggregate updated weights of 10 clients...!
[INFO](2026/09/14/ 01:06:12 AM) [Round: 0305] ...updated weights of 10 clients are successfully averaged!
[INFO](2026/09/14/ 01:06:13 AM) [Round: 0305] Evaluate global model's performance...!                
	[Server] ...finished evaluation!                
	=> Loss: 0.5863                
	=> Accuracy: 81.67%

[INFO](2026/09/14/ 01:06:13 AM) [Round: 0306] Select clients...!
[INFO](2026/09/14/ 01:06:14 AM) [Round: 0306] ...successfully transmitted models to 10 selected clients!
[INFO](2026/09/14/ 01:06:14 AM) [Round: 0306] Start updating selected 10 clients...!
[INFO](2026/09/14/ 01:06:43 AM) [Round: 0306] ...10 clients are selected and updated (with total sample size: 44)!
[INFO](2026/09/14/ 01:06:43 AM) [Round: 0306] Aggregate updated weights of 10 clients...!
[INFO](2026/09/14/ 01:06:43 AM) [Round: 0306] ...updated weights of 10 clients are successfully averaged!
[INFO](2026/09/14/ 01:06:44 AM) [Round: 0306] Evaluate global model's performance...!                
	[Server] ...finished evaluation!                
	=> Loss: 0.6305                
	=> Accuracy: 79.05%

[INFO](2026/09/14/ 01:06:44 AM) [Round: 0307] Select clients...!
[INFO](2026/09/14/ 01:06:45 AM) [Round: 0307] ...successfully transmitted models to 10 selected clients!
[INFO](2026/09/14/ 01:06:45 AM) [Round: 0307] Start updating selected 10 clients...!
[INFO](2026/09/14/ 01:07:21 AM) [Round: 0307] ...10 clients are selected and updated (with total sample size: 55)!
[INFO](2026/09/14/ 01:07:21 AM) [Round: 0307] Aggregate updated weights of 10 clients...!
[INFO](2026/09/14/ 01:07:22 AM) [Round: 0307] ...updated weights of 10 clients are successfully averaged!
[INFO](2026/09/14/ 01:07:23 AM) [Round: 0307] Evaluate global model's performance...!                
	[Server] ...finished evaluation!                
	=> Loss: 0.6439                
	=> Accuracy: 81.19%

[INFO](2026/09/14/ 01:07:23 AM) [Round: 0308] Select clients...!
[INFO](2026/09/14/ 01:07:23 AM) [Round: 0308] ...successfully transmitted models to 10 selected clients!
[INFO](2026/09/14/ 01:07:24 AM) [Round: 0308] Start updating selected 10 clients...!
[INFO](2026/09/14/ 01:07:50 AM) [Round: 0308] ...10 clients are selected and updated (with total sample size: 18)!
[INFO](2026/09/14/ 01:07:50 AM) [Round: 0308] Aggregate updated weights of 10 clients...!
[INFO](2026/09/14/ 01:07:50 AM) [Round: 0308] ...updated weights of 10 clients are successfully averaged!
[INFO](2026/09/14/ 01:07:51 AM) [Round: 0308] Evaluate global model's performance...!                
	[Server] ...finished evaluation!                
	=> Loss: 0.5696                
	=> Accuracy: 83.81%

[INFO](2026/09/14/ 01:07:51 AM) [Round: 0309] Select clients...!
[INFO](2026/09/14/ 01:07:51 AM) [Round: 0309] ...successfully transmitted models to 10 selected clients!
[INFO](2026/09/14/ 01:07:52 AM) [Round: 0309] Start updating selected 10 clients...!
[INFO](2026/09/14/ 01:08:21 AM) [Round: 0309] ...10 clients are selected and updated (with total sample size: 27)!
[INFO](2026/09/14/ 01:08:21 AM) [Round: 0309] Aggregate updated weights of 10 clients...!
[INFO](2026/09/14/ 01:08:21 AM) [Round: 0309] ...updated weights of 10 clients are successfully averaged!
[INFO](2026/09/14/ 01:08:22 AM) [Round: 0309] Evaluate global model's performance...!                
	[Server] ...finished evaluation!                
	=> Loss: 0.5697                
	=> Accuracy: 84.29%

[INFO](2026/09/14/ 01:08:22 AM) [Round: 0310] Select clients...!
[INFO](2026/09/14/ 01:08:23 AM) [Round: 0310] ...successfully transmitted models to 10 selected clients!
[INFO](2026/09/14/ 01:08:23 AM) [Round: 0310] Start updating selected 10 clients...!
[INFO](2026/09/14/ 01:08:50 AM) [Round: 0310] ...10 clients are selected and updated (with total sample size: 27)!
[INFO](2026/09/14/ 01:08:50 AM) [Round: 0310] Aggregate updated weights of 10 clients...!
[INFO](2026/09/14/ 01:08:50 AM) [Round: 0310] ...updated weights of 10 clients are successfully averaged!
[INFO](2026/09/14/ 01:08:52 AM) [Round: 0310] Evaluate global model's performance...!                
	[Server] ...finished evaluation!                
	=> Loss: 0.5947                
	=> Accuracy: 81.67%

[INFO](2026/09/14/ 01:08:52 AM) [Round: 0311] Select clients...!
[INFO](2026/09/14/ 01:08:52 AM) [Round: 0311] ...successfully transmitted models to 10 selected clients!
[INFO](2026/09/14/ 01:08:52 AM) [Round: 0311] Start updating selected 10 clients...!
[INFO](2026/09/14/ 01:09:28 AM) [Round: 0311] ...10 clients are selected and updated (with total sample size: 18)!
[INFO](2026/09/14/ 01:09:28 AM) [Round: 0311] Aggregate updated weights of 10 clients...!
[INFO](2026/09/14/ 01:09:28 AM) [Round: 0311] ...updated weights of 10 clients are successfully averaged!
[INFO](2026/09/14/ 01:09:29 AM) [Round: 0311] Evaluate global model's performance...!                
	[Server] ...finished evaluation!                
	=> Loss: 0.6638                
	=> Accuracy: 80.95%

[INFO](2026/09/14/ 01:09:29 AM) [Round: 0312] Select clients...!
[INFO](2026/09/14/ 01:09:30 AM) [Round: 0312] ...successfully transmitted models to 10 selected clients!
[INFO](2026/09/14/ 01:09:30 AM) [Round: 0312] Start updating selected 10 clients...!
[INFO](2026/09/14/ 01:09:54 AM) [Round: 0312] ...10 clients are selected and updated (with total sample size: 48)!
[INFO](2026/09/14/ 01:09:54 AM) [Round: 0312] Aggregate updated weights of 10 clients...!
[INFO](2026/09/14/ 01:09:54 AM) [Round: 0312] ...updated weights of 10 clients are successfully averaged!
[INFO](2026/09/14/ 01:09:55 AM) [Round: 0312] Evaluate global model's performance...!                
	[Server] ...finished evaluation!                
	=> Loss: 0.6212                
	=> Accuracy: 80.95%

[INFO](2026/09/14/ 01:09:55 AM) [Round: 0313] Select clients...!
[INFO](2026/09/14/ 01:09:55 AM) [Round: 0313] ...successfully transmitted models to 10 selected clients!
[INFO](2026/09/14/ 01:09:55 AM) [Round: 0313] Start updating selected 10 clients...!
[INFO](2026/09/14/ 01:10:28 AM) [Round: 0313] ...10 clients are selected and updated (with total sample size: 48)!
[INFO](2026/09/14/ 01:10:28 AM) [Round: 0313] Aggregate updated weights of 10 clients...!
[INFO](2026/09/14/ 01:10:28 AM) [Round: 0313] ...updated weights of 10 clients are successfully averaged!
[INFO](2026/09/14/ 01:10:29 AM) [Round: 0313] Evaluate global model's performance...!                
	[Server] ...finished evaluation!                
	=> Loss: 0.5687                
	=> Accuracy: 83.10%

[INFO](2026/09/14/ 01:10:29 AM) [Round: 0314] Select clients...!
[INFO](2026/09/14/ 01:10:30 AM) [Round: 0314] ...successfully transmitted models to 10 selected clients!
[INFO](2026/09/14/ 01:10:30 AM) [Round: 0314] Start updating selected 10 clients...!
[INFO](2026/09/14/ 01:11:00 AM) [Round: 0314] ...10 clients are selected and updated (with total sample size: 60)!
[INFO](2026/09/14/ 01:11:00 AM) [Round: 0314] Aggregate updated weights of 10 clients...!
[INFO](2026/09/14/ 01:11:00 AM) [Round: 0314] ...updated weights of 10 clients are successfully averaged!
[INFO](2026/09/14/ 01:11:02 AM) [Round: 0314] Evaluate global model's performance...!                
	[Server] ...finished evaluation!                
	=> Loss: 0.6025                
	=> Accuracy: 81.43%

[INFO](2026/09/14/ 01:11:02 AM) [Round: 0315] Select clients...!
[INFO](2026/09/14/ 01:11:02 AM) [Round: 0315] ...successfully transmitted models to 10 selected clients!
[INFO](2026/09/14/ 01:11:02 AM) [Round: 0315] Start updating selected 10 clients...!
[INFO](2026/09/14/ 01:11:35 AM) [Round: 0315] ...10 clients are selected and updated (with total sample size: 18)!
[INFO](2026/09/14/ 01:11:35 AM) [Round: 0315] Aggregate updated weights of 10 clients...!
[INFO](2026/09/14/ 01:11:35 AM) [Round: 0315] ...updated weights of 10 clients are successfully averaged!
[INFO](2026/09/14/ 01:11:36 AM) [Round: 0315] Evaluate global model's performance...!                
	[Server] ...finished evaluation!                
	=> Loss: 0.5995                
	=> Accuracy: 81.90%

[INFO](2026/09/14/ 01:11:36 AM) [Round: 0316] Select clients...!
[INFO](2026/09/14/ 01:11:36 AM) [Round: 0316] ...successfully transmitted models to 10 selected clients!
[INFO](2026/09/14/ 01:11:37 AM) [Round: 0316] Start updating selected 10 clients...!
[INFO](2026/09/14/ 01:12:06 AM) [Round: 0316] ...10 clients are selected and updated (with total sample size: 27)!
[INFO](2026/09/14/ 01:12:07 AM) [Round: 0316] Aggregate updated weights of 10 clients...!
[INFO](2026/09/14/ 01:12:07 AM) [Round: 0316] ...updated weights of 10 clients are successfully averaged!
[INFO](2026/09/14/ 01:12:08 AM) [Round: 0316] Evaluate global model's performance...!                
	[Server] ...finished evaluation!                
	=> Loss: 0.6007                
	=> Accuracy: 83.10%

[INFO](2026/09/14/ 01:12:08 AM) [Round: 0317] Select clients...!
[INFO](2026/09/14/ 01:12:09 AM) [Round: 0317] ...successfully transmitted models to 10 selected clients!
[INFO](2026/09/14/ 01:12:09 AM) [Round: 0317] Start updating selected 10 clients...!
[INFO](2026/09/14/ 01:12:49 AM) [Round: 0317] ...10 clients are selected and updated (with total sample size: 55)!
[INFO](2026/09/14/ 01:12:49 AM) [Round: 0317] Aggregate updated weights of 10 clients...!
[INFO](2026/09/14/ 01:12:50 AM) [Round: 0317] ...updated weights of 10 clients are successfully averaged!
[INFO](2026/09/14/ 01:12:51 AM) [Round: 0317] Evaluate global model's performance...!                
	[Server] ...finished evaluation!                
	=> Loss: 0.6267                
	=> Accuracy: 79.29%

[INFO](2026/09/14/ 01:12:51 AM) [Round: 0318] Select clients...!
[INFO](2026/09/14/ 01:12:51 AM) [Round: 0318] ...successfully transmitted models to 10 selected clients!
[INFO](2026/09/14/ 01:12:51 AM) [Round: 0318] Start updating selected 10 clients...!
[INFO](2026/09/14/ 01:13:36 AM) [Round: 0318] ...10 clients are selected and updated (with total sample size: 60)!
[INFO](2026/09/14/ 01:13:36 AM) [Round: 0318] Aggregate updated weights of 10 clients...!
[INFO](2026/09/14/ 01:13:36 AM) [Round: 0318] ...updated weights of 10 clients are successfully averaged!
[INFO](2026/09/14/ 01:13:38 AM) [Round: 0318] Evaluate global model's performance...!                
	[Server] ...finished evaluation!                
	=> Loss: 0.6206                
	=> Accuracy: 79.29%

[INFO](2026/09/14/ 01:13:38 AM) [Round: 0319] Select clients...!
[INFO](2026/09/14/ 01:13:38 AM) [Round: 0319] ...successfully transmitted models to 10 selected clients!
[INFO](2026/09/14/ 01:13:38 AM) [Round: 0319] Start updating selected 10 clients...!
[INFO](2026/09/14/ 01:14:09 AM) [Round: 0319] ...10 clients are selected and updated (with total sample size: 55)!
[INFO](2026/09/14/ 01:14:09 AM) [Round: 0319] Aggregate updated weights of 10 clients...!
[INFO](2026/09/14/ 01:14:09 AM) [Round: 0319] ...updated weights of 10 clients are successfully averaged!
[INFO](2026/09/14/ 01:14:10 AM) [Round: 0319] Evaluate global model's performance...!                
	[Server] ...finished evaluation!                
	=> Loss: 0.6153                
	=> Accuracy: 80.48%

[INFO](2026/09/14/ 01:14:10 AM) [Round: 0320] Select clients...!
[INFO](2026/09/14/ 01:14:10 AM) [Round: 0320] ...successfully transmitted models to 10 selected clients!
[INFO](2026/09/14/ 01:14:10 AM) [Round: 0320] Start updating selected 10 clients...!
[INFO](2026/09/14/ 01:14:44 AM) [Round: 0320] ...10 clients are selected and updated (with total sample size: 60)!
[INFO](2026/09/14/ 01:14:44 AM) [Round: 0320] Aggregate updated weights of 10 clients...!
[INFO](2026/09/14/ 01:14:44 AM) [Round: 0320] ...updated weights of 10 clients are successfully averaged!
[INFO](2026/09/14/ 01:14:45 AM) [Round: 0320] Evaluate global model's performance...!                
	[Server] ...finished evaluation!                
	=> Loss: 0.5629                
	=> Accuracy: 83.10%

[INFO](2026/09/14/ 01:14:45 AM) [Round: 0321] Select clients...!
[INFO](2026/09/14/ 01:14:45 AM) [Round: 0321] ...successfully transmitted models to 10 selected clients!
[INFO](2026/09/14/ 01:14:45 AM) [Round: 0321] Start updating selected 10 clients...!
[INFO](2026/09/14/ 01:15:23 AM) [Round: 0321] ...10 clients are selected and updated (with total sample size: 18)!
[INFO](2026/09/14/ 01:15:24 AM) [Round: 0321] Aggregate updated weights of 10 clients...!
[INFO](2026/09/14/ 01:15:24 AM) [Round: 0321] ...updated weights of 10 clients are successfully averaged!
[INFO](2026/09/14/ 01:15:25 AM) [Round: 0321] Evaluate global model's performance...!                
	[Server] ...finished evaluation!                
	=> Loss: 0.5935                
	=> Accuracy: 79.76%

[INFO](2026/09/14/ 01:15:25 AM) [Round: 0322] Select clients...!
[INFO](2026/09/14/ 01:15:25 AM) [Round: 0322] ...successfully transmitted models to 10 selected clients!
[INFO](2026/09/14/ 01:15:25 AM) [Round: 0322] Start updating selected 10 clients...!
[INFO](2026/09/14/ 01:16:03 AM) [Round: 0322] ...10 clients are selected and updated (with total sample size: 42)!
[INFO](2026/09/14/ 01:16:03 AM) [Round: 0322] Aggregate updated weights of 10 clients...!
[INFO](2026/09/14/ 01:16:03 AM) [Round: 0322] ...updated weights of 10 clients are successfully averaged!
[INFO](2026/09/14/ 01:16:04 AM) [Round: 0322] Evaluate global model's performance...!                
	[Server] ...finished evaluation!                
	=> Loss: 0.5881                
	=> Accuracy: 82.62%

[INFO](2026/09/14/ 01:16:05 AM) [Round: 0323] Select clients...!
[INFO](2026/09/14/ 01:16:05 AM) [Round: 0323] ...successfully transmitted models to 10 selected clients!
[INFO](2026/09/14/ 01:16:05 AM) [Round: 0323] Start updating selected 10 clients...!
[INFO](2026/09/14/ 01:16:33 AM) [Round: 0323] ...10 clients are selected and updated (with total sample size: 48)!
[INFO](2026/09/14/ 01:16:33 AM) [Round: 0323] Aggregate updated weights of 10 clients...!
[INFO](2026/09/14/ 01:16:33 AM) [Round: 0323] ...updated weights of 10 clients are successfully averaged!
[INFO](2026/09/14/ 01:16:35 AM) [Round: 0323] Evaluate global model's performance...!                
	[Server] ...finished evaluation!                
	=> Loss: 0.5489                
	=> Accuracy: 82.38%

[INFO](2026/09/14/ 01:16:35 AM) [Round: 0324] Select clients...!
[INFO](2026/09/14/ 01:16:35 AM) [Round: 0324] ...successfully transmitted models to 10 selected clients!
[INFO](2026/09/14/ 01:16:35 AM) [Round: 0324] Start updating selected 10 clients...!
[INFO](2026/09/14/ 01:16:57 AM) [Round: 0324] ...10 clients are selected and updated (with total sample size: 27)!
[INFO](2026/09/14/ 01:16:57 AM) [Round: 0324] Aggregate updated weights of 10 clients...!
[INFO](2026/09/14/ 01:16:58 AM) [Round: 0324] ...updated weights of 10 clients are successfully averaged!
[INFO](2026/09/14/ 01:16:59 AM) [Round: 0324] Evaluate global model's performance...!                
	[Server] ...finished evaluation!                
	=> Loss: 0.5350                
	=> Accuracy: 83.33%

[INFO](2026/09/14/ 01:16:59 AM) [Round: 0325] Select clients...!
[INFO](2026/09/14/ 01:16:59 AM) [Round: 0325] ...successfully transmitted models to 10 selected clients!
[INFO](2026/09/14/ 01:16:59 AM) [Round: 0325] Start updating selected 10 clients...!
[INFO](2026/09/14/ 01:17:37 AM) [Round: 0325] ...10 clients are selected and updated (with total sample size: 18)!
[INFO](2026/09/14/ 01:17:37 AM) [Round: 0325] Aggregate updated weights of 10 clients...!
[INFO](2026/09/14/ 01:17:37 AM) [Round: 0325] ...updated weights of 10 clients are successfully averaged!
[INFO](2026/09/14/ 01:17:38 AM) [Round: 0325] Evaluate global model's performance...!                
	[Server] ...finished evaluation!                
	=> Loss: 0.6087                
	=> Accuracy: 80.00%

[INFO](2026/09/14/ 01:17:38 AM) [Round: 0326] Select clients...!
[INFO](2026/09/14/ 01:17:39 AM) [Round: 0326] ...successfully transmitted models to 10 selected clients!
[INFO](2026/09/14/ 01:17:39 AM) [Round: 0326] Start updating selected 10 clients...!
[INFO](2026/09/14/ 01:18:07 AM) [Round: 0326] ...10 clients are selected and updated (with total sample size: 44)!
[INFO](2026/09/14/ 01:18:07 AM) [Round: 0326] Aggregate updated weights of 10 clients...!
[INFO](2026/09/14/ 01:18:07 AM) [Round: 0326] ...updated weights of 10 clients are successfully averaged!
[INFO](2026/09/14/ 01:18:09 AM) [Round: 0326] Evaluate global model's performance...!                
	[Server] ...finished evaluation!                
	=> Loss: 0.6114                
	=> Accuracy: 79.29%

[INFO](2026/09/14/ 01:18:09 AM) [Round: 0327] Select clients...!
[INFO](2026/09/14/ 01:18:09 AM) [Round: 0327] ...successfully transmitted models to 10 selected clients!
[INFO](2026/09/14/ 01:18:09 AM) [Round: 0327] Start updating selected 10 clients...!
[INFO](2026/09/14/ 01:18:41 AM) [Round: 0327] ...10 clients are selected and updated (with total sample size: 44)!
[INFO](2026/09/14/ 01:18:41 AM) [Round: 0327] Aggregate updated weights of 10 clients...!
[INFO](2026/09/14/ 01:18:41 AM) [Round: 0327] ...updated weights of 10 clients are successfully averaged!
[INFO](2026/09/14/ 01:18:42 AM) [Round: 0327] Evaluate global model's performance...!                
	[Server] ...finished evaluation!                
	=> Loss: 0.5435                
	=> Accuracy: 84.29%

[INFO](2026/09/14/ 01:18:42 AM) [Round: 0328] Select clients...!
[INFO](2026/09/14/ 01:18:43 AM) [Round: 0328] ...successfully transmitted models to 10 selected clients!
[INFO](2026/09/14/ 01:18:43 AM) [Round: 0328] Start updating selected 10 clients...!
[INFO](2026/09/14/ 01:19:18 AM) [Round: 0328] ...10 clients are selected and updated (with total sample size: 42)!
[INFO](2026/09/14/ 01:19:18 AM) [Round: 0328] Aggregate updated weights of 10 clients...!
[INFO](2026/09/14/ 01:19:18 AM) [Round: 0328] ...updated weights of 10 clients are successfully averaged!
[INFO](2026/09/14/ 01:19:19 AM) [Round: 0328] Evaluate global model's performance...!                
	[Server] ...finished evaluation!                
	=> Loss: 0.6236                
	=> Accuracy: 79.52%

[INFO](2026/09/14/ 01:19:19 AM) [Round: 0329] Select clients...!
[INFO](2026/09/14/ 01:19:19 AM) [Round: 0329] ...successfully transmitted models to 10 selected clients!
[INFO](2026/09/14/ 01:19:20 AM) [Round: 0329] Start updating selected 10 clients...!
[INFO](2026/09/14/ 01:19:56 AM) [Round: 0329] ...10 clients are selected and updated (with total sample size: 42)!
[INFO](2026/09/14/ 01:19:56 AM) [Round: 0329] Aggregate updated weights of 10 clients...!
[INFO](2026/09/14/ 01:19:56 AM) [Round: 0329] ...updated weights of 10 clients are successfully averaged!
[INFO](2026/09/14/ 01:19:57 AM) [Round: 0329] Evaluate global model's performance...!                
	[Server] ...finished evaluation!                
	=> Loss: 0.5830                
	=> Accuracy: 79.76%

[INFO](2026/09/14/ 01:19:57 AM) [Round: 0330] Select clients...!
[INFO](2026/09/14/ 01:19:57 AM) [Round: 0330] ...successfully transmitted models to 10 selected clients!
[INFO](2026/09/14/ 01:19:57 AM) [Round: 0330] Start updating selected 10 clients...!
[INFO](2026/09/14/ 01:20:22 AM) [Round: 0330] ...10 clients are selected and updated (with total sample size: 18)!
[INFO](2026/09/14/ 01:20:23 AM) [Round: 0330] Aggregate updated weights of 10 clients...!
[INFO](2026/09/14/ 01:20:23 AM) [Round: 0330] ...updated weights of 10 clients are successfully averaged!
[INFO](2026/09/14/ 01:20:24 AM) [Round: 0330] Evaluate global model's performance...!                
	[Server] ...finished evaluation!                
	=> Loss: 0.5511                
	=> Accuracy: 82.86%

[INFO](2026/09/14/ 01:20:24 AM) [Round: 0331] Select clients...!
[INFO](2026/09/14/ 01:20:24 AM) [Round: 0331] ...successfully transmitted models to 10 selected clients!
[INFO](2026/09/14/ 01:20:25 AM) [Round: 0331] Start updating selected 10 clients...!
[INFO](2026/09/14/ 01:21:04 AM) [Round: 0331] ...10 clients are selected and updated (with total sample size: 44)!
[INFO](2026/09/14/ 01:21:04 AM) [Round: 0331] Aggregate updated weights of 10 clients...!
[INFO](2026/09/14/ 01:21:04 AM) [Round: 0331] ...updated weights of 10 clients are successfully averaged!
[INFO](2026/09/14/ 01:21:05 AM) [Round: 0331] Evaluate global model's performance...!                
	[Server] ...finished evaluation!                
	=> Loss: 0.5758                
	=> Accuracy: 82.14%

[INFO](2026/09/14/ 01:21:05 AM) [Round: 0332] Select clients...!
[INFO](2026/09/14/ 01:21:06 AM) [Round: 0332] ...successfully transmitted models to 10 selected clients!
[INFO](2026/09/14/ 01:21:06 AM) [Round: 0332] Start updating selected 10 clients...!
[INFO](2026/09/14/ 01:21:45 AM) [Round: 0332] ...10 clients are selected and updated (with total sample size: 48)!
[INFO](2026/09/14/ 01:21:45 AM) [Round: 0332] Aggregate updated weights of 10 clients...!
[INFO](2026/09/14/ 01:21:45 AM) [Round: 0332] ...updated weights of 10 clients are successfully averaged!
[INFO](2026/09/14/ 01:21:46 AM) [Round: 0332] Evaluate global model's performance...!                
	[Server] ...finished evaluation!                
	=> Loss: 0.5679                
	=> Accuracy: 84.05%

[INFO](2026/09/14/ 01:21:46 AM) [Round: 0333] Select clients...!
[INFO](2026/09/14/ 01:21:47 AM) [Round: 0333] ...successfully transmitted models to 10 selected clients!
[INFO](2026/09/14/ 01:21:47 AM) [Round: 0333] Start updating selected 10 clients...!
[INFO](2026/09/14/ 01:22:17 AM) [Round: 0333] ...10 clients are selected and updated (with total sample size: 55)!
[INFO](2026/09/14/ 01:22:17 AM) [Round: 0333] Aggregate updated weights of 10 clients...!
[INFO](2026/09/14/ 01:22:17 AM) [Round: 0333] ...updated weights of 10 clients are successfully averaged!
[INFO](2026/09/14/ 01:22:18 AM) [Round: 0333] Evaluate global model's performance...!                
	[Server] ...finished evaluation!                
	=> Loss: 0.5466                
	=> Accuracy: 83.81%

[INFO](2026/09/14/ 01:22:19 AM) [Round: 0334] Select clients...!
[INFO](2026/09/14/ 01:22:19 AM) [Round: 0334] ...successfully transmitted models to 10 selected clients!
[INFO](2026/09/14/ 01:22:19 AM) [Round: 0334] Start updating selected 10 clients...!
[INFO](2026/09/14/ 01:22:47 AM) [Round: 0334] ...10 clients are selected and updated (with total sample size: 48)!
[INFO](2026/09/14/ 01:22:47 AM) [Round: 0334] Aggregate updated weights of 10 clients...!
[INFO](2026/09/14/ 01:22:47 AM) [Round: 0334] ...updated weights of 10 clients are successfully averaged!
[INFO](2026/09/14/ 01:22:48 AM) [Round: 0334] Evaluate global model's performance...!                
	[Server] ...finished evaluation!                
	=> Loss: 0.5566                
	=> Accuracy: 82.86%

[INFO](2026/09/14/ 01:22:48 AM) [Round: 0335] Select clients...!
[INFO](2026/09/14/ 01:22:49 AM) [Round: 0335] ...successfully transmitted models to 10 selected clients!
[INFO](2026/09/14/ 01:22:49 AM) [Round: 0335] Start updating selected 10 clients...!
[INFO](2026/09/14/ 01:23:24 AM) [Round: 0335] ...10 clients are selected and updated (with total sample size: 18)!
[INFO](2026/09/14/ 01:23:24 AM) [Round: 0335] Aggregate updated weights of 10 clients...!
[INFO](2026/09/14/ 01:23:24 AM) [Round: 0335] ...updated weights of 10 clients are successfully averaged!
[INFO](2026/09/14/ 01:23:26 AM) [Round: 0335] Evaluate global model's performance...!                
	[Server] ...finished evaluation!                
	=> Loss: 0.5450                
	=> Accuracy: 82.86%

[INFO](2026/09/14/ 01:23:26 AM) [Round: 0336] Select clients...!
[INFO](2026/09/14/ 01:23:26 AM) [Round: 0336] ...successfully transmitted models to 10 selected clients!
[INFO](2026/09/14/ 01:23:26 AM) [Round: 0336] Start updating selected 10 clients...!
[INFO](2026/09/14/ 01:24:05 AM) [Round: 0336] ...10 clients are selected and updated (with total sample size: 27)!
[INFO](2026/09/14/ 01:24:05 AM) [Round: 0336] Aggregate updated weights of 10 clients...!
[INFO](2026/09/14/ 01:24:05 AM) [Round: 0336] ...updated weights of 10 clients are successfully averaged!
[INFO](2026/09/14/ 01:24:06 AM) [Round: 0336] Evaluate global model's performance...!                
	[Server] ...finished evaluation!                
	=> Loss: 0.5476                
	=> Accuracy: 83.57%

[INFO](2026/09/14/ 01:24:07 AM) [Round: 0337] Select clients...!
[INFO](2026/09/14/ 01:24:07 AM) [Round: 0337] ...successfully transmitted models to 10 selected clients!
[INFO](2026/09/14/ 01:24:07 AM) [Round: 0337] Start updating selected 10 clients...!
[INFO](2026/09/14/ 01:24:51 AM) [Round: 0337] ...10 clients are selected and updated (with total sample size: 60)!
[INFO](2026/09/14/ 01:24:51 AM) [Round: 0337] Aggregate updated weights of 10 clients...!
[INFO](2026/09/14/ 01:24:51 AM) [Round: 0337] ...updated weights of 10 clients are successfully averaged!
[INFO](2026/09/14/ 01:24:52 AM) [Round: 0337] Evaluate global model's performance...!                
	[Server] ...finished evaluation!                
	=> Loss: 0.5966                
	=> Accuracy: 80.48%

[INFO](2026/09/14/ 01:24:52 AM) [Round: 0338] Select clients...!
[INFO](2026/09/14/ 01:24:53 AM) [Round: 0338] ...successfully transmitted models to 10 selected clients!
[INFO](2026/09/14/ 01:24:53 AM) [Round: 0338] Start updating selected 10 clients...!
[INFO](2026/09/14/ 01:25:27 AM) [Round: 0338] ...10 clients are selected and updated (with total sample size: 55)!
[INFO](2026/09/14/ 01:25:27 AM) [Round: 0338] Aggregate updated weights of 10 clients...!
[INFO](2026/09/14/ 01:25:28 AM) [Round: 0338] ...updated weights of 10 clients are successfully averaged!
[INFO](2026/09/14/ 01:25:29 AM) [Round: 0338] Evaluate global model's performance...!                
	[Server] ...finished evaluation!                
	=> Loss: 0.5840                
	=> Accuracy: 81.90%

[INFO](2026/09/14/ 01:25:29 AM) [Round: 0339] Select clients...!
[INFO](2026/09/14/ 01:25:30 AM) [Round: 0339] ...successfully transmitted models to 10 selected clients!
[INFO](2026/09/14/ 01:25:30 AM) [Round: 0339] Start updating selected 10 clients...!
[INFO](2026/09/14/ 01:26:10 AM) [Round: 0339] ...10 clients are selected and updated (with total sample size: 48)!
[INFO](2026/09/14/ 01:26:10 AM) [Round: 0339] Aggregate updated weights of 10 clients...!
[INFO](2026/09/14/ 01:26:10 AM) [Round: 0339] ...updated weights of 10 clients are successfully averaged!
[INFO](2026/09/14/ 01:26:11 AM) [Round: 0339] Evaluate global model's performance...!                
	[Server] ...finished evaluation!                
	=> Loss: 0.5566                
	=> Accuracy: 82.62%

[INFO](2026/09/14/ 01:26:11 AM) [Round: 0340] Select clients...!
[INFO](2026/09/14/ 01:26:12 AM) [Round: 0340] ...successfully transmitted models to 10 selected clients!
[INFO](2026/09/14/ 01:26:12 AM) [Round: 0340] Start updating selected 10 clients...!
[INFO](2026/09/14/ 01:26:46 AM) [Round: 0340] ...10 clients are selected and updated (with total sample size: 27)!
[INFO](2026/09/14/ 01:26:46 AM) [Round: 0340] Aggregate updated weights of 10 clients...!
[INFO](2026/09/14/ 01:26:46 AM) [Round: 0340] ...updated weights of 10 clients are successfully averaged!
[INFO](2026/09/14/ 01:26:47 AM) [Round: 0340] Evaluate global model's performance...!                
	[Server] ...finished evaluation!                
	=> Loss: 0.5402                
	=> Accuracy: 83.81%

[INFO](2026/09/14/ 01:26:47 AM) [Round: 0341] Select clients...!
[INFO](2026/09/14/ 01:26:48 AM) [Round: 0341] ...successfully transmitted models to 10 selected clients!
[INFO](2026/09/14/ 01:26:48 AM) [Round: 0341] Start updating selected 10 clients...!
[INFO](2026/09/14/ 01:27:20 AM) [Round: 0341] ...10 clients are selected and updated (with total sample size: 18)!
[INFO](2026/09/14/ 01:27:20 AM) [Round: 0341] Aggregate updated weights of 10 clients...!
[INFO](2026/09/14/ 01:27:20 AM) [Round: 0341] ...updated weights of 10 clients are successfully averaged!
[INFO](2026/09/14/ 01:27:21 AM) [Round: 0341] Evaluate global model's performance...!                
	[Server] ...finished evaluation!                
	=> Loss: 0.5658                
	=> Accuracy: 83.57%

[INFO](2026/09/14/ 01:27:22 AM) [Round: 0342] Select clients...!
[INFO](2026/09/14/ 01:27:22 AM) [Round: 0342] ...successfully transmitted models to 10 selected clients!
[INFO](2026/09/14/ 01:27:22 AM) [Round: 0342] Start updating selected 10 clients...!
[INFO](2026/09/14/ 01:27:52 AM) [Round: 0342] ...10 clients are selected and updated (with total sample size: 60)!
[INFO](2026/09/14/ 01:27:52 AM) [Round: 0342] Aggregate updated weights of 10 clients...!
[INFO](2026/09/14/ 01:27:52 AM) [Round: 0342] ...updated weights of 10 clients are successfully averaged!
[INFO](2026/09/14/ 01:27:54 AM) [Round: 0342] Evaluate global model's performance...!                
	[Server] ...finished evaluation!                
	=> Loss: 0.5397                
	=> Accuracy: 84.52%

[INFO](2026/09/14/ 01:27:54 AM) [Round: 0343] Select clients...!
[INFO](2026/09/14/ 01:27:54 AM) [Round: 0343] ...successfully transmitted models to 10 selected clients!
[INFO](2026/09/14/ 01:27:54 AM) [Round: 0343] Start updating selected 10 clients...!
[INFO](2026/09/14/ 01:28:27 AM) [Round: 0343] ...10 clients are selected and updated (with total sample size: 18)!
[INFO](2026/09/14/ 01:28:27 AM) [Round: 0343] Aggregate updated weights of 10 clients...!
[INFO](2026/09/14/ 01:28:27 AM) [Round: 0343] ...updated weights of 10 clients are successfully averaged!
[INFO](2026/09/14/ 01:28:28 AM) [Round: 0343] Evaluate global model's performance...!                
	[Server] ...finished evaluation!                
	=> Loss: 0.5862                
	=> Accuracy: 80.71%

[INFO](2026/09/14/ 01:28:29 AM) [Round: 0344] Select clients...!
[INFO](2026/09/14/ 01:28:29 AM) [Round: 0344] ...successfully transmitted models to 10 selected clients!
[INFO](2026/09/14/ 01:28:29 AM) [Round: 0344] Start updating selected 10 clients...!
[INFO](2026/09/14/ 01:29:11 AM) [Round: 0344] ...10 clients are selected and updated (with total sample size: 42)!
[INFO](2026/09/14/ 01:29:11 AM) [Round: 0344] Aggregate updated weights of 10 clients...!
[INFO](2026/09/14/ 01:29:11 AM) [Round: 0344] ...updated weights of 10 clients are successfully averaged!
[INFO](2026/09/14/ 01:29:12 AM) [Round: 0344] Evaluate global model's performance...!                
	[Server] ...finished evaluation!                
	=> Loss: 0.5593                
	=> Accuracy: 83.10%

[INFO](2026/09/14/ 01:29:12 AM) [Round: 0345] Select clients...!
[INFO](2026/09/14/ 01:29:13 AM) [Round: 0345] ...successfully transmitted models to 10 selected clients!
[INFO](2026/09/14/ 01:29:13 AM) [Round: 0345] Start updating selected 10 clients...!
[INFO](2026/09/14/ 01:29:41 AM) [Round: 0345] ...10 clients are selected and updated (with total sample size: 60)!
[INFO](2026/09/14/ 01:29:42 AM) [Round: 0345] Aggregate updated weights of 10 clients...!
[INFO](2026/09/14/ 01:29:42 AM) [Round: 0345] ...updated weights of 10 clients are successfully averaged!
[INFO](2026/09/14/ 01:29:43 AM) [Round: 0345] Evaluate global model's performance...!                
	[Server] ...finished evaluation!                
	=> Loss: 0.5911                
	=> Accuracy: 80.95%

[INFO](2026/09/14/ 01:29:43 AM) [Round: 0346] Select clients...!
[INFO](2026/09/14/ 01:29:43 AM) [Round: 0346] ...successfully transmitted models to 10 selected clients!
[INFO](2026/09/14/ 01:29:44 AM) [Round: 0346] Start updating selected 10 clients...!
[INFO](2026/09/14/ 01:30:25 AM) [Round: 0346] ...10 clients are selected and updated (with total sample size: 60)!
[INFO](2026/09/14/ 01:30:25 AM) [Round: 0346] Aggregate updated weights of 10 clients...!
[INFO](2026/09/14/ 01:30:26 AM) [Round: 0346] ...updated weights of 10 clients are successfully averaged!
[INFO](2026/09/14/ 01:30:27 AM) [Round: 0346] Evaluate global model's performance...!                
	[Server] ...finished evaluation!                
	=> Loss: 0.5922                
	=> Accuracy: 81.19%

[INFO](2026/09/14/ 01:30:27 AM) [Round: 0347] Select clients...!
[INFO](2026/09/14/ 01:30:27 AM) [Round: 0347] ...successfully transmitted models to 10 selected clients!
[INFO](2026/09/14/ 01:30:27 AM) [Round: 0347] Start updating selected 10 clients...!
[INFO](2026/09/14/ 01:31:02 AM) [Round: 0347] ...10 clients are selected and updated (with total sample size: 48)!
[INFO](2026/09/14/ 01:31:02 AM) [Round: 0347] Aggregate updated weights of 10 clients...!
[INFO](2026/09/14/ 01:31:03 AM) [Round: 0347] ...updated weights of 10 clients are successfully averaged!
[INFO](2026/09/14/ 01:31:04 AM) [Round: 0347] Evaluate global model's performance...!                
	[Server] ...finished evaluation!                
	=> Loss: 0.5259                
	=> Accuracy: 84.52%

[INFO](2026/09/14/ 01:31:04 AM) [Round: 0348] Select clients...!
[INFO](2026/09/14/ 01:31:04 AM) [Round: 0348] ...successfully transmitted models to 10 selected clients!
[INFO](2026/09/14/ 01:31:04 AM) [Round: 0348] Start updating selected 10 clients...!
[INFO](2026/09/14/ 01:31:30 AM) [Round: 0348] ...10 clients are selected and updated (with total sample size: 27)!
[INFO](2026/09/14/ 01:31:30 AM) [Round: 0348] Aggregate updated weights of 10 clients...!
[INFO](2026/09/14/ 01:31:30 AM) [Round: 0348] ...updated weights of 10 clients are successfully averaged!
[INFO](2026/09/14/ 01:31:31 AM) [Round: 0348] Evaluate global model's performance...!                
	[Server] ...finished evaluation!                
	=> Loss: 0.5377                
	=> Accuracy: 83.57%

[INFO](2026/09/14/ 01:31:31 AM) [Round: 0349] Select clients...!
[INFO](2026/09/14/ 01:31:31 AM) [Round: 0349] ...successfully transmitted models to 10 selected clients!
[INFO](2026/09/14/ 01:31:31 AM) [Round: 0349] Start updating selected 10 clients...!
[INFO](2026/09/14/ 01:32:03 AM) [Round: 0349] ...10 clients are selected and updated (with total sample size: 55)!
[INFO](2026/09/14/ 01:32:03 AM) [Round: 0349] Aggregate updated weights of 10 clients...!
[INFO](2026/09/14/ 01:32:03 AM) [Round: 0349] ...updated weights of 10 clients are successfully averaged!
[INFO](2026/09/14/ 01:32:05 AM) [Round: 0349] Evaluate global model's performance...!                
	[Server] ...finished evaluation!                
	=> Loss: 0.5627                
	=> Accuracy: 80.95%

[INFO](2026/09/14/ 01:32:05 AM) [Round: 0350] Select clients...!
[INFO](2026/09/14/ 01:32:05 AM) [Round: 0350] ...successfully transmitted models to 10 selected clients!
[INFO](2026/09/14/ 01:32:05 AM) [Round: 0350] Start updating selected 10 clients...!
[INFO](2026/09/14/ 01:32:34 AM) [Round: 0350] ...10 clients are selected and updated (with total sample size: 18)!
[INFO](2026/09/14/ 01:32:34 AM) [Round: 0350] Aggregate updated weights of 10 clients...!
[INFO](2026/09/14/ 01:32:34 AM) [Round: 0350] ...updated weights of 10 clients are successfully averaged!
[INFO](2026/09/14/ 01:32:35 AM) [Round: 0350] Evaluate global model's performance...!                
	[Server] ...finished evaluation!                
	=> Loss: 0.5358                
	=> Accuracy: 83.57%

[INFO](2026/09/14/ 01:32:35 AM) [Round: 0351] Select clients...!
[INFO](2026/09/14/ 01:32:35 AM) [Round: 0351] ...successfully transmitted models to 10 selected clients!
[INFO](2026/09/14/ 01:32:35 AM) [Round: 0351] Start updating selected 10 clients...!
[INFO](2026/09/14/ 01:33:16 AM) [Round: 0351] ...10 clients are selected and updated (with total sample size: 41)!
[INFO](2026/09/14/ 01:33:16 AM) [Round: 0351] Aggregate updated weights of 10 clients...!
[INFO](2026/09/14/ 01:33:16 AM) [Round: 0351] ...updated weights of 10 clients are successfully averaged!
[INFO](2026/09/14/ 01:33:17 AM) [Round: 0351] Evaluate global model's performance...!                
	[Server] ...finished evaluation!                
	=> Loss: 0.5729                
	=> Accuracy: 82.62%

[INFO](2026/09/14/ 01:33:18 AM) [Round: 0352] Select clients...!
[INFO](2026/09/14/ 01:33:18 AM) [Round: 0352] ...successfully transmitted models to 10 selected clients!
[INFO](2026/09/14/ 01:33:18 AM) [Round: 0352] Start updating selected 10 clients...!
[INFO](2026/09/14/ 01:33:55 AM) [Round: 0352] ...10 clients are selected and updated (with total sample size: 26)!
[INFO](2026/09/14/ 01:33:55 AM) [Round: 0352] Aggregate updated weights of 10 clients...!
[INFO](2026/09/14/ 01:33:55 AM) [Round: 0352] ...updated weights of 10 clients are successfully averaged!
[INFO](2026/09/14/ 01:33:56 AM) [Round: 0352] Evaluate global model's performance...!                
	[Server] ...finished evaluation!                
	=> Loss: 0.5416                
	=> Accuracy: 83.81%

[INFO](2026/09/14/ 01:33:56 AM) [Round: 0353] Select clients...!
[INFO](2026/09/14/ 01:33:57 AM) [Round: 0353] ...successfully transmitted models to 10 selected clients!
[INFO](2026/09/14/ 01:33:57 AM) [Round: 0353] Start updating selected 10 clients...!
[INFO](2026/09/14/ 01:34:28 AM) [Round: 0353] ...10 clients are selected and updated (with total sample size: 18)!
[INFO](2026/09/14/ 01:34:28 AM) [Round: 0353] Aggregate updated weights of 10 clients...!
[INFO](2026/09/14/ 01:34:28 AM) [Round: 0353] ...updated weights of 10 clients are successfully averaged!
[INFO](2026/09/14/ 01:34:29 AM) [Round: 0353] Evaluate global model's performance...!                
	[Server] ...finished evaluation!                
	=> Loss: 0.5185                
	=> Accuracy: 82.86%

[INFO](2026/09/14/ 01:34:30 AM) [Round: 0354] Select clients...!
[INFO](2026/09/14/ 01:34:30 AM) [Round: 0354] ...successfully transmitted models to 10 selected clients!
[INFO](2026/09/14/ 01:34:30 AM) [Round: 0354] Start updating selected 10 clients...!
[INFO](2026/09/14/ 01:34:55 AM) [Round: 0354] ...10 clients are selected and updated (with total sample size: 27)!
[INFO](2026/09/14/ 01:34:55 AM) [Round: 0354] Aggregate updated weights of 10 clients...!
[INFO](2026/09/14/ 01:34:56 AM) [Round: 0354] ...updated weights of 10 clients are successfully averaged!
[INFO](2026/09/14/ 01:34:57 AM) [Round: 0354] Evaluate global model's performance...!                
	[Server] ...finished evaluation!                
	=> Loss: 0.5242                
	=> Accuracy: 82.38%

[INFO](2026/09/14/ 01:34:57 AM) [Round: 0355] Select clients...!
[INFO](2026/09/14/ 01:34:57 AM) [Round: 0355] ...successfully transmitted models to 10 selected clients!
[INFO](2026/09/14/ 01:34:57 AM) [Round: 0355] Start updating selected 10 clients...!
[INFO](2026/09/14/ 01:35:22 AM) [Round: 0355] ...10 clients are selected and updated (with total sample size: 18)!
[INFO](2026/09/14/ 01:35:22 AM) [Round: 0355] Aggregate updated weights of 10 clients...!
[INFO](2026/09/14/ 01:35:23 AM) [Round: 0355] ...updated weights of 10 clients are successfully averaged!
[INFO](2026/09/14/ 01:35:24 AM) [Round: 0355] Evaluate global model's performance...!                
	[Server] ...finished evaluation!                
	=> Loss: 0.5642                
	=> Accuracy: 82.62%

[INFO](2026/09/14/ 01:35:24 AM) [Round: 0356] Select clients...!
[INFO](2026/09/14/ 01:35:24 AM) [Round: 0356] ...successfully transmitted models to 10 selected clients!
[INFO](2026/09/14/ 01:35:24 AM) [Round: 0356] Start updating selected 10 clients...!
[INFO](2026/09/14/ 01:35:51 AM) [Round: 0356] ...10 clients are selected and updated (with total sample size: 48)!
[INFO](2026/09/14/ 01:35:51 AM) [Round: 0356] Aggregate updated weights of 10 clients...!
[INFO](2026/09/14/ 01:35:51 AM) [Round: 0356] ...updated weights of 10 clients are successfully averaged!
[INFO](2026/09/14/ 01:35:52 AM) [Round: 0356] Evaluate global model's performance...!                
	[Server] ...finished evaluation!                
	=> Loss: 0.5239                
	=> Accuracy: 81.90%

[INFO](2026/09/14/ 01:35:52 AM) [Round: 0357] Select clients...!
[INFO](2026/09/14/ 01:35:53 AM) [Round: 0357] ...successfully transmitted models to 10 selected clients!
[INFO](2026/09/14/ 01:35:53 AM) [Round: 0357] Start updating selected 10 clients...!
[INFO](2026/09/14/ 01:36:34 AM) [Round: 0357] ...10 clients are selected and updated (with total sample size: 55)!
[INFO](2026/09/14/ 01:36:34 AM) [Round: 0357] Aggregate updated weights of 10 clients...!
[INFO](2026/09/14/ 01:36:34 AM) [Round: 0357] ...updated weights of 10 clients are successfully averaged!
[INFO](2026/09/14/ 01:36:35 AM) [Round: 0357] Evaluate global model's performance...!                
	[Server] ...finished evaluation!                
	=> Loss: 0.5728                
	=> Accuracy: 81.19%

[INFO](2026/09/14/ 01:36:35 AM) [Round: 0358] Select clients...!
[INFO](2026/09/14/ 01:36:36 AM) [Round: 0358] ...successfully transmitted models to 10 selected clients!
[INFO](2026/09/14/ 01:36:36 AM) [Round: 0358] Start updating selected 10 clients...!
[INFO](2026/09/14/ 01:37:07 AM) [Round: 0358] ...10 clients are selected and updated (with total sample size: 18)!
[INFO](2026/09/14/ 01:37:08 AM) [Round: 0358] Aggregate updated weights of 10 clients...!
[INFO](2026/09/14/ 01:37:08 AM) [Round: 0358] ...updated weights of 10 clients are successfully averaged!
[INFO](2026/09/14/ 01:37:09 AM) [Round: 0358] Evaluate global model's performance...!                
	[Server] ...finished evaluation!                
	=> Loss: 0.5169                
	=> Accuracy: 85.24%

[INFO](2026/09/14/ 01:37:09 AM) [Round: 0359] Select clients...!
[INFO](2026/09/14/ 01:37:09 AM) [Round: 0359] ...successfully transmitted models to 10 selected clients!
[INFO](2026/09/14/ 01:37:10 AM) [Round: 0359] Start updating selected 10 clients...!
[INFO](2026/09/14/ 01:37:42 AM) [Round: 0359] ...10 clients are selected and updated (with total sample size: 44)!
[INFO](2026/09/14/ 01:37:42 AM) [Round: 0359] Aggregate updated weights of 10 clients...!
[INFO](2026/09/14/ 01:37:42 AM) [Round: 0359] ...updated weights of 10 clients are successfully averaged!
[INFO](2026/09/14/ 01:37:43 AM) [Round: 0359] Evaluate global model's performance...!                
	[Server] ...finished evaluation!                
	=> Loss: 0.5419                
	=> Accuracy: 82.86%

[INFO](2026/09/14/ 01:37:43 AM) [Round: 0360] Select clients...!
[INFO](2026/09/14/ 01:37:44 AM) [Round: 0360] ...successfully transmitted models to 10 selected clients!
[INFO](2026/09/14/ 01:37:44 AM) [Round: 0360] Start updating selected 10 clients...!
[INFO](2026/09/14/ 01:38:23 AM) [Round: 0360] ...10 clients are selected and updated (with total sample size: 55)!
[INFO](2026/09/14/ 01:38:23 AM) [Round: 0360] Aggregate updated weights of 10 clients...!
[INFO](2026/09/14/ 01:38:23 AM) [Round: 0360] ...updated weights of 10 clients are successfully averaged!
[INFO](2026/09/14/ 01:38:24 AM) [Round: 0360] Evaluate global model's performance...!                
	[Server] ...finished evaluation!                
	=> Loss: 0.6340                
	=> Accuracy: 79.52%

[INFO](2026/09/14/ 01:38:24 AM) [Round: 0361] Select clients...!
[INFO](2026/09/14/ 01:38:24 AM) [Round: 0361] ...successfully transmitted models to 10 selected clients!
[INFO](2026/09/14/ 01:38:25 AM) [Round: 0361] Start updating selected 10 clients...!
[INFO](2026/09/14/ 01:38:53 AM) [Round: 0361] ...10 clients are selected and updated (with total sample size: 46)!
[INFO](2026/09/14/ 01:38:53 AM) [Round: 0361] Aggregate updated weights of 10 clients...!
[INFO](2026/09/14/ 01:38:53 AM) [Round: 0361] ...updated weights of 10 clients are successfully averaged!
[INFO](2026/09/14/ 01:38:54 AM) [Round: 0361] Evaluate global model's performance...!                
	[Server] ...finished evaluation!                
	=> Loss: 0.5306                
	=> Accuracy: 84.29%

[INFO](2026/09/14/ 01:38:54 AM) [Round: 0362] Select clients...!
[INFO](2026/09/14/ 01:38:54 AM) [Round: 0362] ...successfully transmitted models to 10 selected clients!
[INFO](2026/09/14/ 01:38:55 AM) [Round: 0362] Start updating selected 10 clients...!
[INFO](2026/09/14/ 01:39:28 AM) [Round: 0362] ...10 clients are selected and updated (with total sample size: 48)!
[INFO](2026/09/14/ 01:39:28 AM) [Round: 0362] Aggregate updated weights of 10 clients...!
[INFO](2026/09/14/ 01:39:29 AM) [Round: 0362] ...updated weights of 10 clients are successfully averaged!
[INFO](2026/09/14/ 01:39:30 AM) [Round: 0362] Evaluate global model's performance...!                
	[Server] ...finished evaluation!                
	=> Loss: 0.5360                
	=> Accuracy: 84.05%

[INFO](2026/09/14/ 01:39:30 AM) [Round: 0363] Select clients...!
[INFO](2026/09/14/ 01:39:30 AM) [Round: 0363] ...successfully transmitted models to 10 selected clients!
[INFO](2026/09/14/ 01:39:30 AM) [Round: 0363] Start updating selected 10 clients...!
[INFO](2026/09/14/ 01:40:02 AM) [Round: 0363] ...10 clients are selected and updated (with total sample size: 18)!
[INFO](2026/09/14/ 01:40:02 AM) [Round: 0363] Aggregate updated weights of 10 clients...!
[INFO](2026/09/14/ 01:40:02 AM) [Round: 0363] ...updated weights of 10 clients are successfully averaged!
[INFO](2026/09/14/ 01:40:03 AM) [Round: 0363] Evaluate global model's performance...!                
	[Server] ...finished evaluation!                
	=> Loss: 0.5552                
	=> Accuracy: 81.67%

[INFO](2026/09/14/ 01:40:03 AM) [Round: 0364] Select clients...!
[INFO](2026/09/14/ 01:40:04 AM) [Round: 0364] ...successfully transmitted models to 10 selected clients!
[INFO](2026/09/14/ 01:40:04 AM) [Round: 0364] Start updating selected 10 clients...!
[INFO](2026/09/14/ 01:40:32 AM) [Round: 0364] ...10 clients are selected and updated (with total sample size: 18)!
[INFO](2026/09/14/ 01:40:32 AM) [Round: 0364] Aggregate updated weights of 10 clients...!
[INFO](2026/09/14/ 01:40:32 AM) [Round: 0364] ...updated weights of 10 clients are successfully averaged!
[INFO](2026/09/14/ 01:40:33 AM) [Round: 0364] Evaluate global model's performance...!                
	[Server] ...finished evaluation!                
	=> Loss: 0.5051                
	=> Accuracy: 83.57%

[INFO](2026/09/14/ 01:40:33 AM) [Round: 0365] Select clients...!
[INFO](2026/09/14/ 01:40:34 AM) [Round: 0365] ...successfully transmitted models to 10 selected clients!
[INFO](2026/09/14/ 01:40:34 AM) [Round: 0365] Start updating selected 10 clients...!
[INFO](2026/09/14/ 01:41:14 AM) [Round: 0365] ...10 clients are selected and updated (with total sample size: 44)!
[INFO](2026/09/14/ 01:41:14 AM) [Round: 0365] Aggregate updated weights of 10 clients...!
[INFO](2026/09/14/ 01:41:14 AM) [Round: 0365] ...updated weights of 10 clients are successfully averaged!
[INFO](2026/09/14/ 01:41:15 AM) [Round: 0365] Evaluate global model's performance...!                
	[Server] ...finished evaluation!                
	=> Loss: 0.5490                
	=> Accuracy: 82.86%

[INFO](2026/09/14/ 01:41:15 AM) [Round: 0366] Select clients...!
[INFO](2026/09/14/ 01:41:16 AM) [Round: 0366] ...successfully transmitted models to 10 selected clients!
[INFO](2026/09/14/ 01:41:16 AM) [Round: 0366] Start updating selected 10 clients...!
[INFO](2026/09/14/ 01:41:47 AM) [Round: 0366] ...10 clients are selected and updated (with total sample size: 48)!
[INFO](2026/09/14/ 01:41:47 AM) [Round: 0366] Aggregate updated weights of 10 clients...!
[INFO](2026/09/14/ 01:41:48 AM) [Round: 0366] ...updated weights of 10 clients are successfully averaged!
[INFO](2026/09/14/ 01:41:49 AM) [Round: 0366] Evaluate global model's performance...!                
	[Server] ...finished evaluation!                
	=> Loss: 0.5421                
	=> Accuracy: 83.81%

[INFO](2026/09/14/ 01:41:49 AM) [Round: 0367] Select clients...!
[INFO](2026/09/14/ 01:41:49 AM) [Round: 0367] ...successfully transmitted models to 10 selected clients!
[INFO](2026/09/14/ 01:41:49 AM) [Round: 0367] Start updating selected 10 clients...!
[INFO](2026/09/14/ 01:42:23 AM) [Round: 0367] ...10 clients are selected and updated (with total sample size: 44)!
[INFO](2026/09/14/ 01:42:23 AM) [Round: 0367] Aggregate updated weights of 10 clients...!
[INFO](2026/09/14/ 01:42:23 AM) [Round: 0367] ...updated weights of 10 clients are successfully averaged!
[INFO](2026/09/14/ 01:42:24 AM) [Round: 0367] Evaluate global model's performance...!                
	[Server] ...finished evaluation!                
	=> Loss: 0.5860                
	=> Accuracy: 81.90%

[INFO](2026/09/14/ 01:42:24 AM) [Round: 0368] Select clients...!
[INFO](2026/09/14/ 01:42:25 AM) [Round: 0368] ...successfully transmitted models to 10 selected clients!
[INFO](2026/09/14/ 01:42:25 AM) [Round: 0368] Start updating selected 10 clients...!
[INFO](2026/09/14/ 01:42:58 AM) [Round: 0368] ...10 clients are selected and updated (with total sample size: 55)!
[INFO](2026/09/14/ 01:42:58 AM) [Round: 0368] Aggregate updated weights of 10 clients...!
[INFO](2026/09/14/ 01:42:58 AM) [Round: 0368] ...updated weights of 10 clients are successfully averaged!
[INFO](2026/09/14/ 01:43:00 AM) [Round: 0368] Evaluate global model's performance...!                
	[Server] ...finished evaluation!                
	=> Loss: 0.5179                
	=> Accuracy: 85.71%

[INFO](2026/09/14/ 01:43:00 AM) [Round: 0369] Select clients...!
[INFO](2026/09/14/ 01:43:00 AM) [Round: 0369] ...successfully transmitted models to 10 selected clients!
[INFO](2026/09/14/ 01:43:00 AM) [Round: 0369] Start updating selected 10 clients...!
[INFO](2026/09/14/ 01:43:34 AM) [Round: 0369] ...10 clients are selected and updated (with total sample size: 60)!
[INFO](2026/09/14/ 01:43:34 AM) [Round: 0369] Aggregate updated weights of 10 clients...!
[INFO](2026/09/14/ 01:43:34 AM) [Round: 0369] ...updated weights of 10 clients are successfully averaged!
[INFO](2026/09/14/ 01:43:35 AM) [Round: 0369] Evaluate global model's performance...!                
	[Server] ...finished evaluation!                
	=> Loss: 0.5325                
	=> Accuracy: 84.52%

[INFO](2026/09/14/ 01:43:36 AM) [Round: 0370] Select clients...!
[INFO](2026/09/14/ 01:43:36 AM) [Round: 0370] ...successfully transmitted models to 10 selected clients!
[INFO](2026/09/14/ 01:43:36 AM) [Round: 0370] Start updating selected 10 clients...!
[INFO](2026/09/14/ 01:43:58 AM) [Round: 0370] ...10 clients are selected and updated (with total sample size: 27)!
[INFO](2026/09/14/ 01:43:58 AM) [Round: 0370] Aggregate updated weights of 10 clients...!
[INFO](2026/09/14/ 01:43:59 AM) [Round: 0370] ...updated weights of 10 clients are successfully averaged!
[INFO](2026/09/14/ 01:44:00 AM) [Round: 0370] Evaluate global model's performance...!                
	[Server] ...finished evaluation!                
	=> Loss: 0.5365                
	=> Accuracy: 84.52%

[INFO](2026/09/14/ 01:44:00 AM) [Round: 0371] Select clients...!
[INFO](2026/09/14/ 01:44:00 AM) [Round: 0371] ...successfully transmitted models to 10 selected clients!
[INFO](2026/09/14/ 01:44:00 AM) [Round: 0371] Start updating selected 10 clients...!
[INFO](2026/09/14/ 01:44:45 AM) [Round: 0371] ...10 clients are selected and updated (with total sample size: 48)!
[INFO](2026/09/14/ 01:44:45 AM) [Round: 0371] Aggregate updated weights of 10 clients...!
[INFO](2026/09/14/ 01:44:45 AM) [Round: 0371] ...updated weights of 10 clients are successfully averaged!
[INFO](2026/09/14/ 01:44:46 AM) [Round: 0371] Evaluate global model's performance...!                
	[Server] ...finished evaluation!                
	=> Loss: 0.5782                
	=> Accuracy: 80.95%

[INFO](2026/09/14/ 01:44:46 AM) [Round: 0372] Select clients...!
[INFO](2026/09/14/ 01:44:47 AM) [Round: 0372] ...successfully transmitted models to 10 selected clients!
[INFO](2026/09/14/ 01:44:47 AM) [Round: 0372] Start updating selected 10 clients...!
[INFO](2026/09/14/ 01:45:28 AM) [Round: 0372] ...10 clients are selected and updated (with total sample size: 26)!
[INFO](2026/09/14/ 01:45:28 AM) [Round: 0372] Aggregate updated weights of 10 clients...!
[INFO](2026/09/14/ 01:45:28 AM) [Round: 0372] ...updated weights of 10 clients are successfully averaged!
[INFO](2026/09/14/ 01:45:29 AM) [Round: 0372] Evaluate global model's performance...!                
	[Server] ...finished evaluation!                
	=> Loss: 0.5171                
	=> Accuracy: 83.57%

[INFO](2026/09/14/ 01:45:29 AM) [Round: 0373] Select clients...!
[INFO](2026/09/14/ 01:45:30 AM) [Round: 0373] ...successfully transmitted models to 10 selected clients!
[INFO](2026/09/14/ 01:45:30 AM) [Round: 0373] Start updating selected 10 clients...!
[INFO](2026/09/14/ 01:45:58 AM) [Round: 0373] ...10 clients are selected and updated (with total sample size: 18)!
[INFO](2026/09/14/ 01:45:58 AM) [Round: 0373] Aggregate updated weights of 10 clients...!
[INFO](2026/09/14/ 01:45:58 AM) [Round: 0373] ...updated weights of 10 clients are successfully averaged!
[INFO](2026/09/14/ 01:45:59 AM) [Round: 0373] Evaluate global model's performance...!                
	[Server] ...finished evaluation!                
	=> Loss: 0.5156                
	=> Accuracy: 83.81%

[INFO](2026/09/14/ 01:45:59 AM) [Round: 0374] Select clients...!
[INFO](2026/09/14/ 01:46:00 AM) [Round: 0374] ...successfully transmitted models to 10 selected clients!
[INFO](2026/09/14/ 01:46:00 AM) [Round: 0374] Start updating selected 10 clients...!
[INFO](2026/09/14/ 01:46:30 AM) [Round: 0374] ...10 clients are selected and updated (with total sample size: 27)!
[INFO](2026/09/14/ 01:46:30 AM) [Round: 0374] Aggregate updated weights of 10 clients...!
[INFO](2026/09/14/ 01:46:30 AM) [Round: 0374] ...updated weights of 10 clients are successfully averaged!
[INFO](2026/09/14/ 01:46:31 AM) [Round: 0374] Evaluate global model's performance...!                
	[Server] ...finished evaluation!                
	=> Loss: 0.5065                
	=> Accuracy: 83.57%

[INFO](2026/09/14/ 01:46:31 AM) [Round: 0375] Select clients...!
[INFO](2026/09/14/ 01:46:32 AM) [Round: 0375] ...successfully transmitted models to 10 selected clients!
[INFO](2026/09/14/ 01:46:32 AM) [Round: 0375] Start updating selected 10 clients...!
[INFO](2026/09/14/ 01:46:58 AM) [Round: 0375] ...10 clients are selected and updated (with total sample size: 27)!
[INFO](2026/09/14/ 01:46:58 AM) [Round: 0375] Aggregate updated weights of 10 clients...!
[INFO](2026/09/14/ 01:46:59 AM) [Round: 0375] ...updated weights of 10 clients are successfully averaged!
[INFO](2026/09/14/ 01:47:00 AM) [Round: 0375] Evaluate global model's performance...!                
	[Server] ...finished evaluation!                
	=> Loss: 0.5106                
	=> Accuracy: 84.05%

[INFO](2026/09/14/ 01:47:00 AM) [Round: 0376] Select clients...!
[INFO](2026/09/14/ 01:47:00 AM) [Round: 0376] ...successfully transmitted models to 10 selected clients!
[INFO](2026/09/14/ 01:47:01 AM) [Round: 0376] Start updating selected 10 clients...!
[INFO](2026/09/14/ 01:47:34 AM) [Round: 0376] ...10 clients are selected and updated (with total sample size: 27)!
[INFO](2026/09/14/ 01:47:34 AM) [Round: 0376] Aggregate updated weights of 10 clients...!
[INFO](2026/09/14/ 01:47:34 AM) [Round: 0376] ...updated weights of 10 clients are successfully averaged!
[INFO](2026/09/14/ 01:47:35 AM) [Round: 0376] Evaluate global model's performance...!                
	[Server] ...finished evaluation!                
	=> Loss: 0.5114                
	=> Accuracy: 85.24%

[INFO](2026/09/14/ 01:47:35 AM) [Round: 0377] Select clients...!
[INFO](2026/09/14/ 01:47:36 AM) [Round: 0377] ...successfully transmitted models to 10 selected clients!
[INFO](2026/09/14/ 01:47:36 AM) [Round: 0377] Start updating selected 10 clients...!
[INFO](2026/09/14/ 01:48:13 AM) [Round: 0377] ...10 clients are selected and updated (with total sample size: 45)!
[INFO](2026/09/14/ 01:48:13 AM) [Round: 0377] Aggregate updated weights of 10 clients...!
[INFO](2026/09/14/ 01:48:13 AM) [Round: 0377] ...updated weights of 10 clients are successfully averaged!
[INFO](2026/09/14/ 01:48:15 AM) [Round: 0377] Evaluate global model's performance...!                
	[Server] ...finished evaluation!                
	=> Loss: 0.5654                
	=> Accuracy: 81.67%

[INFO](2026/09/14/ 01:48:15 AM) [Round: 0378] Select clients...!
[INFO](2026/09/14/ 01:48:15 AM) [Round: 0378] ...successfully transmitted models to 10 selected clients!
[INFO](2026/09/14/ 01:48:15 AM) [Round: 0378] Start updating selected 10 clients...!
[INFO](2026/09/14/ 01:48:43 AM) [Round: 0378] ...10 clients are selected and updated (with total sample size: 27)!
[INFO](2026/09/14/ 01:48:43 AM) [Round: 0378] Aggregate updated weights of 10 clients...!
[INFO](2026/09/14/ 01:48:44 AM) [Round: 0378] ...updated weights of 10 clients are successfully averaged!
[INFO](2026/09/14/ 01:48:45 AM) [Round: 0378] Evaluate global model's performance...!                
	[Server] ...finished evaluation!                
	=> Loss: 0.5301                
	=> Accuracy: 84.52%

[INFO](2026/09/14/ 01:48:45 AM) [Round: 0379] Select clients...!
[INFO](2026/09/14/ 01:48:45 AM) [Round: 0379] ...successfully transmitted models to 10 selected clients!
[INFO](2026/09/14/ 01:48:45 AM) [Round: 0379] Start updating selected 10 clients...!
[INFO](2026/09/14/ 01:49:23 AM) [Round: 0379] ...10 clients are selected and updated (with total sample size: 55)!
[INFO](2026/09/14/ 01:49:23 AM) [Round: 0379] Aggregate updated weights of 10 clients...!
[INFO](2026/09/14/ 01:49:23 AM) [Round: 0379] ...updated weights of 10 clients are successfully averaged!
[INFO](2026/09/14/ 01:49:24 AM) [Round: 0379] Evaluate global model's performance...!                
	[Server] ...finished evaluation!                
	=> Loss: 0.5371                
	=> Accuracy: 83.33%

[INFO](2026/09/14/ 01:49:24 AM) [Round: 0380] Select clients...!
[INFO](2026/09/14/ 01:49:24 AM) [Round: 0380] ...successfully transmitted models to 10 selected clients!
[INFO](2026/09/14/ 01:49:25 AM) [Round: 0380] Start updating selected 10 clients...!
[INFO](2026/09/14/ 01:50:00 AM) [Round: 0380] ...10 clients are selected and updated (with total sample size: 48)!
[INFO](2026/09/14/ 01:50:00 AM) [Round: 0380] Aggregate updated weights of 10 clients...!
[INFO](2026/09/14/ 01:50:00 AM) [Round: 0380] ...updated weights of 10 clients are successfully averaged!
[INFO](2026/09/14/ 01:50:01 AM) [Round: 0380] Evaluate global model's performance...!                
	[Server] ...finished evaluation!                
	=> Loss: 0.5890                
	=> Accuracy: 80.71%

[INFO](2026/09/14/ 01:50:01 AM) [Round: 0381] Select clients...!
[INFO](2026/09/14/ 01:50:01 AM) [Round: 0381] ...successfully transmitted models to 10 selected clients!
[INFO](2026/09/14/ 01:50:01 AM) [Round: 0381] Start updating selected 10 clients...!
[INFO](2026/09/14/ 01:50:39 AM) [Round: 0381] ...10 clients are selected and updated (with total sample size: 60)!
[INFO](2026/09/14/ 01:50:39 AM) [Round: 0381] Aggregate updated weights of 10 clients...!
[INFO](2026/09/14/ 01:50:39 AM) [Round: 0381] ...updated weights of 10 clients are successfully averaged!
[INFO](2026/09/14/ 01:50:40 AM) [Round: 0381] Evaluate global model's performance...!                
	[Server] ...finished evaluation!                
	=> Loss: 0.4923                
	=> Accuracy: 84.76%

[INFO](2026/09/14/ 01:50:40 AM) [Round: 0382] Select clients...!
[INFO](2026/09/14/ 01:50:40 AM) [Round: 0382] ...successfully transmitted models to 10 selected clients!
[INFO](2026/09/14/ 01:50:40 AM) [Round: 0382] Start updating selected 10 clients...!
[INFO](2026/09/14/ 01:51:14 AM) [Round: 0382] ...10 clients are selected and updated (with total sample size: 18)!
[INFO](2026/09/14/ 01:51:14 AM) [Round: 0382] Aggregate updated weights of 10 clients...!
[INFO](2026/09/14/ 01:51:14 AM) [Round: 0382] ...updated weights of 10 clients are successfully averaged!
[INFO](2026/09/14/ 01:51:16 AM) [Round: 0382] Evaluate global model's performance...!                
	[Server] ...finished evaluation!                
	=> Loss: 0.5266                
	=> Accuracy: 83.57%

[INFO](2026/09/14/ 01:51:16 AM) [Round: 0383] Select clients...!
[INFO](2026/09/14/ 01:51:16 AM) [Round: 0383] ...successfully transmitted models to 10 selected clients!
[INFO](2026/09/14/ 01:51:16 AM) [Round: 0383] Start updating selected 10 clients...!
[INFO](2026/09/14/ 01:51:51 AM) [Round: 0383] ...10 clients are selected and updated (with total sample size: 44)!
[INFO](2026/09/14/ 01:51:51 AM) [Round: 0383] Aggregate updated weights of 10 clients...!
[INFO](2026/09/14/ 01:51:51 AM) [Round: 0383] ...updated weights of 10 clients are successfully averaged!
[INFO](2026/09/14/ 01:51:52 AM) [Round: 0383] Evaluate global model's performance...!                
	[Server] ...finished evaluation!                
	=> Loss: 0.4979                
	=> Accuracy: 84.76%

[INFO](2026/09/14/ 01:51:52 AM) [Round: 0384] Select clients...!
[INFO](2026/09/14/ 01:51:53 AM) [Round: 0384] ...successfully transmitted models to 10 selected clients!
[INFO](2026/09/14/ 01:51:53 AM) [Round: 0384] Start updating selected 10 clients...!
[INFO](2026/09/14/ 01:52:22 AM) [Round: 0384] ...10 clients are selected and updated (with total sample size: 42)!
[INFO](2026/09/14/ 01:52:22 AM) [Round: 0384] Aggregate updated weights of 10 clients...!
[INFO](2026/09/14/ 01:52:22 AM) [Round: 0384] ...updated weights of 10 clients are successfully averaged!
[INFO](2026/09/14/ 01:52:23 AM) [Round: 0384] Evaluate global model's performance...!                
	[Server] ...finished evaluation!                
	=> Loss: 0.4950                
	=> Accuracy: 84.29%

[INFO](2026/09/14/ 01:52:23 AM) [Round: 0385] Select clients...!
[INFO](2026/09/14/ 01:52:23 AM) [Round: 0385] ...successfully transmitted models to 10 selected clients!
[INFO](2026/09/14/ 01:52:23 AM) [Round: 0385] Start updating selected 10 clients...!
[INFO](2026/09/14/ 01:53:07 AM) [Round: 0385] ...10 clients are selected and updated (with total sample size: 23)!
[INFO](2026/09/14/ 01:53:07 AM) [Round: 0385] Aggregate updated weights of 10 clients...!
[INFO](2026/09/14/ 01:53:08 AM) [Round: 0385] ...updated weights of 10 clients are successfully averaged!
[INFO](2026/09/14/ 01:53:09 AM) [Round: 0385] Evaluate global model's performance...!                
	[Server] ...finished evaluation!                
	=> Loss: 0.5102                
	=> Accuracy: 85.95%

[INFO](2026/09/14/ 01:53:09 AM) [Round: 0386] Select clients...!
[INFO](2026/09/14/ 01:53:09 AM) [Round: 0386] ...successfully transmitted models to 10 selected clients!
[INFO](2026/09/14/ 01:53:09 AM) [Round: 0386] Start updating selected 10 clients...!
[INFO](2026/09/14/ 01:53:41 AM) [Round: 0386] ...10 clients are selected and updated (with total sample size: 55)!
[INFO](2026/09/14/ 01:53:41 AM) [Round: 0386] Aggregate updated weights of 10 clients...!
[INFO](2026/09/14/ 01:53:42 AM) [Round: 0386] ...updated weights of 10 clients are successfully averaged!
[INFO](2026/09/14/ 01:53:43 AM) [Round: 0386] Evaluate global model's performance...!                
	[Server] ...finished evaluation!                
	=> Loss: 0.5177                
	=> Accuracy: 85.00%

[INFO](2026/09/14/ 01:53:43 AM) [Round: 0387] Select clients...!
[INFO](2026/09/14/ 01:53:43 AM) [Round: 0387] ...successfully transmitted models to 10 selected clients!
[INFO](2026/09/14/ 01:53:43 AM) [Round: 0387] Start updating selected 10 clients...!
[INFO](2026/09/14/ 01:54:19 AM) [Round: 0387] ...10 clients are selected and updated (with total sample size: 45)!
[INFO](2026/09/14/ 01:54:19 AM) [Round: 0387] Aggregate updated weights of 10 clients...!
[INFO](2026/09/14/ 01:54:19 AM) [Round: 0387] ...updated weights of 10 clients are successfully averaged!
[INFO](2026/09/14/ 01:54:21 AM) [Round: 0387] Evaluate global model's performance...!                
	[Server] ...finished evaluation!                
	=> Loss: 0.5027                
	=> Accuracy: 84.76%

[INFO](2026/09/14/ 01:54:21 AM) [Round: 0388] Select clients...!
[INFO](2026/09/14/ 01:54:21 AM) [Round: 0388] ...successfully transmitted models to 10 selected clients!
[INFO](2026/09/14/ 01:54:21 AM) [Round: 0388] Start updating selected 10 clients...!
[INFO](2026/09/14/ 01:54:59 AM) [Round: 0388] ...10 clients are selected and updated (with total sample size: 42)!
[INFO](2026/09/14/ 01:54:59 AM) [Round: 0388] Aggregate updated weights of 10 clients...!
[INFO](2026/09/14/ 01:55:00 AM) [Round: 0388] ...updated weights of 10 clients are successfully averaged!
[INFO](2026/09/14/ 01:55:01 AM) [Round: 0388] Evaluate global model's performance...!                
	[Server] ...finished evaluation!                
	=> Loss: 0.5330                
	=> Accuracy: 82.62%

[INFO](2026/09/14/ 01:55:01 AM) [Round: 0389] Select clients...!
[INFO](2026/09/14/ 01:55:01 AM) [Round: 0389] ...successfully transmitted models to 10 selected clients!
[INFO](2026/09/14/ 01:55:02 AM) [Round: 0389] Start updating selected 10 clients...!
[INFO](2026/09/14/ 01:55:38 AM) [Round: 0389] ...10 clients are selected and updated (with total sample size: 27)!
[INFO](2026/09/14/ 01:55:38 AM) [Round: 0389] Aggregate updated weights of 10 clients...!
[INFO](2026/09/14/ 01:55:38 AM) [Round: 0389] ...updated weights of 10 clients are successfully averaged!
[INFO](2026/09/14/ 01:55:39 AM) [Round: 0389] Evaluate global model's performance...!                
	[Server] ...finished evaluation!                
	=> Loss: 0.4801                
	=> Accuracy: 84.29%

[INFO](2026/09/14/ 01:55:39 AM) [Round: 0390] Select clients...!
[INFO](2026/09/14/ 01:55:40 AM) [Round: 0390] ...successfully transmitted models to 10 selected clients!
[INFO](2026/09/14/ 01:55:40 AM) [Round: 0390] Start updating selected 10 clients...!
[INFO](2026/09/14/ 01:56:13 AM) [Round: 0390] ...10 clients are selected and updated (with total sample size: 48)!
[INFO](2026/09/14/ 01:56:13 AM) [Round: 0390] Aggregate updated weights of 10 clients...!
[INFO](2026/09/14/ 01:56:13 AM) [Round: 0390] ...updated weights of 10 clients are successfully averaged!
[INFO](2026/09/14/ 01:56:14 AM) [Round: 0390] Evaluate global model's performance...!                
	[Server] ...finished evaluation!                
	=> Loss: 0.4993                
	=> Accuracy: 85.95%

[INFO](2026/09/14/ 01:56:14 AM) [Round: 0391] Select clients...!
[INFO](2026/09/14/ 01:56:15 AM) [Round: 0391] ...successfully transmitted models to 10 selected clients!
[INFO](2026/09/14/ 01:56:15 AM) [Round: 0391] Start updating selected 10 clients...!
[INFO](2026/09/14/ 01:56:41 AM) [Round: 0391] ...10 clients are selected and updated (with total sample size: 18)!
[INFO](2026/09/14/ 01:56:41 AM) [Round: 0391] Aggregate updated weights of 10 clients...!
[INFO](2026/09/14/ 01:56:41 AM) [Round: 0391] ...updated weights of 10 clients are successfully averaged!
[INFO](2026/09/14/ 01:56:42 AM) [Round: 0391] Evaluate global model's performance...!                
	[Server] ...finished evaluation!                
	=> Loss: 0.5001                
	=> Accuracy: 84.29%

[INFO](2026/09/14/ 01:56:43 AM) [Round: 0392] Select clients...!
[INFO](2026/09/14/ 01:56:43 AM) [Round: 0392] ...successfully transmitted models to 10 selected clients!
[INFO](2026/09/14/ 01:56:43 AM) [Round: 0392] Start updating selected 10 clients...!
[INFO](2026/09/14/ 01:57:16 AM) [Round: 0392] ...10 clients are selected and updated (with total sample size: 64)!
[INFO](2026/09/14/ 01:57:17 AM) [Round: 0392] Aggregate updated weights of 10 clients...!
[INFO](2026/09/14/ 01:57:17 AM) [Round: 0392] ...updated weights of 10 clients are successfully averaged!
[INFO](2026/09/14/ 01:57:18 AM) [Round: 0392] Evaluate global model's performance...!                
	[Server] ...finished evaluation!                
	=> Loss: 0.5459                
	=> Accuracy: 81.90%

[INFO](2026/09/14/ 01:57:18 AM) [Round: 0393] Select clients...!
[INFO](2026/09/14/ 01:57:18 AM) [Round: 0393] ...successfully transmitted models to 10 selected clients!
[INFO](2026/09/14/ 01:57:19 AM) [Round: 0393] Start updating selected 10 clients...!
[INFO](2026/09/14/ 01:57:56 AM) [Round: 0393] ...10 clients are selected and updated (with total sample size: 48)!
[INFO](2026/09/14/ 01:57:56 AM) [Round: 0393] Aggregate updated weights of 10 clients...!
[INFO](2026/09/14/ 01:57:56 AM) [Round: 0393] ...updated weights of 10 clients are successfully averaged!
[INFO](2026/09/14/ 01:57:57 AM) [Round: 0393] Evaluate global model's performance...!                
	[Server] ...finished evaluation!                
	=> Loss: 0.5102                
	=> Accuracy: 85.00%

[INFO](2026/09/14/ 01:57:57 AM) [Round: 0394] Select clients...!
[INFO](2026/09/14/ 01:57:58 AM) [Round: 0394] ...successfully transmitted models to 10 selected clients!
[INFO](2026/09/14/ 01:57:58 AM) [Round: 0394] Start updating selected 10 clients...!
[INFO](2026/09/14/ 01:58:19 AM) [Round: 0394] ...10 clients are selected and updated (with total sample size: 18)!
[INFO](2026/09/14/ 01:58:19 AM) [Round: 0394] Aggregate updated weights of 10 clients...!
[INFO](2026/09/14/ 01:58:19 AM) [Round: 0394] ...updated weights of 10 clients are successfully averaged!
[INFO](2026/09/14/ 01:58:20 AM) [Round: 0394] Evaluate global model's performance...!                
	[Server] ...finished evaluation!                
	=> Loss: 0.4753                
	=> Accuracy: 84.52%

[INFO](2026/09/14/ 01:58:21 AM) [Round: 0395] Select clients...!
[INFO](2026/09/14/ 01:58:21 AM) [Round: 0395] ...successfully transmitted models to 10 selected clients!
[INFO](2026/09/14/ 01:58:21 AM) [Round: 0395] Start updating selected 10 clients...!
[INFO](2026/09/14/ 01:58:57 AM) [Round: 0395] ...10 clients are selected and updated (with total sample size: 27)!
[INFO](2026/09/14/ 01:58:57 AM) [Round: 0395] Aggregate updated weights of 10 clients...!
[INFO](2026/09/14/ 01:58:57 AM) [Round: 0395] ...updated weights of 10 clients are successfully averaged!
[INFO](2026/09/14/ 01:58:58 AM) [Round: 0395] Evaluate global model's performance...!                
	[Server] ...finished evaluation!                
	=> Loss: 0.4834                
	=> Accuracy: 84.76%

[INFO](2026/09/14/ 01:58:58 AM) [Round: 0396] Select clients...!
[INFO](2026/09/14/ 01:58:58 AM) [Round: 0396] ...successfully transmitted models to 10 selected clients!
[INFO](2026/09/14/ 01:58:58 AM) [Round: 0396] Start updating selected 10 clients...!
[INFO](2026/09/14/ 01:59:26 AM) [Round: 0396] ...10 clients are selected and updated (with total sample size: 18)!
[INFO](2026/09/14/ 01:59:26 AM) [Round: 0396] Aggregate updated weights of 10 clients...!
[INFO](2026/09/14/ 01:59:26 AM) [Round: 0396] ...updated weights of 10 clients are successfully averaged!
[INFO](2026/09/14/ 01:59:27 AM) [Round: 0396] Evaluate global model's performance...!                
	[Server] ...finished evaluation!                
	=> Loss: 0.4743                
	=> Accuracy: 86.43%

[INFO](2026/09/14/ 01:59:27 AM) [Round: 0397] Select clients...!
[INFO](2026/09/14/ 01:59:28 AM) [Round: 0397] ...successfully transmitted models to 10 selected clients!
[INFO](2026/09/14/ 01:59:28 AM) [Round: 0397] Start updating selected 10 clients...!
[INFO](2026/09/14/ 02:00:04 AM) [Round: 0397] ...10 clients are selected and updated (with total sample size: 18)!
[INFO](2026/09/14/ 02:00:04 AM) [Round: 0397] Aggregate updated weights of 10 clients...!
[INFO](2026/09/14/ 02:00:04 AM) [Round: 0397] ...updated weights of 10 clients are successfully averaged!
[INFO](2026/09/14/ 02:00:05 AM) [Round: 0397] Evaluate global model's performance...!                
	[Server] ...finished evaluation!                
	=> Loss: 0.4895                
	=> Accuracy: 86.43%

[INFO](2026/09/14/ 02:00:05 AM) [Round: 0398] Select clients...!
[INFO](2026/09/14/ 02:00:05 AM) [Round: 0398] ...successfully transmitted models to 10 selected clients!
[INFO](2026/09/14/ 02:00:05 AM) [Round: 0398] Start updating selected 10 clients...!
[INFO](2026/09/14/ 02:00:34 AM) [Round: 0398] ...10 clients are selected and updated (with total sample size: 23)!
[INFO](2026/09/14/ 02:00:34 AM) [Round: 0398] Aggregate updated weights of 10 clients...!
[INFO](2026/09/14/ 02:00:34 AM) [Round: 0398] ...updated weights of 10 clients are successfully averaged!
[INFO](2026/09/14/ 02:00:35 AM) [Round: 0398] Evaluate global model's performance...!                
	[Server] ...finished evaluation!                
	=> Loss: 0.5193                
	=> Accuracy: 83.57%

[INFO](2026/09/14/ 02:00:35 AM) [Round: 0399] Select clients...!
[INFO](2026/09/14/ 02:00:36 AM) [Round: 0399] ...successfully transmitted models to 10 selected clients!
[INFO](2026/09/14/ 02:00:36 AM) [Round: 0399] Start updating selected 10 clients...!
[INFO](2026/09/14/ 02:01:11 AM) [Round: 0399] ...10 clients are selected and updated (with total sample size: 41)!
[INFO](2026/09/14/ 02:01:11 AM) [Round: 0399] Aggregate updated weights of 10 clients...!
[INFO](2026/09/14/ 02:01:11 AM) [Round: 0399] ...updated weights of 10 clients are successfully averaged!
[INFO](2026/09/14/ 02:01:12 AM) [Round: 0399] Evaluate global model's performance...!                
	[Server] ...finished evaluation!                
	=> Loss: 0.4838                
	=> Accuracy: 85.48%

[INFO](2026/09/14/ 02:01:13 AM) [Round: 0400] Select clients...!
[INFO](2026/09/14/ 02:01:13 AM) [Round: 0400] ...successfully transmitted models to 10 selected clients!
[INFO](2026/09/14/ 02:01:13 AM) [Round: 0400] Start updating selected 10 clients...!
[INFO](2026/09/14/ 02:02:02 AM) [Round: 0400] ...10 clients are selected and updated (with total sample size: 55)!
[INFO](2026/09/14/ 02:02:02 AM) [Round: 0400] Aggregate updated weights of 10 clients...!
[INFO](2026/09/14/ 02:02:02 AM) [Round: 0400] ...updated weights of 10 clients are successfully averaged!
[INFO](2026/09/14/ 02:02:03 AM) [Round: 0400] Evaluate global model's performance...!                
	[Server] ...finished evaluation!                
	=> Loss: 0.5055                
	=> Accuracy: 85.48%

[INFO](2026/09/14/ 02:02:03 AM) [Round: 0401] Select clients...!
[INFO](2026/09/14/ 02:02:03 AM) [Round: 0401] ...successfully transmitted models to 10 selected clients!
[INFO](2026/09/14/ 02:02:03 AM) [Round: 0401] Start updating selected 10 clients...!
[INFO](2026/09/14/ 02:02:36 AM) [Round: 0401] ...10 clients are selected and updated (with total sample size: 60)!
[INFO](2026/09/14/ 02:02:36 AM) [Round: 0401] Aggregate updated weights of 10 clients...!
[INFO](2026/09/14/ 02:02:36 AM) [Round: 0401] ...updated weights of 10 clients are successfully averaged!
[INFO](2026/09/14/ 02:02:37 AM) [Round: 0401] Evaluate global model's performance...!                
	[Server] ...finished evaluation!                
	=> Loss: 0.5622                
	=> Accuracy: 82.14%

[INFO](2026/09/14/ 02:02:37 AM) [Round: 0402] Select clients...!
[INFO](2026/09/14/ 02:02:38 AM) [Round: 0402] ...successfully transmitted models to 10 selected clients!
[INFO](2026/09/14/ 02:02:38 AM) [Round: 0402] Start updating selected 10 clients...!
[INFO](2026/09/14/ 02:03:07 AM) [Round: 0402] ...10 clients are selected and updated (with total sample size: 55)!
[INFO](2026/09/14/ 02:03:07 AM) [Round: 0402] Aggregate updated weights of 10 clients...!
[INFO](2026/09/14/ 02:03:07 AM) [Round: 0402] ...updated weights of 10 clients are successfully averaged!
[INFO](2026/09/14/ 02:03:08 AM) [Round: 0402] Evaluate global model's performance...!                
	[Server] ...finished evaluation!                
	=> Loss: 0.5326                
	=> Accuracy: 82.62%

[INFO](2026/09/14/ 02:03:09 AM) [Round: 0403] Select clients...!
[INFO](2026/09/14/ 02:03:09 AM) [Round: 0403] ...successfully transmitted models to 10 selected clients!
[INFO](2026/09/14/ 02:03:09 AM) [Round: 0403] Start updating selected 10 clients...!
[INFO](2026/09/14/ 02:03:34 AM) [Round: 0403] ...10 clients are selected and updated (with total sample size: 42)!
[INFO](2026/09/14/ 02:03:34 AM) [Round: 0403] Aggregate updated weights of 10 clients...!
[INFO](2026/09/14/ 02:03:35 AM) [Round: 0403] ...updated weights of 10 clients are successfully averaged!
[INFO](2026/09/14/ 02:03:36 AM) [Round: 0403] Evaluate global model's performance...!                
	[Server] ...finished evaluation!                
	=> Loss: 0.4900                
	=> Accuracy: 85.48%

[INFO](2026/09/14/ 02:03:36 AM) [Round: 0404] Select clients...!
[INFO](2026/09/14/ 02:03:36 AM) [Round: 0404] ...successfully transmitted models to 10 selected clients!
[INFO](2026/09/14/ 02:03:36 AM) [Round: 0404] Start updating selected 10 clients...!
[INFO](2026/09/14/ 02:04:06 AM) [Round: 0404] ...10 clients are selected and updated (with total sample size: 48)!
[INFO](2026/09/14/ 02:04:07 AM) [Round: 0404] Aggregate updated weights of 10 clients...!
[INFO](2026/09/14/ 02:04:07 AM) [Round: 0404] ...updated weights of 10 clients are successfully averaged!
[INFO](2026/09/14/ 02:04:08 AM) [Round: 0404] Evaluate global model's performance...!                
	[Server] ...finished evaluation!                
	=> Loss: 0.4763                
	=> Accuracy: 85.95%

[INFO](2026/09/14/ 02:04:08 AM) [Round: 0405] Select clients...!
[INFO](2026/09/14/ 02:04:09 AM) [Round: 0405] ...successfully transmitted models to 10 selected clients!
[INFO](2026/09/14/ 02:04:09 AM) [Round: 0405] Start updating selected 10 clients...!
[INFO](2026/09/14/ 02:04:49 AM) [Round: 0405] ...10 clients are selected and updated (with total sample size: 48)!
[INFO](2026/09/14/ 02:04:49 AM) [Round: 0405] Aggregate updated weights of 10 clients...!
[INFO](2026/09/14/ 02:04:49 AM) [Round: 0405] ...updated weights of 10 clients are successfully averaged!
[INFO](2026/09/14/ 02:04:51 AM) [Round: 0405] Evaluate global model's performance...!                
	[Server] ...finished evaluation!                
	=> Loss: 0.4621                
	=> Accuracy: 85.48%

[INFO](2026/09/14/ 02:04:51 AM) [Round: 0406] Select clients...!
[INFO](2026/09/14/ 02:04:51 AM) [Round: 0406] ...successfully transmitted models to 10 selected clients!
[INFO](2026/09/14/ 02:04:51 AM) [Round: 0406] Start updating selected 10 clients...!
[INFO](2026/09/14/ 02:05:30 AM) [Round: 0406] ...10 clients are selected and updated (with total sample size: 42)!
[INFO](2026/09/14/ 02:05:30 AM) [Round: 0406] Aggregate updated weights of 10 clients...!
[INFO](2026/09/14/ 02:05:30 AM) [Round: 0406] ...updated weights of 10 clients are successfully averaged!
[INFO](2026/09/14/ 02:05:31 AM) [Round: 0406] Evaluate global model's performance...!                
	[Server] ...finished evaluation!                
	=> Loss: 0.5108                
	=> Accuracy: 85.95%

[INFO](2026/09/14/ 02:05:31 AM) [Round: 0407] Select clients...!
[INFO](2026/09/14/ 02:05:32 AM) [Round: 0407] ...successfully transmitted models to 10 selected clients!
[INFO](2026/09/14/ 02:05:32 AM) [Round: 0407] Start updating selected 10 clients...!
[INFO](2026/09/14/ 02:05:53 AM) [Round: 0407] ...10 clients are selected and updated (with total sample size: 48)!
[INFO](2026/09/14/ 02:05:53 AM) [Round: 0407] Aggregate updated weights of 10 clients...!
[INFO](2026/09/14/ 02:05:53 AM) [Round: 0407] ...updated weights of 10 clients are successfully averaged!
[INFO](2026/09/14/ 02:05:54 AM) [Round: 0407] Evaluate global model's performance...!                
	[Server] ...finished evaluation!                
	=> Loss: 0.4924                
	=> Accuracy: 84.52%

[INFO](2026/09/14/ 02:05:54 AM) [Round: 0408] Select clients...!
[INFO](2026/09/14/ 02:05:54 AM) [Round: 0408] ...successfully transmitted models to 10 selected clients!
[INFO](2026/09/14/ 02:05:54 AM) [Round: 0408] Start updating selected 10 clients...!
[INFO](2026/09/14/ 02:06:20 AM) [Round: 0408] ...10 clients are selected and updated (with total sample size: 48)!
[INFO](2026/09/14/ 02:06:20 AM) [Round: 0408] Aggregate updated weights of 10 clients...!
[INFO](2026/09/14/ 02:06:20 AM) [Round: 0408] ...updated weights of 10 clients are successfully averaged!
[INFO](2026/09/14/ 02:06:21 AM) [Round: 0408] Evaluate global model's performance...!                
	[Server] ...finished evaluation!                
	=> Loss: 0.4923                
	=> Accuracy: 84.76%

[INFO](2026/09/14/ 02:06:21 AM) [Round: 0409] Select clients...!
[INFO](2026/09/14/ 02:06:21 AM) [Round: 0409] ...successfully transmitted models to 10 selected clients!
[INFO](2026/09/14/ 02:06:21 AM) [Round: 0409] Start updating selected 10 clients...!
[INFO](2026/09/14/ 02:06:46 AM) [Round: 0409] ...10 clients are selected and updated (with total sample size: 18)!
[INFO](2026/09/14/ 02:06:47 AM) [Round: 0409] Aggregate updated weights of 10 clients...!
[INFO](2026/09/14/ 02:06:47 AM) [Round: 0409] ...updated weights of 10 clients are successfully averaged!
[INFO](2026/09/14/ 02:06:48 AM) [Round: 0409] Evaluate global model's performance...!                
	[Server] ...finished evaluation!                
	=> Loss: 0.4633                
	=> Accuracy: 85.24%

[INFO](2026/09/14/ 02:06:48 AM) [Round: 0410] Select clients...!
[INFO](2026/09/14/ 02:06:48 AM) [Round: 0410] ...successfully transmitted models to 10 selected clients!
[INFO](2026/09/14/ 02:06:48 AM) [Round: 0410] Start updating selected 10 clients...!
[INFO](2026/09/14/ 02:07:13 AM) [Round: 0410] ...10 clients are selected and updated (with total sample size: 27)!
[INFO](2026/09/14/ 02:07:13 AM) [Round: 0410] Aggregate updated weights of 10 clients...!
[INFO](2026/09/14/ 02:07:13 AM) [Round: 0410] ...updated weights of 10 clients are successfully averaged!
[INFO](2026/09/14/ 02:07:15 AM) [Round: 0410] Evaluate global model's performance...!                
	[Server] ...finished evaluation!                
	=> Loss: 0.4725                
	=> Accuracy: 86.19%

[INFO](2026/09/14/ 02:07:15 AM) [Round: 0411] Select clients...!
[INFO](2026/09/14/ 02:07:15 AM) [Round: 0411] ...successfully transmitted models to 10 selected clients!
[INFO](2026/09/14/ 02:07:15 AM) [Round: 0411] Start updating selected 10 clients...!
[INFO](2026/09/14/ 02:07:48 AM) [Round: 0411] ...10 clients are selected and updated (with total sample size: 48)!
[INFO](2026/09/14/ 02:07:48 AM) [Round: 0411] Aggregate updated weights of 10 clients...!
[INFO](2026/09/14/ 02:07:48 AM) [Round: 0411] ...updated weights of 10 clients are successfully averaged!
[INFO](2026/09/14/ 02:07:49 AM) [Round: 0411] Evaluate global model's performance...!                
	[Server] ...finished evaluation!                
	=> Loss: 0.4440                
	=> Accuracy: 86.67%

[INFO](2026/09/14/ 02:07:50 AM) [Round: 0412] Select clients...!
[INFO](2026/09/14/ 02:07:50 AM) [Round: 0412] ...successfully transmitted models to 10 selected clients!
[INFO](2026/09/14/ 02:07:50 AM) [Round: 0412] Start updating selected 10 clients...!
[INFO](2026/09/14/ 02:08:18 AM) [Round: 0412] ...10 clients are selected and updated (with total sample size: 17)!
[INFO](2026/09/14/ 02:08:18 AM) [Round: 0412] Aggregate updated weights of 10 clients...!
[INFO](2026/09/14/ 02:08:19 AM) [Round: 0412] ...updated weights of 10 clients are successfully averaged!
[INFO](2026/09/14/ 02:08:20 AM) [Round: 0412] Evaluate global model's performance...!                
	[Server] ...finished evaluation!                
	=> Loss: 0.4951                
	=> Accuracy: 85.48%

[INFO](2026/09/14/ 02:08:20 AM) [Round: 0413] Select clients...!
[INFO](2026/09/14/ 02:08:20 AM) [Round: 0413] ...successfully transmitted models to 10 selected clients!
[INFO](2026/09/14/ 02:08:20 AM) [Round: 0413] Start updating selected 10 clients...!
[INFO](2026/09/14/ 02:08:49 AM) [Round: 0413] ...10 clients are selected and updated (with total sample size: 45)!
[INFO](2026/09/14/ 02:08:50 AM) [Round: 0413] Aggregate updated weights of 10 clients...!
[INFO](2026/09/14/ 02:08:50 AM) [Round: 0413] ...updated weights of 10 clients are successfully averaged!
[INFO](2026/09/14/ 02:08:51 AM) [Round: 0413] Evaluate global model's performance...!                
	[Server] ...finished evaluation!                
	=> Loss: 0.4849                
	=> Accuracy: 85.00%

[INFO](2026/09/14/ 02:08:51 AM) [Round: 0414] Select clients...!
[INFO](2026/09/14/ 02:08:51 AM) [Round: 0414] ...successfully transmitted models to 10 selected clients!
[INFO](2026/09/14/ 02:08:51 AM) [Round: 0414] Start updating selected 10 clients...!
[INFO](2026/09/14/ 02:09:28 AM) [Round: 0414] ...10 clients are selected and updated (with total sample size: 55)!
[INFO](2026/09/14/ 02:09:28 AM) [Round: 0414] Aggregate updated weights of 10 clients...!
[INFO](2026/09/14/ 02:09:28 AM) [Round: 0414] ...updated weights of 10 clients are successfully averaged!
[INFO](2026/09/14/ 02:09:29 AM) [Round: 0414] Evaluate global model's performance...!                
	[Server] ...finished evaluation!                
	=> Loss: 0.5349                
	=> Accuracy: 84.52%

[INFO](2026/09/14/ 02:09:30 AM) [Round: 0415] Select clients...!
[INFO](2026/09/14/ 02:09:30 AM) [Round: 0415] ...successfully transmitted models to 10 selected clients!
[INFO](2026/09/14/ 02:09:30 AM) [Round: 0415] Start updating selected 10 clients...!
[INFO](2026/09/14/ 02:09:58 AM) [Round: 0415] ...10 clients are selected and updated (with total sample size: 18)!
[INFO](2026/09/14/ 02:09:58 AM) [Round: 0415] Aggregate updated weights of 10 clients...!
[INFO](2026/09/14/ 02:09:58 AM) [Round: 0415] ...updated weights of 10 clients are successfully averaged!
[INFO](2026/09/14/ 02:09:59 AM) [Round: 0415] Evaluate global model's performance...!                
	[Server] ...finished evaluation!                
	=> Loss: 0.4749                
	=> Accuracy: 86.90%

[INFO](2026/09/14/ 02:09:59 AM) [Round: 0416] Select clients...!
[INFO](2026/09/14/ 02:09:59 AM) [Round: 0416] ...successfully transmitted models to 10 selected clients!
[INFO](2026/09/14/ 02:10:00 AM) [Round: 0416] Start updating selected 10 clients...!
[INFO](2026/09/14/ 02:10:31 AM) [Round: 0416] ...10 clients are selected and updated (with total sample size: 27)!
[INFO](2026/09/14/ 02:10:31 AM) [Round: 0416] Aggregate updated weights of 10 clients...!
[INFO](2026/09/14/ 02:10:31 AM) [Round: 0416] ...updated weights of 10 clients are successfully averaged!
[INFO](2026/09/14/ 02:10:32 AM) [Round: 0416] Evaluate global model's performance...!                
	[Server] ...finished evaluation!                
	=> Loss: 0.4733                
	=> Accuracy: 85.48%

[INFO](2026/09/14/ 02:10:32 AM) [Round: 0417] Select clients...!
[INFO](2026/09/14/ 02:10:32 AM) [Round: 0417] ...successfully transmitted models to 10 selected clients!
[INFO](2026/09/14/ 02:10:32 AM) [Round: 0417] Start updating selected 10 clients...!
[INFO](2026/09/14/ 02:11:05 AM) [Round: 0417] ...10 clients are selected and updated (with total sample size: 48)!
[INFO](2026/09/14/ 02:11:05 AM) [Round: 0417] Aggregate updated weights of 10 clients...!
[INFO](2026/09/14/ 02:11:05 AM) [Round: 0417] ...updated weights of 10 clients are successfully averaged!
[INFO](2026/09/14/ 02:11:06 AM) [Round: 0417] Evaluate global model's performance...!                
	[Server] ...finished evaluation!                
	=> Loss: 0.4915                
	=> Accuracy: 85.24%

[INFO](2026/09/14/ 02:11:06 AM) [Round: 0418] Select clients...!
[INFO](2026/09/14/ 02:11:07 AM) [Round: 0418] ...successfully transmitted models to 10 selected clients!
[INFO](2026/09/14/ 02:11:07 AM) [Round: 0418] Start updating selected 10 clients...!
[INFO](2026/09/14/ 02:11:36 AM) [Round: 0418] ...10 clients are selected and updated (with total sample size: 18)!
[INFO](2026/09/14/ 02:11:36 AM) [Round: 0418] Aggregate updated weights of 10 clients...!
[INFO](2026/09/14/ 02:11:36 AM) [Round: 0418] ...updated weights of 10 clients are successfully averaged!
[INFO](2026/09/14/ 02:11:38 AM) [Round: 0418] Evaluate global model's performance...!                
	[Server] ...finished evaluation!                
	=> Loss: 0.5196                
	=> Accuracy: 83.33%

[INFO](2026/09/14/ 02:11:38 AM) [Round: 0419] Select clients...!
[INFO](2026/09/14/ 02:11:38 AM) [Round: 0419] ...successfully transmitted models to 10 selected clients!
[INFO](2026/09/14/ 02:11:38 AM) [Round: 0419] Start updating selected 10 clients...!
[INFO](2026/09/14/ 02:12:09 AM) [Round: 0419] ...10 clients are selected and updated (with total sample size: 48)!
[INFO](2026/09/14/ 02:12:09 AM) [Round: 0419] Aggregate updated weights of 10 clients...!
[INFO](2026/09/14/ 02:12:09 AM) [Round: 0419] ...updated weights of 10 clients are successfully averaged!
[INFO](2026/09/14/ 02:12:11 AM) [Round: 0419] Evaluate global model's performance...!                
	[Server] ...finished evaluation!                
	=> Loss: 0.5006                
	=> Accuracy: 84.05%

[INFO](2026/09/14/ 02:12:11 AM) [Round: 0420] Select clients...!
[INFO](2026/09/14/ 02:12:11 AM) [Round: 0420] ...successfully transmitted models to 10 selected clients!
[INFO](2026/09/14/ 02:12:11 AM) [Round: 0420] Start updating selected 10 clients...!
[INFO](2026/09/14/ 02:12:40 AM) [Round: 0420] ...10 clients are selected and updated (with total sample size: 18)!
[INFO](2026/09/14/ 02:12:40 AM) [Round: 0420] Aggregate updated weights of 10 clients...!
[INFO](2026/09/14/ 02:12:40 AM) [Round: 0420] ...updated weights of 10 clients are successfully averaged!
[INFO](2026/09/14/ 02:12:41 AM) [Round: 0420] Evaluate global model's performance...!                
	[Server] ...finished evaluation!                
	=> Loss: 0.4692                
	=> Accuracy: 85.95%

[INFO](2026/09/14/ 02:12:41 AM) [Round: 0421] Select clients...!
[INFO](2026/09/14/ 02:12:42 AM) [Round: 0421] ...successfully transmitted models to 10 selected clients!
[INFO](2026/09/14/ 02:12:42 AM) [Round: 0421] Start updating selected 10 clients...!
[INFO](2026/09/14/ 02:13:13 AM) [Round: 0421] ...10 clients are selected and updated (with total sample size: 48)!
[INFO](2026/09/14/ 02:13:13 AM) [Round: 0421] Aggregate updated weights of 10 clients...!
[INFO](2026/09/14/ 02:13:13 AM) [Round: 0421] ...updated weights of 10 clients are successfully averaged!
[INFO](2026/09/14/ 02:13:14 AM) [Round: 0421] Evaluate global model's performance...!                
	[Server] ...finished evaluation!                
	=> Loss: 0.4535                
	=> Accuracy: 86.43%

[INFO](2026/09/14/ 02:13:14 AM) [Round: 0422] Select clients...!
[INFO](2026/09/14/ 02:13:14 AM) [Round: 0422] ...successfully transmitted models to 10 selected clients!
[INFO](2026/09/14/ 02:13:14 AM) [Round: 0422] Start updating selected 10 clients...!
[INFO](2026/09/14/ 02:13:51 AM) [Round: 0422] ...10 clients are selected and updated (with total sample size: 45)!
[INFO](2026/09/14/ 02:13:51 AM) [Round: 0422] Aggregate updated weights of 10 clients...!
[INFO](2026/09/14/ 02:13:51 AM) [Round: 0422] ...updated weights of 10 clients are successfully averaged!
[INFO](2026/09/14/ 02:13:52 AM) [Round: 0422] Evaluate global model's performance...!                
	[Server] ...finished evaluation!                
	=> Loss: 0.4784                
	=> Accuracy: 84.76%

[INFO](2026/09/14/ 02:13:53 AM) [Round: 0423] Select clients...!
[INFO](2026/09/14/ 02:13:53 AM) [Round: 0423] ...successfully transmitted models to 10 selected clients!
[INFO](2026/09/14/ 02:13:53 AM) [Round: 0423] Start updating selected 10 clients...!
[INFO](2026/09/14/ 02:14:17 AM) [Round: 0423] ...10 clients are selected and updated (with total sample size: 42)!
[INFO](2026/09/14/ 02:14:17 AM) [Round: 0423] Aggregate updated weights of 10 clients...!
[INFO](2026/09/14/ 02:14:18 AM) [Round: 0423] ...updated weights of 10 clients are successfully averaged!
[INFO](2026/09/14/ 02:14:19 AM) [Round: 0423] Evaluate global model's performance...!                
	[Server] ...finished evaluation!                
	=> Loss: 0.4583                
	=> Accuracy: 84.76%

[INFO](2026/09/14/ 02:14:19 AM) [Round: 0424] Select clients...!
[INFO](2026/09/14/ 02:14:19 AM) [Round: 0424] ...successfully transmitted models to 10 selected clients!
[INFO](2026/09/14/ 02:14:19 AM) [Round: 0424] Start updating selected 10 clients...!
[INFO](2026/09/14/ 02:14:49 AM) [Round: 0424] ...10 clients are selected and updated (with total sample size: 48)!
[INFO](2026/09/14/ 02:14:49 AM) [Round: 0424] Aggregate updated weights of 10 clients...!
[INFO](2026/09/14/ 02:14:49 AM) [Round: 0424] ...updated weights of 10 clients are successfully averaged!
[INFO](2026/09/14/ 02:14:50 AM) [Round: 0424] Evaluate global model's performance...!                
	[Server] ...finished evaluation!                
	=> Loss: 0.5113                
	=> Accuracy: 84.05%

[INFO](2026/09/14/ 02:14:50 AM) [Round: 0425] Select clients...!
[INFO](2026/09/14/ 02:14:51 AM) [Round: 0425] ...successfully transmitted models to 10 selected clients!
[INFO](2026/09/14/ 02:14:51 AM) [Round: 0425] Start updating selected 10 clients...!
[INFO](2026/09/14/ 02:15:23 AM) [Round: 0425] ...10 clients are selected and updated (with total sample size: 60)!
[INFO](2026/09/14/ 02:15:23 AM) [Round: 0425] Aggregate updated weights of 10 clients...!
[INFO](2026/09/14/ 02:15:23 AM) [Round: 0425] ...updated weights of 10 clients are successfully averaged!
[INFO](2026/09/14/ 02:15:24 AM) [Round: 0425] Evaluate global model's performance...!                
	[Server] ...finished evaluation!                
	=> Loss: 0.5000                
	=> Accuracy: 85.48%

[INFO](2026/09/14/ 02:15:24 AM) [Round: 0426] Select clients...!
[INFO](2026/09/14/ 02:15:24 AM) [Round: 0426] ...successfully transmitted models to 10 selected clients!
[INFO](2026/09/14/ 02:15:24 AM) [Round: 0426] Start updating selected 10 clients...!
[INFO](2026/09/14/ 02:15:58 AM) [Round: 0426] ...10 clients are selected and updated (with total sample size: 48)!
[INFO](2026/09/14/ 02:15:58 AM) [Round: 0426] Aggregate updated weights of 10 clients...!
[INFO](2026/09/14/ 02:15:58 AM) [Round: 0426] ...updated weights of 10 clients are successfully averaged!
[INFO](2026/09/14/ 02:15:59 AM) [Round: 0426] Evaluate global model's performance...!                
	[Server] ...finished evaluation!                
	=> Loss: 0.4477                
	=> Accuracy: 85.71%

[INFO](2026/09/14/ 02:15:59 AM) [Round: 0427] Select clients...!
[INFO](2026/09/14/ 02:16:00 AM) [Round: 0427] ...successfully transmitted models to 10 selected clients!
[INFO](2026/09/14/ 02:16:00 AM) [Round: 0427] Start updating selected 10 clients...!
[INFO](2026/09/14/ 02:16:47 AM) [Round: 0427] ...10 clients are selected and updated (with total sample size: 55)!
[INFO](2026/09/14/ 02:16:47 AM) [Round: 0427] Aggregate updated weights of 10 clients...!
[INFO](2026/09/14/ 02:16:47 AM) [Round: 0427] ...updated weights of 10 clients are successfully averaged!
[INFO](2026/09/14/ 02:16:48 AM) [Round: 0427] Evaluate global model's performance...!                
	[Server] ...finished evaluation!                
	=> Loss: 0.5404                
	=> Accuracy: 81.90%

[INFO](2026/09/14/ 02:16:48 AM) [Round: 0428] Select clients...!
[INFO](2026/09/14/ 02:16:49 AM) [Round: 0428] ...successfully transmitted models to 10 selected clients!
[INFO](2026/09/14/ 02:16:49 AM) [Round: 0428] Start updating selected 10 clients...!
[INFO](2026/09/14/ 02:17:25 AM) [Round: 0428] ...10 clients are selected and updated (with total sample size: 27)!
[INFO](2026/09/14/ 02:17:25 AM) [Round: 0428] Aggregate updated weights of 10 clients...!
[INFO](2026/09/14/ 02:17:25 AM) [Round: 0428] ...updated weights of 10 clients are successfully averaged!
[INFO](2026/09/14/ 02:17:26 AM) [Round: 0428] Evaluate global model's performance...!                
	[Server] ...finished evaluation!                
	=> Loss: 0.4461                
	=> Accuracy: 85.48%

[INFO](2026/09/14/ 02:17:26 AM) [Round: 0429] Select clients...!
[INFO](2026/09/14/ 02:17:26 AM) [Round: 0429] ...successfully transmitted models to 10 selected clients!
[INFO](2026/09/14/ 02:17:26 AM) [Round: 0429] Start updating selected 10 clients...!
[INFO](2026/09/14/ 02:17:54 AM) [Round: 0429] ...10 clients are selected and updated (with total sample size: 42)!
[INFO](2026/09/14/ 02:17:54 AM) [Round: 0429] Aggregate updated weights of 10 clients...!
[INFO](2026/09/14/ 02:17:55 AM) [Round: 0429] ...updated weights of 10 clients are successfully averaged!
[INFO](2026/09/14/ 02:17:56 AM) [Round: 0429] Evaluate global model's performance...!                
	[Server] ...finished evaluation!                
	=> Loss: 0.4409                
	=> Accuracy: 86.67%

[INFO](2026/09/14/ 02:17:56 AM) [Round: 0430] Select clients...!
[INFO](2026/09/14/ 02:17:57 AM) [Round: 0430] ...successfully transmitted models to 10 selected clients!
[INFO](2026/09/14/ 02:17:57 AM) [Round: 0430] Start updating selected 10 clients...!
[INFO](2026/09/14/ 02:18:24 AM) [Round: 0430] ...10 clients are selected and updated (with total sample size: 27)!
[INFO](2026/09/14/ 02:18:24 AM) [Round: 0430] Aggregate updated weights of 10 clients...!
[INFO](2026/09/14/ 02:18:24 AM) [Round: 0430] ...updated weights of 10 clients are successfully averaged!
[INFO](2026/09/14/ 02:18:25 AM) [Round: 0430] Evaluate global model's performance...!                
	[Server] ...finished evaluation!                
	=> Loss: 0.4605                
	=> Accuracy: 86.67%

[INFO](2026/09/14/ 02:18:25 AM) [Round: 0431] Select clients...!
[INFO](2026/09/14/ 02:18:26 AM) [Round: 0431] ...successfully transmitted models to 10 selected clients!
[INFO](2026/09/14/ 02:18:26 AM) [Round: 0431] Start updating selected 10 clients...!
[INFO](2026/09/14/ 02:18:50 AM) [Round: 0431] ...10 clients are selected and updated (with total sample size: 48)!
[INFO](2026/09/14/ 02:18:50 AM) [Round: 0431] Aggregate updated weights of 10 clients...!
[INFO](2026/09/14/ 02:18:50 AM) [Round: 0431] ...updated weights of 10 clients are successfully averaged!
[INFO](2026/09/14/ 02:18:52 AM) [Round: 0431] Evaluate global model's performance...!                
	[Server] ...finished evaluation!                
	=> Loss: 0.4756                
	=> Accuracy: 85.24%

[INFO](2026/09/14/ 02:18:52 AM) [Round: 0432] Select clients...!
[INFO](2026/09/14/ 02:18:52 AM) [Round: 0432] ...successfully transmitted models to 10 selected clients!
[INFO](2026/09/14/ 02:18:52 AM) [Round: 0432] Start updating selected 10 clients...!
[INFO](2026/09/14/ 02:19:24 AM) [Round: 0432] ...10 clients are selected and updated (with total sample size: 48)!
[INFO](2026/09/14/ 02:19:24 AM) [Round: 0432] Aggregate updated weights of 10 clients...!
[INFO](2026/09/14/ 02:19:24 AM) [Round: 0432] ...updated weights of 10 clients are successfully averaged!
[INFO](2026/09/14/ 02:19:25 AM) [Round: 0432] Evaluate global model's performance...!                
	[Server] ...finished evaluation!                
	=> Loss: 0.4358                
	=> Accuracy: 86.43%

[INFO](2026/09/14/ 02:19:25 AM) [Round: 0433] Select clients...!
[INFO](2026/09/14/ 02:19:26 AM) [Round: 0433] ...successfully transmitted models to 10 selected clients!
[INFO](2026/09/14/ 02:19:26 AM) [Round: 0433] Start updating selected 10 clients...!
[INFO](2026/09/14/ 02:20:01 AM) [Round: 0433] ...10 clients are selected and updated (with total sample size: 48)!
[INFO](2026/09/14/ 02:20:01 AM) [Round: 0433] Aggregate updated weights of 10 clients...!
[INFO](2026/09/14/ 02:20:01 AM) [Round: 0433] ...updated weights of 10 clients are successfully averaged!
[INFO](2026/09/14/ 02:20:02 AM) [Round: 0433] Evaluate global model's performance...!                
	[Server] ...finished evaluation!                
	=> Loss: 0.4963                
	=> Accuracy: 85.24%

[INFO](2026/09/14/ 02:20:02 AM) [Round: 0434] Select clients...!
[INFO](2026/09/14/ 02:20:02 AM) [Round: 0434] ...successfully transmitted models to 10 selected clients!
[INFO](2026/09/14/ 02:20:02 AM) [Round: 0434] Start updating selected 10 clients...!
[INFO](2026/09/14/ 02:20:34 AM) [Round: 0434] ...10 clients are selected and updated (with total sample size: 18)!
[INFO](2026/09/14/ 02:20:34 AM) [Round: 0434] Aggregate updated weights of 10 clients...!
[INFO](2026/09/14/ 02:20:35 AM) [Round: 0434] ...updated weights of 10 clients are successfully averaged!
[INFO](2026/09/14/ 02:20:36 AM) [Round: 0434] Evaluate global model's performance...!                
	[Server] ...finished evaluation!                
	=> Loss: 0.4957                
	=> Accuracy: 84.05%

[INFO](2026/09/14/ 02:20:36 AM) [Round: 0435] Select clients...!
[INFO](2026/09/14/ 02:20:36 AM) [Round: 0435] ...successfully transmitted models to 10 selected clients!
[INFO](2026/09/14/ 02:20:36 AM) [Round: 0435] Start updating selected 10 clients...!
[INFO](2026/09/14/ 02:21:08 AM) [Round: 0435] ...10 clients are selected and updated (with total sample size: 60)!
[INFO](2026/09/14/ 02:21:08 AM) [Round: 0435] Aggregate updated weights of 10 clients...!
[INFO](2026/09/14/ 02:21:08 AM) [Round: 0435] ...updated weights of 10 clients are successfully averaged!
[INFO](2026/09/14/ 02:21:09 AM) [Round: 0435] Evaluate global model's performance...!                
	[Server] ...finished evaluation!                
	=> Loss: 0.4609                
	=> Accuracy: 85.71%

[INFO](2026/09/14/ 02:21:09 AM) [Round: 0436] Select clients...!
[INFO](2026/09/14/ 02:21:10 AM) [Round: 0436] ...successfully transmitted models to 10 selected clients!
[INFO](2026/09/14/ 02:21:10 AM) [Round: 0436] Start updating selected 10 clients...!
[INFO](2026/09/14/ 02:21:32 AM) [Round: 0436] ...10 clients are selected and updated (with total sample size: 42)!
[INFO](2026/09/14/ 02:21:32 AM) [Round: 0436] Aggregate updated weights of 10 clients...!
[INFO](2026/09/14/ 02:21:32 AM) [Round: 0436] ...updated weights of 10 clients are successfully averaged!
[INFO](2026/09/14/ 02:21:33 AM) [Round: 0436] Evaluate global model's performance...!                
	[Server] ...finished evaluation!                
	=> Loss: 0.4856                
	=> Accuracy: 85.48%

[INFO](2026/09/14/ 02:21:33 AM) [Round: 0437] Select clients...!
[INFO](2026/09/14/ 02:21:34 AM) [Round: 0437] ...successfully transmitted models to 10 selected clients!
[INFO](2026/09/14/ 02:21:34 AM) [Round: 0437] Start updating selected 10 clients...!
[INFO](2026/09/14/ 02:21:58 AM) [Round: 0437] ...10 clients are selected and updated (with total sample size: 27)!
[INFO](2026/09/14/ 02:21:58 AM) [Round: 0437] Aggregate updated weights of 10 clients...!
[INFO](2026/09/14/ 02:21:58 AM) [Round: 0437] ...updated weights of 10 clients are successfully averaged!
[INFO](2026/09/14/ 02:21:59 AM) [Round: 0437] Evaluate global model's performance...!                
	[Server] ...finished evaluation!                
	=> Loss: 0.4625                
	=> Accuracy: 85.24%

[INFO](2026/09/14/ 02:22:00 AM) [Round: 0438] Select clients...!
[INFO](2026/09/14/ 02:22:00 AM) [Round: 0438] ...successfully transmitted models to 10 selected clients!
[INFO](2026/09/14/ 02:22:00 AM) [Round: 0438] Start updating selected 10 clients...!
[INFO](2026/09/14/ 02:22:27 AM) [Round: 0438] ...10 clients are selected and updated (with total sample size: 27)!
[INFO](2026/09/14/ 02:22:27 AM) [Round: 0438] Aggregate updated weights of 10 clients...!
[INFO](2026/09/14/ 02:22:27 AM) [Round: 0438] ...updated weights of 10 clients are successfully averaged!
[INFO](2026/09/14/ 02:22:28 AM) [Round: 0438] Evaluate global model's performance...!                
	[Server] ...finished evaluation!                
	=> Loss: 0.4940                
	=> Accuracy: 85.00%

[INFO](2026/09/14/ 02:22:28 AM) [Round: 0439] Select clients...!
[INFO](2026/09/14/ 02:22:29 AM) [Round: 0439] ...successfully transmitted models to 10 selected clients!
[INFO](2026/09/14/ 02:22:29 AM) [Round: 0439] Start updating selected 10 clients...!
[INFO](2026/09/14/ 02:23:06 AM) [Round: 0439] ...10 clients are selected and updated (with total sample size: 18)!
[INFO](2026/09/14/ 02:23:06 AM) [Round: 0439] Aggregate updated weights of 10 clients...!
[INFO](2026/09/14/ 02:23:06 AM) [Round: 0439] ...updated weights of 10 clients are successfully averaged!
[INFO](2026/09/14/ 02:23:07 AM) [Round: 0439] Evaluate global model's performance...!                
	[Server] ...finished evaluation!                
	=> Loss: 0.4894                
	=> Accuracy: 85.48%

[INFO](2026/09/14/ 02:23:07 AM) [Round: 0440] Select clients...!
[INFO](2026/09/14/ 02:23:07 AM) [Round: 0440] ...successfully transmitted models to 10 selected clients!
[INFO](2026/09/14/ 02:23:08 AM) [Round: 0440] Start updating selected 10 clients...!
[INFO](2026/09/14/ 02:23:36 AM) [Round: 0440] ...10 clients are selected and updated (with total sample size: 27)!
[INFO](2026/09/14/ 02:23:36 AM) [Round: 0440] Aggregate updated weights of 10 clients...!
[INFO](2026/09/14/ 02:23:36 AM) [Round: 0440] ...updated weights of 10 clients are successfully averaged!
[INFO](2026/09/14/ 02:23:37 AM) [Round: 0440] Evaluate global model's performance...!                
	[Server] ...finished evaluation!                
	=> Loss: 0.4655                
	=> Accuracy: 85.71%

[INFO](2026/09/14/ 02:23:38 AM) [Round: 0441] Select clients...!
[INFO](2026/09/14/ 02:23:38 AM) [Round: 0441] ...successfully transmitted models to 10 selected clients!
[INFO](2026/09/14/ 02:23:38 AM) [Round: 0441] Start updating selected 10 clients...!
[INFO](2026/09/14/ 02:24:19 AM) [Round: 0441] ...10 clients are selected and updated (with total sample size: 48)!
[INFO](2026/09/14/ 02:24:19 AM) [Round: 0441] Aggregate updated weights of 10 clients...!
[INFO](2026/09/14/ 02:24:20 AM) [Round: 0441] ...updated weights of 10 clients are successfully averaged!
[INFO](2026/09/14/ 02:24:21 AM) [Round: 0441] Evaluate global model's performance...!                
	[Server] ...finished evaluation!                
	=> Loss: 0.4915                
	=> Accuracy: 84.76%

[INFO](2026/09/14/ 02:24:21 AM) [Round: 0442] Select clients...!
[INFO](2026/09/14/ 02:24:21 AM) [Round: 0442] ...successfully transmitted models to 10 selected clients!
[INFO](2026/09/14/ 02:24:21 AM) [Round: 0442] Start updating selected 10 clients...!
[INFO](2026/09/14/ 02:24:51 AM) [Round: 0442] ...10 clients are selected and updated (with total sample size: 44)!
[INFO](2026/09/14/ 02:24:51 AM) [Round: 0442] Aggregate updated weights of 10 clients...!
[INFO](2026/09/14/ 02:24:52 AM) [Round: 0442] ...updated weights of 10 clients are successfully averaged!
[INFO](2026/09/14/ 02:24:53 AM) [Round: 0442] Evaluate global model's performance...!                
	[Server] ...finished evaluation!                
	=> Loss: 0.4635                
	=> Accuracy: 85.71%

[INFO](2026/09/14/ 02:24:53 AM) [Round: 0443] Select clients...!
[INFO](2026/09/14/ 02:24:53 AM) [Round: 0443] ...successfully transmitted models to 10 selected clients!
[INFO](2026/09/14/ 02:24:53 AM) [Round: 0443] Start updating selected 10 clients...!
[INFO](2026/09/14/ 02:25:25 AM) [Round: 0443] ...10 clients are selected and updated (with total sample size: 27)!
[INFO](2026/09/14/ 02:25:25 AM) [Round: 0443] Aggregate updated weights of 10 clients...!
[INFO](2026/09/14/ 02:25:26 AM) [Round: 0443] ...updated weights of 10 clients are successfully averaged!
[INFO](2026/09/14/ 02:25:27 AM) [Round: 0443] Evaluate global model's performance...!                
	[Server] ...finished evaluation!                
	=> Loss: 0.4939                
	=> Accuracy: 85.00%

[INFO](2026/09/14/ 02:25:27 AM) [Round: 0444] Select clients...!
[INFO](2026/09/14/ 02:25:27 AM) [Round: 0444] ...successfully transmitted models to 10 selected clients!
[INFO](2026/09/14/ 02:25:27 AM) [Round: 0444] Start updating selected 10 clients...!
[INFO](2026/09/14/ 02:25:54 AM) [Round: 0444] ...10 clients are selected and updated (with total sample size: 55)!
[INFO](2026/09/14/ 02:25:54 AM) [Round: 0444] Aggregate updated weights of 10 clients...!
[INFO](2026/09/14/ 02:25:54 AM) [Round: 0444] ...updated weights of 10 clients are successfully averaged!
[INFO](2026/09/14/ 02:25:55 AM) [Round: 0444] Evaluate global model's performance...!                
	[Server] ...finished evaluation!                
	=> Loss: 0.5132                
	=> Accuracy: 85.00%

[INFO](2026/09/14/ 02:25:56 AM) [Round: 0445] Select clients...!
[INFO](2026/09/14/ 02:25:56 AM) [Round: 0445] ...successfully transmitted models to 10 selected clients!
[INFO](2026/09/14/ 02:25:56 AM) [Round: 0445] Start updating selected 10 clients...!
[INFO](2026/09/14/ 02:26:24 AM) [Round: 0445] ...10 clients are selected and updated (with total sample size: 18)!
[INFO](2026/09/14/ 02:26:24 AM) [Round: 0445] Aggregate updated weights of 10 clients...!
[INFO](2026/09/14/ 02:26:24 AM) [Round: 0445] ...updated weights of 10 clients are successfully averaged!
[INFO](2026/09/14/ 02:26:26 AM) [Round: 0445] Evaluate global model's performance...!                
	[Server] ...finished evaluation!                
	=> Loss: 0.4429                
	=> Accuracy: 87.14%

[INFO](2026/09/14/ 02:26:26 AM) [Round: 0446] Select clients...!
[INFO](2026/09/14/ 02:26:26 AM) [Round: 0446] ...successfully transmitted models to 10 selected clients!
[INFO](2026/09/14/ 02:26:26 AM) [Round: 0446] Start updating selected 10 clients...!
[INFO](2026/09/14/ 02:26:56 AM) [Round: 0446] ...10 clients are selected and updated (with total sample size: 48)!
[INFO](2026/09/14/ 02:26:56 AM) [Round: 0446] Aggregate updated weights of 10 clients...!
[INFO](2026/09/14/ 02:26:57 AM) [Round: 0446] ...updated weights of 10 clients are successfully averaged!
[INFO](2026/09/14/ 02:26:58 AM) [Round: 0446] Evaluate global model's performance...!                
	[Server] ...finished evaluation!                
	=> Loss: 0.4434                
	=> Accuracy: 87.14%

[INFO](2026/09/14/ 02:26:58 AM) [Round: 0447] Select clients...!
[INFO](2026/09/14/ 02:26:58 AM) [Round: 0447] ...successfully transmitted models to 10 selected clients!
[INFO](2026/09/14/ 02:26:58 AM) [Round: 0447] Start updating selected 10 clients...!
[INFO](2026/09/14/ 02:27:32 AM) [Round: 0447] ...10 clients are selected and updated (with total sample size: 55)!
[INFO](2026/09/14/ 02:27:32 AM) [Round: 0447] Aggregate updated weights of 10 clients...!
[INFO](2026/09/14/ 02:27:32 AM) [Round: 0447] ...updated weights of 10 clients are successfully averaged!
[INFO](2026/09/14/ 02:27:33 AM) [Round: 0447] Evaluate global model's performance...!                
	[Server] ...finished evaluation!                
	=> Loss: 0.4835                
	=> Accuracy: 85.48%

[INFO](2026/09/14/ 02:27:33 AM) [Round: 0448] Select clients...!
[INFO](2026/09/14/ 02:27:33 AM) [Round: 0448] ...successfully transmitted models to 10 selected clients!
[INFO](2026/09/14/ 02:27:33 AM) [Round: 0448] Start updating selected 10 clients...!
[INFO](2026/09/14/ 02:28:04 AM) [Round: 0448] ...10 clients are selected and updated (with total sample size: 46)!
[INFO](2026/09/14/ 02:28:04 AM) [Round: 0448] Aggregate updated weights of 10 clients...!
[INFO](2026/09/14/ 02:28:04 AM) [Round: 0448] ...updated weights of 10 clients are successfully averaged!
[INFO](2026/09/14/ 02:28:05 AM) [Round: 0448] Evaluate global model's performance...!                
	[Server] ...finished evaluation!                
	=> Loss: 0.4699                
	=> Accuracy: 85.71%

[INFO](2026/09/14/ 02:28:06 AM) [Round: 0449] Select clients...!
[INFO](2026/09/14/ 02:28:06 AM) [Round: 0449] ...successfully transmitted models to 10 selected clients!
[INFO](2026/09/14/ 02:28:06 AM) [Round: 0449] Start updating selected 10 clients...!
[INFO](2026/09/14/ 02:28:35 AM) [Round: 0449] ...10 clients are selected and updated (with total sample size: 55)!
[INFO](2026/09/14/ 02:28:35 AM) [Round: 0449] Aggregate updated weights of 10 clients...!
[INFO](2026/09/14/ 02:28:35 AM) [Round: 0449] ...updated weights of 10 clients are successfully averaged!
[INFO](2026/09/14/ 02:28:36 AM) [Round: 0449] Evaluate global model's performance...!                
	[Server] ...finished evaluation!                
	=> Loss: 0.4446                
	=> Accuracy: 87.14%

[INFO](2026/09/14/ 02:28:37 AM) [Round: 0450] Select clients...!
[INFO](2026/09/14/ 02:28:37 AM) [Round: 0450] ...successfully transmitted models to 10 selected clients!
[INFO](2026/09/14/ 02:28:37 AM) [Round: 0450] Start updating selected 10 clients...!
[INFO](2026/09/14/ 02:29:12 AM) [Round: 0450] ...10 clients are selected and updated (with total sample size: 18)!
[INFO](2026/09/14/ 02:29:12 AM) [Round: 0450] Aggregate updated weights of 10 clients...!
[INFO](2026/09/14/ 02:29:12 AM) [Round: 0450] ...updated weights of 10 clients are successfully averaged!
[INFO](2026/09/14/ 02:29:13 AM) [Round: 0450] Evaluate global model's performance...!                
	[Server] ...finished evaluation!                
	=> Loss: 0.4610                
	=> Accuracy: 86.43%

[INFO](2026/09/14/ 02:29:13 AM) [Round: 0451] Select clients...!
[INFO](2026/09/14/ 02:29:14 AM) [Round: 0451] ...successfully transmitted models to 10 selected clients!
[INFO](2026/09/14/ 02:29:14 AM) [Round: 0451] Start updating selected 10 clients...!
[INFO](2026/09/14/ 02:29:47 AM) [Round: 0451] ...10 clients are selected and updated (with total sample size: 46)!
[INFO](2026/09/14/ 02:29:47 AM) [Round: 0451] Aggregate updated weights of 10 clients...!
[INFO](2026/09/14/ 02:29:48 AM) [Round: 0451] ...updated weights of 10 clients are successfully averaged!
[INFO](2026/09/14/ 02:29:49 AM) [Round: 0451] Evaluate global model's performance...!                
	[Server] ...finished evaluation!                
	=> Loss: 0.4519                
	=> Accuracy: 86.67%

[INFO](2026/09/14/ 02:29:49 AM) [Round: 0452] Select clients...!
[INFO](2026/09/14/ 02:29:49 AM) [Round: 0452] ...successfully transmitted models to 10 selected clients!
[INFO](2026/09/14/ 02:29:49 AM) [Round: 0452] Start updating selected 10 clients...!
[INFO](2026/09/14/ 02:30:22 AM) [Round: 0452] ...10 clients are selected and updated (with total sample size: 44)!
[INFO](2026/09/14/ 02:30:22 AM) [Round: 0452] Aggregate updated weights of 10 clients...!
[INFO](2026/09/14/ 02:30:22 AM) [Round: 0452] ...updated weights of 10 clients are successfully averaged!
[INFO](2026/09/14/ 02:30:23 AM) [Round: 0452] Evaluate global model's performance...!                
	[Server] ...finished evaluation!                
	=> Loss: 0.4248                
	=> Accuracy: 87.38%

[INFO](2026/09/14/ 02:30:23 AM) [Round: 0453] Select clients...!
[INFO](2026/09/14/ 02:30:24 AM) [Round: 0453] ...successfully transmitted models to 10 selected clients!
[INFO](2026/09/14/ 02:30:24 AM) [Round: 0453] Start updating selected 10 clients...!
[INFO](2026/09/14/ 02:30:56 AM) [Round: 0453] ...10 clients are selected and updated (with total sample size: 27)!
[INFO](2026/09/14/ 02:30:57 AM) [Round: 0453] Aggregate updated weights of 10 clients...!
[INFO](2026/09/14/ 02:30:57 AM) [Round: 0453] ...updated weights of 10 clients are successfully averaged!
[INFO](2026/09/14/ 02:30:58 AM) [Round: 0453] Evaluate global model's performance...!                
	[Server] ...finished evaluation!                
	=> Loss: 0.4721                
	=> Accuracy: 85.24%

[INFO](2026/09/14/ 02:30:58 AM) [Round: 0454] Select clients...!
[INFO](2026/09/14/ 02:30:58 AM) [Round: 0454] ...successfully transmitted models to 10 selected clients!
[INFO](2026/09/14/ 02:30:58 AM) [Round: 0454] Start updating selected 10 clients...!
[INFO](2026/09/14/ 02:31:28 AM) [Round: 0454] ...10 clients are selected and updated (with total sample size: 55)!
[INFO](2026/09/14/ 02:31:28 AM) [Round: 0454] Aggregate updated weights of 10 clients...!
[INFO](2026/09/14/ 02:31:28 AM) [Round: 0454] ...updated weights of 10 clients are successfully averaged!
[INFO](2026/09/14/ 02:31:30 AM) [Round: 0454] Evaluate global model's performance...!                
	[Server] ...finished evaluation!                
	=> Loss: 0.4702                
	=> Accuracy: 85.48%

[INFO](2026/09/14/ 02:31:30 AM) [Round: 0455] Select clients...!
[INFO](2026/09/14/ 02:31:30 AM) [Round: 0455] ...successfully transmitted models to 10 selected clients!
[INFO](2026/09/14/ 02:31:30 AM) [Round: 0455] Start updating selected 10 clients...!
[INFO](2026/09/14/ 02:31:59 AM) [Round: 0455] ...10 clients are selected and updated (with total sample size: 27)!
[INFO](2026/09/14/ 02:31:59 AM) [Round: 0455] Aggregate updated weights of 10 clients...!
[INFO](2026/09/14/ 02:31:59 AM) [Round: 0455] ...updated weights of 10 clients are successfully averaged!
[INFO](2026/09/14/ 02:32:00 AM) [Round: 0455] Evaluate global model's performance...!                
	[Server] ...finished evaluation!                
	=> Loss: 0.4764                
	=> Accuracy: 86.43%

[INFO](2026/09/14/ 02:32:00 AM) [Round: 0456] Select clients...!
[INFO](2026/09/14/ 02:32:01 AM) [Round: 0456] ...successfully transmitted models to 10 selected clients!
[INFO](2026/09/14/ 02:32:01 AM) [Round: 0456] Start updating selected 10 clients...!
[INFO](2026/09/14/ 02:32:34 AM) [Round: 0456] ...10 clients are selected and updated (with total sample size: 48)!
[INFO](2026/09/14/ 02:32:34 AM) [Round: 0456] Aggregate updated weights of 10 clients...!
[INFO](2026/09/14/ 02:32:34 AM) [Round: 0456] ...updated weights of 10 clients are successfully averaged!
[INFO](2026/09/14/ 02:32:35 AM) [Round: 0456] Evaluate global model's performance...!                
	[Server] ...finished evaluation!                
	=> Loss: 0.4735                
	=> Accuracy: 85.71%

[INFO](2026/09/14/ 02:32:35 AM) [Round: 0457] Select clients...!
[INFO](2026/09/14/ 02:32:35 AM) [Round: 0457] ...successfully transmitted models to 10 selected clients!
[INFO](2026/09/14/ 02:32:36 AM) [Round: 0457] Start updating selected 10 clients...!
[INFO](2026/09/14/ 02:33:13 AM) [Round: 0457] ...10 clients are selected and updated (with total sample size: 27)!
[INFO](2026/09/14/ 02:33:13 AM) [Round: 0457] Aggregate updated weights of 10 clients...!
[INFO](2026/09/14/ 02:33:13 AM) [Round: 0457] ...updated weights of 10 clients are successfully averaged!
[INFO](2026/09/14/ 02:33:14 AM) [Round: 0457] Evaluate global model's performance...!                
	[Server] ...finished evaluation!                
	=> Loss: 0.4307                
	=> Accuracy: 87.62%

[INFO](2026/09/14/ 02:33:14 AM) [Round: 0458] Select clients...!
[INFO](2026/09/14/ 02:33:15 AM) [Round: 0458] ...successfully transmitted models to 10 selected clients!
[INFO](2026/09/14/ 02:33:15 AM) [Round: 0458] Start updating selected 10 clients...!
[INFO](2026/09/14/ 02:33:38 AM) [Round: 0458] ...10 clients are selected and updated (with total sample size: 17)!
[INFO](2026/09/14/ 02:33:38 AM) [Round: 0458] Aggregate updated weights of 10 clients...!
[INFO](2026/09/14/ 02:33:38 AM) [Round: 0458] ...updated weights of 10 clients are successfully averaged!
[INFO](2026/09/14/ 02:33:39 AM) [Round: 0458] Evaluate global model's performance...!                
	[Server] ...finished evaluation!                
	=> Loss: 0.4305                
	=> Accuracy: 87.62%

[INFO](2026/09/14/ 02:33:39 AM) [Round: 0459] Select clients...!
[INFO](2026/09/14/ 02:33:39 AM) [Round: 0459] ...successfully transmitted models to 10 selected clients!
[INFO](2026/09/14/ 02:33:39 AM) [Round: 0459] Start updating selected 10 clients...!
[INFO](2026/09/14/ 02:34:13 AM) [Round: 0459] ...10 clients are selected and updated (with total sample size: 55)!
[INFO](2026/09/14/ 02:34:13 AM) [Round: 0459] Aggregate updated weights of 10 clients...!
[INFO](2026/09/14/ 02:34:13 AM) [Round: 0459] ...updated weights of 10 clients are successfully averaged!
[INFO](2026/09/14/ 02:34:15 AM) [Round: 0459] Evaluate global model's performance...!                
	[Server] ...finished evaluation!                
	=> Loss: 0.4398                
	=> Accuracy: 87.62%

[INFO](2026/09/14/ 02:34:15 AM) [Round: 0460] Select clients...!
[INFO](2026/09/14/ 02:34:15 AM) [Round: 0460] ...successfully transmitted models to 10 selected clients!
[INFO](2026/09/14/ 02:34:15 AM) [Round: 0460] Start updating selected 10 clients...!
[INFO](2026/09/14/ 02:34:36 AM) [Round: 0460] ...10 clients are selected and updated (with total sample size: 41)!
[INFO](2026/09/14/ 02:34:36 AM) [Round: 0460] Aggregate updated weights of 10 clients...!
[INFO](2026/09/14/ 02:34:37 AM) [Round: 0460] ...updated weights of 10 clients are successfully averaged!
[INFO](2026/09/14/ 02:34:38 AM) [Round: 0460] Evaluate global model's performance...!                
	[Server] ...finished evaluation!                
	=> Loss: 0.4232                
	=> Accuracy: 87.14%

[INFO](2026/09/14/ 02:34:38 AM) [Round: 0461] Select clients...!
[INFO](2026/09/14/ 02:34:38 AM) [Round: 0461] ...successfully transmitted models to 10 selected clients!
[INFO](2026/09/14/ 02:34:38 AM) [Round: 0461] Start updating selected 10 clients...!
[INFO](2026/09/14/ 02:35:12 AM) [Round: 0461] ...10 clients are selected and updated (with total sample size: 27)!
[INFO](2026/09/14/ 02:35:12 AM) [Round: 0461] Aggregate updated weights of 10 clients...!
[INFO](2026/09/14/ 02:35:12 AM) [Round: 0461] ...updated weights of 10 clients are successfully averaged!
[INFO](2026/09/14/ 02:35:13 AM) [Round: 0461] Evaluate global model's performance...!                
	[Server] ...finished evaluation!                
	=> Loss: 0.4477                
	=> Accuracy: 87.14%

[INFO](2026/09/14/ 02:35:13 AM) [Round: 0462] Select clients...!
[INFO](2026/09/14/ 02:35:13 AM) [Round: 0462] ...successfully transmitted models to 10 selected clients!
[INFO](2026/09/14/ 02:35:13 AM) [Round: 0462] Start updating selected 10 clients...!
[INFO](2026/09/14/ 02:35:49 AM) [Round: 0462] ...10 clients are selected and updated (with total sample size: 48)!
[INFO](2026/09/14/ 02:35:49 AM) [Round: 0462] Aggregate updated weights of 10 clients...!
[INFO](2026/09/14/ 02:35:49 AM) [Round: 0462] ...updated weights of 10 clients are successfully averaged!
[INFO](2026/09/14/ 02:35:50 AM) [Round: 0462] Evaluate global model's performance...!                
	[Server] ...finished evaluation!                
	=> Loss: 0.4386                
	=> Accuracy: 86.43%

[INFO](2026/09/14/ 02:35:50 AM) [Round: 0463] Select clients...!
[INFO](2026/09/14/ 02:35:50 AM) [Round: 0463] ...successfully transmitted models to 10 selected clients!
[INFO](2026/09/14/ 02:35:50 AM) [Round: 0463] Start updating selected 10 clients...!
[INFO](2026/09/14/ 02:36:23 AM) [Round: 0463] ...10 clients are selected and updated (with total sample size: 27)!
[INFO](2026/09/14/ 02:36:24 AM) [Round: 0463] Aggregate updated weights of 10 clients...!
[INFO](2026/09/14/ 02:36:24 AM) [Round: 0463] ...updated weights of 10 clients are successfully averaged!
[INFO](2026/09/14/ 02:36:25 AM) [Round: 0463] Evaluate global model's performance...!                
	[Server] ...finished evaluation!                
	=> Loss: 0.4534                
	=> Accuracy: 85.95%

[INFO](2026/09/14/ 02:36:25 AM) [Round: 0464] Select clients...!
[INFO](2026/09/14/ 02:36:25 AM) [Round: 0464] ...successfully transmitted models to 10 selected clients!
[INFO](2026/09/14/ 02:36:25 AM) [Round: 0464] Start updating selected 10 clients...!
[INFO](2026/09/14/ 02:36:59 AM) [Round: 0464] ...10 clients are selected and updated (with total sample size: 26)!
[INFO](2026/09/14/ 02:36:59 AM) [Round: 0464] Aggregate updated weights of 10 clients...!
[INFO](2026/09/14/ 02:37:00 AM) [Round: 0464] ...updated weights of 10 clients are successfully averaged!
[INFO](2026/09/14/ 02:37:01 AM) [Round: 0464] Evaluate global model's performance...!                
	[Server] ...finished evaluation!                
	=> Loss: 0.4816                
	=> Accuracy: 87.38%

[INFO](2026/09/14/ 02:37:01 AM) [Round: 0465] Select clients...!
[INFO](2026/09/14/ 02:37:01 AM) [Round: 0465] ...successfully transmitted models to 10 selected clients!
[INFO](2026/09/14/ 02:37:01 AM) [Round: 0465] Start updating selected 10 clients...!
[INFO](2026/09/14/ 02:37:33 AM) [Round: 0465] ...10 clients are selected and updated (with total sample size: 48)!
[INFO](2026/09/14/ 02:37:33 AM) [Round: 0465] Aggregate updated weights of 10 clients...!
[INFO](2026/09/14/ 02:37:33 AM) [Round: 0465] ...updated weights of 10 clients are successfully averaged!
[INFO](2026/09/14/ 02:37:34 AM) [Round: 0465] Evaluate global model's performance...!                
	[Server] ...finished evaluation!                
	=> Loss: 0.4339                
	=> Accuracy: 87.38%

[INFO](2026/09/14/ 02:37:34 AM) [Round: 0466] Select clients...!
[INFO](2026/09/14/ 02:37:34 AM) [Round: 0466] ...successfully transmitted models to 10 selected clients!
[INFO](2026/09/14/ 02:37:34 AM) [Round: 0466] Start updating selected 10 clients...!
[INFO](2026/09/14/ 02:37:53 AM) [Round: 0466] ...10 clients are selected and updated (with total sample size: 26)!
[INFO](2026/09/14/ 02:37:54 AM) [Round: 0466] Aggregate updated weights of 10 clients...!
[INFO](2026/09/14/ 02:37:54 AM) [Round: 0466] ...updated weights of 10 clients are successfully averaged!
[INFO](2026/09/14/ 02:37:55 AM) [Round: 0466] Evaluate global model's performance...!                
	[Server] ...finished evaluation!                
	=> Loss: 0.4374                
	=> Accuracy: 86.43%

[INFO](2026/09/14/ 02:37:55 AM) [Round: 0467] Select clients...!
[INFO](2026/09/14/ 02:37:55 AM) [Round: 0467] ...successfully transmitted models to 10 selected clients!
[INFO](2026/09/14/ 02:37:55 AM) [Round: 0467] Start updating selected 10 clients...!
[INFO](2026/09/14/ 02:38:33 AM) [Round: 0467] ...10 clients are selected and updated (with total sample size: 48)!
[INFO](2026/09/14/ 02:38:33 AM) [Round: 0467] Aggregate updated weights of 10 clients...!
[INFO](2026/09/14/ 02:38:33 AM) [Round: 0467] ...updated weights of 10 clients are successfully averaged!
[INFO](2026/09/14/ 02:38:35 AM) [Round: 0467] Evaluate global model's performance...!                
	[Server] ...finished evaluation!                
	=> Loss: 0.4541                
	=> Accuracy: 87.14%

[INFO](2026/09/14/ 02:38:35 AM) [Round: 0468] Select clients...!
[INFO](2026/09/14/ 02:38:35 AM) [Round: 0468] ...successfully transmitted models to 10 selected clients!
[INFO](2026/09/14/ 02:38:35 AM) [Round: 0468] Start updating selected 10 clients...!
[INFO](2026/09/14/ 02:39:11 AM) [Round: 0468] ...10 clients are selected and updated (with total sample size: 27)!
[INFO](2026/09/14/ 02:39:11 AM) [Round: 0468] Aggregate updated weights of 10 clients...!
[INFO](2026/09/14/ 02:39:11 AM) [Round: 0468] ...updated weights of 10 clients are successfully averaged!
[INFO](2026/09/14/ 02:39:13 AM) [Round: 0468] Evaluate global model's performance...!                
	[Server] ...finished evaluation!                
	=> Loss: 0.4219                
	=> Accuracy: 87.14%

[INFO](2026/09/14/ 02:39:13 AM) [Round: 0469] Select clients...!
[INFO](2026/09/14/ 02:39:13 AM) [Round: 0469] ...successfully transmitted models to 10 selected clients!
[INFO](2026/09/14/ 02:39:13 AM) [Round: 0469] Start updating selected 10 clients...!
[INFO](2026/09/14/ 02:39:44 AM) [Round: 0469] ...10 clients are selected and updated (with total sample size: 27)!
[INFO](2026/09/14/ 02:39:44 AM) [Round: 0469] Aggregate updated weights of 10 clients...!
[INFO](2026/09/14/ 02:39:45 AM) [Round: 0469] ...updated weights of 10 clients are successfully averaged!
[INFO](2026/09/14/ 02:39:46 AM) [Round: 0469] Evaluate global model's performance...!                
	[Server] ...finished evaluation!                
	=> Loss: 0.4330                
	=> Accuracy: 88.10%

[INFO](2026/09/14/ 02:39:46 AM) [Round: 0470] Select clients...!
[INFO](2026/09/14/ 02:39:46 AM) [Round: 0470] ...successfully transmitted models to 10 selected clients!
[INFO](2026/09/14/ 02:39:46 AM) [Round: 0470] Start updating selected 10 clients...!
[INFO](2026/09/14/ 02:40:08 AM) [Round: 0470] ...10 clients are selected and updated (with total sample size: 27)!
[INFO](2026/09/14/ 02:40:08 AM) [Round: 0470] Aggregate updated weights of 10 clients...!
[INFO](2026/09/14/ 02:40:08 AM) [Round: 0470] ...updated weights of 10 clients are successfully averaged!
[INFO](2026/09/14/ 02:40:09 AM) [Round: 0470] Evaluate global model's performance...!                
	[Server] ...finished evaluation!                
	=> Loss: 0.4522                
	=> Accuracy: 86.90%

[INFO](2026/09/14/ 02:40:09 AM) [Round: 0471] Select clients...!
[INFO](2026/09/14/ 02:40:09 AM) [Round: 0471] ...successfully transmitted models to 10 selected clients!
[INFO](2026/09/14/ 02:40:09 AM) [Round: 0471] Start updating selected 10 clients...!
[INFO](2026/09/14/ 02:40:49 AM) [Round: 0471] ...10 clients are selected and updated (with total sample size: 44)!
[INFO](2026/09/14/ 02:40:49 AM) [Round: 0471] Aggregate updated weights of 10 clients...!
[INFO](2026/09/14/ 02:40:50 AM) [Round: 0471] ...updated weights of 10 clients are successfully averaged!
[INFO](2026/09/14/ 02:40:51 AM) [Round: 0471] Evaluate global model's performance...!                
	[Server] ...finished evaluation!                
	=> Loss: 0.4401                
	=> Accuracy: 86.90%

[INFO](2026/09/14/ 02:40:51 AM) [Round: 0472] Select clients...!
[INFO](2026/09/14/ 02:40:51 AM) [Round: 0472] ...successfully transmitted models to 10 selected clients!
[INFO](2026/09/14/ 02:40:51 AM) [Round: 0472] Start updating selected 10 clients...!
[INFO](2026/09/14/ 02:41:26 AM) [Round: 0472] ...10 clients are selected and updated (with total sample size: 42)!
[INFO](2026/09/14/ 02:41:26 AM) [Round: 0472] Aggregate updated weights of 10 clients...!
[INFO](2026/09/14/ 02:41:26 AM) [Round: 0472] ...updated weights of 10 clients are successfully averaged!
[INFO](2026/09/14/ 02:41:27 AM) [Round: 0472] Evaluate global model's performance...!                
	[Server] ...finished evaluation!                
	=> Loss: 0.4752                
	=> Accuracy: 85.00%

[INFO](2026/09/14/ 02:41:27 AM) [Round: 0473] Select clients...!
[INFO](2026/09/14/ 02:41:28 AM) [Round: 0473] ...successfully transmitted models to 10 selected clients!
[INFO](2026/09/14/ 02:41:28 AM) [Round: 0473] Start updating selected 10 clients...!
[INFO](2026/09/14/ 02:42:09 AM) [Round: 0473] ...10 clients are selected and updated (with total sample size: 44)!
[INFO](2026/09/14/ 02:42:09 AM) [Round: 0473] Aggregate updated weights of 10 clients...!
[INFO](2026/09/14/ 02:42:09 AM) [Round: 0473] ...updated weights of 10 clients are successfully averaged!
[INFO](2026/09/14/ 02:42:10 AM) [Round: 0473] Evaluate global model's performance...!                
	[Server] ...finished evaluation!                
	=> Loss: 0.4462                
	=> Accuracy: 86.19%

[INFO](2026/09/14/ 02:42:10 AM) [Round: 0474] Select clients...!
[INFO](2026/09/14/ 02:42:11 AM) [Round: 0474] ...successfully transmitted models to 10 selected clients!
[INFO](2026/09/14/ 02:42:11 AM) [Round: 0474] Start updating selected 10 clients...!
[INFO](2026/09/14/ 02:42:38 AM) [Round: 0474] ...10 clients are selected and updated (with total sample size: 27)!
[INFO](2026/09/14/ 02:42:38 AM) [Round: 0474] Aggregate updated weights of 10 clients...!
[INFO](2026/09/14/ 02:42:39 AM) [Round: 0474] ...updated weights of 10 clients are successfully averaged!
[INFO](2026/09/14/ 02:42:40 AM) [Round: 0474] Evaluate global model's performance...!                
	[Server] ...finished evaluation!                
	=> Loss: 0.4635                
	=> Accuracy: 84.76%

[INFO](2026/09/14/ 02:42:40 AM) [Round: 0475] Select clients...!
[INFO](2026/09/14/ 02:42:40 AM) [Round: 0475] ...successfully transmitted models to 10 selected clients!
[INFO](2026/09/14/ 02:42:40 AM) [Round: 0475] Start updating selected 10 clients...!
[INFO](2026/09/14/ 02:43:08 AM) [Round: 0475] ...10 clients are selected and updated (with total sample size: 18)!
[INFO](2026/09/14/ 02:43:08 AM) [Round: 0475] Aggregate updated weights of 10 clients...!
[INFO](2026/09/14/ 02:43:08 AM) [Round: 0475] ...updated weights of 10 clients are successfully averaged!
[INFO](2026/09/14/ 02:43:10 AM) [Round: 0475] Evaluate global model's performance...!                
	[Server] ...finished evaluation!                
	=> Loss: 0.4343                
	=> Accuracy: 86.43%

[INFO](2026/09/14/ 02:43:10 AM) [Round: 0476] Select clients...!
[INFO](2026/09/14/ 02:43:10 AM) [Round: 0476] ...successfully transmitted models to 10 selected clients!
[INFO](2026/09/14/ 02:43:10 AM) [Round: 0476] Start updating selected 10 clients...!
[INFO](2026/09/14/ 02:43:43 AM) [Round: 0476] ...10 clients are selected and updated (with total sample size: 18)!
[INFO](2026/09/14/ 02:43:43 AM) [Round: 0476] Aggregate updated weights of 10 clients...!
[INFO](2026/09/14/ 02:43:43 AM) [Round: 0476] ...updated weights of 10 clients are successfully averaged!
[INFO](2026/09/14/ 02:43:44 AM) [Round: 0476] Evaluate global model's performance...!                
	[Server] ...finished evaluation!                
	=> Loss: 0.4802                
	=> Accuracy: 86.43%

[INFO](2026/09/14/ 02:43:44 AM) [Round: 0477] Select clients...!
[INFO](2026/09/14/ 02:43:45 AM) [Round: 0477] ...successfully transmitted models to 10 selected clients!
[INFO](2026/09/14/ 02:43:45 AM) [Round: 0477] Start updating selected 10 clients...!
[INFO](2026/09/14/ 02:44:12 AM) [Round: 0477] ...10 clients are selected and updated (with total sample size: 26)!
[INFO](2026/09/14/ 02:44:12 AM) [Round: 0477] Aggregate updated weights of 10 clients...!
[INFO](2026/09/14/ 02:44:12 AM) [Round: 0477] ...updated weights of 10 clients are successfully averaged!
[INFO](2026/09/14/ 02:44:13 AM) [Round: 0477] Evaluate global model's performance...!                
	[Server] ...finished evaluation!                
	=> Loss: 0.4691                
	=> Accuracy: 87.38%

[INFO](2026/09/14/ 02:44:14 AM) [Round: 0478] Select clients...!
[INFO](2026/09/14/ 02:44:14 AM) [Round: 0478] ...successfully transmitted models to 10 selected clients!
[INFO](2026/09/14/ 02:44:14 AM) [Round: 0478] Start updating selected 10 clients...!
[INFO](2026/09/14/ 02:44:47 AM) [Round: 0478] ...10 clients are selected and updated (with total sample size: 18)!
[INFO](2026/09/14/ 02:44:47 AM) [Round: 0478] Aggregate updated weights of 10 clients...!
[INFO](2026/09/14/ 02:44:47 AM) [Round: 0478] ...updated weights of 10 clients are successfully averaged!
[INFO](2026/09/14/ 02:44:48 AM) [Round: 0478] Evaluate global model's performance...!                
	[Server] ...finished evaluation!                
	=> Loss: 0.4791                
	=> Accuracy: 85.48%

[INFO](2026/09/14/ 02:44:48 AM) [Round: 0479] Select clients...!
[INFO](2026/09/14/ 02:44:48 AM) [Round: 0479] ...successfully transmitted models to 10 selected clients!
[INFO](2026/09/14/ 02:44:48 AM) [Round: 0479] Start updating selected 10 clients...!
[INFO](2026/09/14/ 02:45:24 AM) [Round: 0479] ...10 clients are selected and updated (with total sample size: 41)!
[INFO](2026/09/14/ 02:45:24 AM) [Round: 0479] Aggregate updated weights of 10 clients...!
[INFO](2026/09/14/ 02:45:24 AM) [Round: 0479] ...updated weights of 10 clients are successfully averaged!
[INFO](2026/09/14/ 02:45:25 AM) [Round: 0479] Evaluate global model's performance...!                
	[Server] ...finished evaluation!                
	=> Loss: 0.4158                
	=> Accuracy: 88.10%

[INFO](2026/09/14/ 02:45:25 AM) [Round: 0480] Select clients...!
[INFO](2026/09/14/ 02:45:26 AM) [Round: 0480] ...successfully transmitted models to 10 selected clients!
[INFO](2026/09/14/ 02:45:26 AM) [Round: 0480] Start updating selected 10 clients...!
[INFO](2026/09/14/ 02:45:56 AM) [Round: 0480] ...10 clients are selected and updated (with total sample size: 27)!
[INFO](2026/09/14/ 02:45:56 AM) [Round: 0480] Aggregate updated weights of 10 clients...!
[INFO](2026/09/14/ 02:45:56 AM) [Round: 0480] ...updated weights of 10 clients are successfully averaged!
[INFO](2026/09/14/ 02:45:57 AM) [Round: 0480] Evaluate global model's performance...!                
	[Server] ...finished evaluation!                
	=> Loss: 0.4101                
	=> Accuracy: 88.33%

[INFO](2026/09/14/ 02:45:57 AM) [Round: 0481] Select clients...!
[INFO](2026/09/14/ 02:45:58 AM) [Round: 0481] ...successfully transmitted models to 10 selected clients!
[INFO](2026/09/14/ 02:45:58 AM) [Round: 0481] Start updating selected 10 clients...!
[INFO](2026/09/14/ 02:46:36 AM) [Round: 0481] ...10 clients are selected and updated (with total sample size: 44)!
[INFO](2026/09/14/ 02:46:36 AM) [Round: 0481] Aggregate updated weights of 10 clients...!
[INFO](2026/09/14/ 02:46:36 AM) [Round: 0481] ...updated weights of 10 clients are successfully averaged!
[INFO](2026/09/14/ 02:46:37 AM) [Round: 0481] Evaluate global model's performance...!                
	[Server] ...finished evaluation!                
	=> Loss: 0.4374                
	=> Accuracy: 85.48%

[INFO](2026/09/14/ 02:46:37 AM) [Round: 0482] Select clients...!
[INFO](2026/09/14/ 02:46:37 AM) [Round: 0482] ...successfully transmitted models to 10 selected clients!
[INFO](2026/09/14/ 02:46:38 AM) [Round: 0482] Start updating selected 10 clients...!
[INFO](2026/09/14/ 02:47:10 AM) [Round: 0482] ...10 clients are selected and updated (with total sample size: 18)!
[INFO](2026/09/14/ 02:47:10 AM) [Round: 0482] Aggregate updated weights of 10 clients...!
[INFO](2026/09/14/ 02:47:10 AM) [Round: 0482] ...updated weights of 10 clients are successfully averaged!
[INFO](2026/09/14/ 02:47:11 AM) [Round: 0482] Evaluate global model's performance...!                
	[Server] ...finished evaluation!                
	=> Loss: 0.4184                
	=> Accuracy: 87.14%

[INFO](2026/09/14/ 02:47:11 AM) [Round: 0483] Select clients...!
[INFO](2026/09/14/ 02:47:12 AM) [Round: 0483] ...successfully transmitted models to 10 selected clients!
[INFO](2026/09/14/ 02:47:12 AM) [Round: 0483] Start updating selected 10 clients...!
[INFO](2026/09/14/ 02:47:39 AM) [Round: 0483] ...10 clients are selected and updated (with total sample size: 18)!
[INFO](2026/09/14/ 02:47:39 AM) [Round: 0483] Aggregate updated weights of 10 clients...!
[INFO](2026/09/14/ 02:47:39 AM) [Round: 0483] ...updated weights of 10 clients are successfully averaged!
[INFO](2026/09/14/ 02:47:41 AM) [Round: 0483] Evaluate global model's performance...!                
	[Server] ...finished evaluation!                
	=> Loss: 0.4007                
	=> Accuracy: 88.33%

[INFO](2026/09/14/ 02:47:41 AM) [Round: 0484] Select clients...!
[INFO](2026/09/14/ 02:47:41 AM) [Round: 0484] ...successfully transmitted models to 10 selected clients!
[INFO](2026/09/14/ 02:47:41 AM) [Round: 0484] Start updating selected 10 clients...!
[INFO](2026/09/14/ 02:48:09 AM) [Round: 0484] ...10 clients are selected and updated (with total sample size: 48)!
[INFO](2026/09/14/ 02:48:09 AM) [Round: 0484] Aggregate updated weights of 10 clients...!
[INFO](2026/09/14/ 02:48:09 AM) [Round: 0484] ...updated weights of 10 clients are successfully averaged!
[INFO](2026/09/14/ 02:48:10 AM) [Round: 0484] Evaluate global model's performance...!                
	[Server] ...finished evaluation!                
	=> Loss: 0.4290                
	=> Accuracy: 87.14%

[INFO](2026/09/14/ 02:48:11 AM) [Round: 0485] Select clients...!
[INFO](2026/09/14/ 02:48:11 AM) [Round: 0485] ...successfully transmitted models to 10 selected clients!
[INFO](2026/09/14/ 02:48:11 AM) [Round: 0485] Start updating selected 10 clients...!
[INFO](2026/09/14/ 02:48:39 AM) [Round: 0485] ...10 clients are selected and updated (with total sample size: 45)!
[INFO](2026/09/14/ 02:48:39 AM) [Round: 0485] Aggregate updated weights of 10 clients...!
[INFO](2026/09/14/ 02:48:39 AM) [Round: 0485] ...updated weights of 10 clients are successfully averaged!
[INFO](2026/09/14/ 02:48:40 AM) [Round: 0485] Evaluate global model's performance...!                
	[Server] ...finished evaluation!                
	=> Loss: 0.4054                
	=> Accuracy: 87.86%

[INFO](2026/09/14/ 02:48:40 AM) [Round: 0486] Select clients...!
[INFO](2026/09/14/ 02:48:41 AM) [Round: 0486] ...successfully transmitted models to 10 selected clients!
[INFO](2026/09/14/ 02:48:41 AM) [Round: 0486] Start updating selected 10 clients...!
[INFO](2026/09/14/ 02:49:17 AM) [Round: 0486] ...10 clients are selected and updated (with total sample size: 27)!
[INFO](2026/09/14/ 02:49:17 AM) [Round: 0486] Aggregate updated weights of 10 clients...!
[INFO](2026/09/14/ 02:49:17 AM) [Round: 0486] ...updated weights of 10 clients are successfully averaged!
[INFO](2026/09/14/ 02:49:18 AM) [Round: 0486] Evaluate global model's performance...!                
	[Server] ...finished evaluation!                
	=> Loss: 0.4091                
	=> Accuracy: 88.81%

[INFO](2026/09/14/ 02:49:18 AM) [Round: 0487] Select clients...!
[INFO](2026/09/14/ 02:49:18 AM) [Round: 0487] ...successfully transmitted models to 10 selected clients!
[INFO](2026/09/14/ 02:49:19 AM) [Round: 0487] Start updating selected 10 clients...!
[INFO](2026/09/14/ 02:49:49 AM) [Round: 0487] ...10 clients are selected and updated (with total sample size: 27)!
[INFO](2026/09/14/ 02:49:49 AM) [Round: 0487] Aggregate updated weights of 10 clients...!
[INFO](2026/09/14/ 02:49:49 AM) [Round: 0487] ...updated weights of 10 clients are successfully averaged!
[INFO](2026/09/14/ 02:49:50 AM) [Round: 0487] Evaluate global model's performance...!                
	[Server] ...finished evaluation!                
	=> Loss: 0.4334                
	=> Accuracy: 87.14%

[INFO](2026/09/14/ 02:49:51 AM) [Round: 0488] Select clients...!
[INFO](2026/09/14/ 02:49:51 AM) [Round: 0488] ...successfully transmitted models to 10 selected clients!
[INFO](2026/09/14/ 02:49:51 AM) [Round: 0488] Start updating selected 10 clients...!
[INFO](2026/09/14/ 02:50:17 AM) [Round: 0488] ...10 clients are selected and updated (with total sample size: 45)!
[INFO](2026/09/14/ 02:50:17 AM) [Round: 0488] Aggregate updated weights of 10 clients...!
[INFO](2026/09/14/ 02:50:17 AM) [Round: 0488] ...updated weights of 10 clients are successfully averaged!
[INFO](2026/09/14/ 02:50:18 AM) [Round: 0488] Evaluate global model's performance...!                
	[Server] ...finished evaluation!                
	=> Loss: 0.4744                
	=> Accuracy: 85.24%

[INFO](2026/09/14/ 02:50:18 AM) [Round: 0489] Select clients...!
[INFO](2026/09/14/ 02:50:19 AM) [Round: 0489] ...successfully transmitted models to 10 selected clients!
[INFO](2026/09/14/ 02:50:19 AM) [Round: 0489] Start updating selected 10 clients...!
[INFO](2026/09/14/ 02:50:51 AM) [Round: 0489] ...10 clients are selected and updated (with total sample size: 26)!
[INFO](2026/09/14/ 02:50:51 AM) [Round: 0489] Aggregate updated weights of 10 clients...!
[INFO](2026/09/14/ 02:50:51 AM) [Round: 0489] ...updated weights of 10 clients are successfully averaged!
[INFO](2026/09/14/ 02:50:52 AM) [Round: 0489] Evaluate global model's performance...!                
	[Server] ...finished evaluation!                
	=> Loss: 0.4420                
	=> Accuracy: 86.43%

[INFO](2026/09/14/ 02:50:52 AM) [Round: 0490] Select clients...!
[INFO](2026/09/14/ 02:50:52 AM) [Round: 0490] ...successfully transmitted models to 10 selected clients!
[INFO](2026/09/14/ 02:50:52 AM) [Round: 0490] Start updating selected 10 clients...!
[INFO](2026/09/14/ 02:51:18 AM) [Round: 0490] ...10 clients are selected and updated (with total sample size: 17)!
[INFO](2026/09/14/ 02:51:18 AM) [Round: 0490] Aggregate updated weights of 10 clients...!
[INFO](2026/09/14/ 02:51:18 AM) [Round: 0490] ...updated weights of 10 clients are successfully averaged!
[INFO](2026/09/14/ 02:51:19 AM) [Round: 0490] Evaluate global model's performance...!                
	[Server] ...finished evaluation!                
	=> Loss: 0.4301                
	=> Accuracy: 87.62%

[INFO](2026/09/14/ 02:51:19 AM) [Round: 0491] Select clients...!
[INFO](2026/09/14/ 02:51:20 AM) [Round: 0491] ...successfully transmitted models to 10 selected clients!
[INFO](2026/09/14/ 02:51:20 AM) [Round: 0491] Start updating selected 10 clients...!
[INFO](2026/09/14/ 02:51:53 AM) [Round: 0491] ...10 clients are selected and updated (with total sample size: 42)!
[INFO](2026/09/14/ 02:51:53 AM) [Round: 0491] Aggregate updated weights of 10 clients...!
[INFO](2026/09/14/ 02:51:53 AM) [Round: 0491] ...updated weights of 10 clients are successfully averaged!
[INFO](2026/09/14/ 02:51:54 AM) [Round: 0491] Evaluate global model's performance...!                
	[Server] ...finished evaluation!                
	=> Loss: 0.4258                
	=> Accuracy: 87.38%

[INFO](2026/09/14/ 02:51:54 AM) [Round: 0492] Select clients...!
[INFO](2026/09/14/ 02:51:54 AM) [Round: 0492] ...successfully transmitted models to 10 selected clients!
[INFO](2026/09/14/ 02:51:55 AM) [Round: 0492] Start updating selected 10 clients...!
[INFO](2026/09/14/ 02:52:20 AM) [Round: 0492] ...10 clients are selected and updated (with total sample size: 55)!
[INFO](2026/09/14/ 02:52:20 AM) [Round: 0492] Aggregate updated weights of 10 clients...!
[INFO](2026/09/14/ 02:52:20 AM) [Round: 0492] ...updated weights of 10 clients are successfully averaged!
[INFO](2026/09/14/ 02:52:21 AM) [Round: 0492] Evaluate global model's performance...!                
	[Server] ...finished evaluation!                
	=> Loss: 0.4469                
	=> Accuracy: 87.14%

[INFO](2026/09/14/ 02:52:21 AM) [Round: 0493] Select clients...!
[INFO](2026/09/14/ 02:52:22 AM) [Round: 0493] ...successfully transmitted models to 10 selected clients!
[INFO](2026/09/14/ 02:52:22 AM) [Round: 0493] Start updating selected 10 clients...!
[INFO](2026/09/14/ 02:52:53 AM) [Round: 0493] ...10 clients are selected and updated (with total sample size: 45)!
[INFO](2026/09/14/ 02:52:53 AM) [Round: 0493] Aggregate updated weights of 10 clients...!
[INFO](2026/09/14/ 02:52:54 AM) [Round: 0493] ...updated weights of 10 clients are successfully averaged!
[INFO](2026/09/14/ 02:52:55 AM) [Round: 0493] Evaluate global model's performance...!                
	[Server] ...finished evaluation!                
	=> Loss: 0.4424                
	=> Accuracy: 87.62%

[INFO](2026/09/14/ 02:52:55 AM) [Round: 0494] Select clients...!
[INFO](2026/09/14/ 02:52:55 AM) [Round: 0494] ...successfully transmitted models to 10 selected clients!
[INFO](2026/09/14/ 02:52:55 AM) [Round: 0494] Start updating selected 10 clients...!
[INFO](2026/09/14/ 02:53:33 AM) [Round: 0494] ...10 clients are selected and updated (with total sample size: 27)!
[INFO](2026/09/14/ 02:53:33 AM) [Round: 0494] Aggregate updated weights of 10 clients...!
[INFO](2026/09/14/ 02:53:33 AM) [Round: 0494] ...updated weights of 10 clients are successfully averaged!
[INFO](2026/09/14/ 02:53:34 AM) [Round: 0494] Evaluate global model's performance...!                
	[Server] ...finished evaluation!                
	=> Loss: 0.4409                
	=> Accuracy: 87.38%

[INFO](2026/09/14/ 02:53:34 AM) [Round: 0495] Select clients...!
[INFO](2026/09/14/ 02:53:35 AM) [Round: 0495] ...successfully transmitted models to 10 selected clients!
[INFO](2026/09/14/ 02:53:35 AM) [Round: 0495] Start updating selected 10 clients...!
[INFO](2026/09/14/ 02:54:18 AM) [Round: 0495] ...10 clients are selected and updated (with total sample size: 46)!
[INFO](2026/09/14/ 02:54:18 AM) [Round: 0495] Aggregate updated weights of 10 clients...!
[INFO](2026/09/14/ 02:54:18 AM) [Round: 0495] ...updated weights of 10 clients are successfully averaged!
[INFO](2026/09/14/ 02:54:20 AM) [Round: 0495] Evaluate global model's performance...!                
	[Server] ...finished evaluation!                
	=> Loss: 0.4302                
	=> Accuracy: 86.43%

[INFO](2026/09/14/ 02:54:20 AM) [Round: 0496] Select clients...!
[INFO](2026/09/14/ 02:54:20 AM) [Round: 0496] ...successfully transmitted models to 10 selected clients!
[INFO](2026/09/14/ 02:54:20 AM) [Round: 0496] Start updating selected 10 clients...!
[INFO](2026/09/14/ 02:54:56 AM) [Round: 0496] ...10 clients are selected and updated (with total sample size: 27)!
[INFO](2026/09/14/ 02:54:56 AM) [Round: 0496] Aggregate updated weights of 10 clients...!
[INFO](2026/09/14/ 02:54:57 AM) [Round: 0496] ...updated weights of 10 clients are successfully averaged!
[INFO](2026/09/14/ 02:54:58 AM) [Round: 0496] Evaluate global model's performance...!                
	[Server] ...finished evaluation!                
	=> Loss: 0.4222                
	=> Accuracy: 88.10%

[INFO](2026/09/14/ 02:54:58 AM) [Round: 0497] Select clients...!
[INFO](2026/09/14/ 02:54:58 AM) [Round: 0497] ...successfully transmitted models to 10 selected clients!
[INFO](2026/09/14/ 02:54:58 AM) [Round: 0497] Start updating selected 10 clients...!
[INFO](2026/09/14/ 02:55:39 AM) [Round: 0497] ...10 clients are selected and updated (with total sample size: 48)!
[INFO](2026/09/14/ 02:55:39 AM) [Round: 0497] Aggregate updated weights of 10 clients...!
[INFO](2026/09/14/ 02:55:39 AM) [Round: 0497] ...updated weights of 10 clients are successfully averaged!
[INFO](2026/09/14/ 02:55:40 AM) [Round: 0497] Evaluate global model's performance...!                
	[Server] ...finished evaluation!                
	=> Loss: 0.4410                
	=> Accuracy: 86.43%

[INFO](2026/09/14/ 02:55:41 AM) [Round: 0498] Select clients...!
[INFO](2026/09/14/ 02:55:41 AM) [Round: 0498] ...successfully transmitted models to 10 selected clients!
[INFO](2026/09/14/ 02:55:41 AM) [Round: 0498] Start updating selected 10 clients...!
[INFO](2026/09/14/ 02:56:06 AM) [Round: 0498] ...10 clients are selected and updated (with total sample size: 44)!
[INFO](2026/09/14/ 02:56:06 AM) [Round: 0498] Aggregate updated weights of 10 clients...!
[INFO](2026/09/14/ 02:56:06 AM) [Round: 0498] ...updated weights of 10 clients are successfully averaged!
[INFO](2026/09/14/ 02:56:07 AM) [Round: 0498] Evaluate global model's performance...!                
	[Server] ...finished evaluation!                
	=> Loss: 0.4350                
	=> Accuracy: 87.14%

[INFO](2026/09/14/ 02:56:07 AM) [Round: 0499] Select clients...!
[INFO](2026/09/14/ 02:56:08 AM) [Round: 0499] ...successfully transmitted models to 10 selected clients!
[INFO](2026/09/14/ 02:56:08 AM) [Round: 0499] Start updating selected 10 clients...!
[INFO](2026/09/14/ 02:56:44 AM) [Round: 0499] ...10 clients are selected and updated (with total sample size: 26)!
[INFO](2026/09/14/ 02:56:44 AM) [Round: 0499] Aggregate updated weights of 10 clients...!
[INFO](2026/09/14/ 02:56:44 AM) [Round: 0499] ...updated weights of 10 clients are successfully averaged!
[INFO](2026/09/14/ 02:56:45 AM) [Round: 0499] Evaluate global model's performance...!                
	[Server] ...finished evaluation!                
	=> Loss: 0.4197                
	=> Accuracy: 87.14%

[INFO](2026/09/14/ 02:56:45 AM) [Round: 0500] Select clients...!
[INFO](2026/09/14/ 02:56:45 AM) [Round: 0500] ...successfully transmitted models to 10 selected clients!
[INFO](2026/09/14/ 02:56:46 AM) [Round: 0500] Start updating selected 10 clients...!
[INFO](2026/09/14/ 02:57:19 AM) [Round: 0500] ...10 clients are selected and updated (with total sample size: 18)!
[INFO](2026/09/14/ 02:57:19 AM) [Round: 0500] Aggregate updated weights of 10 clients...!
[INFO](2026/09/14/ 02:57:19 AM) [Round: 0500] ...updated weights of 10 clients are successfully averaged!
[INFO](2026/09/14/ 02:57:20 AM) [Round: 0500] Evaluate global model's performance...!                
	[Server] ...finished evaluation!                
	=> Loss: 0.3965                
	=> Accuracy: 88.57%

[INFO](2026/09/14/ 02:57:20 AM) [Round: 0501] Select clients...!
[INFO](2026/09/14/ 02:57:21 AM) [Round: 0501] ...successfully transmitted models to 10 selected clients!
[INFO](2026/09/14/ 02:57:21 AM) [Round: 0501] Start updating selected 10 clients...!
[INFO](2026/09/14/ 02:57:52 AM) [Round: 0501] ...10 clients are selected and updated (with total sample size: 27)!
[INFO](2026/09/14/ 02:57:52 AM) [Round: 0501] Aggregate updated weights of 10 clients...!
[INFO](2026/09/14/ 02:57:53 AM) [Round: 0501] ...updated weights of 10 clients are successfully averaged!
[INFO](2026/09/14/ 02:57:54 AM) [Round: 0501] Evaluate global model's performance...!                
	[Server] ...finished evaluation!                
	=> Loss: 0.4272                
	=> Accuracy: 86.90%

[INFO](2026/09/14/ 02:57:54 AM) [Round: 0502] Select clients...!
[INFO](2026/09/14/ 02:57:54 AM) [Round: 0502] ...successfully transmitted models to 10 selected clients!
[INFO](2026/09/14/ 02:57:54 AM) [Round: 0502] Start updating selected 10 clients...!
[INFO](2026/09/14/ 02:58:32 AM) [Round: 0502] ...10 clients are selected and updated (with total sample size: 41)!
[INFO](2026/09/14/ 02:58:33 AM) [Round: 0502] Aggregate updated weights of 10 clients...!
[INFO](2026/09/14/ 02:58:33 AM) [Round: 0502] ...updated weights of 10 clients are successfully averaged!
[INFO](2026/09/14/ 02:58:34 AM) [Round: 0502] Evaluate global model's performance...!                
	[Server] ...finished evaluation!                
	=> Loss: 0.4384                
	=> Accuracy: 86.67%

[INFO](2026/09/14/ 02:58:34 AM) [Round: 0503] Select clients...!
[INFO](2026/09/14/ 02:58:34 AM) [Round: 0503] ...successfully transmitted models to 10 selected clients!
[INFO](2026/09/14/ 02:58:34 AM) [Round: 0503] Start updating selected 10 clients...!
[INFO](2026/09/14/ 02:59:09 AM) [Round: 0503] ...10 clients are selected and updated (with total sample size: 27)!
[INFO](2026/09/14/ 02:59:09 AM) [Round: 0503] Aggregate updated weights of 10 clients...!
[INFO](2026/09/14/ 02:59:10 AM) [Round: 0503] ...updated weights of 10 clients are successfully averaged!
[INFO](2026/09/14/ 02:59:11 AM) [Round: 0503] Evaluate global model's performance...!                
	[Server] ...finished evaluation!                
	=> Loss: 0.4487                
	=> Accuracy: 87.62%

[INFO](2026/09/14/ 02:59:11 AM) [Round: 0504] Select clients...!
[INFO](2026/09/14/ 02:59:11 AM) [Round: 0504] ...successfully transmitted models to 10 selected clients!
[INFO](2026/09/14/ 02:59:11 AM) [Round: 0504] Start updating selected 10 clients...!
[INFO](2026/09/14/ 02:59:41 AM) [Round: 0504] ...10 clients are selected and updated (with total sample size: 18)!
[INFO](2026/09/14/ 02:59:41 AM) [Round: 0504] Aggregate updated weights of 10 clients...!
[INFO](2026/09/14/ 02:59:42 AM) [Round: 0504] ...updated weights of 10 clients are successfully averaged!
[INFO](2026/09/14/ 02:59:43 AM) [Round: 0504] Evaluate global model's performance...!                
	[Server] ...finished evaluation!                
	=> Loss: 0.4143                
	=> Accuracy: 88.57%

[INFO](2026/09/14/ 02:59:43 AM) [Round: 0505] Select clients...!
[INFO](2026/09/14/ 02:59:43 AM) [Round: 0505] ...successfully transmitted models to 10 selected clients!
[INFO](2026/09/14/ 02:59:43 AM) [Round: 0505] Start updating selected 10 clients...!
[INFO](2026/09/14/ 03:00:16 AM) [Round: 0505] ...10 clients are selected and updated (with total sample size: 64)!
[INFO](2026/09/14/ 03:00:16 AM) [Round: 0505] Aggregate updated weights of 10 clients...!
[INFO](2026/09/14/ 03:00:17 AM) [Round: 0505] ...updated weights of 10 clients are successfully averaged!
[INFO](2026/09/14/ 03:00:18 AM) [Round: 0505] Evaluate global model's performance...!                
	[Server] ...finished evaluation!                
	=> Loss: 0.4302                
	=> Accuracy: 86.90%

[INFO](2026/09/14/ 03:00:18 AM) [Round: 0506] Select clients...!
[INFO](2026/09/14/ 03:00:18 AM) [Round: 0506] ...successfully transmitted models to 10 selected clients!
[INFO](2026/09/14/ 03:00:18 AM) [Round: 0506] Start updating selected 10 clients...!
[INFO](2026/09/14/ 03:00:49 AM) [Round: 0506] ...10 clients are selected and updated (with total sample size: 27)!
[INFO](2026/09/14/ 03:00:49 AM) [Round: 0506] Aggregate updated weights of 10 clients...!
[INFO](2026/09/14/ 03:00:50 AM) [Round: 0506] ...updated weights of 10 clients are successfully averaged!
[INFO](2026/09/14/ 03:00:51 AM) [Round: 0506] Evaluate global model's performance...!                
	[Server] ...finished evaluation!                
	=> Loss: 0.4313                
	=> Accuracy: 87.62%

[INFO](2026/09/14/ 03:00:51 AM) [Round: 0507] Select clients...!
[INFO](2026/09/14/ 03:00:51 AM) [Round: 0507] ...successfully transmitted models to 10 selected clients!
[INFO](2026/09/14/ 03:00:51 AM) [Round: 0507] Start updating selected 10 clients...!
[INFO](2026/09/14/ 03:01:20 AM) [Round: 0507] ...10 clients are selected and updated (with total sample size: 27)!
[INFO](2026/09/14/ 03:01:20 AM) [Round: 0507] Aggregate updated weights of 10 clients...!
[INFO](2026/09/14/ 03:01:21 AM) [Round: 0507] ...updated weights of 10 clients are successfully averaged!
[INFO](2026/09/14/ 03:01:22 AM) [Round: 0507] Evaluate global model's performance...!                
	[Server] ...finished evaluation!                
	=> Loss: 0.4326                
	=> Accuracy: 86.90%

[INFO](2026/09/14/ 03:01:22 AM) [Round: 0508] Select clients...!
[INFO](2026/09/14/ 03:01:22 AM) [Round: 0508] ...successfully transmitted models to 10 selected clients!
[INFO](2026/09/14/ 03:01:22 AM) [Round: 0508] Start updating selected 10 clients...!
[INFO](2026/09/14/ 03:01:54 AM) [Round: 0508] ...10 clients are selected and updated (with total sample size: 55)!
[INFO](2026/09/14/ 03:01:54 AM) [Round: 0508] Aggregate updated weights of 10 clients...!
[INFO](2026/09/14/ 03:01:54 AM) [Round: 0508] ...updated weights of 10 clients are successfully averaged!
[INFO](2026/09/14/ 03:01:55 AM) [Round: 0508] Evaluate global model's performance...!                
	[Server] ...finished evaluation!                
	=> Loss: 0.4165                
	=> Accuracy: 87.62%

[INFO](2026/09/14/ 03:01:55 AM) [Round: 0509] Select clients...!
[INFO](2026/09/14/ 03:01:55 AM) [Round: 0509] ...successfully transmitted models to 10 selected clients!
[INFO](2026/09/14/ 03:01:56 AM) [Round: 0509] Start updating selected 10 clients...!
[INFO](2026/09/14/ 03:02:22 AM) [Round: 0509] ...10 clients are selected and updated (with total sample size: 45)!
[INFO](2026/09/14/ 03:02:22 AM) [Round: 0509] Aggregate updated weights of 10 clients...!
[INFO](2026/09/14/ 03:02:23 AM) [Round: 0509] ...updated weights of 10 clients are successfully averaged!
[INFO](2026/09/14/ 03:02:24 AM) [Round: 0509] Evaluate global model's performance...!                
	[Server] ...finished evaluation!                
	=> Loss: 0.4185                
	=> Accuracy: 87.62%

[INFO](2026/09/14/ 03:02:24 AM) [Round: 0510] Select clients...!
[INFO](2026/09/14/ 03:02:24 AM) [Round: 0510] ...successfully transmitted models to 10 selected clients!
[INFO](2026/09/14/ 03:02:24 AM) [Round: 0510] Start updating selected 10 clients...!
[INFO](2026/09/14/ 03:02:50 AM) [Round: 0510] ...10 clients are selected and updated (with total sample size: 27)!
[INFO](2026/09/14/ 03:02:50 AM) [Round: 0510] Aggregate updated weights of 10 clients...!
[INFO](2026/09/14/ 03:02:51 AM) [Round: 0510] ...updated weights of 10 clients are successfully averaged!
[INFO](2026/09/14/ 03:02:52 AM) [Round: 0510] Evaluate global model's performance...!                
	[Server] ...finished evaluation!                
	=> Loss: 0.4296                
	=> Accuracy: 87.14%

[INFO](2026/09/14/ 03:02:52 AM) [Round: 0511] Select clients...!
[INFO](2026/09/14/ 03:02:52 AM) [Round: 0511] ...successfully transmitted models to 10 selected clients!
[INFO](2026/09/14/ 03:02:52 AM) [Round: 0511] Start updating selected 10 clients...!
[INFO](2026/09/14/ 03:03:35 AM) [Round: 0511] ...10 clients are selected and updated (with total sample size: 27)!
[INFO](2026/09/14/ 03:03:35 AM) [Round: 0511] Aggregate updated weights of 10 clients...!
[INFO](2026/09/14/ 03:03:35 AM) [Round: 0511] ...updated weights of 10 clients are successfully averaged!
[INFO](2026/09/14/ 03:03:36 AM) [Round: 0511] Evaluate global model's performance...!                
	[Server] ...finished evaluation!                
	=> Loss: 0.4445                
	=> Accuracy: 86.90%

[INFO](2026/09/14/ 03:03:37 AM) [Round: 0512] Select clients...!
[INFO](2026/09/14/ 03:03:37 AM) [Round: 0512] ...successfully transmitted models to 10 selected clients!
[INFO](2026/09/14/ 03:03:37 AM) [Round: 0512] Start updating selected 10 clients...!
[INFO](2026/09/14/ 03:04:18 AM) [Round: 0512] ...10 clients are selected and updated (with total sample size: 18)!
[INFO](2026/09/14/ 03:04:18 AM) [Round: 0512] Aggregate updated weights of 10 clients...!
[INFO](2026/09/14/ 03:04:18 AM) [Round: 0512] ...updated weights of 10 clients are successfully averaged!
[INFO](2026/09/14/ 03:04:19 AM) [Round: 0512] Evaluate global model's performance...!                
	[Server] ...finished evaluation!                
	=> Loss: 0.4441                
	=> Accuracy: 87.38%

[INFO](2026/09/14/ 03:04:19 AM) [Round: 0513] Select clients...!
[INFO](2026/09/14/ 03:04:20 AM) [Round: 0513] ...successfully transmitted models to 10 selected clients!
[INFO](2026/09/14/ 03:04:20 AM) [Round: 0513] Start updating selected 10 clients...!
[INFO](2026/09/14/ 03:04:58 AM) [Round: 0513] ...10 clients are selected and updated (with total sample size: 27)!
[INFO](2026/09/14/ 03:04:58 AM) [Round: 0513] Aggregate updated weights of 10 clients...!
[INFO](2026/09/14/ 03:04:59 AM) [Round: 0513] ...updated weights of 10 clients are successfully averaged!
[INFO](2026/09/14/ 03:05:00 AM) [Round: 0513] Evaluate global model's performance...!                
	[Server] ...finished evaluation!                
	=> Loss: 0.4291                
	=> Accuracy: 86.90%

[INFO](2026/09/14/ 03:05:00 AM) [Round: 0514] Select clients...!
[INFO](2026/09/14/ 03:05:00 AM) [Round: 0514] ...successfully transmitted models to 10 selected clients!
[INFO](2026/09/14/ 03:05:00 AM) [Round: 0514] Start updating selected 10 clients...!
[INFO](2026/09/14/ 03:05:47 AM) [Round: 0514] ...10 clients are selected and updated (with total sample size: 60)!
[INFO](2026/09/14/ 03:05:47 AM) [Round: 0514] Aggregate updated weights of 10 clients...!
[INFO](2026/09/14/ 03:05:48 AM) [Round: 0514] ...updated weights of 10 clients are successfully averaged!
[INFO](2026/09/14/ 03:05:49 AM) [Round: 0514] Evaluate global model's performance...!                
	[Server] ...finished evaluation!                
	=> Loss: 0.4889                
	=> Accuracy: 85.48%

[INFO](2026/09/14/ 03:05:49 AM) [Round: 0515] Select clients...!
[INFO](2026/09/14/ 03:05:49 AM) [Round: 0515] ...successfully transmitted models to 10 selected clients!
[INFO](2026/09/14/ 03:05:49 AM) [Round: 0515] Start updating selected 10 clients...!
[INFO](2026/09/14/ 03:06:18 AM) [Round: 0515] ...10 clients are selected and updated (with total sample size: 18)!
[INFO](2026/09/14/ 03:06:19 AM) [Round: 0515] Aggregate updated weights of 10 clients...!
[INFO](2026/09/14/ 03:06:19 AM) [Round: 0515] ...updated weights of 10 clients are successfully averaged!
[INFO](2026/09/14/ 03:06:20 AM) [Round: 0515] Evaluate global model's performance...!                
	[Server] ...finished evaluation!                
	=> Loss: 0.4702                
	=> Accuracy: 85.48%

[INFO](2026/09/14/ 03:06:20 AM) [Round: 0516] Select clients...!
[INFO](2026/09/14/ 03:06:20 AM) [Round: 0516] ...successfully transmitted models to 10 selected clients!
[INFO](2026/09/14/ 03:06:20 AM) [Round: 0516] Start updating selected 10 clients...!
[INFO](2026/09/14/ 03:06:59 AM) [Round: 0516] ...10 clients are selected and updated (with total sample size: 27)!
[INFO](2026/09/14/ 03:06:59 AM) [Round: 0516] Aggregate updated weights of 10 clients...!
[INFO](2026/09/14/ 03:07:00 AM) [Round: 0516] ...updated weights of 10 clients are successfully averaged!
[INFO](2026/09/14/ 03:07:01 AM) [Round: 0516] Evaluate global model's performance...!                
	[Server] ...finished evaluation!                
	=> Loss: 0.4502                
	=> Accuracy: 85.71%

[INFO](2026/09/14/ 03:07:01 AM) [Round: 0517] Select clients...!
[INFO](2026/09/14/ 03:07:01 AM) [Round: 0517] ...successfully transmitted models to 10 selected clients!
[INFO](2026/09/14/ 03:07:02 AM) [Round: 0517] Start updating selected 10 clients...!
[INFO](2026/09/14/ 03:07:46 AM) [Round: 0517] ...10 clients are selected and updated (with total sample size: 55)!
[INFO](2026/09/14/ 03:07:46 AM) [Round: 0517] Aggregate updated weights of 10 clients...!
[INFO](2026/09/14/ 03:07:46 AM) [Round: 0517] ...updated weights of 10 clients are successfully averaged!
[INFO](2026/09/14/ 03:07:48 AM) [Round: 0517] Evaluate global model's performance...!                
	[Server] ...finished evaluation!                
	=> Loss: 0.4578                
	=> Accuracy: 85.24%

[INFO](2026/09/14/ 03:07:48 AM) [Round: 0518] Select clients...!
[INFO](2026/09/14/ 03:07:48 AM) [Round: 0518] ...successfully transmitted models to 10 selected clients!
[INFO](2026/09/14/ 03:07:48 AM) [Round: 0518] Start updating selected 10 clients...!
[INFO](2026/09/14/ 03:08:18 AM) [Round: 0518] ...10 clients are selected and updated (with total sample size: 55)!
[INFO](2026/09/14/ 03:08:18 AM) [Round: 0518] Aggregate updated weights of 10 clients...!
[INFO](2026/09/14/ 03:08:18 AM) [Round: 0518] ...updated weights of 10 clients are successfully averaged!
[INFO](2026/09/14/ 03:08:20 AM) [Round: 0518] Evaluate global model's performance...!                
	[Server] ...finished evaluation!                
	=> Loss: 0.4508                
	=> Accuracy: 86.43%

[INFO](2026/09/14/ 03:08:20 AM) [Round: 0519] Select clients...!
[INFO](2026/09/14/ 03:08:20 AM) [Round: 0519] ...successfully transmitted models to 10 selected clients!
[INFO](2026/09/14/ 03:08:20 AM) [Round: 0519] Start updating selected 10 clients...!
[INFO](2026/09/14/ 03:08:47 AM) [Round: 0519] ...10 clients are selected and updated (with total sample size: 27)!
[INFO](2026/09/14/ 03:08:47 AM) [Round: 0519] Aggregate updated weights of 10 clients...!
[INFO](2026/09/14/ 03:08:47 AM) [Round: 0519] ...updated weights of 10 clients are successfully averaged!
[INFO](2026/09/14/ 03:08:48 AM) [Round: 0519] Evaluate global model's performance...!                
	[Server] ...finished evaluation!                
	=> Loss: 0.4112                
	=> Accuracy: 88.10%

[INFO](2026/09/14/ 03:08:49 AM) [Round: 0520] Select clients...!
[INFO](2026/09/14/ 03:08:49 AM) [Round: 0520] ...successfully transmitted models to 10 selected clients!
[INFO](2026/09/14/ 03:08:49 AM) [Round: 0520] Start updating selected 10 clients...!
[INFO](2026/09/14/ 03:09:21 AM) [Round: 0520] ...10 clients are selected and updated (with total sample size: 55)!
[INFO](2026/09/14/ 03:09:21 AM) [Round: 0520] Aggregate updated weights of 10 clients...!
[INFO](2026/09/14/ 03:09:21 AM) [Round: 0520] ...updated weights of 10 clients are successfully averaged!
[INFO](2026/09/14/ 03:09:22 AM) [Round: 0520] Evaluate global model's performance...!                
	[Server] ...finished evaluation!                
	=> Loss: 0.4432                
	=> Accuracy: 87.14%

[INFO](2026/09/14/ 03:09:22 AM) [Round: 0521] Select clients...!
[INFO](2026/09/14/ 03:09:23 AM) [Round: 0521] ...successfully transmitted models to 10 selected clients!
[INFO](2026/09/14/ 03:09:23 AM) [Round: 0521] Start updating selected 10 clients...!
[INFO](2026/09/14/ 03:09:57 AM) [Round: 0521] ...10 clients are selected and updated (with total sample size: 48)!
[INFO](2026/09/14/ 03:09:57 AM) [Round: 0521] Aggregate updated weights of 10 clients...!
[INFO](2026/09/14/ 03:09:57 AM) [Round: 0521] ...updated weights of 10 clients are successfully averaged!
[INFO](2026/09/14/ 03:09:58 AM) [Round: 0521] Evaluate global model's performance...!                
	[Server] ...finished evaluation!                
	=> Loss: 0.4460                
	=> Accuracy: 87.86%

[INFO](2026/09/14/ 03:09:58 AM) [Round: 0522] Select clients...!
[INFO](2026/09/14/ 03:09:59 AM) [Round: 0522] ...successfully transmitted models to 10 selected clients!
[INFO](2026/09/14/ 03:09:59 AM) [Round: 0522] Start updating selected 10 clients...!
[INFO](2026/09/14/ 03:10:29 AM) [Round: 0522] ...10 clients are selected and updated (with total sample size: 42)!
[INFO](2026/09/14/ 03:10:29 AM) [Round: 0522] Aggregate updated weights of 10 clients...!
[INFO](2026/09/14/ 03:10:29 AM) [Round: 0522] ...updated weights of 10 clients are successfully averaged!
[INFO](2026/09/14/ 03:10:30 AM) [Round: 0522] Evaluate global model's performance...!                
	[Server] ...finished evaluation!                
	=> Loss: 0.4394                
	=> Accuracy: 87.14%

[INFO](2026/09/14/ 03:10:30 AM) [Round: 0523] Select clients...!
[INFO](2026/09/14/ 03:10:31 AM) [Round: 0523] ...successfully transmitted models to 10 selected clients!
[INFO](2026/09/14/ 03:10:31 AM) [Round: 0523] Start updating selected 10 clients...!
[INFO](2026/09/14/ 03:11:06 AM) [Round: 0523] ...10 clients are selected and updated (with total sample size: 18)!
[INFO](2026/09/14/ 03:11:06 AM) [Round: 0523] Aggregate updated weights of 10 clients...!
[INFO](2026/09/14/ 03:11:06 AM) [Round: 0523] ...updated weights of 10 clients are successfully averaged!
[INFO](2026/09/14/ 03:11:08 AM) [Round: 0523] Evaluate global model's performance...!                
	[Server] ...finished evaluation!                
	=> Loss: 0.4337                
	=> Accuracy: 87.86%

[INFO](2026/09/14/ 03:11:08 AM) [Round: 0524] Select clients...!
[INFO](2026/09/14/ 03:11:08 AM) [Round: 0524] ...successfully transmitted models to 10 selected clients!
[INFO](2026/09/14/ 03:11:08 AM) [Round: 0524] Start updating selected 10 clients...!
[INFO](2026/09/14/ 03:11:38 AM) [Round: 0524] ...10 clients are selected and updated (with total sample size: 26)!
[INFO](2026/09/14/ 03:11:38 AM) [Round: 0524] Aggregate updated weights of 10 clients...!
[INFO](2026/09/14/ 03:11:38 AM) [Round: 0524] ...updated weights of 10 clients are successfully averaged!
[INFO](2026/09/14/ 03:11:39 AM) [Round: 0524] Evaluate global model's performance...!                
	[Server] ...finished evaluation!                
	=> Loss: 0.4465                
	=> Accuracy: 87.14%

[INFO](2026/09/14/ 03:11:39 AM) [Round: 0525] Select clients...!
[INFO](2026/09/14/ 03:11:40 AM) [Round: 0525] ...successfully transmitted models to 10 selected clients!
[INFO](2026/09/14/ 03:11:40 AM) [Round: 0525] Start updating selected 10 clients...!
[INFO](2026/09/14/ 03:12:18 AM) [Round: 0525] ...10 clients are selected and updated (with total sample size: 60)!
[INFO](2026/09/14/ 03:12:18 AM) [Round: 0525] Aggregate updated weights of 10 clients...!
[INFO](2026/09/14/ 03:12:18 AM) [Round: 0525] ...updated weights of 10 clients are successfully averaged!
[INFO](2026/09/14/ 03:12:19 AM) [Round: 0525] Evaluate global model's performance...!                
	[Server] ...finished evaluation!                
	=> Loss: 0.4313                
	=> Accuracy: 87.14%

[INFO](2026/09/14/ 03:12:19 AM) [Round: 0526] Select clients...!
[INFO](2026/09/14/ 03:12:20 AM) [Round: 0526] ...successfully transmitted models to 10 selected clients!
[INFO](2026/09/14/ 03:12:20 AM) [Round: 0526] Start updating selected 10 clients...!
[INFO](2026/09/14/ 03:12:53 AM) [Round: 0526] ...10 clients are selected and updated (with total sample size: 48)!
[INFO](2026/09/14/ 03:12:53 AM) [Round: 0526] Aggregate updated weights of 10 clients...!
[INFO](2026/09/14/ 03:12:54 AM) [Round: 0526] ...updated weights of 10 clients are successfully averaged!
[INFO](2026/09/14/ 03:12:55 AM) [Round: 0526] Evaluate global model's performance...!                
	[Server] ...finished evaluation!                
	=> Loss: 0.4182                
	=> Accuracy: 88.81%

[INFO](2026/09/14/ 03:12:55 AM) [Round: 0527] Select clients...!
[INFO](2026/09/14/ 03:12:55 AM) [Round: 0527] ...successfully transmitted models to 10 selected clients!
[INFO](2026/09/14/ 03:12:55 AM) [Round: 0527] Start updating selected 10 clients...!
[INFO](2026/09/14/ 03:13:31 AM) [Round: 0527] ...10 clients are selected and updated (with total sample size: 27)!
[INFO](2026/09/14/ 03:13:31 AM) [Round: 0527] Aggregate updated weights of 10 clients...!
[INFO](2026/09/14/ 03:13:31 AM) [Round: 0527] ...updated weights of 10 clients are successfully averaged!
[INFO](2026/09/14/ 03:13:32 AM) [Round: 0527] Evaluate global model's performance...!                
	[Server] ...finished evaluation!                
	=> Loss: 0.4338                
	=> Accuracy: 87.86%

[INFO](2026/09/14/ 03:13:32 AM) [Round: 0528] Select clients...!
[INFO](2026/09/14/ 03:13:33 AM) [Round: 0528] ...successfully transmitted models to 10 selected clients!
[INFO](2026/09/14/ 03:13:33 AM) [Round: 0528] Start updating selected 10 clients...!
[INFO](2026/09/14/ 03:14:08 AM) [Round: 0528] ...10 clients are selected and updated (with total sample size: 45)!
[INFO](2026/09/14/ 03:14:08 AM) [Round: 0528] Aggregate updated weights of 10 clients...!
[INFO](2026/09/14/ 03:14:09 AM) [Round: 0528] ...updated weights of 10 clients are successfully averaged!
[INFO](2026/09/14/ 03:14:10 AM) [Round: 0528] Evaluate global model's performance...!                
	[Server] ...finished evaluation!                
	=> Loss: 0.4087                
	=> Accuracy: 88.10%

[INFO](2026/09/14/ 03:14:10 AM) [Round: 0529] Select clients...!
[INFO](2026/09/14/ 03:14:10 AM) [Round: 0529] ...successfully transmitted models to 10 selected clients!
[INFO](2026/09/14/ 03:14:10 AM) [Round: 0529] Start updating selected 10 clients...!
[INFO](2026/09/14/ 03:14:36 AM) [Round: 0529] ...10 clients are selected and updated (with total sample size: 18)!
[INFO](2026/09/14/ 03:14:36 AM) [Round: 0529] Aggregate updated weights of 10 clients...!
[INFO](2026/09/14/ 03:14:36 AM) [Round: 0529] ...updated weights of 10 clients are successfully averaged!
[INFO](2026/09/14/ 03:14:38 AM) [Round: 0529] Evaluate global model's performance...!                
	[Server] ...finished evaluation!                
	=> Loss: 0.3836                
	=> Accuracy: 89.29%

[INFO](2026/09/14/ 03:14:38 AM) [Round: 0530] Select clients...!
[INFO](2026/09/14/ 03:14:38 AM) [Round: 0530] ...successfully transmitted models to 10 selected clients!
[INFO](2026/09/14/ 03:14:38 AM) [Round: 0530] Start updating selected 10 clients...!
[INFO](2026/09/14/ 08:45:19 AM) [Round: 0530] ...10 clients are selected and updated (with total sample size: 41)!
[INFO](2026/09/14/ 08:45:19 AM) [Round: 0530] Aggregate updated weights of 10 clients...!
[INFO](2026/09/14/ 08:45:20 AM) [Round: 0530] ...updated weights of 10 clients are successfully averaged!
[INFO](2026/09/14/ 08:45:21 AM) [Round: 0530] Evaluate global model's performance...!                
	[Server] ...finished evaluation!                
	=> Loss: 0.3877                
	=> Accuracy: 88.57%

[INFO](2026/09/14/ 08:45:21 AM) [Round: 0531] Select clients...!
[INFO](2026/09/14/ 08:45:21 AM) [Round: 0531] ...successfully transmitted models to 10 selected clients!
[INFO](2026/09/14/ 08:45:21 AM) [Round: 0531] Start updating selected 10 clients...!
